v 9.601797104 3.879377842 -5.845485687
vn 0.3170915544 0.1286427975 -0.939629674
v 9.518288612 4.237814903 -5.816018581
vn 0.4567221999 0.2038466036 -0.8659396172
v -8.99267292 -5.619245052 -5.572742462
vn -0.8253770471 -0.4930351675 -0.2750800252
v -8.960029602 -5.598848343 -5.669608593
vn -0.7643919587 -0.4761503935 -0.4347248673
v -8.791086197 -5.929661274 -5.572742462
vn -0.7991416454 -0.5447522998 -0.2541997135
v -8.759174347 -5.908137798 -5.669608593
vn -0.7302234769 -0.491327405 -0.4747326076
v -8.559568405 -6.21889019 -5.638012886
vn -0.7529312372 -0.5508797765 -0.3600361645
v -8.348926544 -6.522896767 -5.606417179
vn -0.744255662 -0.5760235786 -0.3380537629
v -8.116196632 -6.810296059 -5.606417179
vn -0.7308626771 -0.6056912541 -0.3146074414
v -8.093623161 -6.791355133 -5.669608593
vn -0.6512774825 -0.5481827259 -0.5247221589
v -7.873575687 -7.089398861 -5.606417179
vn -0.6949420571 -0.6373169422 -0.3329904377
v -7.851676941 -7.069682121 -5.669608593
vn -0.5818366408 -0.5397434831 -0.6083938479
v -7.61076498 -7.349629402 -5.638012886
vn -0.6599420309 -0.6388186812 -0.3954582512
v -3.623682976 -9.95598793 -5.606417179
vn -0.3264145851 -0.885940969 -0.3294876814
v -1.474530101 -10.49183178 -5.606417179
vn -0.127170682 -0.9389583468 -0.3196637034
v -9.314135241e-07 -10.56547356 -5.669608593
vn 0.0002713004069 -0.8660709262 -0.4999210536
v 1.839791417 -10.43397903 -5.606417179
vn 0.1622388214 -0.9193761945 -0.3583657444
v 3.264910936 -10.04836273 -5.669608593
vn 0.2678887844 -0.8235991597 -0.4999199808
v 4.631599903 -9.496185303 -5.669608593
vn 0.3799046278 -0.7783020139 -0.499918431
v 5.92461586 -8.783603668 -5.606417179
vn 0.5274241567 -0.7749304771 -0.3482908607
v 6.791355133 -8.093622208 -5.669608593
vn 0.556907475 -0.6632747054 -0.499920696
v 7.621363163 -7.359864235 -5.606417179
vn 0.6709133387 -0.6540299654 -0.3494568169
v 8.116195679 -6.810296059 -5.606417179
vn 0.7149018645 -0.6056349277 -0.3494590521
v 8.325707436 -6.50475502 -5.669608593
vn 0.702960968 -0.547491312 -0.4539814293
v 8.57878685 -6.232853889 -5.572742462
vn 0.7776463032 -0.5725915432 -0.259625107
v -6.800827026 -8.104908943 -5.638012886
vn -0.5947648883 -0.7249726057 -0.3473750353
v -6.513825893 -8.337317467 -5.638012886
vn -0.5713157058 -0.7235560417 -0.3873822391
v -6.227550507 -8.571487427 -5.606417179
vn -0.5570033193 -0.7639327049 -0.3258130848
v -5.929662228 -8.79108429 -5.572742462
vn -0.5402047038 -0.795468688 -0.2746059
v -5.908137798 -8.759174347 -5.669608593
vn -0.495834738 -0.7531824708 -0.4322777689
v -5.593468189 -9.010354042 -5.555377483
vn -0.5231736898 -0.8448798656 -0.1116569713
v -5.290103436 -9.16272831 -5.638012886
vn -0.4586392641 -0.786955893 -0.412735343
v -4.974023342 -9.354777336 -5.606417179
vn -0.4552638531 -0.8438299894 -0.2840523422
v -4.960190296 -9.328760147 -5.669608593
vn -0.4114411771 -0.754995048 -0.5105865002
v -4.644516468 -9.522669792 -5.606417179
vn -0.4091432393 -0.8391540647 -0.3583605587
v 8.783603668 -5.92461586 -5.606417179
vn 0.7863559127 -0.5298979878 -0.3175728619
v 9.496185303 -4.631598949 -5.669608593
vn 0.789054215 -0.3802861273 -0.4824685752
v 10.19318485 -2.922848701 -5.572742462
vn 0.9275327325 -0.2692707181 -0.2591838837
v 10.52224827 -1.105932832 -5.638012886
vn 0.9140794873 -0.09734291583 -0.3936788738
v 10.45065975 0.7307813168 -5.776026249
vn 0.6412918568 0.04522769153 -0.7659629583
v 10.16499043 2.534416914 -5.776026249
vn 0.6103407741 0.1535520256 -0.7771138549
v 9.46023941 4.614067554 -5.726723671
vn 0.688431561 0.3361557424 -0.6426984668
v 8.531470299 6.198476315 -5.698165894
vn 0.6688063145 0.4893145263 -0.559704721
v 7.31161356 7.571397781 -5.726723671
vn 0.5319437981 0.5513421297 -0.6426956058
v 5.885774136 8.726019859 -5.726723671
vn 0.4335641861 0.6368278265 -0.6375519037
v 4.281099796 9.615506172 -5.726723671
vn 0.3112941384 0.7000289559 -0.6426938772
v 3.924446344 9.71334362 -5.776026249
vn 0.2404571176 0.596242249 -0.7659474611
v 3.599926233 9.890717506 -5.726723671
vn 0.2617051601 0.7200400233 -0.6426917911
v 3.583063364 9.844388008 -5.776026249
vn 0.2195009291 0.6042698622 -0.7659486532
v 3.252552271 10.01032734 -5.726723671
vn 0.2364163995 0.7287344337 -0.6426922679
v 3.23731637 9.963438034 -5.776026249
vn 0.1982796937 0.6115634441 -0.7659473419
v 2.901215553 10.11774254 -5.726723671
vn 0.2108407766 0.7365418077 -0.642691493
v 2.887626171 10.07034969 -5.776026249
vn 0.1768135577 0.6181074381 -0.765950501
v 2.54634428 10.21282959 -5.726723671
vn 0.1850049794 0.7434479594 -0.6426961422
v 2.534416437 10.16499138 -5.776026249
vn 0.1551343054 0.6239020824 -0.7659500837
v 2.18837142 10.29547405 -5.726723671
vn 0.158946678 0.7494507432 -0.6426970959
v 2.178119898 10.24724865 -5.776026249
vn 0.1332678944 0.6289402843 -0.7659463286
v 1.827730775 10.36557579 -5.726723671
vn 0.13269566 0.754544735 -0.6426928639
v 0.3673348129 10.51906967 -5.726723671
vn 0.03021637909 0.7698184252 -0.6375473142
v -1.095059752 10.41878891 -5.776026249
vn -0.06760788709 0.6393333673 -0.7659516931
v -3.237318277 9.963438034 -5.776026249
vn -0.204946965 0.6291694045 -0.7497617006
v -4.950802803 9.311104774 -5.698165894
vn -0.3806579113 0.7141883373 -0.5873964429
v -6.186723709 8.515293121 -5.726723671
vn -0.4704327285 0.6407495737 -0.6067396998
v -7.571397781 7.311614037 -5.726723671
vn -0.5676682591 0.539948523 -0.6214566231
v -8.926114082 5.577655315 -5.726723671
vn -0.6538966894 0.4141442776 -0.6331695318
v -9.736200333 3.933680058 -5.751374722
vn -0.7185726166 0.2893474102 -0.6324013472
v -10.38527012 1.831203103 -5.698165894
vn -0.8153855801 0.1442452967 -0.5606600046
v -10.54641628 -0.368288964 -5.682368279
vn -0.8524935246 -0.0346198976 -0.521590054
v -10.36557674 -1.827730775 -5.726723671
vn -0.7755334377 -0.1444708407 -0.6145535111
v -10.01032829 -3.252552748 -5.726723671
vn -0.7175348401 -0.2340367734 -0.6560263038
v -9.963438988 -3.237317324 -5.776026249
vn -0.6246511936 -0.2072198987 -0.7529082298
v -9.909507751 -3.606765509 -5.698165894
vn -0.8214717507 -0.3135918677 -0.4762817919
v -9.844387054 -3.583064079 -5.776026249
vn -0.6233097315 -0.2309810668 -0.7470828295
v -9.745470047 -3.937425613 -5.737095833
vn -0.7205785513 -0.2902843058 -0.629683733
v -9.633771896 -4.289231777 -5.698165894
vn -0.7810291052 -0.3373682201 -0.5255247355
v -9.570466042 -4.261045933 -5.776026249
vn -0.6063075662 -0.2754327953 -0.7460079789
v -9.484834671 -4.626062393 -5.682368279
vn -0.783120513 -0.37649104 -0.4949512184
v -9.390258789 -4.579935551 -5.796022415
vn -0.5637221932 -0.2736009359 -0.7793329358
v -9.293447495 -4.941414356 -5.726723671
vn -0.6725209355 -0.3485903144 -0.6528402567
v -9.224701881 -4.90486145 -5.796022415
vn -0.5175058842 -0.2806353867 -0.8083510995
v -9.132651329 -5.272738457 -5.698165894
vn -0.7394689322 -0.4233331084 -0.5234259963
v -8.309950829 -6.492444038 -5.698165894
vn -0.6398605704 -0.4977248907 -0.585532546
v -6.990825653 -7.764095306 -5.796022415
vn -0.3898770213 -0.4304612875 -0.814063251
v -5.858203888 -8.685145378 -5.776026249
vn -0.3646569252 -0.5478685498 -0.7529045939
v -4.289231777 -9.63377285 -5.698165894
vn -0.3332329094 -0.7581284642 -0.5605328083
v -2.551182747 -10.23223209 -5.698165894
vn -0.1956695467 -0.7901139259 -0.5808902383
v -0.7342195511 -10.49984264 -5.726723671
vn -0.05462963879 -0.7752985358 -0.6292279363
v 0.7342201471 -10.49984264 -5.726723671
vn 0.05378653109 -0.7642375827 -0.642688036
v 2.18837142 -10.29547405 -5.726723671
vn 0.159624055 -0.7493084073 -0.6426951289
v 3.599926233 -9.890717506 -5.726723671
vn 0.2623549402 -0.7198025584 -0.6426928639
v 4.941412926 -9.293448448 -5.726723671
vn 0.3599783778 -0.6762846112 -0.6426933408
v 6.186722755 -8.515293121 -5.726723671
vn 0.4624168873 -0.639983952 -0.6136702895
v 6.157743931 -8.475406647 -5.776026249
vn 0.3782185316 -0.5198783278 -0.7659485936
v 6.480133533 -8.294192314 -5.726723671
vn 0.4719466865 -0.6035010219 -0.6426918507
v 6.449779987 -8.25534153 -5.776026249
vn 0.3961308897 -0.5063602924 -0.7659500837
v 6.765648365 -8.062986374 -5.726723671
vn 0.492721647 -0.5866657495 -0.642688632
v 6.733958244 -8.025218964 -5.776026249
vn 0.4135617614 -0.492228508 -0.7659489512
v 7.042922497 -7.821956635 -5.726723671
vn 0.5128943324 -0.5691102147 -0.6426919699
v 7.009932518 -7.785317898 -5.776026249
vn 0.4304884672 -0.47749421 -0.7659497261
v 7.31161356 -7.571397781 -5.726723671
vn 0.5324432254 -0.5508626699 -0.642693162
v 7.277364731 -7.535932541 -5.776026249
vn 0.4468902647 -0.4621794224 -0.7659499049
v 7.571398258 -7.311614037 -5.726723671
vn 0.5513427258 -0.5319445729 -0.6426944137
v 7.535932541 -7.277365208 -5.776026249
vn 0.4627479911 -0.4463020563 -0.7659496069
v 8.475406647 -6.157743454 -5.776026249
vn 0.5203561187 -0.3775550723 -0.7659515142
v 9.249916077 -4.918268204 -5.776026249
vn 0.567841053 -0.3014629185 -0.765948236
v 9.844388008 -3.583064079 -5.776026249
vn 0.6042709947 -0.2195024192 -0.7659472823
v 10.36557579 -1.827730775 -5.726723671
vn 0.7653384805 -0.1353707314 -0.6292310953
v 10.46982861 -0.3647159636 -5.776026249
vn 0.6425488591 -0.02284778282 -0.7659040093
v 10.33064461 0.722389102 -5.845485687
vn 0.3413204849 0.02435369976 -0.9396314621
v 10.19854259 1.798278213 -5.845485687
vn 0.3369117379 0.05990469083 -0.9396286011
v 10.01544666 2.871882915 -5.816018581
vn 0.5120480657 0.1447495818 -0.8466725349
v 9.790718079 3.56352973 -5.816018581
vn 0.4698294103 0.1714907885 -0.8659394979
v 3.089345932 -7.458343506 0.1119644865
vn 0.3802494705 -0.9180784225 -0.1119928807
v 3.361387014 -7.360412121 0.2225209326
vn 0.4038896561 -0.8976105452 -0.1765459627
v 1.43336165 -7.94458437 0.1119644865
vn 0.1764084846 -0.9779250026 -0.1119942069
v 2.549403667 -7.659731388 -0.1119644865
vn 0.313839674 -0.9428479075 0.1119932383
v 1.720001221 -7.9067173 0.2225209326
vn 0.2071782649 -0.9526469707 -0.2225778997
v 2.279676199 -7.763868332 -0.2225209326
vn 0.2747199833 -0.935408175 0.2225768417
v 2.008791924 -7.870368958 -0.3302790523
vn 0.2332797796 -0.9105694294 0.3412387669
v 3.564165115 -7.280585766 0.2763999701
vn 0.4169184566 -0.8563574553 -0.3046816289
v 3.096535683 -7.475697041 0.2225209326
vn 0.3782273531 -0.9005964398 -0.2141730487
v 2.821171522 -7.563857079 0.1119644865
vn 0.3472388685 -0.9310654998 -0.1119917408
v 2.547417402 -7.653765678 1.882761118e-15
vn 0.3158002794 -0.9488256574 -8.691388587e-08
v 2.27438426 -7.745845795 -0.1119644865
vn 0.2799879909 -0.953448832 0.1119913906
v 2.001114845 -7.840288639 -0.2225209326
vn 0.2411579192 -0.9446175098 0.2225773484
v 1.72660017 -7.937052727 -0.3302790523
vn 0.2002739906 -0.9183282852 0.3414139748
v -2.939346552 -7.622241497 -0.4430189431
vn -0.3141408861 -0.8270885348 0.4660902023
v -3.555485487 -7.355015278 -0.4430189431
vn -0.3804962933 -0.7982231975 0.4669713676
v -3.861104727 -7.205280781 -0.4521541595
vn -0.4164706171 -0.7804194689 0.4663664997
v -3.303108454 -7.406938076 0.2898697555
vn -0.3876144588 -0.8797020912 -0.2754619122
v -3.613547087 -7.218948841 0.1119644865
vn -0.4420892596 -0.8915323019 -0.09862690419
v -3.865892172 -7.079854488 3.822127754e-15
vn -0.4735148549 -0.8807469606 -0.008275729604
v -4.178976536 -6.902231216 -0.05598224327
vn -0.5210866928 -0.8522460461 0.04631741717
v -4.374668598 -6.807117939 -0.2225209326
vn -0.5215055943 -0.8212184906 0.2315861136
v -3.621955156 -7.235745907 0.2225209326
vn -0.4404011667 -0.8722701669 -0.2125830799
v -3.868907452 -7.085372925 0.1119644865
vn -0.4732552171 -0.8744539022 -0.1065828577
v -4.36451292 -6.791315556 -0.1119644865
vn -0.5455024838 -0.821238935 0.1673130542
v -4.614844799 -6.646637917 -0.2225209326
vn -0.5571656823 -0.7933180928 0.2453828901
v -3.635852098 -7.263506889 0.3302790523
vn -0.4204859436 -0.8408684134 -0.3407812417
v -3.877908707 -7.10185957 0.2225209326
vn -0.4591324031 -0.8571349978 -0.2334887385
v -4.124127388 -6.950845718 0.1672427058
vn -0.5008051395 -0.8471254706 -0.1776868701
v -3.892787695 -7.129106522 0.3302790523
vn -0.4536095262 -0.8317652941 -0.3200077116
v -4.483424187 -6.709970474 0.08397336304
vn -0.5112252831 -0.8451675177 -0.1560145468
v -4.720533371 -6.546301365 -0.06997780502
vn -0.5836958289 -0.8108046651 -0.04353130236
v -4.96024704 -6.385429382 -0.1948818266
vn -0.6116874814 -0.772217989 0.1718075275
v -4.144761086 -6.985621452 0.3302790523
vn -0.4765997827 -0.8194320202 -0.318408221
v -5.298895359 -6.115251064 -0.2225209326
vn -0.6301164627 -0.7460680008 0.215257585
v -4.447571754 -6.817341328 0.3642770648
vn -0.4802121818 -0.7541120052 -0.4480082095
v -5.284535885 -6.098678589 -0.05598224327
vn -0.6572173238 -0.7520468235 0.04991007596
v -5.507386208 -5.915350437 -0.1672427058
vn -0.6728151441 -0.715338707 0.1887070239
v -4.858439445 -6.490115643 0.2763999701
vn -0.5956542492 -0.7700234652 -0.2286041975
v -5.178482533 -6.196501255 0.1256080419
vn -0.6309049129 -0.7675281167 -0.113399826
v -5.498842716 -5.906175137 0.05598224327
vn -0.6827887893 -0.7295008302 -0.04034830257
v -5.922224045 -5.513786316 -0.2225209326
vn -0.7200665474 -0.6429095864 0.2610964477
v -6.138711929 -5.319224834 -0.3302790523
vn -0.7115211487 -0.6186159849 0.3332445323
v -5.30906105 -6.126982212 0.2763999701
vn -0.6520031095 -0.7122839093 -0.259891361
v -5.811742783 -5.607997894 -0.139603585
vn -0.7136439681 -0.6896598339 0.1228069142
v -6.115250111 -5.298894882 -0.2225209326
vn -0.7335147858 -0.6436801553 0.2182472199
v -6.356871128 -5.02996254 -0.2763999701
vn -0.76652807 -0.5991230011 0.2312711477
v -8.144789696 0.5825269222 -0.4338837266
vn -0.9248505831 0.06766403466 0.3742632866
v -8.093750954 0.9432578683 -0.3950319886
vn -0.9308145642 0.1145451814 0.347078681
v -8.085680008 -0.5059964657 0.248760879
vn -0.9868693352 -0.05697021261 -0.1511400491
v -8.072851181 -9.886392801e-16 0.1119644865
vn -0.9968562126 0.01082476601 -0.07848908752
v -8.052284241 0.5759106874 -0.1119644865
vn -0.9940136075 0.07358387113 0.08076108247
v -8.045273781 0.8649564981 -0.2225209326
vn -0.9665204287 0.09307383746 0.2391141355
v -8.03585434 1.449827671 -0.4338837266
vn -0.9288758636 0.1510984302 0.3381698728
v -8.091636658 -9.909397157e-16 0.2225209326
vn -0.9667701721 -0.01002478413 -0.2554503679
v -8.064679146 0.4322197437 0.1114364713
vn -0.9904963374 0.04701279476 -0.1292546093
v -8.026597023 0.8629485965 -0.1119644865
vn -0.9911932945 0.1042499542 0.08165667951
v -8.00927639 1.151559949 -0.2225209326
vn -0.9722552299 0.1375043541 0.1892413795
v -7.97898674 1.735722184 -0.4338837266
vn -0.9283865094 0.1880898625 0.3205006123
v -8.122681618 -9.947415172e-16 0.3302790523
vn -0.9541245103 -0.006979158148 -0.2993287444
v -8.020345688 0.8622764349 5.078422458e-15
vn -0.9943106771 0.1010744497 -0.03361948952
v -7.983754635 1.184264302 -0.02099334076
vn -0.9866011739 0.1570899338 -0.04405476153
v -7.933293819 1.578030467 -0.194182232
vn -0.9544767141 0.1897471845 0.2301524729
v -8.035935402 0.8639525175 0.1672427058
vn -0.9707850814 0.08281160146 -0.2252077609
v -7.870368958 2.008791924 -0.3302790523
vn -0.93237257 0.2365828902 0.2733312249
v -8.120848656 0.8388910294 0.4262529314
vn -0.8824929595 0.07457284629 -0.4643760026
v -8.05943203 1.149489284 0.3642770648
vn -0.8788973093 0.1384321749 -0.4564822018
v -7.882217884 1.714671612 5.036653145e-15
vn -0.9768439531 0.2081324607 0.04956544563
v -7.777075291 2.170868874 -0.09061913192
vn -0.9648824334 0.2484763414 0.08521385491
v -7.687828064 2.558754206 -0.248760879
vn -0.9319901466 0.3242538273 0.1620303839
v -7.963071346 1.436695933 0.2225209326
vn -0.9552983642 0.2018226832 -0.2160384208
v -7.888361454 1.716008306 0.1119644865
vn -0.9741048217 0.1955876648 -0.1134249717
v -7.906718254 1.720001101 0.2225209326
vn -0.957810998 0.2116229832 -0.1944578141
v -7.745845318 2.274385452 0.1119644865
vn -0.9477937818 0.3123099208 -0.06441643089
v -7.667152405 2.551872969 0.1392515898
vn -0.9468513727 0.3152399063 -0.0640020445
v -7.510343075 2.955007315 -0.0698017925
vn -0.9196503758 0.3743225336 0.1188521087
v -4.414653301 6.869336128 -0.4338837266
vn -0.4876486063 0.7813198566 0.3895358145
v -3.65506053 7.301882267 -0.4338837266
vn -0.4134645462 0.8117598891 0.4124232531
v -3.392111778 7.427686691 -0.4338837266
vn -0.388990134 0.8323658705 0.3947831988
v -3.174949408 7.532959938 -0.4521541595
vn -0.3433525562 0.8144419789 0.4677534401
v -3.613547087 7.218948841 0.1119644865
vn -0.4601835907 0.8641520143 -0.2036476284
v -2.565138578 7.707010746 -0.3302790523
vn -0.3066824079 0.8932552338 0.3286958635
v -3.858744383 7.14223671 0.3090360463
vn -0.4541649818 0.846901536 -0.2765717804
v -2.954109907 7.508174896 -0.05598224327
vn -0.3617609143 0.9307952523 0.05243340135
v -2.2884233 7.793655396 -0.3302790523
vn -0.2637092769 0.9090943336 0.3224979639
v -3.361386299 7.360412121 0.2225209326
vn -0.4108504653 0.8964425325 -0.1661102921
v -3.089347839 7.458343506 0.1119644865
vn -0.38315925 0.9160161018 -0.1187583059
v -2.34520483 7.731050968 -0.1534231603
vn -0.301923275 0.9395334721 0.1616141945
v -2.008791447 7.870368958 -0.3302790523
vn -0.2286742479 0.9191863537 0.3206315339
v -3.23837924 7.439344406 0.3033395112
vn -0.3777658343 0.8733770847 -0.3074173331
v -2.547416687 7.653765678 3.423424476e-15
vn -0.3184399009 0.9478321671 -0.01449926384
v -2.001114368 7.840288639 -0.2225209326
vn -0.2307741791 0.9417116642 0.2447905838
v -2.688411713 7.620650291 0.1672427058
vn -0.3314332068 0.927857399 -0.1709756851
v -1.996469736 7.822087765 -0.1119644865
vn -0.2427428961 0.9654353857 0.09492322803
v -0.04042657092 8.174660683 0.4521541595
vn -0.01086985692 0.8831738234 -0.468919903
v -2.782665253 7.655556202 0.3866490126
vn -0.2843644023 0.8397509456 -0.4625529945
v 1.578348994 7.934894085 -0.2225209326
vn 0.1901270747 0.9561824799 0.2226358503
v -2.204074621 7.761874676 0.05598224327
vn -0.2658749223 0.9635455012 -0.02984268032
v 0.86227566 8.020345688 2.392342916e-15
vn 0.1068950444 0.9942703247 4.481913436e-07
v -1.576517105 7.925683498 -0.1672427058
vn -0.1912979484 0.9657270312 0.1754318625
v 0.2888095379 8.086481094 0.2225209326
vn 0.03088983707 0.9750037193 -0.2200307846
v -2.565138578 7.707010746 0.3302790523
vn -0.2833430767 0.9233930707 -0.2589632571
v -0.4933148324 8.15946579 0.4521541595
vn -0.04119706899 0.8823965788 -0.4686993957
v -2.279678106 7.763868332 0.2225209326
vn -0.2740442753 0.9392789006 -0.2065304816
v 1.151558757 8.009275436 -0.2225209326
vn 0.1458545476 0.9624786973 0.2288256288
v -1.714671731 7.882217884 3.171604757e-15
vn -0.2212762237 0.9752073884 -0.002714752685
v 0.5754613876 8.046011925 2.479074854e-15
vn 0.07134058326 0.9974520206 -1.131596036e-06
v -1.151560545 8.009275436 -0.2225209326
vn -0.1353145242 0.9572638869 0.2556086779
v -9.314135241e-07 8.091636658 0.2225209326
vn 0.003524900647 0.9792309403 -0.2027174979
v -0.8682759404 8.076140404 -0.3302790523
vn -0.09552048147 0.9463954568 0.3085636497
v -0.7267172933 8.151795387 0.4704245329
vn -0.07549162209 0.879034996 -0.4707424939
v -1.787703276 7.878657818 0.1534231603
vn -0.2227367461 0.9592086673 -0.1740892082
v 0.8649561405 8.045273781 -0.2225209326
vn 0.1041579396 0.969334662 0.2225791514
v -1.361683369 7.953014851 0.05598224327
vn -0.165768981 0.9844694138 -0.05779831856
v 0.2879135907 8.061425209 2.566028292e-15
vn 0.0343188867 0.9994071722 -0.002751648426
v -1.148887515 7.990682125 -0.1119644865
vn -0.1416058838 0.9855057001 0.09341458231
v -0.2888089418 8.086481094 0.2225209326
vn -0.04052469134 0.9732373953 -0.2262007445
v -0.8649555445 8.045273781 -0.2225209326
vn -0.1042697728 0.9693228006 0.2225783765
v -0.9890015125 8.1092062 0.4430189431
vn -0.114385888 0.8760719299 -0.4684163332
v -0.5794654489 8.101985931 -0.3302790523
vn -0.07101905346 0.9464716911 0.3148770928
v 0.5772507787 8.071020126 -0.2225209326
vn 0.06541656703 0.9721395969 0.2250894159
v -2.148607492 7.832012177 0.3302790523
vn -0.25528422 0.9117313623 -0.3218320608
v -0.2881394625 8.067708969 0.1119644865
vn -0.0395270735 0.9932237267 -0.1092897281
v -0.8629494905 8.026597023 -0.1119644865
vn -0.1060379446 0.9868168235 0.1222642809
v -1.408936858 8.05241394 0.4521541595
vn -0.1500613391 0.8709984422 -0.4678068459
v -0.5772501826 8.071020126 -0.2225209326
vn -0.07306279242 0.9772450924 0.199132815
v 0.2888095379 8.086481094 -0.2225209326
vn 0.03806668893 0.9694942236 0.242140159
v -0.289916575 8.117506027 -0.3302790523
vn -0.03404691443 0.9423019886 0.3330282271
v -0.2879154682 8.061425209 2.740157725e-15
vn -0.03003013134 0.9995478988 0.001460928353
v -9.314135241e-07 8.165596008 -0.4338837266
vn -0.01096996758 0.9190791845 0.393920213
v -0.7211028934 8.05814743 0.2225209326
vn -0.09270118177 0.9696729779 -0.2261432558
v 8.099764824 -0.7246355414 0.3561802208
vn 0.933593452 -0.07640813291 -0.3500928581
v -1.71073842 7.993806839 0.4521541595
vn -0.1868324727 0.8637841344 -0.4679429531
v 7.854505539 -1.893284678 -0.1392515898
vn 0.96315521 -0.2385260463 0.1242472753
v -5.642370701 5.928199291 0.4704245329
vn -0.6254085898 0.6231821179 -0.4695829451
v 7.763867855 -2.279677391 -0.2225209326
vn 0.9358158112 -0.273376137 0.2225179821
v -6.034575939 5.514202118 0.4521541595
vn -0.6566528082 0.5908731818 -0.4686960876
v 7.793655872 -2.288423777 -0.3302790523
vn 0.9066169858 -0.2730774581 0.3216743171
v -6.303914547 5.219248772 0.4704245329
vn -0.6757674217 0.5674253106 -0.4704965055
v 7.427687168 -3.392111063 -0.4338837266
vn 0.8239377141 -0.3745193481 0.4252786636
v -5.569110394 5.948611736 -0.3912166059
vn -0.6142721772 0.6387136579 0.4633730054
v 6.869336128 -4.414654255 -0.4338837266
vn 0.78754282 -0.4970092773 0.364359796
v -6.490115166 4.858439445 0.2763999701
vn -0.771897316 0.5835033059 -0.2523854673
v 6.747674465 -4.614529133 -0.4521541595
vn 0.7347934246 -0.4901978672 0.4688120186
v -6.876964569 4.437031269 0.4704245329
vn -0.7461678386 0.4716167152 -0.4699055851
v 6.536896706 -4.89345932 -0.4338837266
vn 0.7485505939 -0.5480097532 0.3733059466
v -6.108151436 5.292744637 -0.1672427058
vn -0.7445815206 0.6495723724 0.153799057
v 6.171144962 -5.347328186 -0.4338837266
vn 0.690934062 -0.6014437079 0.4010929465
v -6.638922691 4.60948658 0.1672427058
vn -0.7969702482 0.5678873658 -0.2057725489
v 5.976354122 -5.564183235 -0.4338837266
vn 0.6744686961 -0.6197903752 0.4011880755
v -7.034707069 4.164270401 0.4521541595
vn -0.7637022138 0.4488736391 -0.4639734924
v 6.138712406 -5.319224834 -0.3302790523
vn 0.7105903029 -0.6307581067 0.3117781281
v -7.186290741 3.896793842 0.4521541595
vn -0.7805517316 0.4194104373 -0.4635017514
v 5.944945812 -5.534940243 -0.3302790523
vn 0.6987047791 -0.6487959027 0.3014556766
v -6.300483227 5.077251434 -0.2225209326
vn -0.7546815872 0.6173610687 0.2220833898
v 6.152632713 -5.235859871 -0.1534231603
vn 0.7495006323 -0.6332882047 0.1928597689
v -6.791316509 4.364513397 0.1119644865
vn -0.8232218623 0.5480342507 -0.1482033134
v 5.815179348 -5.611197948 -0.1672427058
vn 0.7114679813 -0.6853274107 0.1553693116
v -6.416507721 5.050109863 -0.4308205545
vn -0.6925427914 0.5505233407 0.4661636353
v 5.90387392 -5.496701717 8.677781076e-16
vn 0.7329546213 -0.6801806092 0.01148241106
v -6.788672924 4.362813473 -0.05598224327
vn -0.8331230283 0.545768559 0.08968101442
v 6.101054668 -5.286593914 0.1119644865
vn 0.7468140721 -0.6549910307 -0.1151328161
v -7.457551479 3.295558453 0.4041671753
vn -0.8131220341 0.3597988784 -0.457577616
v 5.90847683 -5.500986576 0.1119644865
vn 0.7244156599 -0.6793593764 -0.1170161366
v -7.614159107 3.000745296 0.4704245329
vn -0.8215758204 0.3222012222 -0.4703185558
v 6.115250587 -5.298894882 0.2225209326
vn 0.7314110398 -0.632355988 -0.2552720904
v -7.00998497 3.991762877 -0.02799112163
vn -0.8744191527 0.4828060269 0.04784863442
v 5.922224522 -5.513786316 0.2225209326
vn 0.7128088474 -0.6591874957 -0.2395315021
v -7.650752544 2.853583336 0.4338837266
vn -0.849819541 0.3262666166 -0.4139527082
v 5.838786602 -5.633783817 0.3033395112
vn 0.6828601956 -0.6751531363 -0.2790524065
v -6.884688377 4.342896461 -0.3642770648
vn -0.7496290803 0.4821024835 0.4534682333
v 6.154928207 -5.333276272 0.3820813894
vn 0.7008185983 -0.6235815287 -0.3464092016
v -7.610543251 2.838586092 0.3302790523
vn -0.8890823722 0.3318986297 -0.3152392805
v 5.98000288 -5.573856831 0.4521541595
vn 0.6477108002 -0.6008396149 -0.468468219
v -7.827304363 2.390228987 0.4704245329
vn -0.8466286659 0.249478057 -0.4700857401
v 5.766170979 -5.794756413 0.4521541595
vn 0.6247348785 -0.6249930263 -0.4680705667
v -7.519839287 2.958697796 0.1672427058
vn -0.9217255712 0.3634894788 -0.1352676153
v 5.544164658 -6.007437229 0.4521541595
vn 0.5999447703 -0.6487133503 -0.4682277739
v -7.81424427 2.294469118 0.3820813894
vn -0.9104298353 0.2604779303 -0.3213545382
v 5.347328663 -6.171145439 0.4338837266
vn 0.5931210518 -0.709317863 -0.3808878362
v -7.978068829 -1.711669803 0.4127832055
vn -0.8746957183 -0.1895565242 -0.4460669458
v 5.281270027 -6.252045155 0.4704245329
vn 0.5705320835 -0.6732612848 -0.4703322351
v -7.777185917 -2.512491703 0.4483387172
vn -0.8442561626 -0.2715702057 -0.4620401859
v 5.12365818 -6.358071804 0.4338837266
vn 0.5691336393 -0.705637455 -0.4220932126
v -7.353477478 -3.592527866 0.4704245329
vn -0.7989886403 -0.3752807975 -0.4698739052
v 5.03015089 -6.455809593 0.4704245329
vn 0.5337696671 -0.7027323842 -0.4703797698
v -7.293806076 -3.48972106 0.1948818266
vn -0.9057800174 -0.414439708 -0.08833061904
v 4.893458366 -6.536896229 0.4338837266
vn 0.5507763028 -0.7404021025 -0.385292381
v -7.046888351 -4.161881924 0.4704245329
vn -0.7548640966 -0.457611829 -0.4698633552
v 4.609427929 -6.755618572 0.4612893164
vn 0.4994444549 -0.7285794616 -0.4687507153
v -7.48570013 -3.100678444 -0.248760879
vn -0.9101151824 -0.3755589426 0.1750596166
v 4.414654255 -6.869336128 0.4338837266
vn 0.490719229 -0.7795456052 -0.3892342448
v -6.985622406 -4.144761086 0.3302790523
vn -0.8144686818 -0.4946093559 -0.3033188879
v 4.231296539 -7.005428791 0.4704245329
vn 0.4615390599 -0.7521841526 -0.4703198075
v -6.705217361 -4.625796795 0.3858831823
vn -0.7357363105 -0.4925785065 -0.464820981
v 4.166657925 -7.022528172 0.4338837266
vn 0.4652543366 -0.7899274826 -0.3994407952
v -6.878306389 -4.248997211 0.1808862537
vn -0.8409628272 -0.5092869401 -0.1827793568
v 3.932293415 -7.166947842 0.4521541595
vn 0.4290835559 -0.7724514604 -0.4681944251
v -6.827857971 -4.302369118 -0.02799112163
vn -0.8522005677 -0.5162330866 0.08519139886
v 3.660778999 -7.309378147 0.4521541595
vn 0.3965778351 -0.7897232771 -0.468041867
v -6.502542973 -4.867741585 0.3302790523
vn -0.7587061524 -0.5669283867 -0.320869416
v 3.320525646 -7.464026451 0.4430189431
vn 0.3635415137 -0.8059251904 -0.4672496021
v -7.263506889 -3.63585186 -0.3302790523
vn -0.8408964872 -0.4254705012 0.3344667256
v 3.108416557 -7.504379272 0.3302790523
vn 0.3677980006 -0.8720843196 -0.3227903247
v -6.477687836 -4.849137306 0.2225209326
vn -0.7875178456 -0.5865154266 -0.189249292
v 2.838585854 -7.610544205 0.3302790523
vn 0.3343881667 -0.8851513267 -0.3235609829
v -6.587465286 -4.661435604 -0.04898446426
vn -0.8047845364 -0.5921810269 0.04054033384
v 2.827736139 -7.581456661 0.2225209326
vn 0.340644896 -0.9134654999 -0.2225799859
v -5.986320972 -5.558269501 0.4414873123
vn -0.6489061713 -0.6019409299 -0.4653900564
v 2.555335522 -7.677554607 0.2225209326
vn 0.307824254 -0.925042212 -0.222578302
v -6.197004795 -5.179104328 0.139603585
vn -0.7541697025 -0.6399840713 -0.1471341699
v 2.549403667 -7.659731388 0.1119644865
vn 0.3137870729 -0.9428653717 -0.1119933203
v -5.569110394 -5.948611736 0.3912166059
vn -0.6159262061 -0.638933599 -0.4608673453
v 2.27438426 -7.745845795 0.1119644865
vn 0.2799328864 -0.9534650445 -0.1119909808
v -6.283411503 -5.063491344 -0.05598224327
vn -0.7784728408 -0.6227422953 0.07856280357
v 2.272614479 -7.739811897 1.96586098e-15
vn 0.2817331254 -0.9594928026 -6.479951367e-07
v -1.651756525 -8.000614166 0.4430189431
vn -0.1775374562 -0.865187645 -0.4689677656
v 1.99491477 -7.815995216 2.049836673e-15
vn 0.2473061383 -0.968937397 2.792959322e-07
v -1.105144024 -8.099601746 0.4521541595
vn -0.1161320582 -0.8752603531 -0.4695025682
v 1.996467829 -7.822087765 -0.1119644865
vn 0.2457779646 -0.9628347754 0.111992605
v -0.5825273991 -8.144790649 0.4338837266
vn -0.06968035549 -0.9230548143 -0.3783046603
v 1.716008902 -7.888362408 -0.1119644865
vn 0.2112560272 -0.9709935188 0.1119934171
v -9.314135241e-07 -8.165596008 0.4338837266
vn -0.006755993236 -0.9280564785 -0.3723782301
v 1.720001221 -7.9067173 -0.2225209326
vn 0.2072888911 -0.9526230693 0.2225772291
v -1.651535034 -7.96538353 -0.3607478142
vn -0.1866638809 -0.8663703799 0.4632050991
v 1.436696887 -7.963070393 -0.2225209326
vn 0.1731545925 -0.9594148993 0.2225769907
v -0.8639537692 -8.035935402 -0.1672427058
vn -0.1184974834 -0.9753807783 0.1859856546
v 1.442207813 -7.993621826 -0.3302790523
vn 0.1664397269 -0.9263027906 0.3380250335
v -0.2881394625 -8.067708969 0.1119644865
vn -0.03588450328 -0.991969347 -0.1212813482
v 1.155976892 -8.040003777 -0.3302790523
vn 0.1344084442 -0.9342361689 0.3303590417
v 0.289917171 -8.117506027 0.3302790523
vn 0.03369471803 -0.9393211007 -0.3413804173
v 1.16208601 -8.082481384 -0.4338837266
vn 0.1336306334 -0.9054709077 0.4028216898
v -1.282456517 -8.046209335 -0.3912166059
vn -0.1452729106 -0.8743312955 0.4630772471
v 0.872862041 -8.1188097 -0.4338837266
vn 0.102515474 -0.912307322 0.396466732
v -0.2879154682 -8.061425209 2.740157514e-15
vn -0.04024247825 -0.9989950061 0.01973680779
v 0.5825279951 -8.144790649 -0.4338837266
vn 0.07098759711 -0.9131297469 0.4014409184
v 0.2888095379 -8.086481094 0.2225209326
vn 0.03473993391 -0.9742961526 -0.222576052
v -0.5825273991 -8.144790649 -0.4338837266
vn -0.05185137689 -0.9180091023 0.3931548297
v 0.8802461624 -8.127327919 0.4521541595
vn 0.09228425473 -0.878531754 -0.4686849713
v -0.7997906208 -8.135302544 -0.4521541595
vn -0.07560302317 -0.8799663782 0.4689812064
v -0.2881394625 -8.067708969 -0.1119644865
vn -0.02759343199 -0.9945236444 0.1008035615
v -1.105144024 -8.099601746 -0.4521541595
vn -0.1098897234 -0.8761765361 0.4692961574
v 0.2881400585 -8.067708969 0.1119644865
vn 0.03543952107 -0.9930768609 -0.1119926646
v -2.019404888 -7.911950111 -0.4338837266
vn -0.2238999009 -0.8879727125 0.4017128944
v 0.8682740331 -8.076140404 0.3302790523
vn 0.1013978049 -0.9358947873 -0.3373713195
v -2.300513744 -7.834831715 -0.4338837266
vn -0.2522767484 -0.8805934787 0.4011378586
v 1.208357453 -8.094428062 0.4704245329
vn 0.1289673448 -0.8729980588 -0.4703635275
v -2.008791447 -7.870368958 -0.3302790523
vn -0.2324333936 -0.9088005424 0.3464913666
v -0.2888089418 -8.086481094 -0.2225209326
vn -0.0317142196 -0.9758212566 0.2162568569
v -2.2884233 -7.793655396 -0.3302790523
vn -0.2643775046 -0.914087832 0.3074865341
v 0.2879135907 -8.061425209 2.566028292e-15
vn 0.03706562147 -0.999309063 -0.002751468681
v -1.996469736 -7.822087765 -0.1119644865
vn -0.2498476803 -0.9641780257 0.08908928931
v 0.8649561405 -8.045273781 0.2225209326
vn 0.1041579396 -0.969334662 -0.2225791514
v -2.413217545 -7.707294464 -0.139603585
vn -0.2834516168 -0.9466592073 0.1532695442
v 1.488511205 -8.03811264 0.4521541595
vn 0.1664132178 -0.867590189 -0.468608439
v -1.994914174 -7.815995216 3.256349133e-15
vn -0.2502157986 -0.9681835175 0.003570879577
v 0.5754613876 -8.046011925 2.479074854e-15
vn 0.07488746196 -0.9969828725 -0.02042012289
v -2.272614002 -7.739811897 3.340325038e-15
vn -0.2803032696 -0.9599114656 -6.41771112e-05
v 1.151558757 -8.009275436 0.2225209326
vn 0.1386876702 -0.965000093 -0.222577095
v -1.996469736 -7.822087765 0.1119644865
vn -0.2533105016 -0.961614728 -0.1055030972
v 1.789687634 -7.976373196 0.4521541595
vn 0.2022480816 -0.8597386479 -0.468983084
v -2.411893368 -7.70278883 0.1119644865
vn -0.2849616706 -0.948500216 -0.1383624971
v 0.2888095379 -8.086481094 -0.2225209326
vn 0.0268466007 -0.9710389376 0.2374082953
v -2.001114368 -7.840288639 0.2225209326
vn -0.250287056 -0.9363601208 -0.2461424619
v 0.86227566 -8.020345688 2.392342916e-15
vn 0.1027971953 -0.9946985245 -0.002750266576
v -2.354188919 -7.760865688 0.2898697555
vn -0.2860769928 -0.9157944918 -0.2819227576
v 1.436696887 -7.963070393 0.2225209326
vn 0.1730432808 -0.9594348669 -0.2225774229
v -2.306649923 -7.842683315 0.4521541595
vn -0.2591166496 -0.8447956443 -0.4681654871
v 2.019405365 -7.911950111 0.4338837266
vn 0.2217650861 -0.8972705603 -0.3817404211
v -2.854020596 -7.649493694 0.4285367727
vn -0.2962013483 -0.8339400887 -0.4656272233
v 0.289917171 -8.117506027 -0.3302790523
vn 0.02529910766 -0.937939465 0.3458750546
v 2.818976164 -7.557965279 1.800642756e-15
vn 0.3494637907 -0.9369498491 2.899503784e-07
v 0.8629476428 -8.026597023 -0.1119644865
vn 0.09861365706 -0.9880481958 0.1184740067
v -3.374284029 7.388650894 -0.3302790523
vn -0.3888710439 0.8581988215 0.3350732327
v -3.353583813 7.343324661 -0.1119644865
vn -0.39760378 0.9080374837 0.1318300664
v 2.008791924 -7.870368958 0.3302790523
vn 0.2316675931 -0.9141266346 -0.3327200413
v -2.836840153 7.655554771 -0.4285367727
vn -0.2953889072 0.8327200413 0.4683190584
v 0.5794660449 -8.101985931 -0.3302790523
vn 0.06722943485 -0.9401462674 0.3340736628
v 2.549403667 7.659731388 -0.1119644865
vn 0.306790024 0.9459117055 0.1055029482
v 1.148885727 -7.990682125 -0.1119644865
vn 0.1414467245 -0.9835905433 0.111993216
v 3.108416557 7.504379272 -0.3302790523
vn 0.359709084 0.8683547378 0.3414226472
v 1.716008902 -7.888362408 0.1119644865
vn 0.2112006545 -0.9710054398 -0.1119941771
v 2.821171522 7.563857079 -0.1119644865
vn 0.3472388685 0.9310654998 0.1119917408
v 2.288424015 -7.793655396 0.3302790523
vn 0.2685697675 -0.9024763107 -0.3367592394
v 1.996467829 7.822087765 0.1119644865
vn 0.2457779646 0.9628347754 -0.111992605
v 0.8682740331 -8.076140404 -0.3302790523
vn 0.1009780392 -0.9384374022 0.3303614855
v 1.442207813 7.993621826 0.3302790523
vn 0.167833671 0.929218173 -0.3292195201
v 1.43336165 -7.94458437 -0.1119644865
vn 0.1764633507 -0.977914989 0.1119952053
v 3.089345932 7.458343506 -0.1119644865
vn 0.3802494705 0.9180784225 0.1119928807
v 1.996467829 -7.822087765 0.1119644865
vn 0.2457233816 -0.9628487825 -0.1119920015
v 2.001114845 7.840288639 0.2225209326
vn 0.2411579192 0.9446175098 -0.2225773484
v 2.565139294 -7.707010746 0.3302790523
vn 0.2962012887 -0.9004354477 -0.3185605109
v 3.086941242 7.452533722 1.719610926e-15
vn 0.3826826811 0.9238798618 -8.535826623e-07
v 6.199566364 -5.342777252 0.4704245329
vn 0.6691681147 -0.5760053992 -0.4695016146
v 2.279676199 7.763868332 0.2225209326
vn 0.2747199833 0.935408175 -0.2225768417
v 6.536896706 -4.89345932 0.4338837266
vn 0.7309152484 -0.5483900309 -0.4062404335
v 3.089345932 7.458343506 0.1119644865
vn 0.3803015351 0.9180570841 -0.1119908914
v 6.707390308 -4.657023907 0.4338837266
vn 0.7491035461 -0.5255439281 -0.4032956958
v 3.108416557 7.504379272 0.3302790523
vn 0.3596929312 0.8702808619 -0.336499989
v 6.869336128 -4.414654255 0.4338837266
vn 0.7709692717 -0.4998703897 -0.3946340084
v 2.555335522 7.677554607 0.2225209326
vn 0.302752316 0.9203851819 -0.2474512905
v 7.022528648 -4.166658878 0.4338837266
vn 0.7933301926 -0.4777649641 -0.3773166835
v 3.868905544 7.085372925 -0.1119644865
vn 0.4780564606 0.8639382124 0.1583438069
v 6.940063953 -4.117730618 0.05598224327
vn 0.8565089703 -0.5056846142 -0.1033219844
v 3.892785788 7.129106522 -0.3302790523
vn 0.4480837584 0.8196351528 0.3569582701
v 7.524202824 -3.116626978 0.3820813894
vn 0.8723353148 -0.3631637394 -0.327327311
v 4.119335651 6.942768097 -0.1119644865
vn 0.5110509396 0.8497017622 0.1297454089
v 6.672139645 -4.632548809 -0.3302790523
vn 0.7735311985 -0.53863132 0.3339547217
v 4.499182701 6.733253479 -0.2494604588
vn 0.5425052047 0.7944321632 0.2730670869
v 6.865719318 -4.241074085 -0.08397336304
vn 0.8524131775 -0.5172414184 0.07650550455
v 3.868905544 7.085372925 0.1119644865
vn 0.4852113128 0.8700282574 -0.08729728311
v 7.285408497 -3.485516787 0.139603585
vn 0.8916259408 -0.4173066318 -0.1756656021
v 4.361114025 6.786026001 1.334304426e-15
vn 0.5350242853 0.8438627124 -0.04055553675
v 6.83323431 -4.391453266 -0.3302790523
vn 0.793941319 -0.5073195696 0.3350881636
v 4.604130745 6.631208897 0.1119644865
vn 0.5692919493 0.8158058524 -0.1018208414
v 7.778552532 -2.544407606 0.4704245329
vn 0.8377610445 -0.2769005895 -0.4706192315
v 5.096730709 6.324656963 -0.3302790523
vn 0.6028594971 0.730823338 0.3200901151
v 7.227347374 -3.617751837 -0.1672427058
vn 0.8717009425 -0.4467684031 0.2013341635
v 5.48562336 6.024633884 -0.3912166059
vn 0.595457077 0.6572986245 0.4619409442
v 7.671893597 -2.629693985 0.2898697555
vn 0.9064695239 -0.3199247122 -0.2756105959
v 8.003957748 1.005357862 -0.02799112163
vn 0.9905086756 0.1303997636 0.04345628247
v 7.873000622 -2.235117197 0.4704245329
vn 0.84894526 -0.2415084988 -0.470069766
v 8.127132416 0.2537375689 -0.3489261568
vn 0.9487206936 0.03325738013 0.3143611848
v 7.535278797 -2.887366295 0.06997780502
vn 0.9279100895 -0.3674538732 -0.06293229759
v 7.79757309 2.139072895 0.1948818266
vn 0.9414454699 0.2631128728 -0.2108366638
v 7.891160488 -2.014098406 0.3820813894
vn 0.9107823372 -0.2345431298 -0.3398014605
v 7.921885967 1.723300576 0.2763999701
vn 0.9404945374 0.1994121224 -0.2751450241
v 7.360411644 -3.361387253 -0.2225209326
vn 0.8955075741 -0.3974307179 0.2002873421
v 8.053718567 0.4316883087 2.176714135e-16
vn 0.997843802 0.06496779621 -0.009322991595
v 7.294489861 -3.622606993 -0.3866490126
vn 0.7888644338 -0.4068428278 0.4606211185
v 7.990682602 1.148886681 0.1119644865
vn 0.982155323 0.1412107646 -0.1242191568
v 7.656748772 -2.548410416 -0.05598224327
vn 0.9465408325 -0.3166082501 0.06180341914
v 8.009225845 1.224637508 0.2629302144
vn 0.9516968131 0.1456066519 -0.2703180611
v 8.013653755 -1.559342742 0.4300683439
vn 0.8694646955 -0.1708000898 -0.4635282457
v 8.052283287 0.5759106874 0.1119644865
vn 0.9904366732 0.06372732669 -0.1223682612
v 7.504378796 -3.108415604 -0.3302790523
vn 0.8692888021 -0.3687402904 0.3291922808
v 6.353296757 -5.10270071 -0.3912166059
vn 0.6923731565 -0.5529856086 0.4634936452
v 7.993621349 -1.442208052 0.3302790523
vn 0.9329063892 -0.1494178772 -0.3276583552
v 7.17561388 -3.753651857 0.2494604588
vn 0.8478056192 -0.460292995 -0.2633553147
v 7.718048096 -2.660643339 -0.4285367727
vn 0.8339025974 -0.296615988 0.4654303789
v 6.460134983 -4.835996151 -0.05598224327
vn 0.7957372665 -0.6005875468 0.07808218151
v 7.745845795 -2.274385452 -0.1119644865
vn 0.9540547132 -0.2753588557 0.1181399822
v 6.937586784 -4.200375557 0.2898697555
vn 0.8220376968 -0.5050413609 -0.2630346417
v 8.024640083 -1.153769016 0.2763999701
vn 0.9547178745 -0.1301141083 -0.2675519586
v 6.341364861 -5.110194206 0.3820813894
vn 0.7286226153 -0.5861567855 -0.3543011844
v 8.158576965 -0.6461490989 0.4704245329
vn 0.8798320293 -0.07214903831 -0.46977669
v 6.646638393 -4.614843369 0.2225209326
vn 0.8069367409 -0.5551537275 -0.2016369402
v 8.083738327 -0.3972226679 -0.2218213528
vn 0.967631042 -0.04362792149 0.248569563
v 5.50098753 -5.908476353 -0.1119644865
vn 0.6778517365 -0.726569593 0.1123104841
v 8.060707092 -0.8666157126 -0.2763999701
vn 0.9554319978 -0.1085500643 0.2745297551
v 5.144944191 -6.269194603 -0.2898697555
vn 0.618573606 -0.7412605882 0.2605752349
v 8.049147606 -0.5756863952 0.05598224327
vn 0.9955483079 -0.0482721068 -0.0809526816
v 5.708369255 -5.708368778 0.1119644865
vn 0.7218450308 -0.6633017659 -0.1974094361
v 7.999979019 -1.150223255 -0.1672427058
vn 0.9796338081 -0.124395065 0.1576182246
v 5.118774891 -6.23720932 0.05598224327
vn 0.6408602595 -0.7649738193 -0.06413458288
v 8.053478241 -0.7206016779 0.1948818266
vn 0.9819169044 -0.0898527652 -0.1666303575
v 5.06546402 -6.285858154 -0.1119644865
vn 0.6141810417 -0.7788985372 0.1268808991
v 7.94149065 -1.432802677 -0.05598224327
vn 0.9792382717 -0.1779348552 0.09711624682
v 4.837880135 -6.46265173 -0.1119644865
vn 0.5962976217 -0.7963947058 0.1009189487
v 5.347328663 -6.171145439 -0.4338837266
vn 0.6048299074 -0.6918313503 0.3943984509
v 4.391453266 -6.83323431 -0.3302790523
vn 0.5185577869 -0.8025974035 0.2948478758
v 4.558363914 -6.779227734 -0.4430189431
vn 0.4830327034 -0.7395535111 0.4687643647
v 4.30815506 -6.83716774 -0.1672427058
vn 0.5151531696 -0.8371028304 0.184054479
v 3.656562567 -7.301129818 -0.4338837266
vn 0.4141733646 -0.8168401718 0.4015377462
v -1.291125536 -7.967633247 -0.1119644865
vn -0.1588400304 -0.9809276462 0.1120303571
v 4.117731094 -6.94006443 -0.05598224327
vn 0.5082767606 -0.8606673479 0.03010738827
v -1.147991657 -7.984458923 3.000242792e-15
vn -0.1319911629 -0.9907743931 -0.03073174693
v 3.392109871 -7.427686691 -0.4338837266
vn 0.3816994727 -0.8292484283 0.4082310498
v -0.2888089418 -8.086481094 0.2225209326
vn -0.03593433648 -0.9774929881 -0.2078850865
v 3.868905544 -7.085372925 -0.1119644865
vn 0.4714508951 -0.8747521639 0.1119942144
v -1.432243586 -7.938396454 3.086199272e-15
vn -0.1731855571 -0.9845430851 -0.02610842139
v 4.499182701 -6.733253479 0.2494604588
vn 0.5452086926 -0.7999173999 -0.2507581413
v -0.8629494905 -8.026597023 0.1119644865
vn -0.1120977774 -0.9870048165 -0.1151331216
v 3.361387014 -7.360412121 -0.2225209326
vn 0.4159010351 -0.8879919052 0.1962058544
v -0.289916575 -8.117506027 0.3302790523
vn -0.03294181079 -0.9404534101 -0.3383225799
v 3.096535683 -7.475697041 -0.2225209326
vn 0.3702953756 -0.89806813 0.2373921126
v -1.148887515 -7.990682125 0.1119644865
vn -0.1355863661 -0.9847761393 -0.1087764725
v 4.391453266 -6.83323431 0.3302790523
vn 0.4998294413 -0.7984874249 -0.3355418742
v -0.5794654489 -8.101985931 0.3302790523
vn -0.06742231548 -0.9399934411 -0.3344645798
v 3.936014891 -7.057964802 0.1672427058
vn 0.4936223924 -0.8584151864 -0.1395001709
v -1.720000625 -7.9067173 0.2225209326
vn -0.1957522929 -0.9507485032 -0.2403295934
v 3.350972891 -7.337605476 1.639768541e-15
vn 0.4250606596 -0.9049783945 -0.01837150566
v -2.547416687 -7.653765678 3.423424687e-15
vn -0.3109818697 -0.9498208761 0.0336246714
v 2.827736139 -7.581456661 -0.2225209326
vn 0.3419177532 -0.9089952111 0.2383693457
v -3.23837924 -7.439344406 -0.3033395112
vn -0.3736335337 -0.8785258532 0.2976411879
v 4.144761562 -6.985621452 0.3302790523
vn 0.4857679307 -0.8134952188 -0.3197734058
v -3.089347839 -7.458343506 -0.1119644865
vn -0.3898638785 -0.9148919582 0.104779996
v 3.353584528 -7.343324661 0.1119644865
vn 0.4171859026 -0.9035769701 -0.0974913761
v -3.22020936 -7.39795208 0.05598224327
vn -0.3951293528 -0.9146504998 -0.08536516875
v 2.821171522 -7.563857079 -0.1119644865
vn 0.3546514809 -0.9290272593 0.1055018306
v -3.75340724 -7.175743103 -0.2494604588
vn -0.4312877655 -0.8584471941 0.2775956094
v 3.892785788 -7.129106522 0.3302790523
vn 0.4545615613 -0.8301749229 -0.3227744401
v -3.868907452 -7.085372925 -0.1119644865
vn -0.4658952951 -0.8716769218 0.1520557553
v -7.809597492 -2.142315149 -0.2494604588
vn -0.9426502585 -0.2480667382 0.2233235538
v -7.17498827 -3.82823658 0.3467588723
vn -0.7865493894 -0.4201757312 -0.4525399804
v -7.627492428 -2.652538538 0.09761691093
vn -0.9454985857 -0.3224277794 -0.04552732781
v -7.388650417 -3.374283791 0.3302790523
vn -0.8624756932 -0.3924952149 -0.3195046484
v -7.812083244 -2.068432331 0.1672427058
vn -0.9408418536 -0.2555060089 -0.2225606292
v -7.745845318 -2.274385452 0.1119644865
vn -0.9538213611 -0.2942166626 -0.06050926819
v -8.086480141 -0.2888093889 -0.2225209326
vn -0.9821127653 -0.07607384026 0.1722419262
v -8.05943203 -1.149489284 -0.3642770648
vn -0.8828940392 -0.1351901591 0.4496907294
v 4.128920555 6.958922863 -0.2225209326
vn 0.5016141534 0.8347665071 0.2270421088
v -4.503378868 6.73978281 -0.2763999701
vn -0.5347994566 0.8009232879 0.2692795694
v -2.628597975 -7.668165684 -0.2763999701
vn -0.3221388459 -0.8971664906 0.3021900952
v 5.743602753 -5.743602753 -0.3302790523
vn 0.6658548117 -0.670765698 0.3266662359
v 6.477688313 -4.849137306 0.2225209326
vn 0.7824392319 -0.5870026946 -0.2078862339
v 5.534939289 -5.944945812 0.3302790523
vn 0.646165967 -0.6612590551 -0.3810591102
v -1.299093008 -8.016813278 0.3302790523
vn -0.1574603617 -0.928988874 -0.3349415958
v -2.827738047 -7.581456661 0.2225209326
vn -0.3457963169 -0.9096201658 -0.2302521765
v -5.833107471 5.62849474 0.2763999701
vn -0.7012509704 0.6723154783 -0.237147525
v 2.827736139 7.581456661 0.2225209326
vn 0.3387821913 0.9104671478 -0.2372259647
v 3.892785788 7.129106522 0.3302790523
vn 0.456866622 0.8290513158 -0.3224078119
v 3.877909184 7.10185957 0.2225209326
vn 0.4753496349 0.8534321189 -0.2137670219
v 8.065864563 0.7219332457 0.2494604588
vn 0.9585260153 0.09032803029 -0.2703123391
v 0.5772507787 8.071020126 0.2225209326
vn 0.06960645318 0.9724264741 -0.222579658
v 1.147992253 7.984458923 2.305943226e-15
vn 0.1423143744 0.9898214936 1.084558676e-06
v 2.008791924 7.870368958 -0.3302790523
vn 0.2294365615 0.9124717116 0.3387539983
v 0.5794660449 8.101985931 0.3302790523
vn 0.06722943485 0.9401462674 -0.3340736628
v 1.148885727 7.990682125 0.1119644865
vn 0.1414467245 0.9835905433 -0.111993216
v 1.716008902 7.888362408 -0.1119644865
vn 0.2168908715 0.9693151116 0.1157003716
v 2.288424015 7.793655396 -0.3302790523
vn 0.2658338845 0.9056458473 0.3303604126
v 0.5825279951 8.144790649 0.4338837266
vn 0.06939697266 0.9143195748 -0.3990035057
v 1.151558757 8.009275436 0.2225209326
vn 0.1387999058 0.9649838209 -0.2225775272
v 1.714672327 7.882217884 2.134581049e-15
vn 0.2165886164 0.9762591124 -0.002750816522
v 2.279676199 7.763868332 -0.2225209326
vn 0.2766463757 0.9299647808 0.2421409488
v 0.8802461624 8.127327919 0.4521541595
vn 0.09694857895 0.8779835701 -0.4687705636
v 1.436696887 7.963070393 0.2225209326
vn 0.1731545925 0.9594148993 -0.2225769907
v 1.99491477 7.815995216 2.049836885e-15
vn 0.2437922359 0.9696124196 -0.0204221867
v 2.838585854 7.610544205 -0.3302790523
vn 0.3281539679 0.8807531595 0.3414511085
v 1.32909286 8.065141678 0.4521541595
vn 0.1307376772 0.8733609915 -0.4691995382
v 1.735722065 7.978986263 0.4338837266
vn 0.1949947774 0.8925600052 -0.4065878391
v 2.088319063 7.903324604 0.4521541595
vn 0.2334618866 0.8520840406 -0.4684531093
v 2.46743989 7.803309441 0.4704245329
vn 0.263146162 0.8423557878 -0.4703093469
v 2.853583097 7.650752544 0.4338837266
vn 0.3154056072 0.8591351509 -0.4029964507
v 3.37304163 7.456707001 0.4704245329
vn 0.3648097813 0.8035278916 -0.4703793526
v 6.94276762 4.119334698 0.1119644865
vn 0.8543304205 0.506893158 -0.1147989407
v 7.218948841 3.613547564 -0.1119644865
vn 0.8887758851 0.4459362328 0.1059165895
v 7.504378796 3.108415604 -0.3302790523
vn 0.8718247414 0.3598179519 0.3323441446
v 6.83323431 4.391453266 0.3302790523
vn 0.786593914 0.5128738284 -0.3438464701
v 7.343324661 3.353584051 -0.1119644865
vn 0.8966456056 0.4377690852 0.06621852517
v 7.05068922 4.0148139 0.3033395112
vn 0.823615849 0.4810142815 -0.3004699945
v 7.28113699 3.483565807 0.1119644865
vn 0.8947347999 0.4215789437 -0.1473800242
v 7.616192818 2.686928988 -0.139603585
vn 0.9291244745 0.3403373957 0.1445619762
v 7.127738953 4.021842957 0.4704245329
vn 0.7719869018 0.4274798334 -0.4704224169
v 7.24962616 3.628903866 0.2763999701
vn 0.854947269 0.4294901192 -0.2908665836
v 7.506700993 2.953559399 0.02799112163
vn 0.9242883325 0.3800207376 -0.03571168333
v 7.291473389 3.69608593 0.4521541595
vn 0.7879927754 0.4015894532 -0.4666832685
v 7.795614719 2.213748217 -0.2625804245
vn 0.9366505146 0.2673993111 0.2262375206
v 7.423020363 3.44654274 0.4704245329
vn 0.8011852503 0.3698998988 -0.4704001546
v 7.572656155 2.824454784 0.1672427058
vn 0.9181402922 0.3407236338 -0.2023012638
v 7.779426575 2.134152651 -0.02799112163
vn 0.9666868448 0.2488495559 0.05992074311
v 7.548707008 3.137716055 0.4521541595
vn 0.8126927614 0.3470154405 -0.4680927098
v 7.993855476 1.295232534 -0.2494604588
vn 0.9598649144 0.1462478787 0.2393133193
v 7.822088242 1.996469021 0.1119644865
vn 0.9707691669 0.2304276675 -0.0671588853
v 8.076140404 0.8682749867 -0.3302790523
vn 0.9514701366 0.09376438707 0.2931089699
v 7.778552532 2.544407606 0.4704245329
vn 0.8390602469 0.2747420967 -0.4695686102
v 8.018896103 1.560482979 0.4430189431
vn 0.8685805798 0.1690200716 -0.4658325613
v 8.082480431 1.162085414 0.4338837266
vn 0.9214223027 0.1242460683 -0.3681627512
v 8.122822762 0.7348821163 0.4125501513
vn 0.8836317062 0.06851253659 -0.4631426036
v -8.06970787 9.882543036e-16 -0.05598224327
vn -0.9956357479 0.02037195675 0.09107350558
v -8.117506027 0.2899174392 -0.3302790523
vn -0.9347046614 0.04210413992 0.3529227972
v -8.043339729 -0.7197085619 -0.1256080419
vn -0.9921860099 -0.07050453871 0.1029372141
v -8.04000473 -1.155978084 0.3302790523
vn -0.9362829328 -0.1351169497 -0.3242185116
v -5.729306221 5.729306698 -0.248760879
vn -0.6791197658 0.6968616247 0.2306082994
v -5.500986576 5.908476353 -0.1119644865
vn -0.6719474792 0.7290781736 0.1301217675
v -6.101055622 5.286593914 0.1119644865
vn -0.7446516752 0.6555196047 -0.1256501228
v -5.365662575 6.02739048 -0.03498890251
vn -0.6664592028 0.7428641915 -0.06312587857
v -6.324656487 5.096730709 0.3302790523
vn -0.7340396643 0.6008037329 -0.3165764511
v -5.298895359 6.115251064 0.2225209326
vn -0.6092003584 0.7806654572 -0.1394142658
v -4.604130268 6.631208897 -0.1119644865
vn -0.5698652864 0.8155126572 0.1009585932
v -4.020065308 7.084148407 -0.3866490126
vn -0.4454322755 0.768004179 0.4601734877
v -3.877908707 7.10185957 -0.2225209326
vn -0.4501650333 0.8563752174 0.2529287934
v -3.99256444 7.011339188 0.05598224327
vn -0.4947593212 0.8674162626 -0.05293620005
v -3.868907452 7.085372925 -0.1119644865
vn -0.470458895 0.8776568174 0.09158008546
v -3.489567518 7.293879032 -0.1948818266
vn -0.4354709089 0.8861941695 0.1581929028
v -3.035276175 7.516478062 -0.2763999701
vn -0.3530285656 0.8993551135 0.2579364479
v 2.272614479 7.739811897 1.96586098e-15
vn 0.28041327 0.9598754048 -0.002750407904
v 2.827736139 7.581456661 -0.2225209326
vn 0.340644896 0.9134654999 0.2225799859
v 2.547417402 7.653765678 1.882760906e-15
vn 0.3158002794 0.9488256574 8.691388587e-08
v 3.096535683 7.475697041 -0.2225209326
vn 0.3730306029 0.9007257819 0.2225785255
v 1.720001221 7.9067173 0.2225209326
vn 0.2072888911 0.9526230693 -0.2225772291
v 2.818976164 7.557965279 1.800642756e-15
vn 0.3494637907 0.9369498491 -2.899503784e-07
v 2.27438426 7.745845795 0.1119644865
vn 0.2799879909 0.953448832 -0.1119913906
v 1.72660017 7.937052727 0.3302790523
vn 0.1979472041 0.9221613407 -0.3323182166
v 2.549403667 7.659731388 0.1119644865
vn 0.313839674 0.9428479075 -0.1119932383
v 2.008791924 7.870368958 0.3302790523
vn 0.2323203683 0.912101388 -0.3377844393
v 3.096535683 7.475697041 0.2225209326
vn 0.3731347322 0.9006820917 -0.2225808054
v 2.821171522 7.563857079 0.1119644865
vn 0.3472924232 0.9310455322 -0.1119918823
v 2.288424015 7.793655396 0.3302790523
vn 0.2610923648 0.9052360058 -0.3352290392
v 3.877909184 7.10185957 -0.2225209326
vn 0.4651998281 0.8518306017 0.2407772839
v 4.11612606 6.937360287 1.408387939e-15
vn 0.5061483979 0.8624188304 -0.006895606406
v 4.484320641 6.711262226 -0.1119644865
vn 0.5575267076 0.823751688 0.1029426903
v 4.880599976 6.519719124 -0.3820813894
vn 0.5620792508 0.7547879219 0.3381746411
v 4.119335651 6.942768097 0.1119644865
vn 0.5057198405 0.8569347858 -0.09955010563
v 4.600544453 6.626043797 1.261901532e-15
vn 0.5711575747 0.8208329082 -0.003522326006
v 4.834112167 6.457618237 1.19127116e-15
vn 0.5969271064 0.8021810651 0.01355000772
v 5.015869617 6.339249134 -0.1810622513
vn 0.5977031589 0.7793360949 0.188112095
v 5.298895836 6.115251064 -0.2225209326
vn 0.6336778998 0.7315993309 0.2514254451
v 8.044109344 0.7199315429 -0.139603585
vn 0.9796773195 0.08981823176 0.1793462634
v 7.888361931 1.716008306 0.1119644865
vn 0.9667782187 0.2200800031 -0.1300180852
v 7.944584846 1.433360815 0.1119644865
vn 0.9773144126 0.1720091999 -0.1235693693
v 7.901961327 1.989831448 0.3912166059
vn 0.8620571494 0.2050963044 -0.4634575844
v 8.067708969 0.2881389558 -0.1119644865
vn 0.9843685031 0.0380920507 0.1719523519
v 8.026597023 0.8629485965 0.1119644865
vn 0.9869234562 0.1029128209 -0.1240608767
v 8.079669952 0.1442370862 0.1672427058
vn 0.9797415137 0.02629495971 -0.1985323578
v 6.490115643 -4.858439445 -0.2763999701
vn 0.7750117779 -0.5796464682 0.2517274618
v 6.709970951 -4.48342514 0.08397336304
vn 0.8288360238 -0.5571935177 -0.05065768585
v 7.290630341 -3.633686781 0.3858831823
vn 0.796990633 -0.3858918548 -0.4646432996
v 6.189857483 -5.172984123 0.02799112163
vn 0.7677341104 -0.6404674649 -0.01964150369
v 6.30048418 -5.077251434 0.2225209326
vn 0.7591524124 -0.6121468544 -0.2212778628
v 6.46265173 -4.837880135 0.1119644865
vn 0.7993130684 -0.5936206579 -0.09334395081
v 5.601384163 -5.805048943 0.02799112163
vn 0.6868664622 -0.7245619297 -0.05678462237
v 5.513786316 -5.922224522 -0.2225209326
vn 0.6619640589 -0.7157450914 0.2225141674
v 4.756573677 -6.595928669 -0.3561802208
vn 0.5518478155 -0.7560508847 0.351924777
v 5.284533978 -6.098678589 -0.05598224327
vn 0.6560583115 -0.7476986647 0.1026358977
v 4.834112167 -6.457618237 1.19127116e-15
vn 0.5947444439 -0.8036315441 -0.02134080976
v 4.849136353 -6.477688789 -0.2225209326
vn 0.58788234 -0.7777040005 0.2226451337
v 4.614842892 -6.646637917 -0.2225209326
vn 0.5534827113 -0.8004646897 0.2300286591
v 4.604130745 -6.631208897 -0.1119644865
vn 0.5705695748 -0.8161223531 0.09162246436
v 3.98989439 -7.088071346 -0.3596059084
vn 0.4463953674 -0.7647709846 0.4646036029
v -1.436696291 -7.963070393 -0.2225209326
vn -0.1818698496 -0.9497142434 0.2548846006
v -1.860557437 -7.873503208 -0.2225209326
vn -0.2254172713 -0.9463825822 0.2314024568
v -9.314135241e-07 -8.122681618 0.3302790523
vn -0.0009148399113 -0.9426266551 -0.3338474631
v -1.716008306 -7.888362408 -0.1119644865
vn -0.2002765685 -0.9764822125 0.07982377708
v -0.5772501826 -8.071020126 0.2225209326
vn -0.07338057458 -0.9775320292 -0.1976015419
v -1.714671731 -7.882217884 3.171604757e-15
vn -0.2115510106 -0.9772532582 -0.01490724925
v -0.8649555445 -8.045273781 0.2225209326
vn -0.109803319 -0.9697250128 -0.2181206197
v -1.716008306 -7.888362408 0.1119644865
vn -0.2109843194 -0.9720822573 -0.1026726216
v -0.8682759404 -8.076140404 0.3302790523
vn -0.1108364239 -0.9404170513 -0.3214514852
v -2.824454546 -7.572657108 -0.1672427058
vn -0.3415684998 -0.9312231541 0.1271001399
v -2.820073128 -7.560911179 0.05598224327
vn -0.3461204171 -0.9364622235 -0.05691396445
v -3.361386299 -7.360412121 -0.2225209326
vn -0.4168316722 -0.8903207779 0.1832492799
v -3.482862711 -7.279731274 -0.08397336304
vn -0.4340106249 -0.8980180025 0.07210011035
v -4.014815331 -7.05068922 -0.3033395112
vn -0.486296922 -0.8280915022 0.2788901925
v -4.52243948 -6.783699036 -0.4041671753
vn -0.4939748347 -0.7355440855 0.4636417925
v -7.745845318 -2.274385452 -0.1119644865
vn -0.9588439465 -0.2471679896 0.1397363842
v -7.779425621 -2.134152651 -0.02799112163
vn -0.9669949412 -0.2502461672 0.04793311656
v -7.475697041 -3.096535206 0.2225209326
vn -0.8985686898 -0.3823380172 -0.215388
v -7.587165356 -2.92752862 0.3467588723
vn -0.8268292546 -0.3232735395 -0.4602690637
v -7.870368958 -2.008791924 0.3302790523
vn -0.9300464988 -0.243041113 -0.2755802572
v -7.993226051 -1.11287868 -0.03498890251
vn -0.9920940399 -0.1248367876 0.01285350509
v -8.095639229 -0.7824605107 -0.3490426838
vn -0.8851635456 -0.06480883062 0.4607443213
v 4.391453266 6.83323431 -0.3302790523
vn 0.5052372217 0.7957125902 0.3340311348
v 4.144761562 6.985621452 -0.3302790523
vn 0.4815481007 0.8117738962 0.3303552866
v -8.086492538 0.4335837662 -0.2494604588
vn -0.9623510242 0.06999357045 0.2626430988
v 5.534939289 -5.944945812 -0.3302790523
vn 0.6394280195 -0.6954683065 0.3278042674
v 6.672139645 -4.632548809 0.3302790523
vn 0.7784584761 -0.5304170251 -0.3356488645
v 6.502542019 -4.867741585 0.3302790523
vn 0.7556354403 -0.5631914139 -0.3344106674
v 5.411422729 -6.02460289 0.2494604588
vn 0.6424877048 -0.7317355275 -0.2275361419
v -1.293294072 -7.981551647 0.1948818266
vn -0.1632239521 -0.9711686373 -0.1737508625
v -8.00927639 -1.151559949 0.2225209326
vn -0.9842441678 -0.1093446165 -0.138950333
v -4.374668598 6.807117939 0.2225209326
vn -0.5189254284 0.8245524764 -0.2254541814
v 2.838585854 7.610544205 0.3302790523
vn 0.3307123482 0.8872882128 -0.3214793801
v 4.144761562 6.985621452 0.3302790523
vn 0.4805395901 0.8153178692 -0.3230147362
v 4.30815506 6.83716774 0.1672427058
vn 0.5212063789 0.8332043886 -0.1847008467
v 0.289917171 8.117506027 0.3302790523
vn 0.02529910766 0.937939465 -0.3458750546
v 1.72660017 7.937052727 -0.3302790523
vn 0.2003668696 0.9144195318 0.3516960144
v 1.148885727 7.990682125 -0.1119644865
vn 0.1454702467 0.983307898 0.1092887521
v 0.5759118199 8.052283287 0.1119644865
vn 0.0709201172 0.9911751747 -0.1119917333
v -0.2914499938 8.160392761 0.4338837266
vn -0.03092864528 0.9218870997 -0.3862222433
v 1.442207813 7.993621826 -0.3302790523
vn 0.1689973027 0.9259052277 0.3378452361
v 0.8629476428 8.026597023 -0.1119644865
vn 0.1061943769 0.9880185127 0.1119919866
v 0.2881400585 8.067708969 0.1119644865
vn 0.03549664468 0.9930750132 -0.1119913533
v -0.1449587494 8.120094299 0.3302790523
vn -0.01567498036 0.9420718551 -0.3350447118
v 1.155976892 8.040003777 -0.3302790523
vn 0.1344317198 0.9329355359 0.3340050876
v 0.5759118199 8.052283287 -0.1119644865
vn 0.06333093345 0.992400229 0.1055036634
v -9.314135241e-07 8.072852135 0.1119644865
vn 2.788792517e-05 0.9937090278 -0.1119928584
v -0.5794654489 8.101985931 0.3302790523
vn -0.0645179823 0.9399159551 -0.335254252
v 0.8682740331 8.076140404 -0.3302790523
vn 0.1013978049 0.9358947873 0.3373713195
v -9.314135241e-07 8.06656456 2.653092691e-15
vn -0.003571295878 0.9997851253 -0.02042003162
v -0.8682759404 8.076140404 0.3302790523
vn -0.1005730256 0.9354638457 -0.3388103843
v 0.5794660449 8.101985931 -0.3302790523
vn 0.06755454093 0.9375726581 0.3411655426
v 0.1440683305 8.070281029 -0.1119644865
vn 0.01770351268 0.9935477972 0.1120238602
v -0.5759112239 8.052283287 0.1119644865
vn -0.06457298994 0.9956538677 -0.06710939109
v -1.155978799 8.040003777 0.3302790523
vn -0.1251500696 0.9244228601 -0.3602496982
v -5.490072727 5.998071671 0.3444750607
vn -0.5860080123 0.6698925495 -0.4558932185
v -5.823060036 5.737303734 0.4521541595
vn -0.6338762045 0.6164198518 -0.4671483338
v -6.171145439 5.347328186 0.4338837266
vn -0.694842875 0.5983529091 -0.3989575803
v -6.439556122 5.026725769 0.4430189431
vn -0.6994544268 0.541156292 -0.4668119252
v -6.190469742 5.17347765 0.01399556082
vn -0.7737239003 0.6335098147 0.004083685577
v -6.869337082 4.414654255 0.4338837266
vn -0.7576032877 0.4685714245 -0.4543986022
v -5.933585644 5.524363518 -0.2763999701
vn -0.7223545313 0.6542341709 0.2240125835
v -6.462651253 4.837880135 0.1119644865
vn -0.7933340669 0.5893861651 -0.1524632126
v -6.724002361 4.594471931 0.3777468204
vn -0.7248399854 0.5155546069 -0.4569577873
v -6.957518101 4.128087521 0.194182232
vn -0.8356670737 0.5027441978 -0.2211532742
v -6.138711929 5.319224834 -0.3302790523
vn -0.7152120471 0.6209385991 0.3207911849
v -6.541831017 4.717328548 4.631324163e-15
vn -0.8110980988 0.5848965049 -0.003986693453
v -7.327679634 3.623794556 0.4521541595
vn -0.7928546071 0.3910275102 -0.467417419
v -6.523011684 4.770492554 -0.1564408094
vn -0.7870894074 0.5740164518 0.2258214951
v -7.263506889 3.63585186 0.3302790523
vn -0.8472834229 0.3882336617 -0.3624713421
v -7.135921001 3.814338446 0.2080017924
vn -0.8677212 0.4463499784 -0.2187043577
v -6.942767143 4.119334698 -0.1119644865
vn -0.8292068839 0.5115668774 0.2252005935
v -7.351867676 3.357485771 0.1672427058
vn -0.8968263268 0.422208041 -0.1320714504
v -7.726764679 2.697593212 0.4704245329
vn -0.8320123553 0.2942685187 -0.4702781141
v -7.213326454 3.610733271 4.834382101e-15
vn -0.8835293651 0.4675196409 -0.02830619738
v -7.747728348 2.578691721 0.4338837266
vn -0.8677659035 0.2925750315 -0.4017240405
v -7.115484238 3.885347843 -0.2763999701
vn -0.8510945439 0.4518630207 0.2673160732
v -7.707009792 2.565139294 0.3302790523
vn -0.9074146152 0.3231310546 -0.2686727047
v -7.962343216 1.782986879 0.4207314849
vn -0.863514185 0.1928181797 -0.466008991
v -7.843623638 -2.196518898 0.3866490126
vn -0.8549285531 -0.2278988957 -0.4660034776
v -7.458676338 -3.34566164 0.4521541595
vn -0.804477334 -0.3655273914 -0.4681943655
v -7.455440044 -3.088143826 0.05598224327
vn -0.9258028269 -0.3770474792 0.02691365778
v -7.022528172 -4.166658878 0.4338837266
vn -0.7809887528 -0.4796325862 -0.4000114501
v -7.663888931 -2.703544617 -0.3307668567
vn -0.8468171358 -0.2755826414 0.4549230337
v -7.183457851 -3.676306725 0.04198668152
vn -0.8767759204 -0.4808493257 0.006926086731
v -7.085371971 -3.868906021 0.1119644865
vn -0.8358499408 -0.5002191067 -0.2261321992
v -7.352910995 -3.39760375 -0.2278555334
vn -0.8959088326 -0.422095418 0.1385019124
v -6.521042347 -4.929793835 0.4521541595
vn -0.7013666034 -0.5367349982 -0.4690420032
v -6.638922691 -4.60948658 0.1672427058
vn -0.8145989776 -0.5574743748 -0.1601589024
v -6.322640896 -5.164721012 0.4262529314
vn -0.6789739728 -0.5673925877 -0.4658969641
v -7.115484238 -3.885347843 -0.2763999701
vn -0.8583507538 -0.4694771171 0.2069424838
v -6.154927731 -5.333276272 0.3820813894
vn -0.7176883817 -0.6244415045 -0.3082144558
v -6.300483227 -5.077251434 0.2225209326
vn -0.7596546412 -0.6104859114 -0.224124521
v -6.884688377 -4.342896461 -0.3642770648
vn -0.7513802052 -0.4786535203 0.4542230368
v -5.933585644 -5.524363518 0.2763999701
vn -0.7254159451 -0.6277869344 -0.2822326124
v -6.64663887 -4.614843369 -0.2225209326
vn -0.7887701392 -0.5798604488 0.2039693743
v -1.938905597 -7.913786888 0.3912166059
vn -0.2155152708 -0.8601450324 -0.4622809291
v -1.368046045 -8.068974495 0.4704245329
vn -0.153695181 -0.8687151074 -0.4708629251
v -0.7997906208 -8.135302544 0.4521541595
vn -0.0734141469 -0.8801245093 -0.4690321684
v -0.2951248288 -8.173100471 0.4612893164
vn -0.02671390772 -0.8825179338 -0.4695194066
v 0.2669845223 -8.170461655 0.4521541595
vn 0.01662666537 -0.8830199242 -0.4690408409
v -1.151560545 -8.009275436 -0.2225209326
vn -0.1558950543 -0.9494107366 0.2726095617
v -0.7189836502 -8.03474617 0.02799112163
vn -0.08941675723 -0.9959518909 -0.009191337973
v -9.314135241e-07 -8.091636658 0.2225209326
vn -5.605050319e-05 -0.9749149084 -0.2225778103
v 0.5740214586 -8.154676437 0.4521541595
vn 0.05881262198 -0.8814114928 -0.4686734974
v -0.5765807033 -8.061652184 -0.1672427058
vn -0.06475853175 -0.9855744243 0.1563630998
v -9.314135241e-07 -8.072852135 0.1119644865
vn -2.788788515e-05 -0.9937090278 -0.1119928733
v 0.5794660449 -8.101985931 0.3302790523
vn 0.06755454093 -0.9375726581 -0.3411655426
v -0.8682759404 -8.076140404 -0.3302790523
vn -0.09933689237 -0.9460463524 0.3084290326
v -9.314135241e-07 -8.06656456 2.653092903e-15
vn -1.185226601e-16 -1 -1.453782659e-07
v 0.5772507787 -8.071020126 0.2225209326
vn 0.0694944188 -0.9724348783 -0.2225779891
v 1.16208601 -8.082481384 0.4338837266
vn 0.1275797188 -0.907833457 -0.3994519413
v -0.5794654489 -8.101985931 -0.3302790523
vn -0.05760591105 -0.9500091672 0.3068617582
v -9.314135241e-07 -8.072852135 -0.1119644865
vn 0.007629172876 -0.994389832 0.1055018976
v 0.5759118199 -8.052283287 0.1119644865
vn 0.07086415589 -0.9911788702 -0.1119942293
v 1.155976892 -8.040003777 0.3302790523
vn 0.1344317198 -0.9329355359 -0.3340050876
v -9.314135241e-07 -8.091636658 -0.2225209326
vn 0.007996751927 -0.9781935811 0.2075412124
v 0.8629476428 -8.026597023 0.1119644865
vn 0.1061943769 -0.9880185127 -0.1119919866
v 1.442207813 -7.993621826 0.3302790523
vn 0.1685182005 -0.9253171086 -0.3396909237
v -0.1449587494 -8.120094299 -0.3302790523
vn -0.01747549139 -0.9410401583 0.3378431201
v 0.4320246875 -8.059995651 -0.1119644865
vn 0.05322166905 -0.9922793508 0.1120228544
v 1.148885727 -7.990682125 0.1119644865
vn 0.1413902938 -0.9835987687 -0.1119922549
v 1.72660017 -7.937052727 0.3302790523
vn 0.200863421 -0.9204494357 -0.3353008628
v 2.228873491 -7.86476469 0.4521541595
vn 0.2324008942 -0.8522075415 -0.4687559307
v 0.5772507787 -8.071020126 -0.2225209326
vn 0.06821407378 -0.9719517231 0.2250704318
v 1.147992253 -7.984458923 2.305943649e-15
vn 0.1423143744 -0.9898214936 -1.084558676e-06
v -3.481503963 7.276895523 0.02799112163
vn -0.4253733456 0.9041631818 -0.03932507709
v -3.635852098 7.263506889 -0.3302790523
vn -0.4270218611 0.8449036479 0.3221648633
v -4.124127388 6.950845718 -0.1672427058
vn -0.5116227865 0.8459493518 0.1503722966
v -4.36451292 6.791315556 -0.1119644865
vn -0.542417407 0.8331788778 0.1076863185
v -4.542903423 6.669282913 0.06997780502
vn -0.5528202653 0.8314545751 -0.05543566868
v -6.138711929 5.319224834 0.3302790523
vn -0.7118781209 0.6153182387 -0.3385454714
v -6.115250111 5.298894882 0.2225209326
vn -0.7374557853 0.6449385285 -0.2005324066
v -6.300483227 5.077251434 0.2225209326
vn -0.7555900216 0.6324842572 -0.1704329997
v -5.193154812 6.213733196 -0.2494604588
vn -0.6227942705 0.7431194186 0.2447464317
v -5.513785839 5.922224522 -0.2225209326
vn -0.6470174789 0.7164801955 0.2608151138
v -5.780611515 5.627841473 0.01399556082
vn -0.7253960371 0.6883094311 0.005542031024
v -8.045273781 -0.8649564981 0.2225209326
vn -0.9711458087 -0.1114650294 -0.2108349949
v -8.064566612 -0.2880267501 -0.05598224327
vn -0.9981717467 -0.04399426654 0.04144480452
v -8.067709923 0.2881389558 -0.1119644865
vn -0.9975212812 0.03605370969 0.06042674184
v 8.163268089 0.1899337173 0.4327282906
vn 0.8848167062 0.01745406911 -0.4656122029
v 8.12667942 0.9679623246 0.4704245329
vn 0.8754818439 0.1109361798 -0.4703453183
v 8.0820961 1.288264275 0.4704245329
vn 0.8717100024 0.1370031685 -0.4704804122
v 7.853916168 2.267815828 0.4521541595
vn 0.8473189473 0.2477134913 -0.4697750807
v 7.749031067 2.502736568 0.3820813894
vn 0.8986406326 0.2789122462 -0.3386045098
v 7.898571968 1.644538522 -0.04198668152
vn 0.9789348245 0.1960772425 0.05692400783
v 7.635950565 2.845120192 0.3912166059
vn 0.8307423592 0.3106040955 -0.4619439542
v 7.677555084 2.555335522 0.2225209326
vn 0.9240317345 0.2991059124 -0.2381197661
v 7.906717777 1.720001101 -0.2225209326
vn 0.9594048262 0.2154524177 0.1819962561
v 7.656748772 2.548410416 0.05598224327
vn 0.9497438669 0.3129174113 -0.008323404007
v 7.427687168 3.392111063 0.4338837266
vn 0.8372835517 0.38572523 -0.3875206411
v 7.975895882 1.586308837 -0.3561802208
vn 0.9179260731 0.1933898628 0.3464275897
v 7.4611063 3.168942451 0.2763999701
vn 0.8784422278 0.3801875114 -0.2894765437
v 7.891160488 2.014098406 -0.3820813894
vn 0.898681581 0.2221169025 0.3782002628
v 7.360411644 3.361387253 0.2225209326
vn 0.8917535543 0.4099408388 -0.191635415
v 7.166771412 3.913353443 0.4338837266
vn 0.8100031018 0.4469794631 -0.3796107471
v 7.659459114 2.741091013 -0.3551418483
vn 0.8908649087 0.3221673071 0.3202623725
v 6.992907047 4.233477592 0.4521541595
vn 0.751955092 0.4630114436 -0.4692375958
v 7.093615532 3.873407364 0.1672427058
vn 0.8736066818 0.4623823464 -0.1517034769
v 6.828648567 4.493344784 0.4521541595
vn 0.7331600785 0.4929941595 -0.4684368372
v 7.275465965 3.480852604 4.530128078e-16
vn 0.9038917422 0.4274104238 0.01732036658
v 6.638428688 4.761035442 0.4430189431
vn 0.7156197429 0.518733561 -0.4677647352
v 7.413716316 3.227164268 -0.1948818266
vn 0.9048936367 0.3854571581 0.1805277616
v 7.079854012 3.865892887 5.12165089e-16
vn 0.8822011352 0.470287323 -0.02347388491
v 6.807117462 4.374669075 0.2225209326
vn 0.825512588 0.5284847021 -0.1980729401
v 3.100328445 7.564085484 0.4521541595
vn 0.3287175894 0.8199019432 -0.4687276185
v 2.773795128 7.699738026 0.4704245329
vn 0.2975693941 0.8307990432 -0.4703460932
v 2.436214924 7.781100273 0.407982558
vn 0.29203251 0.8865798116 -0.3587383926
v 1.843653321 7.973759174 0.4704245329
vn 0.1987825483 0.8597794771 -0.4703878462
v 1.527196765 8.040370941 0.4704245329
vn 0.1723087579 0.8654084802 -0.4705080688
v 1.16208601 8.082481384 0.4338837266
vn 0.1351151317 0.914812386 -0.3806077242
v 2.555335522 7.677554607 -0.2225209326
vn 0.3038001657 0.9257646799 0.225089252
v 1.716008902 7.888362408 0.1119644865
vn 0.2112560272 0.9709935188 -0.1119934171
v 1.155976892 8.040003777 0.3302790523
vn 0.1347362846 0.9328855276 -0.3340220451
v 2.565139294 7.707010746 -0.3302790523
vn 0.2965525985 0.8948911428 0.3335061967
v 2.135424852 7.783966541 -0.1119644865
vn 0.2628638446 0.9583076239 0.1120225042
v 1.43336165 7.94458437 0.1119644865
vn 0.1764633507 0.977914989 -0.1119952053
v 0.8682740331 8.076140404 0.3302790523
vn 0.09985293448 0.9359466434 -0.3376880586
v 0.5655174255 8.164562225 0.4704245329
vn 0.05879779533 0.8805053234 -0.4703756273
v 2.001114845 7.840288639 -0.2225209326
vn 0.235653922 0.9468617439 0.2189066261
v 1.432244182 7.938396454 2.219986322e-15
vn 0.1775533706 0.9841111898 7.072410995e-07
v 0.8649561405 8.045273781 0.2225209326
vn 0.1042702124 0.969322741 -0.222578302
v 0.2669845223 8.170461655 0.4521541595
vn 0.02692680247 0.8829581141 -0.4686789215
v 1.43336165 7.94458437 -0.1119644865
vn 0.17328991 0.980594933 0.09167420119
v 0.8629476428 8.026597023 0.1119644865
vn 0.1062506661 0.9880123138 -0.111993216
v 2.555335522 -7.677554607 -0.2225209326
vn 0.302752316 -0.9203851819 0.2474512905
v 2.288424015 -7.793655396 -0.3302790523
vn 0.2610923648 -0.9052360058 0.3352290392
v 3.086941242 -7.452533722 1.719610926e-15
vn 0.3839502335 -0.9233496785 -0.002749156905
v 3.613919258 -7.218762875 0.1119644865
vn 0.441198051 -0.8849487901 -0.1490300149
v 2.436214924 -7.781100273 -0.407982558
vn 0.2912356853 -0.8883508444 0.3549853563
v 3.221465111 -7.400834084 -0.1119644865
vn 0.3996760249 -0.9095793962 0.1136855707
v 3.738312244 -7.146590233 1.522637649e-15
vn 0.4528637528 -0.891464889 -0.01431097835
v 4.128920555 -6.958922863 0.2225209326
vn 0.5065097213 -0.8078474402 -0.3013808131
v 2.838585854 -7.610544205 -0.3302790523
vn 0.3362425566 -0.8838444352 0.3252075911
v 3.241350651 -7.446515083 -0.3302790523
vn 0.3772339225 -0.8622683287 0.3379170299
v 3.613919258 -7.218762875 -0.1119644865
vn 0.4347586036 -0.8898019791 0.13869901
v 3.750303984 -7.168616772 -0.2225209326
vn 0.4576110542 -0.8620036244 0.2180409729
v 4.982237339 -6.413599491 0.3302790523
vn 0.5814662576 -0.7408379912 -0.3362380862
v 3.636972427 -7.262945652 -0.3302790523
vn 0.4130404592 -0.8387371302 0.3548486829
v 4.511632442 -6.687343597 0.02799112163
vn 0.5528152585 -0.8319020867 -0.04831337184
v 4.960380554 -6.385327339 0.1948818266
vn 0.6002475619 -0.7848181725 -0.1541533619
v 5.12365818 -6.358071804 -0.4338837266
vn 0.569846034 -0.7207172513 0.3947684467
v 5.564183235 -5.976354599 -0.4338837266
vn 0.6267576814 -0.6690410972 0.399448216
v 7.987570286 -1.148439288 0.05598224327
vn 0.9890738726 -0.1354888976 -0.05810061097
v 7.921885967 -1.723300576 -0.2763999701
vn 0.9496054053 -0.2083331496 0.2341941893
v 8.037878036 -0.7192615867 -0.08397336304
vn 0.9933936 -0.09317961335 0.06698316336
v 8.082480431 -1.162085414 -0.4338837266
vn 0.9100494385 -0.129464373 0.3937625587
v 8.1188097 -0.8728623986 -0.4338837266
vn 0.9266870022 -0.09313645959 0.3641109169
v 8.144790649 -0.5825269222 -0.4338837266
vn 0.9330686331 -0.07153452188 0.3525134325
v 8.1188097 -0.8728623986 0.4338837266
vn 0.9160622358 -0.1016081125 -0.3879507482
v 7.942066669 -1.506189346 0.1810622513
vn 0.9712988734 -0.1999903321 -0.1287724525
v 7.692282677 -2.560237408 -0.2763999701
vn 0.9224415421 -0.3012244105 0.2415893376
v 8.12667942 -0.9679623246 0.4704245329
vn 0.8764100075 -0.1030965 -0.4704004824
v 7.779426575 -2.134152651 0.02799112163
vn 0.9645804763 -0.2621873021 -0.0290225856
v 8.082288742 -1.225174785 0.4521541595
vn 0.8735696673 -0.1358500123 -0.4673551321
v 7.840288639 -2.001114368 0.2225209326
vn 0.9418836236 -0.2301722467 -0.2446956784
v 7.51983881 -2.958697796 -0.1672427058
vn 0.9122594595 -0.3681571484 0.1795633882
v 7.70729351 -2.413217306 0.139603585
vn 0.9425472617 -0.2935646176 -0.1594503671
v 7.955156326 -1.922336578 0.4704245329
vn 0.858958602 -0.2034866065 -0.4698758125
v 7.793655872 -2.288423777 0.3302790523
vn 0.9148797393 -0.2826919556 -0.2882365584
v 7.129106045 -3.892786741 -0.3302790523
vn 0.8380151987 -0.4513298869 0.3066461086
v 7.834832191 -2.300514221 0.4338837266
vn 0.8789689541 -0.2728284597 -0.3911242485
v 7.276894569 -3.481505632 -0.02799112163
vn 0.9089328051 -0.4139046371 0.05023994669
v 7.037065506 -4.007374287 -0.2494604588
vn 0.8346959949 -0.4917320013 0.247956112
v 7.475697517 -3.096535206 0.2225209326
vn 0.900462389 -0.3651586771 -0.2362766415
v 7.680298328 -2.783895969 0.4430189431
vn 0.8278798461 -0.3099480271 -0.4674902558
v 7.082613468 -3.867399454 -0.05598224327
vn 0.8782730699 -0.475690037 0.04853230715
v 6.72302103 -4.492077827 -0.1948818266
vn 0.8227121234 -0.5469948649 0.154730022
v 7.553387165 -3.150593758 0.4704245329
vn 0.8137556911 -0.3420905173 -0.4698678255
v 7.085372448 -3.868906021 0.1119644865
vn 0.8789120317 -0.4677461088 -0.09341977537
v 7.147255421 -3.967598438 0.4521541595
vn 0.7708743215 -0.4335875511 -0.4666418731
v 6.963285923 -4.30029583 0.4704245329
vn 0.751032114 -0.4633919299 -0.470338881
v 6.787959576 -4.572034836 0.4704245329
vn 0.7293500304 -0.49689731 -0.4702569544
v 6.602034569 -4.836634636 0.4704245329
vn 0.7100473046 -0.5240761042 -0.4702946246
v 6.405801296 -5.093682766 0.4704245329
vn 0.6899527311 -0.5506653786 -0.4698221982
v 3.075820684 -7.584143162 0.4704245329
vn 0.3237732649 -0.8204237819 -0.4712490439
v 2.279676199 -7.763868332 0.2225209326
vn 0.2746108174 -0.9354403019 -0.2225765437
v 1.714672327 -7.882217884 2.134581049e-15
vn 0.2125650644 -0.9771469235 9.482789665e-07
v 1.151558757 -8.009275436 -0.2225209326
vn 0.1387999058 -0.9649838209 0.2225775272
v 2.696190357 -7.711487293 0.4430189431
vn 0.2972982526 -0.8325085044 -0.4674862027
v 2.001114845 -7.840288639 0.2225209326
vn 0.2410488278 -0.9446450472 -0.2225784808
v 1.432244182 -7.938396454 2.219986322e-15
vn 0.1775533706 -0.9841111898 -7.072410995e-07
v 0.8649561405 -8.045273781 -0.2225209326
vn 0.1042702124 -0.969322741 0.222578302
v 2.46743989 -7.803309441 0.4704245329
vn 0.2654610872 -0.8413834572 -0.4707486331
v 1.210105062 -4.157215118 5.845485687
vn -0.08861010522 0.3154116571 0.9448088408
v 2.163543701 -3.443258762 5.469608307
vn -0.5489186645 0.8358750939 0.001049079699
v 4.1100564 -0.1060502082 5.653810978
vn -0.9031292796 0.0471460782 0.4267725348
v 4.060166836 -0.2280140966 5.469608307
vn -0.9990779757 0.04287809506 0.002163589001
v 1.58581686 -3.899313927 5.776026249
vn -0.2334345281 0.5722087026 0.7861841321
v 1.936375856 -3.636772871 5.669608593
vn -0.4127652645 0.7555261254 0.5087288618
v 2.353204966 -3.316530943 5.469608307
vn -0.5861384869 0.8102089763 0.001766498899
v 1.955173373 -3.672073364 5.726723671
vn -0.3796647489 0.6899961829 0.6162466407
v 2.535462379 -3.179368258 5.469608307
vn -0.6238906384 0.7815102339 0.001504718908
v 3.414609432 -2.234307289 5.572742462
vn -0.7894992232 0.5301781297 0.3091958761
v 3.443259716 -2.163542747 5.469608307
vn -0.8537230492 0.5207217336 0.002413761336
v 3.731831551 -1.630905151 5.539067745
vn -0.8754147887 0.3957758546 0.2775075436
v 3.907632828 -1.125769496 5.469608307
vn -0.9663990736 0.2570403516 0.00176816585
v 4.040995121 -0.4553107917 5.469608307
vn -0.9953677654 0.09601891786 0.004831871483
v 4.440825939 -0.4788089991 5.869608402
vn -0.0005230489187 4.345411799e-05 0.9999998808
v 4.304131031 -0.8994370103 5.86353159
vn -0.1585740298 0.03960199282 0.9865525365
v 4.3352108 -1.068533659 5.869608402
vn -0.001773041207 0.0009079093579 0.999998033
v 3.914770842 -2.073141336 5.866570473
vn -0.003252387512 0.00380052859 0.999987483
v 3.421587229 -2.871052504 5.869608402
vn -0.0007024020888 0.0004010277335 0.999999702
v 3.176491022 -2.940113068 5.845485687
vn -0.2484177947 0.2377287894 0.9390280247
v 3.07723093 -2.922834396 5.801021576
vn -0.4326288104 0.3891902268 0.8132424355
v 2.901796341 -3.301711321 5.86353159
vn -0.1483358294 0.1570091099 0.9763936996
v 3.124819279 -2.746329784 5.726723671
vn -0.573272109 0.5124168992 0.6393653154
v 2.495977163 -3.66204381 5.866570473
vn -0.001958296401 0.00717330724 0.9999723434
v 2.598781347 -3.463109255 5.845485687
vn -0.1754340082 0.2316104025 0.956859231
v 2.890607119 -3.00524354 5.739048958
vn -0.4794022739 0.5125715137 0.7123509645
v 2.340329409 -3.681000948 5.8545084
vn -0.1473081112 0.2266197056 0.9627792239
v 2.23247695 -3.866764069 5.869608402
vn -0.0009046800551 0.005533218849 0.9999842644
v 2.664960384 -3.194495678 5.726723671
vn -0.5260469913 0.6189729571 0.5832212567
v 2.381783962 -3.539870501 5.816018581
vn -0.3006884158 0.4236540794 0.8544610739
v 2.066538334 -3.881231785 5.86353159
vn -0.09563109279 0.1756471694 0.9797973037
v 2.484977245 -3.311455011 5.698165894
vn -0.4981299639 0.6492195725 0.5747873783
v 1.899580717 -3.927047729 5.8545084
vn -0.1207419559 0.2547965348 0.9594269395
v 3.709642172 -2.487719297 5.869608402
vn -0.002476647263 -0.001096629072 0.9999963045
v 3.409679174 -2.628122807 5.83443594
vn -0.3199984133 0.2456954569 0.9150053263
v 3.355720997 -2.518592596 5.763700962
vn -0.5271087289 0.3932994902 0.7533073425
v 3.358042002 -2.387304306 5.669608593
vn -0.6847428679 0.5007329583 0.5295221806
v 3.207587957 -2.538719416 5.606417179
vn -0.7639414668 0.5769073367 0.2890871465
v 3.179368258 -2.535461664 5.469608307
vn -0.7931013703 0.6090871096 0.001765328925
v 2.673496485 -3.068914413 5.521703243
vn -0.6717942357 0.7406096458 0.01377907768
v 2.267773151 -3.418259144 5.638012886
vn -0.5020316839 0.7567910552 0.4186065793
v 2.166994572 -3.608822584 5.776026249
vn -0.2869378328 0.5229076743 0.8026420474
v 1.906920552 -3.815121651 5.816018581
vn -0.2105196565 0.4189072251 0.8832883239
v 1.550572395 -4.113080978 5.86353159
vn -0.06931176037 0.1889410615 0.9795392752
v 1.09181869 -4.265401363 5.864291191
vn -0.006926821545 0.02648096159 0.9996253252
v 0.6569994092 -4.416352749 5.869608402
vn -0.0001914349996 0.02834409103 0.9995982051
v 0.1797878146 -4.461333275 5.869608402
vn 2.761471114e-05 4.346408241e-05 1
v -0.3393483758 -4.383991241 5.86353159
vn 0.01660079882 0.1940729916 0.9808466434
v -0.657235086 -4.417945385 5.869608402
vn 0.0001023837394 0.000688227592 0.9999997616
v -1.470638633 -4.215808392 5.869608402
vn -0.002257899614 0.00158543908 0.9999961853
v -1.526824474 -4.050082684 5.845485687
vn 0.1180099398 0.3172543943 0.940969348
v -1.863996029 -3.982468367 5.86353159
vn 0.08178275824 0.1786728501 0.9805037379
v -2.066537619 -3.881231785 5.86353159
vn 0.08201592416 0.1484618485 0.9855112433
v -1.585816264 -3.899313927 5.776026249
vn 0.2366952002 0.5898063183 0.77207762
v -1.935164213 -3.871627569 5.845485687
vn 0.1522071809 0.308041513 0.9391183853
v -2.228927135 -3.711963654 5.845485687
vn 0.1761732996 0.293392688 0.9396188855
v -2.536384821 -3.674585819 5.869608402
vn 0.0003268547589 0.0004665380693 0.9999998212
v -1.978344202 -3.715591908 5.776026249
vn 0.3038735688 0.5857033134 0.7514070272
v -1.541075826 -3.789301872 5.606417179
vn 0.3745594919 0.8816048503 0.2871899903
v -1.955172777 -3.672073364 5.726723671
vn 0.3569855988 0.7148128152 0.6013351083
v -2.381783485 -3.539870501 5.816018581
vn 0.3012611568 0.4630292654 0.833573997
v -2.727980852 -3.446714401 5.86353159
vn 0.1044639498 0.1361120492 0.985170424
v -1.835239768 -3.67085886 5.638012886
vn 0.4008362293 0.8132247329 0.4218955636
v -2.560853481 -3.412565708 5.816018581
vn 0.3067944646 0.412522465 0.8577309251
v -2.986836433 -3.226971388 5.86353159
vn 0.1164566055 0.125798732 0.9851967096
v -2.121025324 -3.532268763 5.669608593
vn 0.4434356987 0.7591089606 0.4765693247
v -3.261368513 -3.049473047 5.869608402
vn 0.0004813683918 0.0004570574965 0.9999997616
v -2.472975016 -3.295461178 5.669608593
vn 0.5355107188 0.6918891668 0.4842702746
v -2.354863405 -3.403955698 5.698165894
vn 0.4718334973 0.6773069501 0.5644718409
v -2.760394812 -3.223747253 5.801021576
vn 0.3997136056 0.4673267305 0.78856498
v -3.020926476 -3.099736691 5.845485687
vn 0.2712100148 0.2752519846 0.9223239422
v -3.225899935 -2.985846043 5.86353159
vn 0.1286161095 0.1178134456 0.9846714735
v -1.119444609 -4.250712872 5.86353159
vn 0.04238229245 0.1663347036 0.9851580858
v -1.086211085 -4.124518394 5.816018581
vn 0.1263985932 0.5030899644 0.8549408317
v -1.176479578 -4.041702271 5.776026249
vn 0.179420054 0.6171598434 0.7661084533
v -1.26474452 -3.961789608 5.726723671
vn 0.244139269 0.7400081754 0.6267247796
v -1.151523709 -3.955965519 5.669608593
vn 0.238144055 0.8498750329 0.4701062143
v -1.348805428 -3.877525806 5.638012886
vn 0.3063956797 0.8652126789 0.3968988657
v -1.49681294 -3.782270193 5.495655537
vn 0.3629888296 0.9317630529 0.007528237067
v -2.163542986 -3.443258762 5.469608307
vn 0.5423516631 0.8401394486 0.004510729108
v -2.398830891 -3.286994696 5.504338264
vn 0.5720707774 0.8201765418 0.006743234582
v -2.709742069 -3.032202005 5.469608307
vn 0.666764915 0.7452266812 0.007861187682
v -2.875495911 -2.875495434 5.469608307
vn 0.6877681017 0.7259293795 0.001248334302
v -3.179367542 -2.535461664 5.469608307
vn 0.7860136032 0.6182075143 0.001450892771
v -3.193439245 -2.527519941 5.539067745
vn 0.7757171988 0.6064859033 0.1744638979
v -3.207589865 -2.538719416 5.606417179
vn 0.7459928989 0.5897939205 0.3092534542
v -3.405189037 -2.290860891 5.638012886
vn 0.7508189082 0.5041611791 0.426722914
v -3.411263704 -2.424009085 5.751374722
vn 0.5719150901 0.4097728729 0.7106330395
v -3.478097439 -2.47111702 5.816018581
vn 0.4375095963 0.3039956093 0.8462694883
v -3.447856903 -2.728885174 5.86353159
vn 0.153263852 0.1207026467 0.9807859659
v -3.647464752 -2.453141451 5.86353159
vn 0.1396170408 0.09389580041 0.9857437015
v -3.836444378 -2.284188032 5.869608402
vn 0.001322328579 -0.000899040082 0.9999987483
v -4.059198856 -1.859764934 5.869608402
vn 0.0006042497698 0.0002751181892 0.9999997616
v -4.188837051 -1.33722496 5.86353159
vn 0.1810031384 0.05879790708 0.9817233086
v -4.235172272 -1.413908243 5.869608402
vn 0.0007942351513 0.0002603291068 0.9999996424
v -4.362337112 -0.9517567158 5.869608402
vn 0.0006249170983 0.0001402093912 0.9999998212
v -4.426369667 -0.5978636742 5.869608402
vn 0.0003354649816 0.003183083842 0.999994874
v -4.324015617 0.2228904814 5.845485687
vn 0.3660906255 -0.02438995242 0.9302595258
v -4.260908604 0.2196374387 5.816018581
vn 0.4841612279 -0.06043646857 0.8728890419
v -4.359262466 0.564393878 5.86353159
vn 0.1741765141 -0.02480320819 0.9844020009
v -4.243952274 0.4386924207 5.816018581
vn 0.5133479834 -0.05132820085 0.8566442132
v -4.304130554 0.8994370103 5.86353159
vn 0.1757108271 -0.0309297666 0.9839558005
v -4.187330723 0.5425046086 5.786024094
vn 0.6400720477 -0.08337731659 0.7637774348
v -4.262636662 1.209988594 5.866570473
vn 0.002902106382 -0.0007684245356 0.99999547
v -4.176350594 0.8727346063 5.816018581
vn 0.5469474792 -0.1064526141 0.830371201
v -4.197198391 1.527655125 5.869608402
vn -0.0003198753402 -0.002960173413 0.9999955893
v -4.069450378 0.90456599 5.729956627
vn 0.7665362954 -0.165903911 0.6204014421
v -4.124678612 1.316743016 5.845485687
vn 0.3728767335 -0.1197796986 0.920117259
v -4.072699547 0.2147491276 5.550516605
vn 0.9993792772 -0.02836901881 0.02088763751
v -4.052420139 1.236808062 5.796022415
vn 0.575217545 -0.1822309047 0.7974438667
v -4.059198856 1.859764934 5.869608402
vn 0.0007480735076 -0.0003432795056 0.9999996424
v -4.004191875 0.8367586136 5.606417179
vn 0.9028599262 -0.1707223058 0.394585669
v -3.93885231 1.48489213 5.776026249
vn 0.5664770603 -0.2283335477 0.7918127775
v -3.836444378 2.284188032 5.869608402
vn 0.0006188838161 -0.0003694467014 0.9999997616
v -4.394192219 -0.1131787524 5.86353159
vn 0.20798783 0.008767224848 0.978092134
v -4.102701187 -0.1056709886 5.638012886
vn 0.9128141403 0.04012003541 0.4063997567
v -4.009107113 0.6811748743 5.469608307
vn 0.9904264212 -0.1380296648 0.001819817233
v -3.975568533 0.8689815402 5.504338264
vn 0.9770624638 -0.2128899246 0.005183915608
v -3.757660627 1.758491278 5.712445259
vn 0.7289853096 -0.3430156708 0.5923855305
v -3.820519209 2.034210443 5.845485687
vn 0.3124259412 -0.170772016 0.9344661236
v -3.447856903 2.728885174 5.86353159
vn 0.1500074863 -0.1141101271 0.9820777178
v -3.243634224 3.017659664 5.866570473
vn 0.001852042391 -0.001717575942 0.9999967813
v -2.915678024 3.381514549 5.869608402
vn -0.0006701149978 -0.001589833642 0.9999985099
v -2.635073662 3.606464148 5.869608402
vn 0.003105714219 0.001272899099 0.9999943376
v -2.127855539 3.925307751 5.869608402
vn -0.003228108166 -0.002613445977 0.9999913573
v -1.965266943 3.931849957 5.86353159
vn 0.07599680871 -0.1505648196 0.9856747389
v -1.01023829 4.349165916 5.869608402
vn 0.0001479183265 -0.0006625710521 0.9999997616
v -0.657235086 4.417945385 5.869608402
vn 0.0001023837394 -0.000688227592 0.9999997616
v -0.9668589234 4.096907139 5.776026249
vn 0.147697866 -0.6258434057 0.7658364177
v -0.6660886407 4.276761532 5.845485687
vn 0.04782976955 -0.3395092785 0.9393858314
v -1.059116244 4.021643639 5.726723671
vn 0.2032720447 -0.7418205738 0.6390482783
v -0.5478195548 4.231248856 5.816018581
vn 0.06893371791 -0.5012561679 0.8625487685
v -0.9463483095 4.009999752 5.669608593
vn 0.1942515373 -0.8315460086 0.5203821063
v -0.5404871106 4.1746068 5.776026249
vn 0.08299846202 -0.6371222138 0.7662810087
v -0.3292739689 4.253839493 5.816018581
vn 0.03576614708 -0.5142640471 0.8568857908
v 0.1132174432 4.395647526 5.86353159
vn -0.0003699420195 -0.1966069788 0.9804823399
v -1.041433692 3.954496384 5.606417179
vn 0.2469528019 -0.9098742604 0.3333813548
v -0.5341564417 4.125711918 5.726723671
vn 0.09874182194 -0.7594495416 0.6430290937
v 0.1114821732 4.32832098 5.845485687
vn -0.005155276507 -0.3259873986 0.9453600645
v -0.7333826423 4.024410248 5.606417179
vn 0.1794951856 -0.9259447455 0.3322766721
v -0.3210603595 4.14773941 5.726723671
vn 0.05951562524 -0.7635263205 0.6430283785
v -9.314135241e-07 4.26515007 5.816018581
vn -0.003979946487 -0.4979414046 0.8672015667
v 0.3341505527 4.316843033 5.845485687
vn -0.02566212974 -0.3392244577 0.9403553605
v -0.5252364278 4.056827545 5.606417179
vn 0.1208561212 -0.9318295121 0.3421805799
v -0.1071150899 4.1587677 5.726723671
vn 0.01585374586 -0.7674284577 0.6409385204
v 0.6764491796 4.343286037 5.86353159
vn -0.02807227895 -0.1789225787 0.9834625721
v -0.1060862392 4.118788719 5.669608593
vn 0.02260820009 -0.8656066656 0.5002138615
v 0.2166247666 4.202474594 5.776026249
vn -0.03002185933 -0.6539240479 0.7559642792
v 1.009960651 4.279545784 5.86353159
vn -0.03816184402 -0.1736615598 0.9840657115
v -1.694810867 4.130792141 5.869608402
vn 0.000277823623 -0.0006440522266 0.9999997616
v -1.357412815 4.255306244 5.869608402
vn 0.0002576614788 -0.0008074968355 0.9999996424
v -1.526824474 4.050082684 5.845485687
vn 0.1293966174 -0.3334465623 0.9338468313
v -1.297096848 4.063132763 5.816018581
vn 0.1481128782 -0.47346735 0.8682690859
v -1.176479578 4.041702271 5.776026249
vn 0.180434674 -0.6171528101 0.7658757567
v -1.35364449 3.891441584 5.669608593
vn 0.2846220136 -0.826831758 0.4851180613
v -1.343963861 3.863610268 5.606417179
vn 0.2937189639 -0.892311275 0.3427969217
v -1.12577033 3.907632589 5.469608307
vn 0.2967304885 -0.954960525 0.001203972613
v -0.9048962593 3.964607477 5.469608307
vn 0.2313592583 -0.9728668928 0.001699730172
v -0.7301459312 4.00665617 5.539067745
vn 0.1754020005 -0.9694569707 0.1714271605
v -0.5229202509 4.038930893 5.539067745
vn 0.1244630739 -0.9773987532 0.1708820462
v -0.2280129492 4.060167313 5.469608307
vn 0.06520853192 -0.9978700876 0.001762513653
v -0.1048629284 4.071291447 5.539067745
vn 0.02166463248 -0.9851471782 0.1703400165
v 0.1053262725 4.08933115 5.606417179
vn -0.0239830371 -0.9393290281 0.3421780169
v 0.3179743886 4.107866287 5.669608593
vn -0.06651418656 -0.863342762 0.5002151132
v 0.5341570377 4.125711918 5.726723671
vn -0.09792370349 -0.7595558763 0.6430286169
v 0.7546741962 4.141247749 5.776026249
vn -0.1146910042 -0.6321851611 0.7662819028
v 0.9799786806 4.152495384 5.816018581
vn -0.1133180186 -0.4863128364 0.8664057255
v 0.8853658438 4.236801624 5.845485687
vn -0.06660508364 -0.3348371685 0.9399190545
v 1.228927135 4.221879959 5.86353159
vn -0.04638253152 -0.1864577979 0.9813674688
v 1.656512499 4.073143959 5.86353159
vn -0.07504218072 -0.1928077042 0.9783628583
v 2.044122696 3.931126595 5.866570473
vn -0.004884737544 0.002475393005 0.9999849796
v 2.359127045 3.708939791 5.86353159
vn -0.09339915961 -0.148044005 0.9845606089
v 2.634124279 3.605164051 5.869608402
vn -0.00142610725 -0.001928171725 0.999997139
v 2.928613186 3.300292969 5.865050793
vn -0.01017365325 -0.01185443904 0.9998779893
v 3.262545586 3.050572872 5.869608402
vn -0.003122062888 0.007051301189 0.9999702573
v 3.302806377 2.902758121 5.86353159
vn -0.1299550533 -0.1101365462 0.9853839874
v 3.669127941 2.458615303 5.865430832
vn -0.002517468994 -0.001818445977 0.999995172
v 3.896386862 2.180363894 5.869608402
vn -0.001223052735 -0.0007201515255 0.9999989867
v 4.236699104 1.414418221 5.869608402
vn -0.0005145612522 -0.000117471398 0.9999998808
v 4.279317856 1.152391434 5.866570473
vn -0.009472788312 -0.002594173653 0.9999517798
v 4.304131031 0.8994370103 5.86353159
vn -0.1940972358 -0.03873497993 0.980217278
v -6.613334179 -7.881466389 -5.86353159
vn -0.110936068 -0.1337285191 -0.9847892523
v -10.45175171 -1.842925668 -5.539067745
vn -0.9685486555 -0.17048949 -0.1812368482
v 8.414084435 5.799347401 -5.869608402
vn 0.0009648424457 0.0006685032276 -0.9999992847
v -10.54078197 -1.287023664 -5.469608307
vn -0.9935879111 -0.1097077951 -0.02733556181
v -6.047441483 -8.323590279 -5.86353159
vn -0.101280421 -0.1410907954 -0.9848023653
v -10.57861614 -0.8300535083 -5.521175385
vn -0.9888547659 -0.07682763785 -0.1275293827
v -6.334246159 -8.107466698 -5.86353159
vn -0.1061729118 -0.1374954283 -0.9847955704
v -10.60652065 -0.370387882 -5.539067745
vn -0.95137465 -0.03842657432 -0.3056299388
v -5.753270149 -8.529572487 -5.86353159
vn -0.09626463056 -0.1445104778 -0.9848095179
v -10.61298656 -1.299716048e-15 -5.539067745
vn -0.9626049995 -0.004768182989 -0.2708668113
v -5.452086449 -8.725162506 -5.86353159
vn -0.09113395214 -0.1477522552 -0.9848166704
v -10.60652065 0.370387882 -5.539067745
vn -0.9854482412 0.03789181262 -0.1656984389
v -5.144261837 -8.910121918 -5.86353159
vn -0.08315961063 -0.1524960548 -0.9847992063
v -10.55163383 1.150718808 -5.495391846
vn -0.9908749461 0.1079851538 -0.08066003025
v -4.510191917 -9.247262955 -5.86353159
vn -0.08116080612 -0.1607899219 -0.9836460352
v -10.48976231 1.652084827 -5.469608307
vn -0.9870690703 0.1592280716 -0.01846665516
v -4.184719086 -9.399033546 -5.86353159
vn -0.07016123086 -0.1588736773 -0.9848027825
v -10.29773617 2.567513943 -5.539067745
vn -0.9311109781 0.2405792177 -0.2741422057
v -3.854148865 -9.539352417 -5.86353159
vn -0.06457997859 -0.1612640619 -0.9847961068
v -10.18099785 3.006699324 -5.504338264
vn -0.9528463483 0.2906769812 -0.08712496608
v -3.518882513 -9.668048859 -5.86353159
vn -0.05423100665 -0.1585948318 -0.9858532548
v -9.972945213 3.629855156 -5.539067745
vn -0.917255342 0.3333302736 -0.2180219442
v -3.151335001 -9.757511139 -5.866570473
vn -0.002239671536 -0.007371483836 -0.9999703169
v -9.722574234 4.258159161 -5.495391846
vn -0.9088994861 0.4096565545 -0.07799517363
v -2.776049137 -9.834775925 -5.869608402
vn -0.00290730875 -0.0003151204437 -0.9999957085
v -9.30200386 5.122232437 -5.469608307
vn -0.875970304 0.4821634293 -0.01394513063
v -2.425256252 -9.927103996 -5.869608402
vn -0.000361661223 -0.001507887268 -0.9999988079
v -9.118620872 5.441988945 -5.469608307
vn -0.8526417017 0.5222374797 -0.01643448509
v -2.071408749 -10.00692368 -5.869608402
vn -0.0003081626492 -0.001519443351 -0.9999988079
v -8.652608871 6.149805069 -5.504338264
vn -0.8181022406 0.5728338361 -0.05069573224
v -1.714949846 -10.07413578 -5.869608402
vn -0.0001541676756 -0.0009270185255 -0.9999995828
v -7.692041874 7.317099571 -5.486973286
vn -0.726886034 0.6846228838 -0.05411303416
v -1.356329799 -10.12865353 -5.869608402
vn -0.0002002354449 -0.001537637436 -0.9999988079
v -6.36107254 8.495827675 -5.521703243
vn -0.6071534157 0.7907547355 -0.07792083919
v -0.9960016608 -10.17041016 -5.869608402
vn -0.0001458169136 -0.001543507795 -0.9999988079
v -5.934705734 8.798564911 -5.539067745
vn -0.5497407913 0.8155936599 -0.1805327237
v -0.6344181299 -10.19935131 -5.869608402
vn -6.137357559e-05 -0.001040995819 -0.9999994636
v -5.572472572 9.035687447 -5.504338264
vn -0.5155373812 0.8555418849 -0.04763692245
v -0.2720371187 -10.2154417 -5.869608402
vn -2.761485484e-05 -0.00117053336 -0.9999992847
v -4.982495308 9.370711327 -5.539067745
vn -0.4600327909 0.8712260127 -0.1712748557
v 0.09068846703 -10.21866131 -5.869608402
vn 1.816991244e-05 -0.001550993184 -0.9999988079
v -4.548042774 9.595822334 -5.469608307
vn -0.4235413373 0.9054620862 -0.02740691043
v 0.4532983601 -10.20900536 -5.869608402
vn 7.287583867e-05 -0.001548825065 -0.9999988079
v -3.97569418 9.840189934 -5.539067745
vn -0.3643804491 0.9079588652 -0.2069725543
v 0.8153396845 -10.18648529 -5.869608402
vn 0.0001273293165 -0.001543246908 -0.9999988079
v -3.577871799 9.994781494 -5.504338264
vn -0.3282533288 0.9431740642 -0.05169527233
v 1.176352143 -10.15113068 -5.869608402
vn 0.0001813041599 -0.001534302835 -0.9999988079
v -3.176118612 10.13295555 -5.469608307
vn -0.2982166409 0.9544411898 -0.01043441985
v 1.53588295 -10.10298634 -5.869608402
vn 0.0002345896064 -0.00152204663 -0.9999988079
v -2.822524786 10.23708344 -5.469608307
vn -0.2592978179 0.9657376409 -0.01074652188
v 1.893476486 -10.0421114 -5.869608402
vn 0.0002869726159 -0.001506552915 -0.9999988079
v -2.206562996 10.38106728 -5.539067745
vn -0.2011956871 0.9491072297 -0.2423133552
v 2.248687506 -9.968584061 -5.869608402
vn 0.0003382466675 -0.001487934962 -0.9999988079
v -1.842926621 10.45175171 -5.539067745
vn -0.1663735807 0.964640677 -0.20442155
v 2.601063013 -9.882496834 -5.869608402
vn 0.0003882360761 -0.001466309652 -0.9999988675
v -1.427746654 10.51945782 -5.504338264
vn -0.1246904135 0.99108392 -0.04695723951
v 2.950162411 -9.783956528 -5.869608402
vn 0.0004367583315 -0.001441818313 -0.9999988675
v -0.7403237224 10.58713531 -5.539067745
vn -0.06667292863 0.9799451232 -0.187782526
v 3.295542717 -9.673089027 -5.869608402
vn 0.004433761351 0.001457857201 -0.9999890924
v -0.3703887761 10.60652161 -5.539067745
vn -0.03294219449 0.9837270975 -0.1766232401
v 3.85414958 -9.539352417 -5.86353159
vn 0.0681245625 -0.1742569357 -0.9823408723
v -9.314135241e-07 10.61298656 -5.539067745
vn 0.001377853099 0.9842848778 -0.1765823513
v 4.184719563 -9.399033546 -5.86353159
vn 0.07152405381 -0.1588377059 -0.9847105742
v 0.3703869283 10.60652161 -5.539067745
vn 0.03569463268 0.9836454988 -0.1765429527
v 4.510192394 -9.247262955 -5.86353159
vn 0.0770335719 -0.15624547 -0.9847096801
v 0.740324378 10.58713531 -5.539067745
vn 0.0699717924 0.9818111658 -0.1764957756
v 4.830168724 -9.084226608 -5.86353159
vn 0.08244799823 -0.1534592509 -0.9847093821
v 1.10935843 10.55484772 -5.539067745
vn 0.1041640043 0.9787822962 -0.1764513552
v 5.144262314 -8.910121918 -5.86353159
vn 0.08776154369 -0.1504845023 -0.9847092628
v 1.477041245 10.50970173 -5.539067745
vn 0.13822788 0.9745628834 -0.1764092892
v 5.452086926 -8.725162506 -5.86353159
vn 0.09296665341 -0.1473250687 -0.9847093821
v 1.842924833 10.45175171 -5.539067745
vn 0.1721247882 0.9691589475 -0.1763631999
v 5.753269672 -8.529572487 -5.86353159
vn 0.09877002984 -0.1394728422 -0.9852876663
v 2.206563473 10.38106728 -5.539067745
vn 0.2065106481 0.9649837017 -0.1617400795
v 6.107157707 -8.23607254 -5.866570473
vn 0.003369638696 -0.004569559358 -0.9999839067
v 2.644425154 10.28452873 -5.469608307
vn 0.2532002032 0.9671780467 -0.02136065811
v 6.452186108 -7.924553871 -5.869608402
vn -0.001115236548 -0.004293251783 -0.9999901652
v 2.999773979 10.18655396 -5.469608307
vn 0.2877046764 0.9576504827 -0.0114730997
v 6.729370117 -7.690568447 -5.869608402
vn 0.0008630694356 -0.0009884951869 -0.9999991655
v 3.351509571 10.07630444 -5.469608307
vn 0.3223056495 0.9465774894 -0.01049206778
v 6.998075008 -7.446893215 -5.869608402
vn 0.0008840245428 -0.0009431237704 -0.9999991655
v 3.975694656 9.840189934 -5.539067745
vn 0.3749984801 0.909440577 -0.1797052771
v 7.25796175 -7.193834782 -5.869608402
vn 0.0009027527994 -0.0008974095108 -0.9999991655
v 4.348752975 9.684379578 -5.504338264
vn 0.417403698 0.9075528383 -0.0460653156
v 7.508703232 -6.931711674 -5.869608402
vn 0.0009192979778 -0.0008514951915 -0.9999992251
v 4.982495785 9.370711327 -5.539067745
vn 0.4621285498 0.8664125204 -0.1891204566
v 7.749984741 -6.660854816 -5.869608402
vn 0.0009337179945 -0.000805528136 -0.9999992251
v 5.306494236 9.191116333 -5.539067745
vn 0.4929846823 0.8520802855 -0.1758558899
v 7.981501579 -6.381606579 -5.869608402
vn 0.0009460706497 -0.0007596254 -0.9999992847
v 5.624026775 9.000323296 -5.539067745
vn 0.5224007368 0.8343809843 -0.1758005917
v 8.202961922 -6.094316006 -5.869608402
vn 0.0009564224747 -0.000713914982 -0.9999992847
v 5.934706211 8.798564911 -5.539067745
vn 0.5511810184 0.8156679869 -0.1757418364
v 8.414084435 -5.799347401 -5.869608402
vn 0.0009648424457 -0.0006685032276 -0.9999992847
v 6.238157272 8.586086273 -5.539067745
vn 0.5792915225 0.7959628105 -0.1756831408
v 8.614607811 -5.497071743 -5.869608402
vn 0.0009714057087 -0.0006234858884 -0.9999993443
v 6.534007072 8.363147736 -5.539067745
vn 0.6066977382 0.7752888799 -0.1756273061
v 8.804276466 -5.187869072 -5.869608402
vn 0.001303525409 0.003852549475 -0.999991715
v 6.82189703 8.130019188 -5.539067745
vn 0.6333685517 0.7536719441 -0.1755644232
v 9.033539772 -4.851149559 -5.866570473
vn 0.004161690362 -0.002198217204 -0.9999889135
v 7.101474762 7.886986256 -5.539067745
vn 0.659268856 0.731137991 -0.1755045801
v 9.247262955 -4.510191441 -5.86353159
vn 0.156948328 -0.07891499251 -0.9844489098
v 7.372399807 7.634343624 -5.539067745
vn 0.68436867 0.7077140212 -0.1754434407
v 9.399033546 -4.184719086 -5.86353159
vn 0.1593013257 -0.06992163509 -0.9847507477
v 7.634343147 7.372400284 -5.539067745
vn 0.7125187516 0.681053102 -0.168771252
v 9.539352417 -3.854148626 -5.86353159
vn 0.1616224349 -0.06430136412 -0.9847555757
v 7.903600216 7.087498188 -5.504338264
vn 0.7478381395 0.6623996496 -0.04432607815
v 9.668048859 -3.518882275 -5.86353159
vn 0.16374439 -0.05860381946 -0.9847605824
v 8.160942078 6.794375896 -5.469608307
vn 0.7706571817 0.6370059848 -0.01763178036
v 9.784966469 -3.17932868 -5.86353159
vn 0.1656649858 -0.05283651873 -0.9847656488
v 8.58608532 6.238157272 -5.539067745
vn 0.7938178778 0.5805956721 -0.1810023934
v 9.88996315 -2.835901499 -5.86353159
vn 0.1673810482 -0.04700629786 -0.9847710133
v 8.798564911 5.934706688 -5.539067745
vn 0.81552279 0.5450128317 -0.1946372092
v 9.982910156 -2.489018917 -5.86353159
vn 0.1688900143 -0.04111987725 -0.9847767949
v 9.000323296 5.624026299 -5.539067745
vn 0.8313933015 0.5172646046 -0.2030331939
v 10.063694 -2.139104128 -5.86353159
vn 0.1701905578 -0.03518520296 -0.984782815
v 9.201407433 5.294699669 -5.504338264
vn 0.8699262142 0.491117239 -0.04508072138
v 10.13221741 -1.786583304 -5.86353159
vn 0.1712802798 -0.02920940518 -0.9847892523
v 9.547440529 4.641787529 -5.504338264
vn 0.9000990987 0.4337013662 -0.04153041169
v 10.18839645 -1.4318856 -5.86353159
vn 0.1721614301 -0.02320077084 -0.9847955108
v 9.710967064 4.296700478 -5.469608307
vn 0.9159139395 0.4009850919 -0.01768117025
v 10.23216152 -1.075443506 -5.86353159
vn 0.1728285104 -0.01716574281 -0.9848023653
v 9.972945213 3.629855156 -5.539067745
vn 0.9230284095 0.3396279812 -0.1807522625
v 3.361387014 7.360412121 -0.2225209326
vn 0.4049935937 0.8868066072 0.222607851
v 10.09355068 3.279593229 -5.539067745
vn 0.9365371466 0.3040617704 -0.1744837016
v 3.374284506 7.388650894 -0.3302790523
vn 0.3908711374 0.8548348546 0.3412874341
v 10.20185757 2.925335407 -5.539067745
vn 0.9492589235 0.2720597088 -0.1577688158
v 3.382574558 7.442196846 -0.4521541595
vn 0.3647536337 0.8042943478 0.4691112339
v 10.30709076 2.555072069 -5.469608307
vn 0.9720668197 0.2337087989 -0.02159355953
v 6.879069805 4.249255657 -0.1948818266
vn 0.8326875567 0.5263236165 0.1720897704
v 10.4595108 1.83389616 -5.469608307
vn 0.985583365 0.1678057164 -0.02160224319
v 6.138712406 5.319224834 0.3302790523
vn 0.7076047659 0.6254037619 -0.3288854957
v 10.56153202 1.103884101 -5.469608307
vn 0.9945704341 0.1001747176 -0.02818958275
v 6.985621452 4.144761086 -0.3302790523
vn 0.8113771677 0.4878969789 0.3219062984
v 10.60658455 0.3685696721 -5.539067745
vn 0.9841861725 0.03432789445 -0.1737790555
v 6.115250587 5.298894882 0.2225209326
vn 0.7274246812 0.6461097598 -0.2310747206
v 4.42320013 0.354182303 -5.867329597
vn -0.006314462982 0.00192155363 -0.9999782443
v 7.022528648 4.166658878 -0.4338837266
vn 0.7768808603 0.4734301567 0.4151144922
v 4.3352108 1.068533659 -5.869608402
vn -0.001200554194 -0.003395030275 -0.9999935031
v 6.188632965 5.171997547 7.816682088e-16
vn 0.7650797963 0.6439355016 0.0001026840473
v 4.154671192 1.639790773 -5.869608402
vn -0.0009600197081 -0.0003757737286 -0.9999994636
v 6.73455143 4.587412834 -0.3950319886
vn 0.7799364924 0.5243064761 0.3417627513
v 3.885391712 2.093301535 -5.865050793
vn -0.006709421054 -0.003398142522 -0.9999717474
v 5.76675415 5.664764404 0.1810622513
vn 0.7118868232 0.6818950176 -0.1680366397
v 3.640201807 2.585486889 -5.869608402
vn -0.0004189751053 -0.0002959363046 -0.9999998808
v 6.502542019 4.867741585 -0.3302790523
vn 0.7572526932 0.5612591505 0.3340007663
v 3.25428772 2.98125577 -5.865050793
vn -0.006916179322 -0.006348655093 -0.9999559522
v 5.513786316 5.922224522 0.2225209326
vn 0.6506189704 0.7152579427 -0.2551491261
v 2.730949879 3.534417629 -5.869608402
vn -0.002293465193 0.00521567557 -0.9999837875
v 5.805048466 5.601383686 -0.02799112163
vn 0.7255322933 0.6877297759 0.0251123514
v 2.336329699 3.806804895 -5.869608402
vn 0.0001024868689 -0.009371228516 -0.9999560714
v 5.144944191 6.269194603 0.2898697555
vn 0.6163752675 0.7393737435 -0.2709391117
v 1.695419431 4.132281303 -5.869608402
vn -0.0009298137156 -0.002231663093 -0.9999970794
v 5.922224522 5.513786316 -0.2225209326
vn 0.7147518396 0.6661157608 0.2131187171
v 1.010600686 4.350733757 -5.869608402
vn -0.0006522166659 -0.002807851881 -0.9999958277
v 5.496702194 5.903874397 9.909060461e-16
vn 0.6911824942 0.7225179076 0.01531974226
v 0.2996076047 4.456504822 -5.869608402
vn -0.0005601986777 -0.006714757532 -0.9999772906
v 6.154928207 5.333276272 -0.3820813894
vn 0.7008185983 0.6235815287 0.3464092016
v -0.1798512191 4.462942123 -5.869608402
vn 3.678239227e-05 -0.0006516665453 -0.9999997616
v 5.50098753 5.908476353 -0.1119644865
vn 0.6787310243 0.7253087163 0.1151149496
v -1.01023829 4.349165916 -5.869608402
vn 9.955427231e-05 -0.0004933918244 -0.9999998808
v 5.06546402 6.285858154 0.1119644865
vn 0.6100978851 0.7781008482 -0.1494645625
v -1.694810867 4.130792141 -5.869608402
vn 0.001682848437 7.6708704e-05 -0.9999985695
v 5.513786316 5.922224522 -0.2225209326
vn 0.6640887856 0.7066402435 0.2442245632
v -2.536384821 3.674585819 -5.869608402
vn 0.0003268547589 -0.0004665380693 -0.9999998212
v 5.061518669 6.280962467 1.122503732e-15
vn 0.6282921433 0.77767694 0.02162300237
v -3.261368513 3.049473047 -5.869608402
vn 0.0004813683918 -0.0004570574965 -0.9999997616
v 4.614842892 6.646637917 0.2225209326
vn 0.54840976 0.7981617451 -0.2493683845
v -3.74263382 2.37356782 -5.866570473
vn 0.004440295976 0.0007319858996 -0.9999898672
v 5.766170979 5.794756413 -0.4521541595
vn 0.626414001 0.6228100657 0.4687356651
v -4.059198856 1.859764934 -5.869608402
vn 0.000147644736 -0.001650887076 -0.9999986291
v 4.414654255 6.869336128 -0.4338837266
vn 0.4921049774 0.771309793 0.4036259055
v -4.407134056 0.7162290812 -5.869608402
vn 0.0006941481843 -0.0001040813222 -0.9999997616
v 3.100328445 7.564085484 -0.4521541595
vn 0.3301123381 0.8194005489 0.468624115
v -4.458517551 -0.2396637201 -5.869608402
vn 0.0006952360854 3.420628491e-05 -0.9999997616
v 2.578691721 7.747728348 -0.4338837266
vn 0.2826329768 0.874099195 0.3950560093
v -4.304962158 -1.184540153 -5.869608402
vn 0.0006196423201 0.0001627828751 -0.9999998212
v 1.931529403 7.942854881 -0.4521541595
vn 0.2004640251 0.8602442741 0.468821913
v -4.059198856 -1.859764934 -5.869608402
vn 0.001121730777 -0.001163555658 -0.9999986887
v 1.16208601 8.082481384 -0.4338837266
vn 0.1275797188 0.907833457 0.3994519413
v -3.569476128 -2.682286978 -5.869608402
vn 0.000663228333 0.0005092493957 -0.9999996424
v -9.314135241e-07 8.122681618 -0.3302790523
vn -0.0009148399113 0.9426266551 0.3338474631
v -2.915678024 -3.381514549 -5.869608402
vn -0.0008142741863 0.001474923221 -0.9999985695
v -0.2888089418 8.086481094 -0.2225209326
vn -0.0329721421 0.9771524668 0.209966287
v -2.437693596 -3.742707014 -5.869608402
vn 0.0003473806428 0.0005526151508 -0.9999997616
v -0.5756872296 8.049147606 -0.05598224327
vn -0.07612512261 0.9957922101 0.05101843923
v 3.622699022 7.235373497 -0.2225209326
vn 0.4397625625 0.878534019 0.1865123659
v -0.8629494905 8.026597023 0.1119644865
vn -0.1164136678 0.9871866703 -0.1091343835
v 3.350972891 7.337605476 1.639768436e-15
vn 0.4132642746 0.9105538726 -0.01021324936
v -1.726599574 7.937052727 0.3302790523
vn -0.2092169225 0.9246892929 -0.3180848956
v 3.353584528 7.343324661 0.1119644865
vn 0.4097001851 0.9059758186 -0.106553264
v -2.000831366 7.935777187 0.4704245329
vn -0.2179824561 0.8551102877 -0.4703935087
v 3.618310452 7.227067947 0.1672427058
vn 0.4403761327 0.8836277127 -0.1589681804
v -2.925378323 7.64343214 0.4704245329
vn -0.3214113712 0.8221441507 -0.4698655903
v 3.636972427 7.262945652 0.3302790523
vn 0.4287321866 0.8494151831 -0.3077052832
v -3.555485487 7.355015278 0.4430189431
vn -0.3782192767 0.7985036969 -0.4683396816
v 3.656562567 7.301129818 0.4338837266
vn 0.414863348 0.8189377189 -0.3965216577
v -4.09206295 7.087660313 0.4704245329
vn -0.4388061762 0.7666805387 -0.4686684012
v 3.913352966 7.166771889 0.4338837266
vn 0.4411929548 0.8024252057 -0.4018239975
v -4.647945404 6.724925041 0.4521541595
vn -0.4991860092 0.728865087 -0.4685819447
v 4.166657925 7.022528172 0.4338837266
vn 0.470028311 0.7906980515 -0.3922626972
v -5.005957127 6.438767433 0.4125501513
vn -0.5523757339 0.6946026683 -0.4608776271
v 5.03015089 6.455809593 0.4704245329
vn 0.5432878733 0.6954743266 -0.4702698886
v -4.84350872 6.470170021 0.1672427058
vn -0.5827636719 0.7949614525 -0.1685907245
v 5.314299107 6.211595058 0.4521541595
vn 0.5706741214 0.6741354465 -0.4689055979
v -4.893339634 6.416583061 -0.06997780502
vn -0.6078752875 0.7926875949 0.04619507864
v 5.766170979 5.794756413 0.4521541595
vn 0.6235232949 0.6254902482 -0.4690209925
v -4.867741108 6.502542019 -0.3302790523
vn -0.5598080754 0.7501166463 0.3520511091
v 5.976354122 5.564183235 0.4338837266
vn 0.6704230905 0.6197823882 -0.4079248607
v -5.347327709 6.171145439 -0.4338837266
vn -0.6116423011 0.6991879344 0.3701755404
v 6.171144962 5.347328186 0.4338837266
vn 0.690934062 0.6014437079 -0.4010929465
v -6.536896229 4.89345932 -0.4338837266
vn -0.7653010488 0.575124979 0.289042592
v 6.581127644 4.745493889 0.3033395112
vn 0.7818086743 0.5537151098 -0.2866613269
v -7.809597492 2.142315149 0.2494604588
vn -0.9449364543 0.2545041442 -0.2057248205
v 6.788671017 4.362813473 0.05598224327
vn 0.8418753147 0.5392660499 -0.02093119174
v -8.155038834 -0.1291223913 0.4125501513
vn -0.8855497241 -0.009403422475 -0.4644494057
v 7.23574543 3.621955872 -0.2225209326
vn 0.8693992496 0.4297630489 0.2438209206
v -8.131281853 -0.7277306318 0.4312102497
vn -0.8788173199 -0.1046139225 -0.465549171
v 7.747728825 2.578691721 -0.4338837266
vn 0.8802672625 0.2939556539 0.3724507689
v -7.921186447 -1.538907528 0.01399556082
vn -0.9749020338 -0.2196718305 -0.0361978896
v 8.082288742 1.225174785 -0.4521541595
vn 0.8735309243 0.1383947879 0.4666803777
v -7.958018303 -1.731161118 -0.3820813894
vn -0.9075394869 -0.2046236843 0.3667441607
v 8.177735329 -0.3233269751 0.4704245329
vn 0.8820174336 -0.03230074048 -0.4701084197
v -7.913787365 -2.049268723 -0.4521541595
vn -0.8554220796 -0.2244399488 0.466775924
v 8.117506027 -0.2899174392 0.3302790523
vn 0.9476860762 -0.0425064899 -0.3163610995
v -7.427687645 -3.392111063 -0.4338837266
vn -0.8503200412 -0.4153374732 0.3231881559
v 8.067708969 -0.2881389558 0.1119644865
vn 0.9934033155 -0.02481471561 -0.1119557619
v -7.022528172 -4.166658878 -0.4338837266
vn -0.7814148068 -0.4417370558 0.4407485425
v 8.069708824 -2.3228601e-25 -0.05598224327
vn 0.9989110827 0.006225212477 0.04623706639
v -6.096302509 -5.282476425 4.496597644e-15
vn -0.7485839725 -0.6629431248 -0.01133396197
v 8.169064522 -0.3073880672 -0.4521541595
vn 0.8842634559 -0.03780232742 0.4654557705
v -5.808971405 -5.60522604 0.097792916
vn -0.7088577747 -0.6858711243 -0.1646252424
v 8.12667942 -0.9679623246 -0.4704245329
vn 0.8761926293 -0.1053190604 0.470313102
v -5.31832552 -6.201187134 0.4414873123
vn -0.5681869984 -0.6785749793 -0.4655099511
v 8.014035225 -1.429099083 -0.3731791973
vn 0.8736408949 -0.1683955044 0.4565025568
v -4.647945404 -6.724925041 0.4521541595
vn -0.5125284195 -0.7203143835 -0.4673989415
v 7.853916168 -2.267815828 -0.4521541595
vn 0.8470535874 -0.249685064 0.469209522
v -3.913352489 -7.166771889 0.4338837266
vn -0.449319452 -0.8077419996 -0.38166067
v 7.423020363 -3.44654274 -0.4704245329
vn 0.8040303588 -0.3639861345 0.4701588154
v -3.455910683 -7.408148289 0.4521541595
vn -0.3763329983 -0.7992884517 -0.4685204327
v 6.602034569 -4.836634636 -0.4704245329
vn 0.7114883065 -0.5221800208 0.4702259004
v 10.19332027 -0.7249078155 -5.869608402
vn 0.0006281071692 -2.167895036e-05 -0.9999998212
v 5.983650684 -5.583529949 -0.4704245329
vn 0.6469136477 -0.6001768112 0.4704152644
v 10.2126255 -0.3626824021 -5.869608402
vn 0.001042056712 -4.283204544e-05 -0.9999994636
v 5.524143696 -6.038519382 -0.4704245329
vn 0.5991452336 -0.6479705572 0.4702756405
v 10.61602402 -2.45576366e-15 -5.504338264
vn 0.9993651509 0.004385055974 -0.03535568714
v 5.03015089 -6.455809593 -0.4704245329
vn 0.5397431254 -0.69848454 0.469890058
v 10.51327896 -1.473408937 -5.504338264
vn 0.9891497493 -0.1418756396 -0.03813233599
v 3.664997816 -7.317627907 -0.4704245329
vn 0.3946443498 -0.789506495 0.4700376093
v 10.38955975 -2.19580698 -5.469608307
vn 0.9776059389 -0.2096886337 -0.01781413518
v 3.100328445 -7.564085484 -0.4521541595
vn 0.3299494684 -0.8189910054 0.4694539607
v 10.30709076 -2.555072069 -5.469608307
vn 0.9695236087 -0.2447034866 -0.01200760156
v 2.46743989 -7.803309441 -0.4704245329
vn 0.2644602358 -0.8419325352 0.4703301191
v 10.21220207 -2.911258698 -5.469608307
vn 0.9601034522 -0.2787185013 -0.02274610288
v 1.789687634 -7.976373196 -0.4521541595
vn 0.1979417205 -0.8609346151 0.46862638
v 10.09355068 -3.279593229 -5.539067745
vn 0.9355806708 -0.3067916334 -0.1748361737
v 1.208357453 -8.094428062 -0.4704245329
vn 0.1288325042 -0.873010993 0.4703763723
v 9.972945213 -3.629855156 -5.539067745
vn 0.924128294 -0.3439898789 -0.1663064212
v 0.5655174255 -8.164562225 -0.4704245329
vn 0.0594583191 -0.880456686 0.4703836143
v 9.710967064 -4.296700478 -5.469608307
vn 0.9126258492 -0.407833755 -0.02803009376
v -0.04042657092 -8.174660683 -0.4521541595
vn -0.005598392338 -0.8833565712 0.4686681926
v 9.538888931 -4.652427197 -5.539067745
vn 0.8837665319 -0.43385759 -0.175283432
v -2.000831366 -7.935777187 -0.4704245329
vn -0.2238889039 -0.8536967635 0.4701867402
v 9.370711327 -4.982495308 -5.539067745
vn 0.8673321009 -0.4690777659 -0.1664364338
v -2.599908113 -7.750382423 -0.4521541595
vn -0.2822446227 -0.8377411962 0.4674693942
v 9.01156044 -5.611729145 -5.504338264
vn 0.8463321328 -0.5304130912 -0.04882463068
v -4.09206295 -7.087660313 -0.4704245329
vn -0.4423018992 -0.7634245753 0.4706929922
v 8.798564911 -5.934706688 -5.539067745
vn 0.8155183792 -0.5539743304 -0.1674579382
v -4.910766125 -6.499445438 -0.3858831823
vn -0.5402260423 -0.7012091279 0.4652543366
v 8.391836166 -6.507042408 -5.469608307
vn 0.7876338363 -0.615511477 -0.02790263109
v -5.817728996 -5.693518162 -0.3736984134
vn -0.6365396976 -0.6186491847 0.4605327547
v 8.130018234 -6.821896553 -5.539067745
vn 0.7528762817 -0.6364805698 -0.1675403118
v -6.303914547 -5.219248772 -0.4704245329
vn -0.6788775325 -0.563498199 0.4707389176
v 7.669944286 -7.344145775 -5.469608307
vn 0.7199841738 -0.6937572956 -0.01798934862
v -6.63716507 -4.703494549 -0.3607478142
vn -0.7167729139 -0.5195391178 0.4650975466
v 7.410431862 -7.605919838 -5.469608307
vn 0.69407022 -0.7195702195 -0.02202827856
v -7.205809593 -3.880234241 -0.4704245329
vn -0.777441442 -0.4175282121 0.4703775346
v 7.101474762 -7.886986256 -5.539067745
vn 0.6570340991 -0.7329256535 -0.1764261425
v -7.614159107 -3.000745296 -0.4704245329
vn -0.8148984313 -0.3395232558 0.4697493613
v 6.82189703 -8.130019188 -5.539067745
vn 0.6290435791 -0.7572864294 -0.1755604446
v -8.055065155 -1.447691917 -0.4704245329
vn -0.8666871786 -0.1674550027 0.4699065387
v 6.534007072 -8.363147736 -5.539067745
vn 0.5972966552 -0.7779151201 -0.1951531619
v -8.165071487 0.3881409168 -0.4521541595
vn -0.8808228374 0.0605568625 0.4695571959
v 6.238157272 -8.586086273 -5.539067745
vn 0.572971642 -0.7916955352 -0.211947307
v -8.105969429 1.128333569 -0.4704245329
vn -0.8740616441 0.1218429282 0.4702876806
v 5.934706211 -8.798564911 -5.539067745
vn 0.546502471 -0.8188099265 -0.1757422835
v -7.952686787 1.90702951 -0.4612893164
vn -0.8580645323 0.2102017701 0.4685514271
v 5.624026775 -9.000323296 -5.539067745
vn 0.5176151991 -0.8373584151 -0.175799191
v -7.587165356 2.92752862 -0.3467588723
vn -0.8284525871 0.3235510588 0.4571443796
v 5.306494236 -9.191116333 -5.539067745
vn 0.4859034717 -0.8550642729 -0.1810053736
v -7.380766392 3.439917564 -0.3801736832
vn -0.8011702895 0.3891053498 0.4546682537
v 4.713903427 -9.515441895 -5.469608307
vn 0.4370470643 -0.8993735909 -0.01081785001
v -7.034707069 4.164270401 -0.4521541595
vn -0.7699601054 0.43401739 0.4677503109
v 4.348752975 -9.684379578 -5.504338264
vn 0.4065700173 -0.9125438333 -0.04432389885
v -6.13197279 5.405774593 -0.4521541595
vn -0.6627896428 0.5835399032 0.4692451954
v 3.975694656 -9.840189934 -5.539067745
vn 0.3661411703 -0.9124374986 -0.1827523559
v -4.897538662 6.545413971 -0.4521541595
vn -0.5245498419 0.7104240656 0.46919626
v 3.351509571 -10.07630444 -5.469608307
vn 0.3118575811 -0.9500868917 -0.008930835873
v -4.368876934 6.920463085 -0.4704245329
vn -0.4737053216 0.7445716262 0.470336467
v 2.999773979 -10.18655396 -5.469608307
vn 0.2781463563 -0.9604701996 -0.01147316676
v -3.519706964 7.388609886 -0.4704245329
vn -0.3776999414 0.7975755334 0.4703361392
v 2.644425154 -10.28452873 -5.469608307
vn 0.2446379066 -0.9695467949 -0.01145782694
v -2.010118008 7.923863411 -0.4521541595
vn -0.212794885 0.8572978973 0.4687842131
v 2.285888672 -10.37011337 -5.469608307
vn 0.2101115733 -0.9774449468 -0.0213194564
v -1.072491407 8.074604988 -0.3866490126
vn -0.1153920591 0.8776270747 0.4652476609
v 1.842924833 -10.45175171 -5.539067745
vn 0.1693147123 -0.9693784714 -0.1778703481
v -0.392383635 8.159929276 -0.4430189431
vn -0.04243315011 0.8830114603 0.4674292803
v 1.477041245 -10.50970173 -5.539067745
vn 0.1326459795 -0.9753388166 -0.1764063388
v 0.2669845223 8.170461655 -0.4521541595
vn 0.02491340227 0.8829494119 0.4688066542
v 1.10935843 -10.55484772 -5.539067745
vn 0.09645905346 -0.9788500071 -0.1804115027
v 0.8802461624 8.127327919 -0.4521541595
vn 0.09228425473 0.878531754 0.4686849713
v 0.4606406689 -10.60906792 -5.469608307
vn 0.039183449 -0.9991907477 -0.009084415622
v 1.488511205 8.03811264 -0.4521541595
vn 0.1711521894 0.8665194511 0.4688826203
v 0.09215544909 -10.61866379 -5.469608307
vn 0.004103119951 -0.9999269843 -0.01136873383
v 2.46743989 7.803309441 -0.4704245329
vn 0.2665934563 0.8412696719 0.4703119397
v -0.2764380574 -10.61546516 -5.469608307
vn -0.03061362356 -0.9994667768 -0.01135705225
v 4.231296539 7.005428791 -0.4704245329
vn 0.4570305049 0.7549287081 0.4703251421
v -0.6447017789 -10.59947491 -5.469608307
vn -0.06924203038 -0.9975152016 -0.01299784333
v 4.714100361 6.678441525 -0.4521541595
vn 0.5179946423 0.7164517641 0.4673098028
v -1.060772777 -10.56278038 -5.504338264
vn -0.1018512473 -0.9938117862 -0.04432211444
v 6.199566364 5.342777252 -0.4704245329
vn 0.6691681147 0.5760053992 0.4695016146
v -1.477043152 -10.50970173 -5.539067745
vn -0.1366925687 -0.9741901755 -0.1796347797
v 6.569465637 4.865046978 -0.4521541595
vn 0.7106902599 0.5245794058 0.4687598944
v -1.842926621 -10.45175171 -5.539067745
vn -0.1776967049 -0.9643265009 -0.1962097287
v 6.963285923 4.30029583 -0.4704245329
vn 0.7502836585 0.4646017849 0.4703398645
v -2.206562996 -10.38106728 -5.539067745
vn -0.204261452 -0.955483675 -0.2129042745
v 7.281064034 3.737110615 -0.4704245329
vn 0.780934155 0.4115506709 0.4698594213
v -2.567513943 -10.29773617 -5.539067745
vn -0.2420194298 -0.9540185332 -0.1768481731
v 7.548707008 3.137716055 -0.4521541595
vn 0.8143895864 0.3429072499 0.4681711793
v -2.925336361 -10.20185757 -5.539067745
vn -0.2751356959 -0.9449932575 -0.176884532
v 7.816233635 2.406111717 -0.4612893164
vn 0.8451020122 0.2573723793 0.4685744941
v -3.279592514 -10.09355068 -5.539067745
vn -0.3097507954 -0.9337038994 -0.1795870066
v 8.0248909 1.606554508 -0.4704245329
vn 0.8663821816 0.1692895293 0.4698116779
v -3.871408224 -9.88821125 -5.469608307
vn -0.3688025773 -0.9294606447 -0.009355516173
v 8.177735329 0.3233269751 -0.4704245329
vn 0.8818961978 0.04241909832 0.4695314169
v -4.212264538 -9.747889519 -5.469608307
vn -0.4015765488 -0.9155938625 -0.02059471421
v 3.743249893 -1.870997429 -5.751374722
vn -0.6603972316 0.3531092107 -0.6627137065
v -4.652427197 -9.538888931 -5.539067745
vn -0.4334522784 -0.8826881051 -0.1816061735
v 3.841736794 -1.921134353 -5.830752373
vn -0.3688639104 0.182165429 -0.9114577174
v -5.202766418 -9.257200241 -5.469608307
vn -0.5066437125 -0.8620092869 -0.01587921381
v 3.50059247 -2.226299763 -5.711467743
vn -0.6662976146 0.4417663813 -0.600741148
v -5.832418442 -8.873973846 -5.469608307
vn -0.5535511971 -0.8324221969 -0.02558047697
v 3.230695248 -2.557006836 -5.669608593
vn -0.684448421 0.5270855427 -0.5036975145
v -6.772594929 -8.174809456 -5.504338264
vn -0.6295619607 -0.7731373906 -0.07687863708
v 3.430819988 -2.439043999 -5.776026249
vn -0.5129091144 0.3765346706 -0.7714570165
v -7.21316433 -7.785427094 -5.521703243
vn -0.6852878332 -0.721832335 -0.09663701057
v 3.094780684 -2.719928741 -5.669608593
vn -0.6541297436 0.5902534723 -0.4729853272
v -7.715297222 -7.291160107 -5.504338264
vn -0.7393200397 -0.6705830693 -0.06102665141
v 3.124819279 -2.746329784 -5.726723671
vn -0.6018508673 0.5612209439 -0.5681607127
v -8.27245903 -6.649542332 -5.513020515
vn -0.7739086151 -0.6318449378 -0.04286502302
v 3.370272636 -2.667479277 -5.830752373
vn -0.3369273841 0.2633181512 -0.9039598703
v -8.924253464 -5.755187988 -5.469608307
vn -0.8411035538 -0.5402131081 -0.02673204988
v 2.620465994 -3.141159058 -5.606417179
vn -0.6095436811 0.716273725 -0.3397181928
v -9.438619614 -4.853430271 -5.521703243
vn -0.8860183358 -0.4536716342 -0.09567409009
v 3.014606237 -2.937960625 -5.776026249
vn -0.4438591003 0.4028235674 -0.8004512787
v -9.952185631 -3.682230711 -5.512492657
vn -0.9342184067 -0.3455310762 -0.0885675177
v 2.639342308 -3.163785934 -5.669608593
vn -0.5656749606 0.6526758075 -0.5040100813
v -10.26119137 -2.733577013 -5.469608307
vn -0.964684844 -0.2589313686 -0.04835007712
v 3.055509329 -2.977823734 -5.816018581
vn -0.3763296604 0.3596818149 -0.8538178802
v -10.42610359 -2.015155077 -5.469608307
vn -0.9820353389 -0.1869137883 -0.02588116936
v 2.283599615 -3.393949509 -5.606417179
vn -0.523742795 0.7822585702 -0.3372907639
v -10.48976231 -1.652084827 -5.469608307
vn -0.9884746075 -0.149064973 -0.02641142905
v 2.696544647 -3.232353926 -5.776026249
vn -0.4175376892 0.4911735058 -0.7644677162
v -10.55484867 -1.109359145 -5.539067745
vn -0.9529160261 -0.09578506649 -0.2877086997
v 2.105856419 -3.507006407 -5.606417179
vn -0.4897466004 0.8098640442 -0.3229063153
v -10.60466957 -0.5526911616 -5.469608307
vn -0.9986314774 -0.05091563985 -0.01194906421
v 2.526571989 -3.366883039 -5.776026249
vn -0.378513962 0.5165026784 -0.7680834532
v -10.61746407 -0.1843044162 -5.469608307
vn -0.9998617768 -0.01237837411 -0.01109861396
v 2.560853958 -3.412565708 -5.816018581
vn -0.3068630397 0.4134577513 -0.8572559357
v -10.61746407 0.1843044162 -5.469608307
vn -0.9996887445 0.02234284393 -0.01109861303
v -0.3292739689 -4.253839493 -5.816018581
vn 0.03322918713 0.493530035 -0.8690937161
v -10.60466957 0.5526911616 -5.469608307
vn -0.9974024892 0.06817576289 -0.02324645966
v -0.7458347678 -4.092743874 -5.726723671
vn 0.1420982033 0.7508630157 -0.6449905634
v -10.50970173 1.477042317 -5.539067745
vn -0.9774739146 0.1358512491 -0.1615213156
v -0.5478195548 -4.231248856 -5.816018581
vn 0.07080814242 0.4967181981 -0.8650186062
v -10.3957901 2.153167963 -5.486973286
vn -0.9757859707 0.2122817934 -0.05270793661
v -0.9555341601 -4.048922539 -5.726723671
vn 0.1679822803 0.7276983857 -0.6650090218
v -10.26119137 2.733577013 -5.469608307
vn -0.9676048756 0.252322495 -0.008614192717
v -1.343963861 -3.863610268 -5.606417179
vn 0.304250747 0.890681684 -0.3378129601
v -10.04683781 3.438827753 -5.469608307
vn -0.9463351965 0.3221072555 -0.02639374696
v -1.162700772 -3.9943645 -5.726723671
vn 0.2216466218 0.7370422482 -0.6384680867
v -9.921435356 3.785449266 -5.469608307
vn -0.9287552238 0.3695591092 -0.02897894755
v -1.541075826 -3.789301872 -5.606417179
vn 0.3632848561 0.8692012429 -0.3354300559
v -9.480665207 4.770913124 -5.521703243
vn -0.8893355727 0.448233217 -0.09038358182
v -1.176479578 -4.041702271 -5.776026249
vn 0.1806295216 0.6166584492 -0.7662279606
v -9.191116333 5.306493282 -5.539067745
vn -0.8346529007 0.4725541472 -0.2829259932
v -1.192444086 -4.096541405 -5.816018581
vn 0.1402033418 0.4960717857 -0.8568872809
v -8.92899704 5.733225346 -5.53012085
vn -0.8293143511 0.5470294356 -0.1140023395
v -1.467015505 -3.891428947 -5.726723671
vn 0.270549655 0.7162627578 -0.6432499886
v -8.503508568 6.360414028 -5.469608307
vn -0.7912107706 0.6111627221 -0.02157810517
v -1.831776619 -3.66435647 -5.622214794
vn 0.4329245985 0.8190643787 -0.3764436245
v -7.052997589 7.934144497 -5.504338264
vn -0.6600522399 0.7503483295 -0.0361723043
v -1.585816264 -3.899313927 -5.776026249
vn 0.240893364 0.5947543383 -0.7669665217
v -6.136892796 8.666202545 -5.469608307
vn -0.5751135945 0.8179697394 -0.01303233765
v -1.607333541 -3.952221155 -5.816018581
vn 0.1995264292 0.4827101529 -0.8527485728
v -5.832418442 8.873973846 -5.469608307
vn -0.5437276363 0.8391904831 -0.01093428116
v -1.955172777 -3.672073364 -5.726723671
vn 0.3815894425 0.7025789618 -0.6006432772
v -5.254630089 9.224158287 -5.504338264
vn -0.4900238514 0.8708742857 -0.03813952208
v -1.978344202 -3.715591908 -5.776026249
vn 0.2936066687 0.5630512834 -0.7725078464
v -4.878344536 9.432193756 -5.469608307
vn -0.4578368962 0.8888661861 -0.01738758944
v -2.322375536 -3.451578379 -5.726723671
vn 0.4712686241 0.66947335 -0.5742049217
v -4.212264538 9.747889519 -5.469608307
vn -0.3927654922 0.9194080234 -0.02059480548
v -2.349898815 -3.492483616 -5.776026249
vn 0.3656787872 0.5378213525 -0.7596231103
v -3.871408224 9.88821125 -5.469608307
vn -0.3583399057 0.9335286617 -0.01080583129
v -2.526571274 -3.366883039 -5.776026249
vn 0.3321889639 0.4722287655 -0.8164866567
v -3.279592514 10.09355068 -5.539067745
vn -0.2992345691 0.9229717255 -0.2420369387
v -2.869409084 -2.944537878 -5.653810978
vn 0.5878090858 0.6209782362 -0.5185234547
v -2.925336361 10.20185757 -5.539067745
vn -0.2603711188 0.9400647879 -0.2201932818
v -4.275381565 -0.4419411421 -5.830752373
vn 0.4729696512 0.03407145664 -0.8804196715
v -2.516521454 10.31330585 -5.504338264
vn -0.2291692346 0.9711689353 -0.06566849351
v -4.176350594 0.8727346063 -5.816018581
vn 0.5052676201 -0.0984442234 -0.8573291898
v -2.105560303 10.40822411 -5.469608307
vn -0.1972412616 0.9802984595 -0.01052653044
v -4.120442867 0.8610516191 -5.776026249
vn 0.6473678946 -0.1276642382 -0.7514097691
v -1.743056297 10.47502995 -5.469608307
vn -0.1574429572 0.9874702096 -0.01069199853
v -3.963104248 1.265162349 -5.726723671
vn 0.7551668286 -0.2488690615 -0.6064546704
v -1.060772777 10.56278038 -5.504338264
vn -0.09503091872 0.9947105646 -0.03898669779
v -4.13809824 0.4277504683 -5.726723671
vn 0.7999618649 -0.08354910463 -0.5942057967
v -0.6447017789 10.59947491 -5.469608307
vn -0.05947086588 0.9981732368 -0.01064997632
v -4.206659794 0.108348608 -5.776026249
vn 0.6448917389 -0.01994363219 -0.7640137076
v -0.2764380574 10.61546516 -5.469608307
vn -0.02065105177 0.9997222424 -0.01135703642
v -4.15738821 -0.1070795879 -5.726723671
vn 0.8297314644 0.01754072495 -0.5578871369
v 0.09215544909 10.61866379 -5.469608307
vn 0.01406752225 0.9998364449 -0.01136866305
v -3.97032094 1.017978072 -5.61894083
vn 0.8922570348 -0.2601981461 -0.3690179884
v 0.4606406689 10.60906792 -5.469608307
vn 0.04876869172 0.9987452626 -0.01138003636
v -3.761867046 1.644031763 -5.638012886
vn 0.8268042803 -0.3675477803 -0.4257972836
v 0.828569591 10.586689 -5.469608307
vn 0.08341173828 0.9964500666 -0.01139246207
v 4.31791687 -0.06985659152 -5.841802597
vn -0.4158661664 -0.002663085703 -0.9094219208
v 1.195499182 10.55155468 -5.469608307
vn 0.1179546192 0.9929534793 -0.01140645705
v 4.19433403 0.108348608 -5.763700962
vn -0.6515004039 0.006573990919 -0.7586197853
v 1.560988903 10.50370502 -5.469608307
vn 0.1523550451 0.9882598519 -0.01141872443
v 4.201437473 0.4891303778 -5.791023254
vn -0.5816468596 -0.05840746686 -0.8113417625
v 1.924598217 10.44320011 -5.469608307
vn 0.1865683794 0.982375443 -0.0114310272
v 4.252121925 1.119815707 -5.86353159
vn -0.1966780424 -0.05180311948 -0.9790986776
v 2.285888672 10.37011337 -5.469608307
vn 0.2214731872 0.9749957919 -0.0182441324
v 4.138098717 0.4277504683 -5.726723671
vn -0.7745295763 -0.08160442114 -0.6272516847
v 2.925334454 10.20185757 -5.539067745
vn 0.2688167989 0.9459586143 -0.1813832372
v 4.082567692 0.05252975225 -5.581161499
vn -0.9615901709 -0.01799993776 -0.2738984227
v 3.279592991 10.09355068 -5.539067745
vn 0.3101041317 0.9354403615 -0.1696665287
v 4.151641369 1.444156528 -5.86353159
vn -0.1659915745 -0.05737600476 -0.9844565988
v 3.664530039 9.963429451 -5.504338264
vn 0.3513638079 0.9351891875 -0.04432501644
v 4.081600189 0.7435418963 -5.712445259
vn -0.8043471575 -0.1518262774 -0.574434042
v 4.042444706 9.819529533 -5.469608307
vn 0.3836698234 0.9234159589 -0.01002159994
v 4.051426411 1.527330756 -5.845485687
vn -0.3571796119 -0.1312675178 -0.9247657061
v 4.68316555 9.527165413 -5.504338264
vn 0.4445911348 0.8948339224 -0.04013748467
v 4.022977829 1.059469223 -5.726723671
vn -0.7863521576 -0.1995025873 -0.5846785307
v 5.041313171 9.346104622 -5.469608307
vn 0.476464361 0.8791230321 -0.01115492266
v 3.967429399 1.733867884 -5.845485687
vn -0.3378399611 -0.1444393992 -0.9300545454
v 5.362650394 9.165506363 -5.469608307
vn 0.5097285509 0.8602573872 -0.01157615893
v 3.925352335 1.15702796 -5.596175671
vn -0.9475082755 -0.3168469071 -0.04284918681
v 5.677523136 8.973864555 -5.469608307
vn 0.5392864347 0.842042625 -0.01159221865
v 3.863990068 1.839722514 -5.823385239
vn -0.3859244883 -0.1941921711 -0.9018601179
v 5.985557079 8.771409035 -5.469608307
vn 0.5681928992 0.8228135109 -0.01160884835
v 3.818351269 1.610568166 -5.705305099
vn -0.7742081881 -0.3235239983 -0.5439980626
v 6.286377907 8.558385849 -5.469608307
vn 0.596414268 0.8025925756 -0.01162548084
v 3.827724218 1.442998528 -5.606417179
vn -0.8434590101 -0.3053394556 -0.4419781566
v 6.57962513 8.335049629 -5.469608307
vn 0.6239187717 0.7814024687 -0.01164145302
v 3.644526482 2.188005209 -5.80602026
vn -0.5082617402 -0.2994844019 -0.8074522614
v 6.864943027 8.101670265 -5.469608307
vn 0.6506678462 0.7592729926 -0.01165706012
v 3.515811205 2.63833046 -5.86353159
vn -0.1440271586 -0.1066200063 -0.9838131666
v 7.141990185 7.858530045 -5.469608307
vn 0.6766341329 0.7362267971 -0.01167551614
v 3.395048857 2.687088251 -5.845485687
vn -0.2623418272 -0.2126207352 -0.9412593842
v 7.410431862 7.605919838 -5.469608307
vn 0.7017847896 0.7122930288 -0.01169470511
v 3.644509315 1.940204859 -5.683887005
vn -0.7776668072 -0.4114152193 -0.4753649533
v 7.669944286 7.344145775 -5.469608307
vn 0.7273426652 0.6861960292 -0.01037695166
v 3.3454988 2.647870541 -5.816018581
vn -0.4024030864 -0.336135447 -0.8515190482
v 8.130018234 6.821896553 -5.539067745
vn 0.7550738454 0.6322981715 -0.1733855754
v 3.374338865 2.398890495 -5.698165894
vn -0.6602743864 -0.4709055126 -0.5850518942
v 8.391836166 6.507042408 -5.469608307
vn 0.7928721309 0.6089829803 -0.02221429348
v 3.176491022 2.940113068 -5.845485687
vn -0.2580815852 -0.2417992353 -0.9353753328
v 8.612618446 6.211868763 -5.469608307
vn 0.8142772913 0.5803564191 -0.01178454328
v 2.87836647 3.190617561 -5.830752373
vn -0.3183847964 -0.3590302169 -0.8773416877
v 8.823023796 5.909210682 -5.469608307
vn 0.8339337707 0.5517382622 -0.0118038347
v 3.124819279 2.746329784 -5.726723671
vn -0.5545207262 -0.4949379861 -0.6689866781
v 9.022797585 5.599431992 -5.469608307
vn 0.8535909653 0.5208410025 -0.01035192981
v 2.639204502 3.51697731 -5.86353159
vn -0.1193802133 -0.145203054 -0.9821733236
v 9.380105972 4.971255302 -5.504338264
vn 0.885618329 0.4624962509 -0.04215884581
v 2.859367132 3.089253187 -5.776026249
vn -0.423343569 -0.45303756 -0.7845618129
v 9.695446014 4.316690445 -5.539067745
vn 0.899928391 0.400011152 -0.1735511124
v 0.8991397023 4.302704334 -5.86353159
vn -0.03615764156 -0.1573682278 -0.9868778586
v 9.854240417 3.957075357 -5.469608307
vn 0.9294752479 0.3681916595 -0.02259869315
v 0.5645821095 4.36070919 -5.86353159
vn -0.02660735324 -0.1926588714 -0.9809049964
v 9.985641479 3.612682819 -5.469608307
vn 0.9422085881 0.3348139524 -0.01194313541
v 0.8724460602 4.174966335 -5.816018581
vn -0.1006051153 -0.497056216 -0.8618664145
v 10.10500908 3.263937235 -5.469608307
vn 0.9532636404 0.3019028306 -0.01196420472
v 0.7546741962 4.141247749 -5.776026249
vn -0.1264104247 -0.6325871944 -0.7641032934
v 10.21220207 2.911258698 -5.469608307
vn 0.9633512497 0.2676497996 -0.01783179864
v 0.4450404644 4.305380344 -5.845485687
vn -0.04264329001 -0.3488327861 -0.9362143278
v 10.38531303 2.201185465 -5.504338264
vn 0.978254199 0.2026277632 -0.04428020865
v 0.9463489056 4.009999752 -5.669608593
vn -0.2012280673 -0.8442064524 -0.496812582
v 10.51327896 1.473408937 -5.504338264
vn 0.9899623394 0.1342155635 -0.04427974671
v 0.5404852629 4.1746068 -5.776026249
vn -0.08299846202 -0.6371222138 -0.7662810087
v 10.59348106 0.7366625071 -5.469608307
vn 0.9970880747 0.06928603351 -0.03185628727
v 0.1114821732 4.32832098 -5.845485687
vn -0.01188289933 -0.3429336846 -0.9392844439
v 4.463345051 -0.119875066 -5.869608402
vn -0.001374901738 0.001885607955 -0.9999972582
v 0.7386654019 4.053399563 -5.669608593
vn -0.1555470377 -0.8518149853 -0.5002163649
v 4.35642767 0.8079621792 -5.866570473
vn -0.002792365383 -0.00260225893 -0.9999927282
v 0.3248662353 4.196895123 -5.776026249
vn -0.05009035766 -0.640550375 -0.7662807703
v 4.236699104 1.414418221 -5.869608402
vn -0.0006305091665 -0.0001992653852 -0.9999997616
v -0.1114815697 4.32832098 -5.845485687
vn 0.007177361287 -0.3638657928 -0.9314237237
v 4.060661316 1.860435486 -5.869608402
vn -0.001075578388 0.009409706108 -0.9999551773
v 0.7333807945 4.024410248 -5.606417179
vn -0.1686653942 -0.9243726134 -0.3421801329
v 3.837828159 2.285011768 -5.869608402
vn -0.0004063882225 -0.003135527717 -0.9999949932
v 0.3210609555 4.14773941 -5.726723671
vn -0.05951571465 -0.7635259032 -0.6430288553
v 3.421587229 2.871052504 -5.869608402
vn -0.003746165428 0.007861572318 -0.9999620914
v -0.1098546013 4.26515007 -5.816018581
vn 0.0176922027 -0.4943307042 -0.8690938354
v 3.005413055 3.302015543 -5.869608402
vn 0.0005665883655 -0.007702237461 -0.9999701977
v 0.5252370238 4.056827545 -5.606417179
vn -0.1208564341 -0.9318301082 -0.3421788216
v 2.495977163 3.66204381 -5.866570473
vn -0.006868701894 -0.0100565711 -0.9999258518
v 0.1071156859 4.1587677 -5.726723671
vn -0.02013122104 -0.7655777931 -0.6430282593
v 2.021704435 3.981021404 -5.869608402
vn -0.001063539064 -0.002076440258 -0.9999972582
v -0.6764485836 4.343286037 -5.86353159
vn 0.02531137876 -0.1678553969 -0.9854866266
v 1.356921196 4.253772736 -5.869608402
vn -0.00135270122 -0.004354460165 -0.9999896288
v 0.1060843766 4.118788719 -5.669608593
vn -0.02260815352 -0.8656064868 -0.5002142787
v 0.6569994092 4.416352749 -5.869608402
vn -0.001075174892 -0.007713779341 -0.9999696612
v -0.3248656392 4.196895123 -5.776026249
vn 0.04759706184 -0.6624089479 -0.747628808
v 0.05996556953 4.466162205 -5.869608402
vn 3.354174987e-05 -2.292393947e-05 -1
v -0.6660886407 4.276761532 -5.845485687
vn 0.05498009548 -0.3415154815 -0.9382666945
v -0.5381906033 4.432400227 -5.869608402
vn 8.711763803e-05 -0.0006958964514 -0.9999997616
v -0.1060862392 4.118788719 -5.669608593
vn 0.02198216692 -0.8656220436 -0.5002151728
v -1.357412815 4.255306244 -5.869608402
vn -0.001746167196 -0.001307760016 -0.9999976158
v -0.5404871106 4.1746068 -5.776026249
vn 0.08709212393 -0.6321379542 -0.7699458003
v -2.127855539 3.925307751 -5.869608402
vn -0.0009498170693 -0.001341184019 -0.9999986291
v -0.9944928288 4.213997841 -5.845485687
vn 0.08198884875 -0.3543209732 -0.9315226674
v -2.915678024 3.381514549 -5.869608402
vn 0.00147926365 0.0005302192876 -0.9999987483
v -0.1053256691 4.08933115 -5.606417179
vn 0.0239829924 -0.9393292069 -0.3421775699
v -3.569476128 2.682286978 -5.869608402
vn -0.001249174005 -0.003106387565 -0.9999943972
v -0.5341564417 4.125711918 -5.726723671
vn 0.1024349332 -0.7607260942 -0.6409390569
v -3.897791624 2.181150198 -5.869608402
vn 0.001697410713 0.001655028434 -0.9999971986
v -0.3157019317 4.078487396 -5.606417179
vn 0.07230711728 -0.9368488193 -0.3421782851
v -4.33677578 1.068918824 -5.869608402
vn 0.001613037894 0.002917312318 -0.9999944568
v -0.7458347678 4.092743874 -5.726723671
vn 0.1365545541 -0.7730150819 -0.6195163727
v -4.458517551 0.2396637201 -5.869608402
vn 0.000326950103 -1.023072218e-05 -0.9999999404
v -1.316305399 4.123311996 -5.845485687
vn 0.1012962535 -0.3248231113 -0.9403344989
v -4.407134056 -0.7162290812 -5.869608402
vn 0.0007111240411 0.0001200578772 -0.9999997616
v -0.5252364278 4.056827545 -5.606417179
vn 0.1204390153 -0.9318841696 -0.3421788812
v -4.197198391 -1.527655125 -5.869608402
vn 0.0009592435672 0.0003501339233 -0.9999994636
v -0.9555341601 4.048922539 -5.726723671
vn 0.1745518893 -0.7475419641 -0.6408686638
v -3.836444378 -2.284188032 -5.869608402
vn -0.0003050431842 0.00156683533 -0.9999987483
v -1.297096848 4.063132763 -5.816018581
vn 0.1518231928 -0.4876247346 -0.8597510457
v -3.261368513 -3.049473047 -5.869608402
vn 0.001406645984 -0.0006783619756 -0.9999988079
v -1.863996029 3.982468367 -5.86353159
vn 0.07110091299 -0.1563415825 -0.9851405621
v -2.635073662 -3.606464148 -5.869608402
vn 0.0004920585779 0.0006684028194 -0.9999996424
v -0.9463483095 4.009999752 -5.669608593
vn 0.1985828578 -0.8428239226 -0.5002126694
v -2.127855539 -3.925307751 -5.869608402
vn 0.0003320459509 0.0006177637842 -0.9999997616
v -1.382981658 3.975779772 -5.776026249
vn 0.2098903507 -0.608374238 -0.7653932571
v 3.353584528 7.343324661 -0.1119644865
vn 0.414617002 0.9031713605 0.1112396419
v -2.066537619 3.881231785 -5.86353159
vn 0.08201592416 -0.1484618485 -0.9855112433
v 3.676115751 7.182676792 -0.05598224327
vn 0.4578147829 0.888902843 0.01604402252
v -1.151523709 3.955965519 -5.669608593
vn 0.2417062074 -0.8314812183 -0.5002170205
v 3.361387014 7.360412121 0.2225209326
vn 0.3968503773 0.8876915574 -0.2334811538
v -1.585816264 3.899313927 -5.776026249
vn 0.2415813953 -0.5953595638 -0.7662802339
v 3.374284506 7.388650894 0.3302790523
vn 0.3915085495 0.8619855642 -0.3220278323
v -1.935164213 3.871627569 -5.845485687
vn 0.153973788 -0.3047159612 -0.9399150014
v 3.392109871 7.427686691 0.4338837266
vn 0.3852928579 0.8307411075 -0.40176934
v -1.35364449 3.891441584 -5.669608593
vn 0.294133544 -0.8196431398 -0.4916000366
v 3.664997816 7.317627907 0.4704245329
vn 0.3988911808 0.787232399 -0.4702669382
v -1.784446836 3.812508106 -5.776026249
vn 0.2761154771 -0.5803147554 -0.7661560178
v 3.951231241 7.167123795 0.4704245329
vn 0.4331575334 0.768869102 -0.4703348279
v -2.359126329 3.708939791 -5.86353159
vn 0.09732338041 -0.1537695825 -0.9833021164
v 4.345499039 6.928247452 0.4612893164
vn 0.4692069292 0.7478672862 -0.4696162045
v -1.978344202 3.715591908 -5.776026249
vn 0.3022132218 -0.5675950646 -0.765834868
v 5.12365818 6.358071804 0.4338837266
vn 0.5660532713 0.7260147333 -0.3904950023
v 4.040869713 -0.4997338653 -5.533245564
vn -0.9953283668 0.09409414232 -0.02162660472
v 5.524143696 6.038519382 0.4704245329
vn 0.600938797 0.6466440558 -0.4698126912
v 4.041959763 -0.6295182705 -5.606417179
vn -0.9224476814 0.1639591455 -0.3495821655
v 5.983650684 5.583529949 0.4704245329
vn 0.6469136477 0.6001768112 -0.4704152644
v 4.071075439 -0.6340529323 -5.669608593
vn -0.8050553799 0.1089244559 -0.5831134319
v 6.199566364 5.342777252 0.4704245329
vn 0.6635565162 0.5819470882 -0.470138669
v 3.938358068 -1.037184238 -5.539067745
vn -0.9499044418 0.248048842 -0.1901403964
v 6.353296757 5.10270071 0.3912166059
vn 0.6950032711 0.5503689647 -0.4626709819
v 3.879742861 -1.238550663 -5.539067745
vn -0.9296489954 0.283757329 -0.2350201905
v 6.638923168 4.60948658 0.1672427058
vn 0.8128019571 0.568729043 -0.1260962635
v 4.003641129 -1.054376721 -5.698165894
vn -0.7704133391 0.1936373711 -0.6074272394
v 7.012717724 3.993318558 -0.08397336304
vn 0.867298305 0.4880886972 0.09779083729
v 4.098268986 -1.079298019 -5.796022415
vn -0.6049658656 0.1501013935 -0.7819756269
v 7.388650894 3.374283791 -0.3302790523
vn 0.8625844121 0.3919105232 0.3199285269
v 3.775368214 -1.649931788 -5.669608593
vn -0.8084719181 0.3869425356 -0.4434508085
v 7.978986263 1.735722184 -0.4338837266
vn 0.8841116428 0.1984024048 0.4230639338
v 3.992296696 -1.505039573 -5.816018581
vn -0.501121223 0.1951832622 -0.8430783153
v 8.135246277 0.7436001897 -0.4430189431
vn 0.8813647628 0.07299144566 0.4667637646
v 3.834601402 -1.67581892 -5.751374722
vn -0.6361587644 0.268334955 -0.7233936787
v 8.160393715 -0.2914491594 0.4338837266
vn 0.9157168865 -0.03004527092 -0.4006991982
v 2.991250277 -2.768497944 -5.555905342
vn -0.7178317308 0.646854043 -0.2574829161
v 8.086480141 -0.2888093889 0.2225209326
vn 0.9725245237 -0.03520505875 -0.2301231623
v 2.096567154 -3.491534948 -5.539067745
vn -0.5031437278 0.8448163271 -0.1820213199
v 8.061425209 -0.2879145145 2.153410274e-16
vn 0.9985574484 -0.04231033474 0.03305796906
v 1.72645247 -3.68860054 -5.539067745
vn -0.4174495041 0.8890092373 -0.188144803
v 8.091637611 -3.483799331e-25 -0.2225209326
vn 0.9824162126 -0.006928785238 0.1865752339
v 2.381783962 -3.539870501 -5.816018581
vn -0.2873953581 0.4256554544 -0.8580334187
v 8.158576965 -0.6461490989 -0.4704245329
vn 0.8795592189 -0.07197325677 0.4703142345
v 1.541076422 -3.789301872 -5.606417179
vn -0.3542661667 0.8648927808 -0.3556064665
v 8.0820961 -1.288264275 -0.4704245329
vn 0.8738903403 -0.124655053 0.4698689282
v 2.196395636 -3.657788277 -5.816018581
vn -0.2840495408 0.4634705484 -0.8393514752
v 7.901961327 -1.989831448 -0.3912166059
vn 0.8618554473 -0.2058077902 0.463517338
v 1.763545394 -3.767854452 -5.726723671
vn -0.3429020345 0.6873538494 -0.6402834654
v 7.548707008 -3.137716055 -0.4521541595
vn 0.8168491721 -0.3354993761 0.4692521393
v 1.343964458 -3.863610268 -5.606417179
vn -0.3085110188 0.8875440955 -0.342178911
v 7.060323238 -4.127660275 -0.4612893164
vn 0.7593971491 -0.4510343969 0.4689178169
v 1.970177889 -3.8188169 -5.830752373
vn -0.1850855201 0.3587974608 -0.914881289
v 6.199566364 -5.342777252 -0.4704245329
vn 0.6635565162 -0.5819470882 0.470138669
v 1.567243338 -3.853643656 -5.726723671
vn -0.2881318629 0.7095734477 -0.6430284381
v 5.766170979 -5.794756413 -0.4521541595
vn 0.6237137318 -0.6255109906 0.4687400162
v 1.143288493 -3.927673101 -5.606417179
vn -0.262411803 0.9022495151 -0.3421781063
v 5.281270027 -6.252045155 -0.4704245329
vn 0.5700189471 -0.6737009287 0.4703248441
v 1.58581686 -3.899313927 -5.776026249
vn -0.2467900962 0.6165586114 -0.7476297021
v 4.771176815 -6.649494171 -0.4704245329
vn 0.514705658 -0.717279911 0.4696676135
v 1.151524305 -3.955965519 -5.669608593
vn -0.2417062372 0.8314815164 -0.5002165437
v 3.37304163 -7.456707001 -0.4704245329
vn 0.3648097813 -0.8035278916 0.4703793526
v 0.7301465869 -4.00665617 -5.539067745
vn -0.1835022569 0.9679576755 -0.1714200377
v 2.813688993 -7.675245285 -0.4521541595
vn 0.2982411683 -0.8315474987 0.4685947001
v 1.382982254 -3.975779772 -5.776026249
vn -0.214268744 0.6067734361 -0.7654507756
v 2.088319063 -7.903324604 -0.4521541595
vn 0.2320112586 -0.8523887396 0.4686194658
v 0.9463489056 -4.009999752 -5.669608593
vn -0.1985824704 0.8428222537 -0.50021559
v 1.488511205 -8.03811264 -0.4521541595
vn 0.1666330993 -0.8675896525 0.4685313404
v 0.5229208469 -4.038930893 -5.539067745
vn -0.1326286197 0.9763246775 -0.1708795875
v 0.8876303434 -8.135847092 -0.4704245329
vn 0.09154166281 -0.8777644634 0.4702655375
v 1.176480174 -4.041702271 -5.776026249
vn -0.1790850312 0.6170422435 -0.7662815452
v 0.2669845223 -8.170461655 -0.4521541595
vn 0.02692680247 -0.8829581141 0.4686789215
v 0.7386654019 -4.053399563 -5.669608593
vn -0.1549307704 0.8519288898 -0.5002135634
v -0.3477736712 -8.167267799 -0.4521541595
vn -0.04320351779 -0.8818079233 0.469625622
v 0.3143069446 -4.0604949 -5.539067745
vn -0.0813792944 0.981988132 -0.1705190837
v -2.312786102 -7.85053587 -0.4704245329
vn -0.2483279705 -0.8467836976 0.470415324
v 0.9668595195 -4.096907139 -5.776026249
vn -0.1470833719 0.6254417896 -0.766282618
v -3.225060701 -7.521893024 -0.4704245329
vn -0.3455981314 -0.8115262389 0.4711550176
v 0.5290201306 -4.08605051 -5.669608593
vn -0.1108697504 0.8587738872 -0.5002152324
v -4.267768383 -6.971495628 -0.4521541595
vn -0.4649687111 -0.7514151931 0.4681659341
v 0.1048610657 -4.071291447 -5.539067745
vn -0.0298992414 0.9849315882 -0.1703404188
v -5.458247185 -6.048687458 -0.3912166059
vn -0.58961308 -0.660656631 0.4646388292
v 0.7546741962 -4.141247749 -5.776026249
vn -0.1146910042 0.6321851611 -0.7662819028
v -6.13197279 -5.405774593 -0.4521541595
vn -0.6616200805 -0.585190773 0.4688396752
v 0.3179743886 -4.107866287 -5.669608593
vn -0.06651418656 0.863342762 -0.5002151132
v -6.439556122 -5.026725769 -0.4430189431
vn -0.6956014037 -0.5463516116 0.466517508
v -0.1048629284 -4.071291447 -5.539067745
vn 0.02166463248 0.9851471782 -0.1703400165
v -7.046888351 -4.161881924 -0.4704245329
vn -0.7694305778 -0.4323438406 0.4701652527
v 0.5404852629 -4.1746068 -5.776026249
vn -0.0810084343 0.6384434104 -0.7653937936
v -7.327679634 -3.623794556 -0.4521541595
vn -0.7955518365 -0.3843343854 0.4683848321
v 0.1060843766 -4.118788719 -5.669608593
vn -0.0219820831 0.8656220436 -0.5002151728
v -7.991584301 -1.764790058 -0.4704245329
vn -0.862936914 -0.1861090362 0.4697907269
v -0.3143087924 -4.0604949 -5.539067745
vn 0.07316699624 0.9826337695 -0.1705212295
v -8.149902344 0.06671070307 -0.3858859241
vn -0.8877668977 -0.006179137155 0.4602518678
v 0.1071156859 -4.1587677 -5.726723671
vn -0.01930623502 0.7655994296 -0.643027842
v -8.144219398 0.8072133064 -0.4704245329
vn -0.8785300851 0.08508893102 0.4700475931
v -0.3157019317 -4.078487396 -5.606417179
vn 0.07272669673 0.9368159771 -0.3421791792
v -8.055065155 1.447691917 -0.4704245329
vn -0.8676978946 0.1609932184 0.4702994227
v 0.438547343 -4.242544174 -5.816018581
vn -0.04845256731 0.4998640716 -0.8647475243
v -7.75340414 2.572694063 -0.4414873123
vn -0.8459677696 0.2618711293 0.464501977
v -0.1071150899 -4.1587677 -5.726723671
vn 0.02013126388 0.7655778527 -0.6430281997
v -7.489665031 3.299212456 -0.4704245329
vn -0.8077766895 0.3565579951 0.4694286287
v -0.5252364278 -4.056827545 -5.606417179
vn 0.1208561212 0.9318295121 -0.3421805799
v -7.186290741 3.896793842 -0.4521541595
vn -0.7794843912 0.4165942669 0.4678176045
v -9.314135241e-07 -4.26515007 -5.816018581
vn -0.004005731083 0.4961384237 -0.8682342172
v -6.701847553 4.681138515 -0.4521541595
vn -0.7177585363 0.5179643035 0.4653339088
v -0.3248656392 -4.196895123 -5.776026249
vn 0.04664657265 0.641802609 -0.7654498816
v -5.403762341 6.146482468 -0.4704245329
vn -0.5794487596 0.6658835411 0.4699342847
v -0.5341564417 -4.125711918 -5.726723671
vn 0.09874182194 0.7594495416 -0.6430290937
v -4.647945404 6.724925041 -0.4521541595
vn -0.4999650717 0.7289297581 0.4676498175
v -0.7386648059 -4.053399563 -5.669608593
vn 0.1658135653 0.8548178673 -0.4917238057
v -3.808857203 7.243789673 -0.4704245329
vn -0.4074274004 0.782987833 0.4700350463
v -0.9395819902 -3.981320143 -5.606417179
vn 0.2220783979 0.9218992591 -0.3174633682
v -2.306649923 7.842683315 -0.4521541595
vn -0.2573845387 0.8450818658 0.4686041176
v -1.338034391 -3.846565962 -5.539067745
vn 0.3106025159 0.9320457578 -0.1865924746
v -1.494686246 8.01597023 -0.4064509869
vn -0.1741458029 0.8683332801 0.4644034803
v -1.726451874 -3.68860054 -5.539067745
vn 0.4107294381 0.892726779 -0.1853111982
v -0.7267172933 8.151795387 -0.4704245329
vn -0.07042971253 0.8793834448 0.4708762169
v -2.307324409 -3.3826406 -5.613016605
vn 0.5145392418 0.759108901 -0.3987517953
v -0.08085221052 8.183725357 -0.4704245329
vn -0.007609601133 0.882381916 0.4704724252
v -2.471318483 -3.476218224 -5.816018581
vn 0.3038984239 0.426218152 -0.8520468473
v 0.5740214586 8.154676437 -0.4521541595
vn 0.05881262198 0.8814114928 0.4686734974
v -3.219141006 -2.547863245 -5.638012886
vn 0.7560104132 0.5513622761 -0.3527717888
v 1.208357453 8.094428062 -0.4704245329
vn 0.1289673448 0.8729980588 0.4703635275
v -3.055508852 -2.977823734 -5.816018581
vn 0.3765035272 0.3784444332 -0.8455914855
v 2.157230139 7.894697666 -0.4704245329
vn 0.2362246662 0.8502235413 0.4704442918
v -3.20475173 -2.816581726 -5.816018581
vn 0.4039255381 0.3514100015 -0.8446035385
v 3.932293415 7.166947842 -0.4521541595
vn 0.4289472699 0.7718645334 0.4692859948
v -3.411404133 -2.294814587 -5.653810978
vn 0.7563757896 0.5182004571 -0.3992041051
v 4.504752636 6.83279562 -0.4704245329
vn 0.483390063 0.7382733822 0.4704109132
v -3.345498323 -2.647870541 -5.816018581
vn 0.4198473692 0.3255015314 -0.8472172022
v 5.98000288 5.573856831 -0.4521541595
vn 0.6477108002 0.6008396149 0.468468219
v -3.659067631 -1.82892108 -5.606417179
vn 0.8316446543 0.4059512913 -0.3789072335
v 6.405801296 5.093682766 -0.4704245329
vn 0.6887992024 0.5520937443 0.4698384702
v -3.641968489 -2.061214209 -5.751374722
vn 0.6323598027 0.3586535156 -0.6866503954
v 6.787959576 4.572034836 -0.4704245329
vn 0.7288646102 0.4977886975 0.4700668156
v -3.713129282 -2.101488113 -5.816018581
vn 0.4796383977 0.2721782327 -0.8341858387
v 7.127738953 4.021842957 -0.4704245329
vn 0.7702143788 0.4308166504 0.4702837467
v -3.757660627 -1.758491278 -5.712445259
vn 0.727040112 0.3538424075 -0.5883946419
v 7.31356287 3.586523294 -0.3866490126
vn 0.8025416732 0.3735147119 0.4652027786
v -3.857188702 -1.685690522 -5.776026249
vn 0.6311395764 0.2875466347 -0.7204024792
v 7.671958923 2.849725485 -0.4704245329
vn 0.8292223215 0.3034336865 0.469380796
v -3.909524918 -1.708562493 -5.816018581
vn 0.4723421633 0.2002863884 -0.8583579063
v 7.955156326 1.922336578 -0.4704245329
vn 0.8570625186 0.2116994709 0.4697096944
v -4.074284554 -0.9058391452 -5.737095833
vn 0.8115148544 0.1948078722 -0.5509024858
v 8.12667942 0.9679623246 -0.4704245329
vn 0.8758885264 0.1059815809 0.4707304239
v -4.155837536 -0.5382418036 -5.756373882
vn 0.7358094454 0.0870109275 -0.6715754271
v 8.184123039 9.883885417e-26 -0.4704245329
vn 0.8827231526 0.0006627287949 0.4698929787
v -4.067360878 0.4204382896 -5.588540554
vn 0.9369324446 -0.09523759782 -0.3362846971
v 3.334026337 -2.370230675 -5.606417179
vn -0.7672631741 0.5246530175 -0.3688446879
v -3.632612705 1.835060716 -5.504074097
vn 0.8772243261 -0.4798543155 -0.01474030316
v 3.68827486 -2.087422132 -5.796022415
vn -0.5471070409 0.3072554767 -0.7786321044
v -3.93885231 1.48489213 -5.776026249
vn 0.6224072576 -0.2410527319 -0.7446494102
v 3.207587957 -2.538719416 -5.606417179
vn -0.7377421856 0.5822337866 -0.3416727483
v -3.992296219 1.505039573 -5.816018581
vn 0.4748221636 -0.1789349616 -0.8616995811
v 3.600022316 -2.289849043 -5.816018581
vn -0.4932155609 0.3131050169 -0.8116056323
v -3.909524918 1.708562493 -5.816018581
vn 0.4653420448 -0.1836647093 -0.865866065
v 3.246667147 -2.638739109 -5.751374722
vn -0.5293968916 0.4257260263 -0.733823061
v -3.157202959 2.633604527 -5.653810978
vn 0.6930512786 -0.6058154702 -0.3907269537
v 3.477371931 -2.472137451 -5.816018581
vn -0.4307327271 0.2985429466 -0.8516697884
v -3.663421869 2.073356152 -5.776026249
vn 0.5555132031 -0.3205040693 -0.7672562599
v 2.778695583 -3.002095699 -5.606417179
vn -0.6241852045 0.7452557683 -0.2344924062
v -3.713129282 2.101488113 -5.816018581
vn 0.4343990386 -0.2521880269 -0.8646957278
v 2.869409561 -2.944537878 -5.653810978
vn -0.6322695017 0.6405120492 -0.4358665347
v -3.220051765 2.651408434 -5.739048958
vn 0.5706255436 -0.4658994079 -0.6762575507
v 3.204752445 -2.816581726 -5.816018581
vn -0.3964948356 0.3636637926 -0.8429356217
v -3.59387064 2.383888721 -5.83811903
vn 0.2988707125 -0.2022549659 -0.9326142073
v 2.910960197 -2.987355947 -5.739048958
vn -0.5058123469 0.5295429826 -0.6809831858
v -2.979297161 2.903550148 -5.726723671
vn 0.541872859 -0.5273872614 -0.6543977857
v 2.455288172 -3.271892548 -5.606417179
vn -0.5658663511 0.7503942251 -0.3416193724
v -3.20475173 2.816581726 -5.816018581
vn 0.4178976417 -0.3761057854 -0.8269860744
v 2.574967623 -3.252975464 -5.712445259
vn -0.4894659221 0.6393894553 -0.592962265
v -2.507786036 3.25382185 -5.645911694
vn 0.5849860311 -0.7144495249 -0.3838661611
v 2.898163319 -3.131169319 -5.816018581
vn -0.3642884493 0.4004911482 -0.8407739401
v -3.323633909 2.772693157 -5.845485687
vn 0.2657033801 -0.2253917009 -0.9373368025
v 2.300049067 -3.418397427 -5.669608593
vn -0.4783603251 0.721514523 -0.5005878806
v -2.745419741 3.12378335 -5.726723671
vn 0.5004205108 -0.5707780123 -0.6509929299
v 2.733133078 -3.2762115 -5.816018581
vn -0.3196161389 0.3840447664 -0.8662304282
v -2.40409565 3.381218433 -5.712445259
vn 0.4686534405 -0.6669549346 -0.579253912
v 1.97561264 -3.597641945 -5.638012886
vn -0.4358221292 0.78458637 -0.4410026371
v -2.526571274 3.366883039 -5.776026249
vn 0.3955426216 -0.5210404396 -0.7563484311
v 1.734102488 -3.704944849 -5.606417179
vn -0.3952682912 0.8446857333 -0.3609279394
v -1.726451874 3.68860054 -5.539067745
vn 0.4243148267 -0.8855959773 -0.188882798
v -0.5404871106 -4.1746068 -5.776026249
vn 0.08299846202 0.6371222138 -0.7662810087
v 1.541076422 3.789301872 -5.606417179
vn -0.3556464314 -0.8780799508 -0.3201425672
v -1.143287897 -3.927673101 -5.606417179
vn 0.2703884244 0.9109993577 -0.3114005327
v 1.567243338 3.853643656 -5.726723671
vn -0.2889865041 -0.7186845541 -0.6324391365
v -0.7546736002 -4.141247749 -5.776026249
vn 0.1169893444 0.6328395009 -0.7653937936
v 1.58581686 3.899313927 -5.776026249
vn -0.2389573455 -0.5751895905 -0.7823402882
v -1.048936009 -3.982982635 -5.669608593
vn 0.2208520621 0.837133944 -0.500430882
v 1.936375856 3.636772871 -5.669608593
vn -0.3996102214 -0.7614474893 -0.5104012489
v -0.9668589234 -4.096907139 -5.776026249
vn 0.156105727 0.6455087662 -0.7476292253
v 1.955173373 3.672073364 -5.726723671
vn -0.3769747317 -0.7005963326 -0.6058505177
v -1.35364449 -3.891441584 -5.669608593
vn 0.2766956091 0.8174594045 -0.5051728487
v 2.444458008 3.257458448 -5.539067745
vn -0.5936470032 -0.7811427116 -0.1933890879
v -0.8724454641 -4.174966335 -5.816018581
vn 0.1073458046 0.4990723133 -0.8598858714
v 1.881396055 3.764050007 -5.776026249
vn -0.2776643336 -0.5530955791 -0.7854857445
v -1.552176595 -3.816597939 -5.669608593
vn 0.3393678963 0.8079097867 -0.4817791879
v 2.300049067 3.418397427 -5.669608593
vn -0.4608268142 -0.6786974072 -0.5718465447
v -1.382981658 -3.975779772 -5.776026249
vn 0.2013787627 0.5879334807 -0.7834416628
v 2.336137772 3.472031116 -5.751374722
vn -0.3695902228 -0.5476204753 -0.7506762743
v -1.746593356 -3.731632948 -5.669608593
vn 0.3253866732 0.7732062936 -0.5443119407
v 2.542595625 3.212182522 -5.622214794
vn -0.5622795224 -0.7142648697 -0.4167342484
v -1.401747108 -4.029724121 -5.816018581
vn 0.1646459997 0.4766942859 -0.8635127544
v 2.164858103 3.711930275 -5.830752373
vn -0.2310615629 -0.4125096798 -0.8811619282
v -1.763547301 -3.767854452 -5.726723671
vn 0.3165149391 0.7060977221 -0.633438468
v 4.278180599 -0.6663087606 -5.845485687
vn -0.3823851049 0.06922356784 -0.9214063883
v -1.784446836 -3.812508106 -5.776026249
vn 0.2728256285 0.5817050338 -0.7662802339
v 4.252121925 -1.119815707 -5.86353159
vn -0.1828918457 0.05074295402 -0.9818226695
v -1.808656931 -3.864237309 -5.816018581
vn 0.2181090713 0.4565513134 -0.8625481725
v 4.009428024 -1.63059926 -5.845485687
vn -0.314604789 0.1243408248 -0.9410436749
v -2.154305458 -3.587688684 -5.751374722
vn 0.3838022947 0.6391674876 -0.6664538383
v 3.710168839 -2.359909773 -5.86353159
vn -0.1347810328 0.08622095734 -0.9871170521
v -2.100790262 -3.711897135 -5.816018581
vn 0.2670099139 0.4560542107 -0.8489524126
v 3.512559891 -2.672199965 -5.865050793
vn -0.005908975378 0.002445539925 -0.9999795556
v -2.669461727 -3.117706776 -5.638012886
vn 0.6064901948 0.6830843091 -0.4068973362
v 3.35213232 -2.923859358 -5.868088722
vn -0.002645052038 0.006935100537 -0.9999724627
v -2.638758421 -3.246663094 -5.751374722
vn 0.4789564013 0.5959870815 -0.6445154548
v 2.941087484 -3.177545071 -5.845485687
vn -0.2455975264 0.2685718834 -0.9314242005
v -4.137310505 -0.9760163426 -5.80602026
vn 0.5463835001 0.1406668872 -0.825637877
v 2.773612976 -3.324735165 -5.845485687
vn -0.2190251946 0.2618971169 -0.9399137497
v -4.125887394 1.08657074 -5.816018581
vn 0.5105973482 -0.1395842135 -0.8484141827
v 2.727981329 -3.446714401 -5.86353159
vn -0.1079940349 0.1386843622 -0.9844307899
v -4.010069847 1.280156016 -5.776026249
vn 0.6299077868 -0.2017615885 -0.7500056028
v 2.295803308 -3.787852049 -5.866570473
vn -0.004453648813 0.0003112699196 -0.999990046
v -4.201535225 0.5439727902 -5.796022415
vn 0.5811668038 -0.07040414214 -0.8107332587
v 1.791920185 -4.02175808 -5.864291191
vn -0.006357465405 0.02246812545 -0.9997273684
v -4.046815395 1.065747261 -5.751374722
vn 0.7209373713 -0.1807779223 -0.6690057516
v 1.210105062 -4.157215118 -5.845485687
vn -0.08454433084 0.3176005483 -0.9444480538
v -4.260908604 -0.2196374387 -5.816018581
vn 0.504573524 0.01432192884 -0.8632499576
v 1.009960651 -4.279545784 -5.86353159
vn -0.03432463855 0.1534588784 -0.9875587225
v -4.203868866 -0.216697216 -5.776026249
vn 0.6119801402 0.02504905686 -0.7904763222
v 0.5559328198 -4.293917656 -5.845485687
vn -0.04806091264 0.3309772611 -0.9424140453
v -3.874009848 1.460446835 -5.698165894
vn 0.8019875288 -0.2881021798 -0.5232716203
v 0.3341505527 -4.316843033 -5.845485687
vn -0.02539567277 0.3409591019 -0.939735055
v -4.081508636 0.7440484166 -5.712445259
vn 0.8403896689 -0.1496595293 -0.5209100246
v 0.2262832075 -4.389819622 -5.86353159
vn -0.009690442123 0.1775895357 -0.9840569496
v -4.127305031 0.212750569 -5.682368279
vn 0.8593254685 -0.03644509241 -0.5101289153
v -0.1132168397 -4.395647526 -5.86353159
vn 0.003278133692 0.1706489772 -0.9853264093
v 4.306808949 0.4451898932 -5.845485687
vn -0.3395400941 -0.02632345259 -0.9402231574
v -0.3393483758 -4.383991241 -5.86353159
vn 0.01719420962 0.1722132564 -0.9849095941
v 4.137394905 0.1070795879 -5.698165894
vn -0.8418797851 -0.006925741211 -0.5396206379
v -0.6764485836 -4.343286037 -5.86353159
vn 0.03078084625 0.1695610285 -0.9850388765
v 4.274830818 0.7785758376 -5.849996567
vn -0.3335025609 -0.06366960704 -0.9405967593
v -1.119444609 -4.250712872 -5.86353159
vn 0.04612805322 0.1661033034 -0.985028863
v 4.114691257 0.2121004164 -5.669608593
vn -0.8682354689 -0.0624499768 -0.4922064543
v -1.550574303 -4.113080978 -5.86353159
vn 0.06281873584 0.160548687 -0.985026896
v 4.148396969 0.8668930531 -5.796022415
vn -0.5464879274 -0.1143003851 -0.8296302557
v -1.965266943 -3.931849957 -5.86353159
vn 0.07663071156 0.1514906883 -0.9854837656
v 4.132883072 1.232049584 -5.83811903
vn -0.4029925764 -0.1139055341 -0.9080873132
v -2.359126329 -3.708939791 -5.86353159
vn 0.08844610304 0.1382343769 -0.9864423871
v 4.076849937 0.474727124 -5.638012886
vn -0.8917735815 -0.0806209892 -0.4452416599
v -2.773612261 -3.324735165 -5.845485687
vn 0.2192250192 0.2627850175 -0.9396193027
v 4.070654869 1.072025299 -5.776026249
vn -0.5898191333 -0.1582882553 -0.7918700576
v -2.986836433 -3.226971388 -5.86353159
vn 0.1033925489 0.1110806763 -0.9884184599
v 4.029140949 1.760838032 -5.86353159
vn -0.1592690051 -0.06710056961 -0.9849522114
v -3.252219439 -2.858298063 -5.845485687
vn 0.2670708001 0.2382251918 -0.9337676167
v 3.987822056 1.387560964 -5.786024094
vn -0.5497291088 -0.1985522509 -0.8114030361
v -3.395048141 -2.687088251 -5.845485687
vn 0.2745135128 0.2172340602 -0.9367238879
v 3.963102341 1.265162349 -5.726723671
vn -0.7733817101 -0.2647754848 -0.5759988427
v -3.529732227 -2.507544041 -5.845485687
vn 0.2842590511 0.1971682161 -0.9382544756
v 3.857189417 1.685690522 -5.776026249
vn -0.6054736376 -0.2659389079 -0.7501187921
v -3.710731983 -2.228188515 -5.845485687
vn 0.3121246696 0.1827054769 -0.932307303
v 3.710168839 2.359909773 -5.86353159
vn -0.1634169668 -0.1058036014 -0.9808672071
v -3.933154106 -1.965918541 -5.86353159
vn 0.1368018389 0.06680415571 -0.9883432984
v 3.653343201 2.323763847 -5.845485687
vn -0.3017602861 -0.1841711551 -0.9354259372
v -4.051425934 -1.527330756 -5.845485687
vn 0.3365896642 0.1328625977 -0.9322311878
v 3.703634024 1.971616626 -5.763700962
vn -0.6133551598 -0.3149086833 -0.724312067
v -4.124678612 -1.316743016 -5.845485687
vn 0.3551389873 0.1086033359 -0.9284834862
v 3.528873682 2.508752346 -5.845485687
vn -0.3395882845 -0.2316799909 -0.9115943313
v -4.212601662 -0.9941623807 -5.845485687
vn 0.3954272568 0.09454341233 -0.9136185646
v 3.454097271 2.455590725 -5.796022415
vn -0.5031095147 -0.3573074341 -0.7869004011
v -4.278180122 -0.6663087606 -5.845485687
vn 0.4189299345 0.07014289498 -0.9053052664
v 3.696887255 1.705085278 -5.538803577
vn -0.9204148054 -0.390275836 -0.0228331238
v -4.324015617 -0.2228904814 -5.845485687
vn 0.3368623555 0.01523888018 -0.9414305687
v 3.493358612 2.222003222 -5.698165894
vn -0.6699450612 -0.406955421 -0.6209354997
v -4.310382366 0.1388999224 -5.83811903
vn 0.4167625606 -0.01527656522 -0.9088870287
v 3.498111486 2.100514889 -5.572742462
vn -0.8102907538 -0.5012027621 -0.3036851287
v -4.373799801 0.4521147609 -5.86353159
vn 0.1486352831 -0.01357094944 -0.9887989759
v 3.281382561 2.597125769 -5.751374722
vn -0.558519423 -0.4528264701 -0.6949850321
v -4.344725609 0.6766729951 -5.86353159
vn 0.19327645 -0.03070696443 -0.9806637168
v 3.07723093 2.922834396 -5.801021576
vn -0.4356882274 -0.405477643 -0.803594172
v -4.304130554 0.8994370103 -5.86353159
vn 0.1658119261 -0.03587698191 -0.9855045676
v 2.901796341 3.301711321 -5.86353159
vn -0.1369718611 -0.1493199766 -0.9792559743
v -4.155837536 1.209703565 -5.845485687
vn 0.3102115095 -0.09084164351 -0.9463173747
v 2.773612976 3.324735165 -5.845485687
vn -0.1775935739 -0.2263367474 -0.9577224255
v -4.051425934 1.527330756 -5.845485687
vn 0.3157555163 -0.1180320606 -0.941470623
v 3.261100769 2.48048234 -5.62616396
vn -0.7150613666 -0.5724317431 -0.4012594819
v -3.768123865 2.132613182 -5.845485687
vn 0.3034078181 -0.1703148186 -0.9375161529
v 2.598781347 3.463109255 -5.845485687
vn -0.1893217415 -0.2252162993 -0.9557378888
v -3.584761143 2.546373129 -5.86353159
vn 0.1497791857 -0.1158622503 -0.9819073677
v 0.8853658438 4.236801624 -5.845485687
vn -0.06619016826 -0.3298681974 -0.9417036772
v -3.225899935 2.985846043 -5.86353159
vn 0.1286161095 -0.1178134456 -0.9846714735
v 1.071669817 4.069304943 -5.776026249
vn -0.1647877395 -0.616579473 -0.7698537111
v -2.727980852 3.446714401 -5.86353159
vn 0.1044639498 -0.1361120492 -0.985170424
v 1.059119344 4.021643639 -5.726723671
vn -0.1983933747 -0.7512606382 -0.6294819713
v -2.507921457 3.527704239 -5.845485687
vn 0.1997951716 -0.288226366 -0.9364867806
v 0.5478201509 4.231248856 -5.816018581
vn -0.07732086629 -0.5254275799 -0.8473176956
v -2.381783485 3.539870501 -5.816018581
vn 0.2887821496 -0.445708245 -0.8473187089
v 0.2262832075 4.389819622 -5.86353159
vn -0.008103947155 -0.1640639603 -0.9864163995
v -2.166993856 3.608822584 -5.776026249
vn 0.3262086809 -0.5536991358 -0.7661626339
v 0.7458353639 4.092743874 -5.726723671
vn -0.1470171809 -0.7572984099 -0.636305809
v -1.859358788 3.719963551 -5.726723671
vn 0.3493677676 -0.6978319883 -0.6252781153
v 0.329274565 4.253839493 -5.816018581
vn -0.03994435072 -0.497740835 -0.8664054871
v -1.734101892 3.704944849 -5.606417179
vn 0.3970030546 -0.863945663 -0.3098167777
v 0.9395801425 3.981320143 -5.606417179
vn -0.2160271704 -0.9144640565 -0.3421809375
v -0.9354370236 3.9637568 -5.539067745
vn 0.2391320169 -0.955570817 -0.1723377407
v 0.5341570377 4.125711918 -5.726723671
vn -0.0987418294 -0.75944978 -0.6430288553
v -0.5229202509 4.038930893 -5.539067745
vn 0.1326288432 -0.9763243794 -0.1708808243
v 0.1098551974 4.26515007 -5.816018581
vn -0.01345511246 -0.4994649291 -0.8662295938
v -0.1048629284 4.071291447 -5.539067745
vn 0.0298992414 -0.984931469 -0.1703407913
v -0.2262826115 4.389819622 -5.86353159
vn 0.007765282877 -0.1692548841 -0.9855417013
v 0.3143069446 4.0604949 -5.539067745
vn -0.07316686958 -0.9826339483 -0.1705203354
v 0.5290201306 4.08605051 -5.669608593
vn -0.111490652 -0.8586935997 -0.5002150536
v 0.7301465869 4.00665617 -5.539067745
vn -0.1754031032 -0.9694573879 -0.1714239717
v 0.1083857566 4.208054066 -5.776026249
vn -0.01704889536 -0.6422787905 -0.7662814856
v 1.138245106 3.91034627 -5.539067745
vn -0.2695245445 -0.9438632131 -0.190994069
v -0.3341499567 4.316843033 -5.845485687
vn 0.03048091009 -0.3402868509 -0.9398275018
v 1.143288493 3.927673101 -5.606417179
vn -0.2628162205 -0.9021311402 -0.3421798646
v 0.3179743886 4.107866287 -5.669608593
vn -0.06713911891 -0.8632951975 -0.5002136827
v 1.151524305 3.955965519 -5.669608593
vn -0.2508159876 -0.844858408 -0.4725522697
v -0.1083851606 4.208054066 -5.776026249
vn 0.01959142834 -0.643196702 -0.7654502988
v 1.366783857 3.929214239 -5.726723671
vn -0.2472459674 -0.7295261621 -0.6376997828
v 0.315700084 4.078487396 -5.606417179
vn -0.07272639871 -0.9368158579 -0.3421797156
v 1.192444682 4.096541405 -5.816018581
vn -0.131990239 -0.4797191322 -0.8674376607
v -0.1071150899 4.1587677 -5.726723671
vn 0.01930623874 -0.7655996084 -0.6430276632
v 1.210105062 4.157215118 -5.845485687
vn -0.09247428924 -0.3256156147 -0.9409691691
v -0.438546747 4.242544174 -5.816018581
vn 0.05024271831 -0.5048069358 -0.8617689013
v 1.656512499 4.073143959 -5.86353159
vn -0.08154525608 -0.1945328265 -0.9775005579
v 0.1053262725 4.08933115 -5.606417179
vn -0.02440373786 -0.939317584 -0.3421796858
v 2.16506958 3.82546711 -5.86353159
vn -0.1040392146 -0.1897513419 -0.9763044119
v -0.3210603595 4.14773941 -5.726723671
vn 0.05869284645 -0.7635899186 -0.6430284381
v 2.638259411 3.247056961 -5.751374722
vn -0.4442142248 -0.5363580585 -0.7176306248
v -0.7649129033 4.197437763 -5.816018581
vn 0.08500386775 -0.4947403669 -0.8648735881
v 2.933782101 2.933952093 -5.712445259
vn -0.5682476163 -0.5528039336 -0.6095100641
v -1.119444609 4.250712872 -5.86353159
vn 0.0451855287 -0.1774854064 -0.9830855727
v 4.036828041 0.5551096201 -5.553602695
vn -0.9835618138 -0.1796834767 -0.01788903587
v -0.3179737926 4.107866287 -5.669608593
vn 0.06651409715 -0.863343358 -0.5002140403
v 4.134662628 -0.2131297886 -5.698165894
vn -0.8433945179 0.03287422657 -0.5362882018
v -0.9799780846 4.152495384 -5.816018581
vn 0.1180965975 -0.4570752084 -0.881552875
v 10.51685715 1.469775558 -5.037976265
vn 0.8930267096 0.1239499822 0.4325964451
v -0.5290219784 4.08605051 -5.669608593
vn 0.1108700037 -0.858774066 -0.5002148747
v 10.38955975 2.19580698 -5.037976265
vn 0.8805770278 0.1886629015 0.4347302914
v -0.860766232 4.119077682 -5.776026249
vn 0.1337405592 -0.6287888288 -0.7659882903
v 10.21220207 2.911258698 -5.037976265
vn 0.8709826469 0.2489729524 0.4235583842
v -1.550574303 4.113080978 -5.86353159
vn 0.05861238018 -0.1626482457 -0.984941721
v 9.985641479 3.612682819 -5.037976265
vn 0.8464055061 0.2990781963 0.4406245351
v -0.7386648059 4.053399563 -5.669608593
vn 0.1549311578 -0.8519294262 -0.5002124906
v 9.710967064 4.296700478 -5.037976265
vn 0.8212621212 0.3630615473 0.4401304424
v -1.176479578 4.041702271 -5.776026249
vn 0.1772156954 -0.6505279541 -0.7385174036
v 9.389502525 4.960015297 -5.037976265
vn 0.7956237793 0.4231425226 0.4335126281
v -1.631139994 4.010757446 -5.845485687
vn 0.1257334054 -0.3160692751 -0.9403676391
v 9.022797585 5.599431992 -5.037976265
vn 0.7695487738 0.4783373773 0.4230698049
v -0.7333826423 4.024410248 -5.606417179
vn 0.1682510972 -0.9244480729 -0.3421802521
v 8.612618446 6.211868763 -5.037976265
vn 0.730617106 0.5239158273 0.4378479719
v -1.162700772 3.9943645 -5.726723671
vn 0.2136456072 -0.7354412675 -0.6430253983
v 8.160942078 6.794375896 -5.037976265
vn 0.6919656396 0.5762277246 0.434908241
v -1.607333541 3.952221155 -5.816018581
vn 0.1866900325 -0.4682455361 -0.863650918
v 7.669944286 7.344145775 -5.037976265
vn 0.6487417221 0.6236519217 0.4361106157
v -0.9395819902 3.981320143 -5.606417179
vn 0.2156187296 -0.9145605564 -0.3421805203
v 7.141990185 7.858530045 -5.037976265
vn 0.592361033 0.6741436124 0.4411788881
v -1.366785765 3.929214239 -5.726723671
vn 0.2512222826 -0.7234659195 -0.643027544
v 6.57962513 8.335049629 -5.037976265
vn 0.5608167052 0.7114871144 0.4234037697
v -1.808656931 3.864237309 -5.816018581
vn 0.2221728712 -0.4651723802 -0.8568861485
v 5.985557079 8.771409035 -5.037976265
vn 0.507106185 0.7443246245 0.4345390797
v -1.143287897 3.927673101 -5.606417179
vn 0.2556127608 -0.8989652395 -0.3557015061
v 5.362650394 9.165506363 -5.037976265
vn 0.4525887072 0.7772615552 0.4370674193
v -1.567242742 3.853643656 -5.726723671
vn 0.2951997519 -0.7023135424 -0.6477752924
v 4.713903427 9.515441895 -5.037976265
vn 0.3964507282 0.8094837666 0.4330852926
v -2.228927135 3.711963654 -5.845485687
vn 0.1761732996 -0.293392688 -0.9396188855
v 4.042444706 9.819529533 -5.037976265
vn 0.3459686935 0.8317825198 0.4341008365
v -1.241105437 3.886978149 -5.572742462
vn 0.3051429689 -0.9140943885 -0.267056495
v 3.351509571 10.07630444 -5.037976265
vn 0.2850849628 0.8526074886 0.4379349351
v -2.100790262 3.711897135 -5.816018581
vn 0.2460838854 -0.4340655208 -0.8666197658
v 2.644425154 10.28452873 -5.037976265
vn 0.2240387797 0.8728401065 0.433539778
v 4.118208408 -0.4256944358 -5.698165894
vn -0.86339885 0.105555594 -0.4933562577
v 1.924598217 10.44320011 -5.037976265
vn 0.1586613357 0.8861148953 0.435461849
v 3.986527205 -0.8330672383 -5.539067745
vn -0.9617963433 0.1830285192 -0.2035886645
v 1.195499182 10.55155468 -5.037976265
vn 0.104988344 0.8934025168 0.4368173778
v 4.018613815 -0.8397724032 -5.638012886
vn -0.8677800894 0.1829740107 -0.4620370567
v 0.4606406689 10.60906792 -5.037976265
vn 0.04048333317 0.898976922 0.4361211061
v 3.955809355 -1.041779995 -5.606417179
vn -0.895673871 0.2417060286 -0.3732914329
v -0.2764380574 10.61546516 -5.037976265
vn -0.0247500632 0.8994649649 0.4362914264
v 4.175590515 -0.5672587156 -5.779279232
vn -0.6168087721 0.08085677028 -0.7829489708
v -1.012185216 10.570714 -5.037976265
vn -0.08598085493 0.8966483474 0.4343144
v 3.910968065 -1.248519421 -5.638012886
vn -0.8559446335 0.2601312995 -0.4468674362
v -1.743056297 10.47502995 -5.037976265
vn -0.1472222656 0.8862353563 0.4392180741
v 3.87400794 -1.460446835 -5.698165894
vn -0.8169347644 0.31273368 -0.4845773876
v -2.465526819 10.3288765 -5.037976265
vn -0.2048345804 0.8736080527 0.4414201081
v 4.064481735 -1.297525525 -5.816018581
vn -0.4905703366 0.1525815427 -0.8579391837
v -3.176118612 10.13295555 -5.037976265
vn -0.2736950815 0.8549861312 0.4405561686
v 3.962720871 -1.378775716 -5.763700962
vn -0.6770774126 0.2297904491 -0.6991155744
v -3.871408224 9.88821125 -5.037976265
vn -0.3306335807 0.8361659646 0.4376161993
v 3.685424805 -1.842095494 -5.669608593
vn -0.7338191867 0.3268865347 -0.595528841
v -4.548042774 9.595822334 -5.037976265
vn -0.3886604011 0.8185082078 0.4230690598
v 2.508323431 -3.205396652 -5.521703243
vn -0.619792819 0.7847200632 -0.008443606086
v -5.202766418 9.257200241 -5.037976265
vn -0.4364133477 0.7896808386 0.4312163293
v 1.914046288 -3.594834328 -5.539067745
vn -0.4649178088 0.8624538183 -0.2000619769
v -5.832418442 8.873973846 -5.037976265
vn -0.4946393669 0.751188457 0.4370901287
v 1.534278035 -3.772585392 -5.539067745
vn -0.3713312149 0.9123711586 -0.1723135412
v -6.433971405 8.447990417 -5.037976265
vn -0.5500639081 0.7196975946 0.4236331284
v 1.850884914 -3.701853037 -5.698165894
vn -0.3831907511 0.7816914916 -0.4920601845
v -7.004520893 7.981302261 -5.037976265
vn -0.6017358899 0.6821894646 0.4153690636
v 1.338034987 -3.846565962 -5.539067745
vn -0.3272263706 0.9254525304 -0.1909463406
v -7.541324615 7.476159573 -5.037976265
vn -0.6360435486 0.6280598044 0.448318541
v 2.207368374 -3.546979904 -5.748293877
vn -0.3659360409 0.5983855128 -0.7127591372
v -8.041789055 6.934993744 -5.037976265
vn -0.680404067 0.5816981792 0.4457325935
v 1.552177191 -3.816597939 -5.669608593
vn -0.3292262852 0.798794508 -0.5035249591
v -8.503508568 6.360414028 -5.037976265
vn -0.7200068831 0.5346362591 0.4424411356
v 1.138245106 -3.91034627 -5.539067745
vn -0.2835471332 0.9432167411 -0.1730408967
v -8.924253464 5.755187988 -5.037976265
vn -0.7633250356 0.4924402237 0.4181358218
v 1.784447432 -3.812508106 -5.776026249
vn -0.266733706 0.5482949615 -0.7926069498
v -9.30200386 5.122232437 -5.037976265
vn -0.7883203626 0.436296016 0.4338165522
v 1.353645086 -3.891441584 -5.669608593
vn -0.2841893137 0.8179375529 -0.5002145767
v -9.634931564 4.464596748 -5.037976265
vn -0.8174569011 0.370472461 0.4410378337
v 0.9354351759 -3.9637568 -5.539067745
vn -0.2338559926 0.9569118023 -0.1721372306
v -9.921435356 3.785449266 -5.037976265
vn -0.8456142545 0.3054290414 0.4377780855
v 1.366783857 -3.929214239 -5.726723671
vn -0.2512222826 0.7234659195 -0.643027544
v -10.16013718 3.088063002 -5.037976265
vn -0.8665628433 0.2630972266 0.4240857065
v 0.9395801425 -3.981320143 -5.606417179
vn -0.2156182081 0.9145601392 -0.3421820104
v -10.34988499 2.375797272 -5.037976265
vn -0.8770360947 0.2013217211 0.4362077713
v 1.707997084 -3.908229351 -5.816018581
vn -0.2004152685 0.4806386828 -0.8537096381
v -10.48976231 1.652084827 -5.037976265
vn -0.8911873102 0.1395591944 0.4316345751
v 1.162701368 -3.9943645 -5.726723671
vn -0.2136461437 0.7354401946 -0.6430264711
v -10.57910061 0.9204119444 -5.037976265
vn -0.8990702033 0.0741891712 0.4314727485
v 0.7333807945 -4.024410248 -5.606417179
vn -0.1682516783 0.9244475365 -0.3421813548
v -10.61746407 0.1843044162 -5.037976265
vn -0.906312108 0.01509265322 0.42233935
v 1.401747704 -4.029724121 -5.816018581
vn -0.167186439 0.4655342996 -0.8690952063
v -10.60466957 -0.5526911616 -5.037976265
vn -0.8931447268 -0.0420630835 0.4477981329
v 0.9555347562 -4.048922539 -5.726723671
vn -0.1755034626 0.7454634309 -0.6430262923
v -10.54078197 -1.287023664 -5.037976265
vn -0.8929740191 -0.1091144904 0.4366822541
v 0.5252370238 -4.056827545 -5.606417179
vn -0.1204385683 0.931884408 -0.3421783745
v -10.42610359 -2.015155077 -5.037976265
vn -0.8829267025 -0.1728193909 0.4365476966
v 1.192444682 -4.096541405 -5.816018581
vn -0.1390766352 0.4798974395 -0.8662310243
v -10.26119137 -2.733577013 -5.037976265
vn -0.8652607799 -0.2363758832 0.4420975745
v 0.7458353639 -4.092743874 -5.726723671
vn -0.1368951648 0.753508091 -0.6430281997
v -10.04683781 -3.438827753 -5.037976265
vn -0.8532834649 -0.2920623422 0.4319802523
v 0.315700084 -4.078487396 -5.606417179
vn -0.07230724394 0.9368486404 -0.3421786726
v -9.784078598 -4.127509594 -5.037976265
vn -0.8333349228 -0.3485678136 0.4290144742
v 0.9799786806 -4.152495384 -5.816018581
vn -0.1133180186 0.4863128364 -0.8664057255
v -9.4741745 -4.796304226 -5.037976265
vn -0.8063936234 -0.4124321342 0.4238266647
v 0.5341570377 -4.125711918 -5.726723671
vn -0.09792370349 0.7595558763 -0.6430286169
v -9.118620872 -5.441988945 -5.037976265
vn -0.7806107998 -0.4562803507 0.4271475971
v 0.1053262725 -4.08933115 -5.606417179
vn -0.0239830371 0.9393290281 -0.3421780169
v -8.719135284 -6.061452866 -5.037976265
vn -0.7361659408 -0.5078670382 0.4473597407
v 0.7649134994 -4.197437763 -5.816018581
vn -0.08613137156 0.5240561366 -0.8473172784
v -8.277635574 -6.651710987 -5.037976265
vn -0.6992276907 -0.5615720749 0.4423996806
v 0.3210609555 -4.14773941 -5.726723671
vn -0.05869285762 0.7635902762 -0.6430280209
v -7.796254158 -7.20991993 -5.037976265
vn -0.6621530056 -0.6063758135 0.4402973354
v -0.1053256691 -4.08933115 -5.606417179
vn 0.02440364286 0.939317584 -0.3421796858
v -7.27730751 -7.733389854 -5.037976265
vn -0.6212100983 -0.6601954699 0.4221847057
v 0.3248662353 -4.196895123 -5.776026249
vn -0.04759726673 0.6624088883 -0.7476289272
v -6.723296165 -8.21959877 -5.037976265
vn -0.5712187886 -0.6952936053 0.4362062514
v -0.1060862392 -4.118788719 -5.669608593
vn 0.02260820009 0.8656066656 -0.5002138615
v -6.136892796 -8.666202545 -5.037976265
vn -0.5189523101 -0.7355244756 0.4355366826
v -0.5229202509 -4.038930893 -5.539067745
vn 0.1244630739 0.9773987532 -0.1708820462
v -5.520918846 -9.071051598 -5.037976265
vn -0.4700964391 -0.7741811275 0.4238547981
v 0.1083857566 -4.208054066 -5.776026249
vn -0.01849868894 0.6500850916 -0.7596361637
v -4.878344536 -9.432193756 -5.037976265
vn -0.4120824039 -0.8014007211 0.4335261583
v -0.3179737926 -4.107866287 -5.669608593
vn 0.06713926792 0.8632953763 -0.5002133846
v -4.212264538 -9.747889519 -5.037976265
vn -0.3613010943 -0.8231465816 0.4380538762
v -0.7301459312 -4.00665617 -5.539067745
vn 0.1804037988 0.9692214131 -0.1675239652
v -3.525887489 -10.01661777 -5.037976265
vn -0.3011874557 -0.8488980532 0.434348017
v -0.1083851606 -4.208054066 -5.776026249
vn 0.0207644701 0.6637916565 -0.7476292253
v -2.822524786 -10.23708344 -5.037976265
vn -0.2381310314 -0.8675982356 0.4365397394
v -0.3210603595 -4.14773941 -5.726723671
vn 0.05951562524 0.7635263205 -0.6430283785
v -2.105560303 -10.40822411 -5.037976265
vn -0.1705110967 -0.8828038573 0.437702328
v -0.5290219784 -4.08605051 -5.669608593
vn 0.1114904881 0.8586941361 -0.5002142191
v -1.378452659 -10.52921581 -5.037976265
vn -0.1167218462 -0.8981997967 0.4238078892
v -0.7333826423 -4.024410248 -5.606417179
vn 0.1721485704 0.9288028479 -0.3281617463
v -0.6447017789 -10.59947491 -5.037976265
vn -0.05718460679 -0.8960453272 0.4402644038
v -1.13824451 -3.91034627 -5.539067745
vn 0.2762821317 0.9327314496 -0.2316898704
v 0.09215544909 -10.61866379 -5.037976265
vn 0.009480539709 -0.8998392224 0.4361186028
v -1.534277439 -3.772585392 -5.539067745
vn 0.3636913896 0.9154444933 -0.1723078489
v 0.828569591 -10.586689 -5.037976265
vn 0.07322326303 -0.8982722163 0.4332959354
v -1.914045691 -3.594834328 -5.539067745
vn 0.4594359398 0.872397244 -0.1668582261
v 1.560988903 -10.50370502 -5.037976265
vn 0.1338403076 -0.8961589932 0.4230671823
v -2.655136347 -3.081930637 -5.504338264
vn 0.6506589055 0.7592921257 -0.01088503841
v 2.285888672 -10.37011337 -5.037976265
vn 0.1906924397 -0.8794248104 0.4361747503
v -2.872603893 -3.024736404 -5.739048958
vn 0.5099839568 0.5299057364 -0.6775811911
v 2.999773979 -10.18655396 -5.037976265
vn 0.2532895803 -0.8622564077 0.4385866225
v -2.815647602 -3.20369029 -5.816018581
vn 0.3658687174 0.4120040536 -0.8345015049
v 3.699205875 -9.953913689 -5.037976265
vn 0.3173793852 -0.8436177969 0.4331043065
v -3.137078762 -2.757948399 -5.744235516
vn 0.5923737288 0.5161830783 -0.618585825
v 4.380812645 -9.673313141 -5.037976265
vn 0.3748783171 -0.8269765973 0.4190177917
v -3.300713539 -2.612424374 -5.776026249
vn 0.4722562432 0.3735058904 -0.7984155416
v 5.041313171 -9.346104622 -5.037976265
vn 0.4204598665 -0.7959052324 0.4356012046
v -3.572887421 -2.022117376 -5.638012886
vn 0.7830738425 0.439882189 -0.439657867
v 5.677523136 -8.973864555 -5.037976265
vn 0.4800074995 -0.7563748956 0.444398284
v -3.460747242 -2.328372002 -5.739048958
vn 0.6018021703 0.4206788242 -0.6788692474
v 6.286377907 -8.558385849 -5.037976265
vn 0.5347102284 -0.723536849 0.4365540445
v -3.527012348 -2.372819662 -5.80602026
vn 0.4519164562 0.2994589508 -0.8402950764
v 6.864943027 -8.101670265 -5.037976265
vn 0.5862647295 -0.6908740401 0.423068285
v -3.827858925 -1.527847767 -5.668089867
vn 0.815901041 0.3257673681 -0.4776830375
v 7.410431862 -7.605919838 -5.037976265
vn 0.6257517934 -0.6459789276 0.4372023046
v -3.765298128 -1.882018805 -5.776026249
vn 0.5811424255 0.2902087271 -0.7602975965
v 7.920214653 -7.073522091 -5.037976265
vn 0.6709945798 -0.5993323326 0.4365397692
v -3.816386461 -1.907554507 -5.816018581
vn 0.450620085 0.2264721692 -0.8635113835
v 8.391836166 -6.507042408 -5.037976265
vn 0.7148054838 -0.5456026196 0.4374595582
v -3.925004482 -1.25300014 -5.669608593
vn 0.8405779004 0.2816867828 -0.4626892507
v 8.823023796 -5.909210682 -5.037976265
vn 0.7508360147 -0.4900289774 0.442850858
v -3.98658824 -1.272659183 -5.751374722
vn 0.6856037974 0.198598668 -0.700361371
v 9.211699486 -5.282906055 -5.037976265
vn 0.7862327695 -0.4501541257 0.4233193398
v -4.015027046 -1.396245718 -5.80602026
vn 0.5543925762 0.1974143237 -0.8085026145
v 9.555992126 -4.631147861 -5.037976265
vn 0.813533783 -0.3883513212 0.4328348637
v -4.085562706 -0.0004218663671 -5.579858303
vn 0.9984359145 -0.01750395633 -0.05309778824
v 9.854240417 -3.957075357 -5.037976265
vn 0.8347600698 -0.3289911449 0.4415206015
v -3.781853437 1.516685843 -5.538540363
vn 0.9207660556 -0.3894780874 -0.02228743397
v 10.10500908 -3.263937235 -5.037976265
vn 0.8559051156 -0.2729901969 0.4392069578
v -4.064480782 1.297525525 -5.816018581
vn 0.4966658652 -0.1616778821 -0.8527504206
v 10.30709076 -2.555072069 -5.037976265
vn 0.8716797829 -0.2256095111 0.4350571632
v -3.647846222 1.972556591 -5.70849514
vn 0.7779204249 -0.4408932626 -0.447719723
v 10.4595108 -1.83389616 -5.037976265
vn 0.891158998 -0.1471837312 0.4291533828
v -3.405189037 2.290860891 -5.638012886
vn 0.7498376369 -0.5405977368 -0.381441474
v 10.56153202 -1.103884101 -5.037976265
vn 0.8959750533 -0.0920632109 0.4344571829
v -3.799949408 1.778918862 -5.763700962
vn 0.6349791288 -0.2901674807 -0.7159639001
v 10.59348106 0.7366625071 -5.037976265
vn 0.9007524252 0.06169034913 0.4299294353
v -3.906039715 1.827774405 -5.83811903
vn 0.37722978 -0.1848186404 -0.9074909091
v 10.61906338 -5.303377759e-24 -5.037976265
vn 0.9073699117 -0.0003399242123 0.420332849
v -3.450670481 2.321274042 -5.726723671
vn 0.6533303261 -0.4332212508 -0.6208693981
v 4.440825939 -0.4788089991 -5.869608402
vn -0.001451137709 -0.004404691979 -0.9999892712
v -3.491625309 2.348700285 -5.776026249
vn 0.4906840622 -0.3332892358 -0.8050760627
v 4.363910198 -0.9520998597 -5.869608402
vn -0.0009602183709 0.005101448391 -0.9999865294
v -2.778695107 3.002095699 -5.606417179
vn 0.6235994697 -0.7306012511 -0.2781105042
v 4.146007061 -1.481463075 -5.864291191
vn -0.006311500911 0.0001289712091 -0.999980092
v -3.345498323 2.647870541 -5.816018581
vn 0.435112536 -0.330033958 -0.8377079964
v 3.709642172 -2.487719297 -5.869608402
vn -0.001246234169 -0.01072246581 -0.9999417067
v -2.874683857 2.949679375 -5.669608593
vn 0.6152374148 -0.6202316284 -0.4866165519
v 2.634124279 -3.605164051 -5.869608402
vn -0.000736605667 -0.002760768868 -0.9999959469
v -3.014605522 2.937960625 -5.776026249
vn 0.4566038251 -0.4500834048 -0.7674228549
v 1.457901597 -4.185173512 -5.866570473
vn -0.005141534377 0.01456886809 -0.9998806715
v -2.278565645 3.386463165 -5.572742462
vn 0.5183560252 -0.7940458059 -0.3174875379
v 1.010600686 -4.350733757 -5.869608402
vn -0.001011776272 0.004703004844 -0.9999884367
v -3.055508852 2.977823734 -5.816018581
vn 0.3544079661 -0.3438374996 -0.8695808053
v 0.4189966321 -4.445251465 -5.869608402
vn -0.0009280328522 0.009491457604 -0.9999545217
v -2.796803474 3.182247162 -5.796022415
vn 0.3779758811 -0.4354735911 -0.8170048594
v -0.1798512191 -4.462942123 -5.869608402
vn 4.936129699e-05 0.0008958436665 -0.9999995828
v -3.020926476 3.099736691 -5.845485687
vn 0.2558045089 -0.2567813098 -0.9320018291
v -1.01023829 -4.349165916 -5.869608402
vn 0.00014655001 0.0006859497516 -0.9999997616
v -1.973719239 3.594483852 -5.630114079
vn 0.4465034008 -0.8004327416 -0.3999277353
v -1.694810867 -4.130792141 -5.869608402
vn 0.000277823623 0.0006440522266 -0.9999997616
v 1.534278035 3.772585392 -5.539067745
vn -0.3684668243 -0.913654983 -0.1716587394
v 8.910121918 5.14426136 -5.86353159
vn 0.1504087448 0.08756599575 -0.9847382307
v 8.982851028 4.872130394 -5.869608402
vn 0.0009792604251 0.0005349866115 -0.999999404
v -10.34988499 -2.375797272 -5.469608307
vn -0.9748607278 -0.2192197442 -0.03986498341
v -6.591816902 -7.808791161 -5.869608402
vn -0.001005950384 -0.001180130523 -0.9999988079
v -10.12684536 -3.183827877 -5.504338264
vn -0.9534226656 -0.2983067632 -0.0447018221
v -6.884366035 -7.645862579 -5.86353159
vn -0.118232511 -0.1283972859 -0.9846497774
v -9.634931564 -4.464596748 -5.469608307
vn -0.9111762643 -0.4105610251 -0.03460492566
v -6.864803314 -7.569923878 -5.869608402
vn -0.003817740828 0.002128100023 -0.9999904633
v -9.164820671 -5.34895277 -5.512492657
vn -0.8679014444 -0.4908799529 -0.07605262846
v -7.138074875 -7.36123085 -5.866570473
vn -0.002750828862 -0.002867919859 -0.9999921322
v -8.578058243 -6.25510931 -5.486973286
vn -0.8115998507 -0.5825278163 -0.04435135797
v -7.400945187 -7.147008419 -5.86353159
vn -0.1271845847 -0.128317371 -0.983543992
v -7.886985302 -7.101474762 -5.539067745
vn -0.7480524182 -0.651009798 -0.1288556755
v -7.384495735 -7.063885689 -5.869608402
vn 0.00169634528 -0.003896420822 -0.9999909997
v -7.541324615 -7.476159573 -5.469608307
vn -0.7088014483 -0.7052410841 -0.01534702163
v -7.645861626 -6.884366035 -5.86353159
vn -0.1312622875 -0.1156840622 -0.9845747352
v -7.004520893 -7.981302261 -5.469608307
vn -0.6659580469 -0.7458429337 -0.01476917416
v -7.630547047 -6.797354221 -5.869608402
vn -0.001893285778 -0.001527821645 -0.9999970198
v -6.248981476 -8.581014633 -5.495655537
vn -0.6001479626 -0.7978538871 -0.05702265725
v -7.907262325 -6.634981155 -5.8545084
vn -0.2224332392 -0.1901059002 -0.9562338591
v -5.306493759 -9.191116333 -5.539067745
vn -0.4821251333 -0.8467276096 -0.2249615192
v -7.866981983 -6.522257805 -5.869608402
vn -0.001336180721 -0.001184604014 -0.9999983907
v -4.930419922 -9.401453018 -5.504338264
vn -0.4659412503 -0.8833041787 -0.05169611052
v -8.107465744 -6.334247112 -5.86353159
vn -0.1612014174 -0.1281366199 -0.9785678983
v -4.548042774 -9.595822334 -5.469608307
vn -0.4351862669 -0.9001247883 -0.01970489696
v -8.093504906 -6.238944054 -5.869608402
vn -0.001231512986 -0.0009422275471 -0.9999988079
v -3.97569418 -9.840189934 -5.539067745
vn -0.362023592 -0.9074258208 -0.2133477777
v -8.323589325 -6.047441959 -5.86353159
vn -0.1542989761 -0.1170826331 -0.9810624123
v -3.577871799 -9.994781494 -5.504338264
vn -0.3390498161 -0.9393470287 -0.05169475079
v -8.309832573 -5.947768688 -5.869608402
vn -0.001263808808 -0.0008980376879 -0.9999988079
v -3.176118612 -10.13295555 -5.469608307
vn -0.3074860275 -0.9514651895 -0.01289640181
v -8.529571533 -5.753269196 -5.86353159
vn -0.1468149722 -0.09646290541 -0.9844492078
v -2.822524786 -10.23708344 -5.469608307
vn -0.2702573538 -0.9627220035 -0.0112820873
v -8.515686989 -5.649098873 -5.869608402
vn -0.002054556739 0.001743136905 -0.9999963641
v -2.465526819 -10.3288765 -5.469608307
vn -0.236671567 -0.9715241194 -0.01129124872
v -8.717988014 -5.397698879 -5.866570473
vn -0.006334962789 -0.003841291182 -0.9999725819
v -2.105560303 -10.40822411 -5.469608307
vn -0.202803269 -0.9791542888 -0.01130143646
v -8.939285278 -5.16109848 -5.8545084
vn -0.2509942651 -0.1435960531 -0.9572784901
v -1.743056297 -10.47502995 -5.469608307
vn -0.1686900556 -0.9856042266 -0.01131226122
v -8.894963264 -5.030792236 -5.869608402
vn -0.002238092246 -0.001278888434 -0.9999966621
v -1.378452659 -10.52921581 -5.469608307
vn -0.1341189146 -0.9909226298 -0.009192808531
v -9.076066017 -4.771051407 -5.866570473
vn -0.002979489276 -0.001650022692 -0.9999942183
v -0.7403237224 -10.58713531 -5.539067745
vn -0.07485023141 -0.9807980061 -0.1800909936
v -9.247262001 -4.510191441 -5.86353159
vn -0.1595981717 -0.08213800192 -0.983758986
v -0.3703887761 -10.60652161 -5.539067745
vn -0.0385729 -0.9835223556 -0.1766237617
v -9.229424477 -4.387138367 -5.869608402
vn 0.0003823644365 -0.004085027147 -0.9999915957
v -9.314135241e-07 -10.61298656 -5.539067745
vn -0.004258013796 -0.9842768908 -0.1765809208
v -9.399033546 -4.184719086 -5.86353159
vn -0.1931684762 -0.08416757733 -0.9775488377
v 0.3703869283 -10.60652161 -5.539067745
vn 0.03422376513 -0.9832444787 -0.1790503412
v -9.379312515 -4.056815147 -5.869608402
vn -0.001424377784 -0.0006122760242 -0.9999988079
v 0.7844469547 -10.58691216 -5.504338264
vn 0.07149329036 -0.9964557886 -0.0443235673
v -9.539351463 -3.854148626 -5.86353159
vn -0.1782005429 -0.07628304511 -0.9810328484
v 1.195499182 -10.55155468 -5.469608307
vn 0.1042626575 -0.9944638014 -0.01307771821
v -9.517383575 -3.721380234 -5.869608402
vn -0.0009719610098 -0.0003777436796 -0.9999994636
v 1.560988903 -10.50370502 -5.469608307
vn 0.1424986422 -0.9897291064 -0.01141877845
v -9.668049812 -3.518882275 -5.86353159
vn -0.1633396149 -0.0603536889 -0.9847220778
v 1.924598217 -10.44320011 -5.469608307
vn 0.1779543906 -0.9838692546 -0.01826106943
v -9.643463135 -3.38125658 -5.869608402
vn -0.0009847348556 -0.0003432173689 -0.9999994636
v 2.56751442 -10.29773617 -5.539067745
vn 0.2328415364 -0.9580910206 -0.1668724269
v -9.784967422 -3.17932868 -5.86353159
vn -0.1653619856 -0.05461190641 -0.9847197533
v 2.925334454 -10.20185757 -5.539067745
vn 0.2669813931 -0.9474537373 -0.1762169003
v -9.757390022 -3.036872387 -5.869608402
vn -0.00148074585 -0.0004581601534 -0.9999988079
v 3.279592991 -10.09355068 -5.539067745
vn 0.3034675717 -0.9360470176 -0.1781106293
v -9.889962196 -2.835901499 -5.86353159
vn -0.1704229414 -0.04680461064 -0.9842587709
v 3.664530039 -9.963429451 -5.504338264
vn 0.3422163129 -0.9385751486 -0.04432539269
v -9.859025002 -2.688661814 -5.869608402
vn -0.002534134313 -0.0005739684566 -0.9999966025
v 4.042444706 -9.819529533 -5.469608307
vn 0.3734800816 -0.9275746942 -0.01085237972
v -10.0155859 -2.49716568 -5.8545084
vn -0.252400279 -0.06048342958 -0.9657307267
v 4.65242815 -9.538888931 -5.539067745
vn 0.4287791848 -0.8847429156 -0.1826974005
v -9.948235512 -2.337063789 -5.869608402
vn -0.002264684997 -0.000528967008 -0.9999973178
v 5.011904716 -9.358407974 -5.504338264
vn 0.4689604938 -0.8821062446 -0.04432363808
v -10.096632 -2.146105289 -5.8545084
vn -0.2836761177 -0.06251814961 -0.956880033
v 5.362650394 -9.165506363 -5.469608307
vn 0.4981237948 -0.8670042753 -0.01327805128
v -10.02491188 -1.982520819 -5.869608402
vn -0.002686868189 -0.0006395337405 -0.9999961853
v 5.677523136 -8.973864555 -5.469608307
vn 0.5308681726 -0.8473751545 -0.01159230433
v -10.13221836 -1.786583304 -5.86353159
vn -0.1595932394 -0.03159533069 -0.9866771102
v 5.985557079 -8.771409035 -5.469608307
vn 0.5599649549 -0.8284349442 -0.01160890143
v -10.08895683 -1.625480056 -5.869608402
vn -0.001531121321 -0.0002453018678 -0.9999988079
v 6.286377907 -8.558385849 -5.469608307
vn 0.5883864164 -0.8084962964 -0.01162555534
v -10.18839645 -1.4318856 -5.86353159
vn -0.1723866165 -0.02503124252 -0.9847112894
v 6.57962513 -8.335049629 -5.469608307
vn 0.6160997748 -0.7875820994 -0.01164151356
v -10.14029121 -1.266391039 -5.869608402
vn -0.001104189898 0.0009952726541 -0.9999988675
v 6.864943027 -8.101670265 -5.469608307
vn 0.6430700421 -0.7657186389 -0.0116571309
v -10.23216248 -1.075443506 -5.86353159
vn -0.2194377184 -0.01288692746 -0.9755414128
v 7.141990185 -7.858530045 -5.469608307
vn 0.6701081991 -0.7420448065 -0.01801411621
v -10.20643616 -0.7682462335 -5.868088722
vn -0.006237276364 -0.000449857791 -0.9999804497
v 7.634343147 -7.372400284 -5.539067745
vn 0.7066985369 -0.6873577237 -0.1676797122
v -10.31590843 -0.3602395356 -5.8545084
vn -0.2949337959 -0.01381409355 -0.9554178119
v 7.920214653 -7.073522091 -5.469608307
vn 0.7423323989 -0.6696665883 -0.02212017775
v -10.217453 -0.1813697517 -5.869608402
vn -0.001762607018 -0.001143278787 -0.9999977946
v 8.160942078 -6.794375896 -5.469608307
vn 0.7663881779 -0.6421265006 -0.01796412095
v -10.28852272 1.259980673e-15 -5.86353159
vn -0.1618943214 -0.00334008853 -0.9868024588
v 8.612618446 -6.211868763 -5.469608307
vn 0.8079445362 -0.5888379216 -0.02226098627
v -10.217453 0.1813697517 -5.869608402
vn -0.001549639972 2.735329144e-05 -0.9999988079
v 8.823023796 -5.909210682 -5.469608307
vn 0.8289892673 -0.5591977239 -0.008644043468
v -10.28225613 0.3590643108 -5.86353159
vn -0.1767819673 0.007760762237 -0.9842194319
v 9.211699486 -5.282906055 -5.469608307
vn 0.863474071 -0.5038255453 -0.02392520756
v -10.20458031 0.5438808203 -5.869608402
vn -0.0009049730143 0.006750843488 -0.9999768138
v 9.389502525 -4.960015297 -5.469608307
vn 0.8821341395 -0.4708488882 -0.01186209358
v -10.23448372 0.8541330695 -5.865050793
vn -0.01480437722 0.001398719847 -0.9998894334
v 9.555992126 -4.631147861 -5.469608307
vn 0.8984043002 -0.4388051629 -0.01788214222
v -10.14029121 1.266391039 -5.869608402
vn -0.002319160849 -0.003263682593 -0.999992013
v 9.854240417 -3.957075357 -5.469608307
vn 0.9259166121 -0.3770513535 -0.02259866893
v -10.22174072 1.436572194 -5.8545084
vn -0.2708056569 0.03807836398 -0.9618806243
v 9.985641479 -3.612682819 -5.469608307
vn 0.9388250113 -0.3441874385 -0.01194321923
v -10.08895683 1.625480056 -5.869608402
vn -0.003776322352 0.0006049933727 -0.9999926686
v 10.10500908 -3.263937235 -5.469608307
vn 0.9505036473 -0.3102008402 -0.01784032211
v -10.16538048 1.792430758 -5.8545084
vn -0.3027400076 0.05199037492 -0.9516540766
v 10.29773617 -2.567513943 -5.539067745
vn 0.9550045729 -0.2456504405 -0.1661990583
v -10.02491188 1.982520819 -5.869608402
vn -0.003750973148 0.0007375846617 -0.9999926686
v 10.38106728 -2.20656395 -5.539067745
vn 0.9625620246 -0.2074280232 -0.1744932979
v -10.096632 2.146105289 -5.8545084
vn -0.2714112997 0.04986080155 -0.9611710906
v 10.4595108 -1.83389616 -5.469608307
vn 0.9842261672 -0.17576617 -0.02012782171
v -9.948235512 2.337063789 -5.869608402
vn -0.001727372757 0.0003279630037 -0.9999984503
v 10.61266613 -0.3685532808 -5.469608307
vn 0.9995880127 -0.0267738644 -0.01034484897
v -9.98291111 2.489018917 -5.86353159
vn -0.1567571312 0.03572393954 -0.986990869
v 10.61266613 0.3685532808 -5.469608307
vn 0.9992625713 0.03744911402 -0.008476607502
v -9.859025002 2.688661814 -5.869608402
vn -6.932508404e-05 0.003304154612 -0.9999945164
v 10.26346016 -0.7176910639 -5.86353159
vn 0.1559402347 -0.01060992666 -0.9877095222
v -3.174949408 -7.532959938 0.4521541595
vn -0.3416186869 -0.8147574067 -0.4684731066
v -9.889962196 2.835901499 -5.86353159
vn -0.1676027924 0.0473404564 -0.9847173095
v -3.731958866 -7.272835732 0.4521541595
vn -0.4129373133 -0.7807264924 -0.4689871371
v -9.757390022 3.036872387 -5.869608402
vn 0.0003041719901 0.003903682111 -0.999992311
v -4.129362583 -7.055094242 0.4521541595
vn -0.4366708398 -0.7675874233 -0.4691781104
v -9.784967422 3.17932868 -5.86353159
vn -0.2129132152 0.07705453038 -0.9740279913
v -4.897538662 -6.545413971 0.4521541595
vn -0.5347226262 -0.7036858201 -0.4678653181
v -9.65575695 3.450069427 -5.866570473
vn -0.007190999575 0.002567400225 -0.9999708533
v -5.513785839 -5.922224522 0.2225209326
vn -0.6624755263 -0.7131770849 -0.2291388214
v -9.517383575 3.721380234 -5.869608402
vn -0.002914795419 -0.003862709273 -0.9999883175
v -5.903874397 -5.496701717 4.438407751e-15
vn -0.7463314533 -0.6649342775 0.02918556891
v -9.570573807 3.866763115 -5.8545084
vn -0.2338584363 0.09176214039 -0.9679307342
v -6.101055622 -5.286593914 -0.1119644865
vn -0.7452052832 -0.6572028399 0.1129315645
v -9.379312515 4.056815147 -5.869608402
vn -0.002381039551 0.0009047642816 -0.9999967813
v -7.166771889 -3.913353443 -0.4338837266
vn -0.8075246811 -0.4538915157 0.376678139
v -9.399033546 4.184719086 -5.86353159
vn -0.1473413855 0.06208825484 -0.9871350527
v -7.51684618 -3.212025166 -0.4521541595
vn -0.8101836443 -0.3572613895 0.4647222459
v -9.229424477 4.387138367 -5.869608402
vn -0.001402022433 0.0006622378714 -0.9999988079
v -8.03585434 -1.449827671 -0.4338837266
vn -0.9120150805 -0.1723120809 0.372205615
v -9.247262001 4.510191441 -5.86353159
vn -0.1567470729 0.07573056966 -0.9847310185
v -7.942531586 -1.579726458 -0.2494604588
vn -0.9552480578 -0.2200044394 0.1977350861
v -9.067907333 4.711933613 -5.869608402
vn -0.000926564855 0.0004783618497 -0.9999994636
v -8.045461655 -1.448759794 0.4521541595
vn -0.8730295897 -0.134062022 -0.4688781202
v -9.084225655 4.830168724 -5.86353159
vn -0.1570243537 0.08604243398 -0.9838394523
v -8.169751167 -0.4848326743 0.4704245329
vn -0.8810818195 -0.0475765653 -0.4705648422
v -8.894963264 5.030792236 -5.869608402
vn -0.002453951864 0.001503607491 -0.9999958873
v -8.158409119 0.2926615179 0.4285367727
vn -0.8858789206 0.0417111516 -0.4620375633
v -8.939285278 5.16109848 -5.8545084
vn -0.2497603297 0.1506302655 -0.9565199018
v -7.277900696 3.522053003 -0.1878840327
vn -0.8973996043 0.427282989 0.11001461
v -8.71081543 5.343311787 -5.869608402
vn 0.0008925319416 0.006331546232 -0.9999795556
v -5.899707317 5.650743484 -0.4430189431
vn -0.6399968266 0.611209631 0.465646714
v -8.75371933 5.469930649 -5.8545084
vn -0.2454966605 0.1457673311 -0.9583753347
v -5.133456707 6.348266602 -0.4262529314
vn -0.5540391207 0.6891373396 0.4670443237
v -8.522628784 5.701184273 -5.866570473
vn -0.004651269875 -0.0002620875603 -0.999989152
v -4.84913826 6.477688789 -0.2225209326
vn -0.5891273618 0.7827564478 0.2005522996
v -8.309832573 5.947768688 -5.869608402
vn -0.003372151405 -0.002958297264 -0.9999899268
v -5.07135582 6.293170929 0.1672427058
vn -0.6264100075 0.7600964308 -0.172811836
v -8.323589325 6.047441959 -5.86353159
vn -0.138330847 0.09626214206 -0.9856967926
v -4.745718479 6.580965042 0.3033395112
vn -0.5454794168 0.7893139124 -0.2818434536
v -8.093504906 6.238944054 -5.869608402
vn -0.001231512986 0.0009422275471 -0.9999988079
v -4.901619434 6.553931236 0.4704245329
vn -0.5203021169 0.7127232552 -0.4704373181
v -8.107465744 6.334247112 -5.86353159
vn -0.1647322774 0.1311250329 -0.9775835276
v -4.279132366 6.943297863 0.4125501513
vn -0.4733371735 0.7489042878 -0.4637825787
v -7.866981983 6.522257805 -5.869608402
vn -0.0007257399848 0.0005970197381 -0.9999995828
v -3.808857203 7.243789673 0.4704245329
vn -0.4153408408 0.7796216011 -0.4687026143
v -7.881466866 6.613335133 -5.86353159
vn -0.1506928504 0.1215903312 -0.9810746312
v -3.174949408 7.532959938 0.4521541595
vn -0.3456222415 0.8131784201 -0.468279928
v -7.630547047 6.797354221 -5.869608402
vn -0.001161795459 0.001026600716 -0.9999988079
v -2.306649923 7.842683315 0.4521541595
vn -0.2518438399 0.8462254405 -0.4695499539
v -7.645861626 6.884366035 -5.86353159
vn -0.1551306695 0.1422682852 -0.9775961637
v -2.019404888 7.911950111 0.4338837266
vn -0.2231790572 0.8862938881 -0.4058007002
v -7.384495735 7.063885689 -5.869608402
vn -0.001125034411 0.001067150733 -0.9999988079
v -1.368166566 7.989897251 0.2763999701
vn -0.1570252925 0.9562578201 -0.2468077242
v -7.400945187 7.147008419 -5.86353159
vn -0.1417868137 0.1317753494 -0.981087029
v -1.00513339 8.002402306 2.957042629e-15
vn -0.1220813021 0.9924233556 0.01385732833
v -7.1291399 7.321517467 -5.869608402
vn -0.0006585697411 0.0006704038824 -0.9999995828
v -0.2881394625 8.067708969 -0.1119644865
vn -0.01996955648 0.9914676547 0.1288142949
v -7.147007465 7.400944233 -5.86353159
vn -0.1211481914 0.1246469691 -0.9847772717
v -9.314135241e-07 8.091636658 -0.2225209326
vn 0.001298734918 0.9743422866 0.2250674814
v -6.864803314 7.569923878 -5.869608402
vn -0.001046764781 0.001143653993 -0.9999988079
v 0.289917171 8.117506027 -0.3302790523
vn 0.03369471803 0.9393211007 0.3413804173
v -6.884366035 7.645862579 -5.86353159
vn -0.1166947708 0.1287794709 -0.9847832918
v 1.735722065 7.978986263 -0.4338837266
vn 0.1888761669 0.9049153924 0.3813841939
v -6.591816902 7.808791161 -5.869608402
vn 0.002123528393 0.003740197979 -0.9999907613
v 2.300514221 7.834831715 -0.4338837266
vn 0.2513477206 0.8800747991 0.4028556049
v -6.613334179 7.881466389 -5.86353159
vn -0.1204814389 0.1473166943 -0.9817240238
v 2.813688993 7.675245285 -0.4521541595
vn 0.2979381382 0.8315135837 0.468847543
v -6.322384834 8.07264328 -5.866570473
vn -0.003322182689 0.004319884349 -0.9999851584
v 4.166657925 7.022528172 -0.4338837266
vn 0.4652543366 0.7899274826 0.3994407952
v -6.021279812 8.25672245 -5.869608402
vn -0.003970208112 -0.001691364567 -0.9999907017
v 5.124564171 6.370321751 -0.4567217231
vn 0.5542957187 0.6873070002 0.4694308937
v -6.047441483 8.323590279 -5.86353159
vn -0.1165726408 0.151487723 -0.9815611243
v 4.391453266 6.83323431 0.3302790523
vn 0.5151087642 0.79538697 -0.319409579
v -5.724447727 8.465220451 -5.869608402
vn 0.001725034672 0.004788334947 -0.9999870658
v 4.837880135 6.46265173 0.1119644865
vn 0.5955314636 0.7954878211 -0.1119884774
v -5.772099972 8.557489395 -5.8545084
vn -0.1489872634 0.2227807045 -0.9634165764
v 5.286593914 6.101054668 -0.1119644865
vn 0.6490046382 0.755087316 0.09293051809
v -5.436244965 8.694108009 -5.866570473
vn -0.001930902246 0.002961065853 -0.9999937415
v 4.849136353 6.477688789 0.2225209326
vn 0.58610183 0.7724153996 -0.2446611971
v -5.144261837 8.910121918 -5.86353159
vn -0.1105216518 0.1897553653 -0.9755910635
v 5.284533978 6.098678589 0.05598224327
vn 0.6547707319 0.7529741526 -0.06561464816
v -5.109531879 8.84996891 -5.869608402
vn -0.004300778732 -0.0007889355766 -0.9999904633
v 5.838786602 5.633783817 -0.3033395112
vn 0.6783000231 0.670337379 0.3009266257
v -4.830168247 9.084226608 -5.86353159
vn -0.09435950965 0.168716386 -0.9811376333
v 4.735336781 6.637185097 0.4041671753
vn 0.5096025467 0.7249274254 -0.4634495676
v -4.792221069 9.025734901 -5.869608402
vn -0.0007195634535 0.001373698353 -0.9999988079
v 5.708369255 5.708368778 -0.1119644865
vn 0.698989749 0.7009231448 0.1418450922
v -4.510191917 9.247262955 -5.86353159
vn -0.0745973736 0.1570723951 -0.9847657084
v 6.341364861 5.110194206 -0.3820813894
vn 0.7308498025 0.5877404809 0.3470154405
v -4.468872547 9.190128326 -5.869608402
vn -0.0005551933427 0.001309644897 -0.9999989867
v 5.50098753 5.908476353 0.1119644865
vn 0.6793005466 0.7249113321 -0.1142554954
v -4.139890194 9.342942238 -5.869608402
vn -0.001310755615 0.002729973756 -0.9999954104
v 6.115250587 5.298894882 -0.2225209326
vn 0.736155808 0.6316540241 0.2430799156
v -3.854148865 9.539352417 -5.86353159
vn -0.07436085492 0.1932705492 -0.9783235192
v 6.101054668 5.286593914 -0.1119644865
vn 0.7514146566 0.6484542489 0.1219962388
v -3.805694342 9.483983994 -5.869608402
vn 0.003529801732 0.002532744082 -0.9999905825
v 5.54956007 5.960649967 0.3820813894
vn 0.6397023797 0.6867611408 -0.3451666534
v -3.492791891 9.640562057 -5.866570473
vn -0.001875676564 0.004873412661 -0.9999863505
v 6.385429859 4.960247993 -0.1948818266
vn 0.7727056742 0.6000718474 0.2069774568
v -3.179328203 9.784966469 -5.86353159
vn -0.059668459 0.1707722545 -0.9835021496
v 6.101054668 5.286593914 0.1119644865
vn 0.7484359145 0.6513875127 -0.1246513352
v -3.123344183 9.730055809 -5.869608402
vn -0.00428720098 0.0002089240734 -0.9999907613
v 6.646638393 4.614843369 -0.2225209326
vn 0.7989063859 0.5546783805 0.2325521111
v -2.835902214 9.88996315 -5.86353159
vn -0.04625421762 0.1684701741 -0.9846209288
v 5.844274044 5.639272213 0.3302790523
vn 0.6872726083 0.6516472697 -0.3209551573
v -2.776049137 9.834775925 -5.869608402
vn 0.002507229103 0.001555410097 -0.9999956489
v 6.544381618 4.719166756 -0.05598224327
vn 0.8096185327 0.5860930681 0.031823989
v -2.4571383 9.955006599 -5.866570473
vn -0.001593045308 0.006300956476 -0.9999789
v 7.166771412 3.913353443 -0.4338837266
vn 0.8108463287 0.4445041716 0.3807154298
v -2.139104128 10.063694 -5.86353159
vn -0.04138652235 0.1757419407 -0.9835659266
v 6.377911568 4.954618931 0.139603585
vn 0.7728033662 0.6096152067 -0.1764772832
v -2.071408749 10.00692368 -5.869608402
vn -0.004203604534 0.0007322120946 -0.9999908805
v 7.11548233 3.885347843 -0.2763999701
vn 0.8428273797 0.4652582407 0.2705120742
v -1.786583304 10.13221741 -5.86353159
vn -0.03111985512 0.1711090505 -0.9847605228
v 3.660778999 7.309378147 -0.4521541595
vn 0.3993889093 0.788262248 0.4681144655
v -1.714949846 10.07413578 -5.869608402
vn -0.0001541676756 0.0009270185255 -0.9999995828
v 3.636972427 7.262945652 -0.3302790523
vn 0.4239552319 0.8469529152 0.320831269
v -1.431886673 10.1883955 -5.86353159
vn -0.02512459457 0.1721202731 -0.9847554564
v 10.16117096 -1.086219907 -5.869608402
vn 0.00103746145 -0.0001163544948 -0.9999994636
v 10.11621857 -1.446163297 -5.869608402
vn 0.0007099494105 -0.005873942748 -0.9999824762
v -1.356329799 10.12865353 -5.869608402
vn -0.0002002354449 0.001537637436 -0.9999988079
v 10.05851936 -1.804284573 -5.869608402
vn 0.0002873870835 0.002470499137 -0.9999969006
v -1.075442553 10.23216152 -5.86353159
vn -0.01909684204 0.1729199439 -0.9847507477
v 9.988148689 -2.160132408 -5.869608402
vn 0.0008516826783 0.002034223173 -0.9999975562
v -0.9960016608 10.17041016 -5.869608402
vn -0.0001458169136 0.001543507795 -0.9999988079
v 9.905190468 -2.513258696 -5.869608402
vn 0.0006799766561 -0.004288848024 -0.9999905825
v -0.7176914215 10.26346111 -5.86353159
vn -0.01304346323 0.1735059321 -0.9847464561
v 9.809752464 -2.863218069 -5.869608402
vn 0.000590965501 0.003025729442 -0.9999952316
v -0.6344181299 10.19935131 -5.869608402
vn -6.137357559e-05 0.001040995819 -0.9999994636
v 9.701953888 -3.209569931 -5.869608402
vn 0.0007875176379 0.001163069741 -0.9999989867
v -0.359063983 10.28225517 -5.86353159
vn -0.006972379051 0.1738791615 -0.9847422838
v 9.581933022 -3.551877737 -5.869608402
vn 0.0009095857386 -0.0003411275102 -0.9999995232
v -0.2720371187 10.2154417 -5.869608402
vn -2.761485484e-05 0.00117053336 -0.9999992847
v 9.449836731 -3.889710188 -5.869608402
vn 0.0006839291309 -0.003704818431 -0.999992907
v -9.314135241e-07 10.28852272 -5.86353159
vn -0.0008913109777 0.1740391254 -0.9847383499
v 9.30583477 -4.222641468 -5.869608402
vn 0.0003616084286 0.002766614081 -0.9999961257
v 0.09068846703 10.21866131 -5.869608402
vn 1.816991244e-05 0.001550993184 -0.9999988079
v 9.150107384 -4.550252438 -5.869608402
vn 0.0005215198616 -0.004183780402 -0.9999911189
v 0.3590646088 10.28225517 -5.86353159
vn 0.005192350131 0.1739854217 -0.9847345352
v 8.910121918 -5.14426136 -5.86353159
vn 0.1575951278 -0.08650578558 -0.9837075472
v 0.4532983601 10.20900536 -5.869608402
vn 7.287583867e-05 0.001548825065 -0.9999988079
v 8.725162506 -5.452086449 -5.86353159
vn 0.1480807662 -0.09149026126 -0.9847342968
v 0.7176920176 10.26346111 -5.86353159
vn 0.01127130538 0.1737169027 -0.9847311378
v 8.529572487 -5.753269196 -5.86353159
vn 0.1448081583 -0.09661985934 -0.9847310185
v 0.8153396845 10.18648529 -5.869608402
vn 0.001654774882 0.001146196504 -0.9999979734
v 8.323590279 -6.047441959 -5.86353159
vn 0.1413577646 -0.1016329825 -0.9847277403
v 1.075443149 10.23216152 -5.86353159
vn 0.0223489739 0.1765779853 -0.9840328693
v 8.107466698 -6.334247112 -5.86353159
vn 0.1377328485 -0.106521152 -0.9847247601
v 1.420001268 10.13637447 -5.868088722
vn 0.0006287819706 0.004647573456 -0.9999889731
v 7.881466389 -6.613335133 -5.86353159
vn 0.1339369416 -0.1112791747 -0.9847221971
v 1.7865839 10.13221741 -5.86353159
vn 0.0247267466 0.1707129776 -0.9850105047
v 7.645862103 -6.884366035 -5.86353159
vn 0.1299761236 -0.1159015223 -0.9847197533
v 1.893476486 10.0421114 -5.869608402
vn -0.001431290992 0.001955818618 -0.9999970794
v 7.400944233 -7.147008419 -5.86353159
vn 0.1258555204 -0.1203823388 -0.9847174883
v 2.139104605 10.063694 -5.86353159
vn 0.03538552299 0.1705137193 -0.9847197533
v 7.147007942 -7.400944233 -5.86353159
vn 0.1215793341 -0.1247154549 -0.9847154617
v 2.248687506 9.968584061 -5.869608402
vn 0.0003382466675 0.001487934962 -0.9999988079
v 6.884365559 -7.645862579 -5.86353159
vn 0.1171525344 -0.128895089 -0.9847138524
v 2.489018679 9.982910156 -5.86353159
vn 0.04132630676 0.1691855639 -0.9847174287
v 6.613334656 -7.881466389 -5.86353159
vn 0.1125807539 -0.1329164505 -0.9847125411
v 2.601063013 9.882496834 -5.869608402
vn 0.0003882360761 0.001466309652 -0.9999988675
v 6.334246635 -8.107466698 -5.86353159
vn 0.1126563028 -0.1474891603 -0.9826268554
v 2.835900545 9.88996315 -5.86353159
vn 0.04721743613 0.1676488519 -0.9847154021
v 5.873789787 -8.362288475 -5.869608402
vn 0.003546847031 0.003474134021 -0.9999876618
v 2.950162411 9.783956528 -5.869608402
vn 0.0004367583315 0.001441818313 -0.9999988675
v 5.57330513 -8.565485001 -5.869608402
vn 0.0007563903346 -0.001163229113 -0.9999990463
v 3.179328918 9.784966469 -5.86353159
vn 0.05305000395 0.165904209 -0.984713912
v 5.265798092 -8.757889748 -5.869608402
vn 0.0007239618571 -0.001204333617 -0.9999989867
v 3.295542717 9.673089027 -5.869608402
vn 0.0004836468725 0.0014146131 -0.9999988675
v 4.951657295 -8.939259529 -5.869608402
vn 0.0006892583333 -0.001244034502 -0.9999989867
v 3.51888299 9.668048859 -5.86353159
vn 0.05881841853 0.1639561653 -0.9847125411
v 4.6312747 -9.109366417 -5.869608402
vn 0.0006523182383 -0.00128212967 -0.9999989867
v 3.636773109 9.550034523 -5.869608402
vn 0.0005287695094 0.00138485909 -0.9999989271
v 4.305058956 -9.267994881 -5.869608402
vn 0.0006132069393 -0.001318430877 -0.9999989271
v 3.85414958 9.539352417 -5.86353159
vn 0.06451549381 0.1618065536 -0.984711349
v 3.973417997 -9.414945602 -5.869608402
vn -0.00249250466 -0.003583797486 -0.9999904633
v 3.973417997 9.414945602 -5.869608402
vn 0.0005719935289 0.001352734747 -0.9999989271
v 3.577828169 -9.609042168 -5.866570473
vn 0.002164181788 -0.005830816459 -0.9999806881
v 4.184719563 9.399033546 -5.86353159
vn 0.0701328069 0.1594568044 -0.9847105742
v 3.179328918 -9.784966469 -5.86353159
vn 0.05604007095 -0.1604951322 -0.9854444861
v 4.305058956 9.267994881 -5.869608402
vn 0.0006132069393 0.001318430877 -0.9999989271
v 2.835900545 -9.88996315 -5.86353159
vn 0.04868059605 -0.1672292203 -0.9847154617
v 4.510192394 9.247262955 -5.86353159
vn 0.07566522062 0.1569127142 -0.9847096801
v 2.489018679 -9.982910156 -5.86353159
vn 0.04280351847 -0.1688174307 -0.9847174883
v 4.6312747 9.109366417 -5.869608402
vn 0.0006523182383 0.00128212967 -0.9999989867
v 2.139104605 -10.063694 -5.86353159
vn 0.03687433526 -0.1701972336 -0.9847198725
v 4.830168724 9.084226608 -5.86353159
vn 0.08110373467 0.1541745365 -0.9847093225
v 1.7865839 -10.13221741 -5.86353159
vn 0.03090125881 -0.1713688672 -0.9847221971
v 4.951657295 8.939259529 -5.869608402
vn 0.0006892583333 0.001244034502 -0.9999989867
v 1.431884885 -10.1883955 -5.86353159
vn 0.02489081956 -0.1723296791 -0.9847248197
v 5.144262314 8.910121918 -5.86353159
vn 0.08644245565 0.1512455046 -0.9847093225
v 1.075443149 -10.23216152 -5.86353159
vn 0.0188511312 -0.1730767041 -0.9847279191
v 5.265798092 8.757889748 -5.869608402
vn 0.0007239618571 0.001204333617 -0.9999989867
v 0.7176920176 -10.26346111 -5.86353159
vn 0.01278927363 -0.1736113876 -0.9847311974
v 5.452086926 8.725162506 -5.86353159
vn 0.09167562425 0.1481316537 -0.9847093821
v 0.3590646088 -10.28225517 -5.86353159
vn 0.006712881383 -0.1739326417 -0.9847346544
v 5.57330513 8.565485001 -5.869608402
vn 0.0007563903346 0.001163229113 -0.9999990463
v -9.314135241e-07 -10.28852272 -5.86353159
vn 0.0006299023516 -0.1740392596 -0.9847385287
v 5.753269672 8.529572487 -5.86353159
vn 0.09679526091 0.1448355019 -0.9847097993
v -0.359063983 -10.28225517 -5.86353159
vn -0.005452248733 -0.1739318669 -0.9847425818
v 5.873789787 8.362288475 -5.869608402
vn 0.0007865207735 0.001120905392 -0.9999990463
v -0.7176914215 -10.26346111 -5.86353159
vn -0.01152625121 -0.1736116409 -0.9847467542
v 6.047442436 8.323590279 -5.86353159
vn 0.1017961428 0.1413606703 -0.9847104549
v -1.075442553 -10.23216152 -5.86353159
vn -0.02390167303 -0.2092155367 -0.9775773883
v 6.166872025 8.148554802 -5.869608402
vn 0.0008143400191 0.001077553839 -0.9999991059
v -1.431886673 -10.1883955 -5.86353159
vn -0.02325519547 -0.1922574937 -0.9810689092
v 6.334246635 8.107466698 -5.86353159
vn 0.1066706404 0.1377120018 -0.9847115278
v -1.786583304 -10.13221741 -5.86353159
vn -0.02962279506 -0.1713731289 -0.9847607613
v 6.452186108 7.924553871 -5.869608402
vn 0.000839848828 0.001033360953 -0.9999991059
v -2.139104128 -10.063694 -5.86353159
vn -0.03558795154 -0.1702040732 -0.9847660065
v 6.613334656 7.881466389 -5.86353159
vn 0.1114142686 0.1338949353 -0.9847126603
v -2.489018202 -9.982910156 -5.86353159
vn -0.04150721803 -0.1688261777 -0.9847714901
v 6.729370117 7.690568447 -5.869608402
vn 0.0008630694356 0.0009884951869 -0.9999991655
v -2.835902214 -9.88996315 -5.86353159
vn -0.07052145898 -0.2183724344 -0.9733140469
v 6.884365559 7.645862579 -5.86353159
vn 0.1160211489 0.1299137622 -0.984713912
v -3.466703653 -9.61307621 -5.869608402
vn 0.002383309649 -0.001699850545 -0.9999957085
v 6.998075008 7.446893215 -5.869608402
vn 0.0008840245428 0.0009431237704 -0.9999991655
v -3.805694342 -9.483983994 -5.869608402
vn -0.0005703127827 -0.001442048582 -0.9999988079
v 7.147007942 7.400944233 -5.86353159
vn 0.1245097667 0.126490742 -0.9841226339
v -4.139890194 -9.342942238 -5.869608402
vn -0.000620686973 -0.001420642831 -0.9999988079
v 7.25796175 7.193834782 -5.869608402
vn 0.003607907332 -0.006642075256 -0.9999714494
v -4.468872547 -9.190128326 -5.869608402
vn -0.0004064140958 -0.0008473595954 -0.9999995828
v 7.489114285 7.027523994 -5.865050793
vn 0.005824196152 0.005482908338 -0.9999679923
v -4.792221069 -9.025734901 -5.869608402
vn -0.001512109418 -0.002653930569 -0.9999953508
v 7.749984741 6.660854816 -5.869608402
vn -0.0009592166753 0.006324088201 -0.9999795556
v -5.109531879 -8.84996891 -5.869608402
vn -0.00130831881 -0.002490136307 -0.9999960661
v 7.881466389 6.613335133 -5.86353159
vn 0.1288194656 0.112186268 -0.9853018522
v -5.420403481 -8.663052559 -5.869608402
vn -0.0005580785219 -0.0008809601422 -0.9999994636
v 7.981501579 6.381606579 -5.869608402
vn 0.0009460706497 0.0007596254 -0.9999992847
v -5.724447727 -8.465220451 -5.869608402
vn -0.000661132508 -0.0009664105019 -0.9999992847
v 8.107466698 6.334247112 -5.86353159
vn 0.1367958486 0.107720457 -0.9847249389
v -6.31052351 -8.037820816 -5.869608402
vn -0.0006480332231 -0.0008169744397 -0.9999994636
v 8.202961922 6.094316006 -5.869608402
vn 0.0009564224747 0.000713914982 -0.9999992847
v -6.021279812 -8.25672245 -5.869608402
vn -0.0009204917587 -0.001248562941 -0.9999988079
v 8.323590279 6.047441959 -5.86353159
vn 0.1404631734 0.1028637886 -0.9847279787
v 8.614607811 5.497071743 -5.869608402
vn 0.0009714057087 0.0006234858884 -0.9999993443
v 8.529572487 5.753269196 -5.86353159
vn 0.143957302 0.09788156301 -0.9847311974
v -1.357412815 -4.255306244 -5.869608402
vn 0.0001769109513 0.0005559228593 -0.9999998212
v 8.804276466 5.187869072 -5.869608402
vn 0.0009761853726 0.0005789538845 -0.9999993443
v 1.691744566 3.739530325 -5.638012886
vn -0.3622124493 -0.8155158758 -0.4513711929
v 9.084226608 4.830168724 -5.86353159
vn 0.1533571482 0.08224485815 -0.9847422838
v 1.922528148 3.610763073 -5.606417179
vn -0.4468705952 -0.8481586576 -0.2844882607
v 9.150107384 4.550252438 -5.869608402
vn 0.0001553689799 -7.124440344e-06 -1
v 1.763545394 3.767854452 -5.726723671
vn -0.3380604982 -0.7116266489 -0.6158754826
v 9.247262955 4.510191441 -5.86353159
vn 0.1561165303 0.07682448626 -0.9847464561
v 1.567078352 4.001152039 -5.830752373
vn -0.1526683569 -0.3768111467 -0.9136223197
v 9.30583477 4.222641468 -5.869608402
vn 0.001390524325 0.000636726676 -0.9999988079
v 2.157877445 3.491373301 -5.638012886
vn -0.5050148368 -0.7908829451 -0.3456358612
v 9.399033546 4.184719086 -5.86353159
vn 0.1586829871 0.0713108778 -0.9847509861
v 1.808657527 3.864237309 -5.816018581
vn -0.2178317457 -0.4502271414 -0.8659358025
v 9.449836731 3.889710188 -5.869608402
vn 0.001404349576 0.0005840138183 -0.9999988675
v 2.141612768 3.566554785 -5.726723671
vn -0.3995780647 -0.6708011031 -0.6247906089
v 9.539352417 3.854148626 -5.86353159
vn 0.1610534638 0.06571116298 -0.9847556949
v 2.166994572 3.608822584 -5.776026249
vn -0.2936808765 -0.5247766972 -0.7989749312
v 9.581933022 3.551877737 -5.869608402
vn 0.001414992614 0.0005306733656 -0.9999988675
v 2.484977245 3.311455011 -5.698165894
vn -0.4759306908 -0.66450876 -0.5761233568
v 9.668048859 3.518882275 -5.86353159
vn 0.1632242948 0.06003240123 -0.9847608805
v 1.935167313 3.871627569 -5.845485687
vn -0.1434305459 -0.2957288027 -0.944442749
v 9.701953888 3.209569931 -5.869608402
vn 0.0009915806586 0.0003324557038 -0.9999994636
v 2.778695583 3.002095699 -5.606417179
vn -0.648884356 -0.6991652846 -0.3001949191
v 9.784966469 3.17932868 -5.86353159
vn 0.1651947349 0.05428176001 -0.9847660661
v 4.197137356 -0.9909307957 -5.83811903
vn -0.3833356202 0.09066427499 -0.9191483855
v 9.809752464 2.863218069 -5.869608402
vn 0.001451922115 0.0004304244067 -0.9999988675
v 4.124679565 -1.316743016 -5.845485687
vn -0.3173856139 0.1030773073 -0.9426777959
v 9.88996315 2.835901499 -5.86353159
vn 0.1669618785 0.04846680909 -0.9847713709
v 3.973026514 -1.976868629 -5.867329597
vn -0.006462863646 0.007785151247 -0.9999487996
v 9.905190468 2.513258696 -5.869608402
vn 0.001455924124 0.0003762545821 -0.9999988675
v 3.59110713 -2.416258097 -5.845485687
vn -0.2607863545 0.1667001843 -0.9508951306
v 9.982910156 2.489018917 -5.86353159
vn 0.1685224473 0.04259414598 -0.9847770929
v 3.252217531 -2.858298063 -5.845485687
vn -0.21978423 0.1928450614 -0.9562978745
v 9.988148689 2.160132408 -5.869608402
vn 0.000759596529 -0.004819837399 -0.9999880791
v 3.100764275 -3.02192831 -5.845485687
vn -0.213477239 0.2163496315 -0.9526910782
v 10.063694 2.139104128 -5.86353159
vn 0.1698752046 0.03667097911 -0.9847830534
v 3.067917109 -3.147952795 -5.86353159
vn -0.127943024 0.1414354295 -0.9816448689
v 10.05851936 1.804284573 -5.869608402
vn 0.0007223509601 0.003983719274 -0.9999917746
v 2.598781347 -3.463109255 -5.845485687
vn -0.2168348879 0.2997199297 -0.929058969
v 10.13221741 1.786583304 -5.86353159
vn 0.1710164696 0.03070527129 -0.9847896099
v 2.322993994 -3.652131557 -5.845485687
vn -0.1702432781 0.2530572414 -0.95235461
v 10.11621857 1.446163297 -5.869608402
vn 0.001154828002 0.0001709805365 -0.9999993443
v 1.63114059 -4.010757446 -5.845485687
vn -0.1326232105 0.3251266778 -0.9363245964
v 10.18839645 1.4318856 -5.86353159
vn 0.1719498932 0.02470417134 -0.9847958684
v 1.422509432 -4.089408398 -5.845485687
vn -0.1009986252 0.2772805095 -0.955465734
v 10.16117096 1.086219907 -5.869608402
vn 0.001036899746 0.0001162914923 -0.9999994636
v 1.228927135 -4.221879959 -5.86353159
vn -0.04672075063 0.1880106479 -0.9810551405
v 10.23216152 1.075443506 -5.86353159
vn 0.1726702452 0.01867554523 -0.9848026037
v 0.8853658438 -4.236801624 -5.845485687
vn -0.06660508364 0.3348371685 -0.9399190545
v 10.19332027 0.7249078155 -5.869608402
vn 0.0007614396163 -0.002985185944 -0.9999952316
v 0.6764491796 -4.343286037 -5.86353159
vn -0.02467663214 0.1711250991 -0.9849402308
v 10.26346016 0.7176910639 -5.86353159
vn 0.1731792241 0.01262520626 -0.9848093987
v 0.1114821732 -4.32832098 -5.845485687
vn -0.008811573498 0.342108041 -0.9396193027
v 10.55818939 -1.106621623 -5.504338264
vn 0.992141366 -0.1105589196 -0.0585857816
v -0.1114815697 -4.32832098 -5.845485687
vn 0.007140548434 0.3416035473 -0.9398170114
v 10.59348106 -0.7366625071 -5.469608307
vn 0.9974220991 -0.07093459368 -0.01083769649
v -0.3341499567 -4.316843033 -5.845485687
vn 0.03103470244 0.3440702856 -0.9384308457
v 10.58713436 -0.7403246164 -5.539067745
vn 0.974581778 -0.07739616185 -0.2102384567
v -0.6660886407 -4.276761532 -5.845485687
vn 0.05688376352 0.3437764049 -0.9373270869
v 10.60658455 -0.3685696721 -5.539067745
vn 0.9854519367 -0.03056483343 -0.1671834439
v -1.102298617 -4.18560648 -5.845485687
vn 0.08903200179 0.3433750272 -0.9349689484
v 10.58854198 -0.3681698442 -5.606417179
vn 0.9391787648 -0.03298418596 -0.3418409824
v -1.526824474 -4.050082684 -5.845485687
vn 0.1240452901 0.3304201066 -0.9356470108
v 10.59494114 -2.018342717e-15 -5.606417179
vn 0.9591719508 -1.959175792e-17 -0.2828236222
v -1.935164213 -3.871627569 -5.845485687
vn 0.1488139033 0.3088817894 -0.939386189
v 10.56547356 -1.725196473e-15 -5.669608593
vn 0.8802431226 -2.699478783e-17 -0.4745229483
v -2.228927135 -3.711963654 -5.845485687
vn 0.176640287 0.2926260829 -0.9397702813
v 10.58854198 0.3681698442 -5.606417179
vn 0.9330313206 0.03270861134 -0.3583052456
v -2.507921457 -3.527704239 -5.845485687
vn 0.2000040114 0.2739519477 -0.9407171607
v 10.55908585 0.367372185 -5.669608593
vn 0.8753143549 0.03466590494 -0.4823101163
v -2.727980852 -3.446714401 -5.86353159
vn 0.11366909 0.143234998 -0.9831393957
v 10.57813263 0.7396951914 -5.572742462
vn 0.9633436203 0.0699563548 -0.2589887083
v -3.020926476 -3.099736691 -5.845485687
vn 0.2368128598 0.2441947907 -0.9403662086
v 10.53973675 0.737010181 -5.669608593
vn 0.8887240887 0.06345398724 -0.4540298283
v -3.225899935 -2.985846043 -5.86353159
vn 0.1340066493 0.12197081 -0.9834456444
v 10.54587555 1.10841608 -5.572742462
vn 0.9582464695 0.09894089401 -0.2682805061
v -3.447856903 -2.728885174 -5.86353159
vn 0.1508264989 0.1181071103 -0.9814795256
v 10.50759506 1.104392767 -5.669608593
vn 0.8794872165 0.09029915184 -0.4672775567
v -3.647464752 -2.453141451 -5.86353159
vn 0.1428069025 0.09519762546 -0.9851617217
v 10.49183178 1.474530816 -5.606417179
vn 0.9418662786 0.128583923 -0.3104095161
v -3.826736689 -2.165785789 -5.86353159
vn 0.1684304923 0.09534195065 -0.9810917974
v 10.46265125 1.470429897 -5.669608593
vn 0.8668095469 0.1259613186 -0.4824675918
v -3.920170546 -1.834837675 -5.845485687
vn 0.3115177453 0.1462754309 -0.9389143586
v 10.44286633 1.8413589 -5.572742462
vn 0.9515530467 0.1659738868 -0.2588424981
v -4.071793556 -1.655962944 -5.86353159
vn 0.1681834757 0.06780276448 -0.9834211469
v 10.40496063 1.834675312 -5.669608593
vn 0.8665970564 0.1539987177 -0.4746513665
v -4.188837051 -1.33722496 -5.86353159
vn 0.1642370075 0.05045615137 -0.9851296544
v 10.36341572 2.202811956 -5.606417179
vn 0.9169712067 0.1960585266 -0.3474547565
v -4.278128147 -1.009626389 -5.86353159
vn 0.1670330018 0.03605438769 -0.9852918386
v 10.28898144 2.565331221 -5.572742462
vn 0.9363090992 0.2287530154 -0.2664532065
v -4.359262466 -0.564393878 -5.86353159
vn 0.1968234777 0.02462156303 -0.9801297188
v 10.2516346 2.556019545 -5.669608593
vn 0.8684155941 0.210803315 -0.4487943053
v -4.391275406 -0.2263575047 -5.86353159
vn 0.2039228976 0.008957499638 -0.9789459705
v 10.18451118 2.920361757 -5.606417179
vn 0.9064992666 0.2561283708 -0.3356446028
v -4.394192219 0.1131787524 -5.86353159
vn 0.191889599 -0.008674634621 -0.9813781977
v 10.15618515 2.912239552 -5.669608593
vn 0.8110933304 0.2372429669 -0.5346431732
v -4.292492867 0.5557492971 -5.845485687
vn 0.3617272675 -0.04529129341 -0.9311831594
v 10.07638741 3.274016857 -5.606417179
vn 0.8802161217 0.2886492908 -0.3766977787
v -4.23820734 0.885660708 -5.845485687
vn 0.3342884481 -0.07036280632 -0.9398405552
v 9.95598793 3.623683214 -5.606417179
vn 0.8710423112 0.3125816584 -0.3789168298
v -4.243649483 1.266861916 -5.866570473
vn 0.001352172461 -0.0003952520492 -0.9999989867
v 9.928297043 3.613604784 -5.669608593
vn 0.8302586079 0.3069323599 -0.4652559757
v -4.188837051 1.33722496 -5.86353159
vn 0.2149569094 -0.0798439309 -0.9733542204
v 9.831824303 3.972315073 -5.572742462
vn 0.8954917192 0.3617319167 -0.2593156695
v -4.071793556 1.655962944 -5.86353159
vn 0.1836572886 -0.07645954192 -0.980012238
v 9.796135902 3.957896233 -5.669608593
vn 0.8205271363 0.3292213082 -0.4672777653
v -3.879946709 2.065852165 -5.86353159
vn 0.1724329591 -0.08769572526 -0.9811097383
v 9.678959846 4.309350491 -5.606417179
vn 0.865734458 0.3854824305 -0.319228977
v -3.447856903 2.728885174 -5.86353159
vn 0.1626459807 -0.1303622574 -0.9780347347
v 9.652040482 4.297365189 -5.669608593
vn 0.7910864949 0.3525097668 -0.4999189973
v -2.986836433 3.226971388 -5.86353159
vn 0.1164566055 -0.125798732 -0.9851967096
v 9.522669792 4.644516468 -5.606417179
vn 0.8589298725 0.4201047122 -0.2928336859
v -2.773612261 3.324735165 -5.845485687
vn 0.2364526689 -0.2862007618 -0.9285360575
v 9.496185303 4.631598949 -5.669608593
vn 0.7783025503 0.3799042702 -0.4999179244
v -2.560853481 3.412565708 -5.816018581
vn 0.3008992076 -0.3991116583 -0.8661233187
v 9.354777336 4.974023342 -5.606417179
vn 0.8437492847 0.4498053491 -0.2928519845
v -2.349898815 3.492483616 -5.776026249
vn 0.3651140034 -0.5446676612 -0.7550025582
v 9.328760147 4.960189342 -5.669608593
vn 0.7645682096 0.4068354964 -0.4999203384
v -2.141614676 3.566554785 -5.726723671
vn 0.4039713144 -0.6697694659 -0.6230698228
v 9.175488472 5.29747057 -5.606417179
vn 0.8215557933 0.4757064283 -0.3142442703
v -1.649383783 3.774115562 -5.669608593
vn 0.3470863104 -0.8040793538 -0.4826877713
v 9.149968147 5.282736778 -5.669608593
vn 0.7421128154 0.4289734066 -0.515024662
v -1.541075826 3.789301872 -5.606417179
vn 0.3484567702 -0.8884641528 -0.2986792624
v 8.972524643 5.606655598 -5.638012886
vn 0.7685346603 0.4805540442 -0.4224006832
v -0.7301459312 4.00665617 -5.539067745
vn 0.1835014671 -0.9679573178 -0.1714230478
v 8.783603668 5.92461586 -5.606417179
vn 0.7838281989 0.528834939 -0.3254949749
v -0.3143087924 4.0604949 -5.539067745
vn 0.08137974888 -0.9819879532 -0.1705199331
v 8.759174347 5.908137798 -5.669608593
vn 0.717918992 0.4843819737 -0.4999664724
v 0.1048610657 4.071291447 -5.539067745
vn -0.02166459151 -0.9851471782 -0.1703398228
v 8.571487427 6.22755003 -5.606417179
vn 0.7396111488 0.5442385674 -0.3959541619
v 0.5229208469 4.038930893 -5.539067745
vn -0.1244623661 -0.9773988128 -0.1708820164
v 8.356038094 6.528451443 -5.572742462
vn 0.7590487599 0.5898961425 -0.2754406035
v 0.9354351759 3.9637568 -5.539067745
vn -0.2258483171 -0.9588322043 -0.1721434444
v 8.325707436 6.50475502 -5.669608593
vn 0.707595408 0.5457945466 -0.44879511
v 1.338034987 3.846565962 -5.539067745
vn -0.3152532876 -0.9330607653 -0.1732425541
v 8.116195679 6.810296059 -5.606417179
vn 0.7259019613 0.6090160608 -0.3196339011
v 1.343964458 3.863610268 -5.606417179
vn -0.3089082837 -0.8874059916 -0.3421787322
v 8.093622208 6.791355133 -5.669608593
vn 0.6632757783 0.5569083095 -0.4999183118
v 1.353645086 3.891441584 -5.669608593
vn -0.290030092 -0.8217565417 -0.4905086458
v 7.873575211 7.089398861 -5.606417179
vn 0.7089310288 0.6353738904 -0.306131959
v 1.382982254 3.975779772 -5.776026249
vn -0.202996999 -0.6036515832 -0.7709714174
v 7.851677418 7.069682121 -5.669608593
vn 0.6434358954 0.5797165036 -0.4999189973
v 1.401747704 4.029724121 -5.816018581
vn -0.1640613079 -0.4826754928 -0.8602954745
v 7.621363163 7.359864235 -5.606417179
vn 0.675845921 0.652916193 -0.3419542909
v 1.336782217 4.187448978 -5.86353159
vn -0.06390764564 -0.2084522396 -0.9759423733
v 7.600165844 7.339395046 -5.669608593
vn 0.6228121519 0.6018195152 -0.499918282
v 1.863996625 3.982468367 -5.86353159
vn -0.06662888825 -0.137731865 -0.9882259369
v 7.359863758 7.621362686 -5.606417179
vn 0.6526474357 0.6761040688 -0.3419570923
v 2.444189787 3.534259081 -5.830752373
vn -0.2694745958 -0.3756739795 -0.886708796
v 7.339395046 7.600165844 -5.669608593
vn 0.6014308929 0.6231895685 -0.4999155998
v 2.798711538 3.02372098 -5.669608593
vn -0.5787463784 -0.6332605481 -0.5138421059
v 7.089399338 7.873575211 -5.606417179
vn 0.6286540627 0.6984694004 -0.3419570029
v 2.929555893 2.855071545 -5.606417179
vn -0.6902864575 -0.6354723573 -0.3459471762
v 7.069682598 7.851677418 -5.669608593
vn 0.5793133974 0.6437986493 -0.4999193251
v 4.365790844 -0.3375049233 -5.859019756
vn -0.265140295 0.01872195676 -0.9640280604
v 6.810296535 8.116195679 -5.606417179
vn 0.6038938165 0.7199831605 -0.3419598639
v 10.56153202 1.103884101 -5.037976265
vn 0.8968545794 0.09435359389 0.4321449697
v 6.791355133 8.093622208 -5.669608593
vn 0.5564915538 0.6636232734 -0.4999212623
v 10.4595108 1.83389616 -5.037976265
vn 0.8856384754 0.156286329 0.4372859895
v 6.52289629 8.348927498 -5.606417179
vn 0.5784000754 0.7406204343 -0.3419572413
v 10.30709076 2.555072069 -5.037976265
vn 0.8685624003 0.2250588089 0.4415290058
v 6.50475502 8.325707436 -5.669608593
vn 0.5280494094 0.6821823716 -0.5057578683
v 10.10500908 3.263937235 -5.037976265
vn 0.8618811965 0.2790715992 0.4234144688
v 6.22755003 8.571487427 -5.606417179
vn 0.5424460769 0.7509012818 -0.3766955435
v 9.854240417 3.957075357 -5.037976265
vn 0.8356053233 0.3338182569 0.4362672269
v 5.92461586 8.783603668 -5.606417179
vn 0.5244181156 0.7712860107 -0.3606986403
v 9.555992126 4.631147861 -5.037976265
vn 0.8103346229 0.4015288651 0.4267697036
v 5.908138275 8.759174347 -5.669608593
vn 0.4891882539 0.7250736952 -0.4847298563
v 9.211699486 5.282906055 -5.037976265
vn 0.7793830037 0.4509215057 0.4350079596
v 5.614462852 8.985019684 -5.606417179
vn 0.4978145361 0.7970207334 -0.3419629037
v 8.823023796 5.909210682 -5.037976265
vn 0.7496077418 0.4974603057 0.436602205
v 5.598847866 8.960029602 -5.669608593
vn 0.4587183297 0.734613657 -0.4999202788
v 8.391836166 6.507042408 -5.037976265
vn 0.7117033005 0.5514066219 0.4352345467
v 5.297471046 9.175487518 -5.606417179
vn 0.4696958661 0.813909173 -0.3419615328
v 7.920214653 7.073522091 -5.037976265
vn 0.6713549495 0.6000296474 0.4350252748
v 5.282737255 9.149969101 -5.669608593
vn 0.4328016937 0.7501754165 -0.4999195635
v 7.410431862 7.605919838 -5.037976265
vn 0.6278373003 0.6436857581 0.4375944734
v 4.974023819 9.354777336 -5.606417179
vn 0.4407494068 0.836768508 -0.3248976469
v 6.864943027 8.101670265 -5.037976265
vn 0.5850724578 0.6914774179 0.4237325191
v 4.960188389 9.328760147 -5.669608593
vn 0.4063567817 0.7648223639 -0.4999209642
v 6.286377907 8.558385849 -5.037976265
vn 0.5348978043 0.7201997042 0.4418107271
v 4.644516945 9.522669792 -5.606417179
vn 0.4184875786 0.8596169353 -0.293132782
v 5.677523136 8.973864555 -5.037976265
vn 0.4804188907 0.7606783509 0.4365388453
v 4.631599903 9.496185303 -5.669608593
vn 0.3794163167 0.7785378695 -0.4999220669
v 5.041313171 9.346104622 -5.037976265
vn 0.4245113134 0.7945619822 0.4341214299
v 4.309351444 9.678959846 -5.606417179
vn 0.3892812431 0.8689191341 -0.3056789935
v 4.380812645 9.673313141 -5.037976265
vn 0.3737599552 0.8260999918 0.4217371941
v 4.297364712 9.652040482 -5.669608593
vn 0.3520156443 0.7913067341 -0.4999186099
v 3.699205875 9.953913689 -5.037976265
vn 0.3166034818 0.842849493 0.4351631999
v 3.968935728 9.823457718 -5.606417179
vn 0.3508784771 0.8781951666 -0.325050056
v 2.999773979 10.18655396 -5.037976265
vn 0.2537290156 0.8631659746 0.4365387559
v 3.957896471 9.796136856 -5.669608593
vn 0.3241844177 0.8031088114 -0.4999206364
v 2.285888672 10.37011337 -5.037976265
vn 0.1912826151 0.8772542477 0.4402680695
v 3.623683453 9.95598793 -5.606417179
vn 0.3277336061 0.8939820528 -0.3055925667
v 1.560988903 10.50370502 -5.037976265
vn 0.1325526088 0.8963503242 0.4230672121
v 3.613604307 9.928297997 -5.669608593
vn 0.2959591746 0.8139334321 -0.4999204874
v 0.828569591 10.586689 -5.037976265
vn 0.07237740606 0.8969678283 0.4361310005
v 3.274018049 10.07638741 -5.606417179
vn 0.2902105153 0.893779099 -0.3419601917
v 0.09215544909 10.61866379 -5.037976265
vn 0.007744493429 0.8992776871 0.4373095334
v 3.264910936 10.04836273 -5.669608593
vn 0.267373085 0.8237662911 -0.4999207556
v -0.6447017789 10.59947491 -5.037976265
vn -0.05735677481 0.8988069296 0.4345759749
v 2.920362473 10.18451118 -5.606417179
vn 0.2572096884 0.8974503875 -0.3583656847
v -1.378452659 10.52921581 -5.037976265
vn -0.1179831997 0.8987986445 0.4221858978
v 2.912240028 10.15618515 -5.669608593
vn 0.2374933213 0.8431041241 -0.4824648798
v -2.105560303 10.40822411 -5.037976265
vn -0.1811466515 0.8893774152 0.4197543263
v 2.565331221 10.28898144 -5.572742462
vn 0.2341540158 0.9367152452 -0.2602623105
v -2.822524786 10.23708344 -5.037976265
vn -0.2392234206 0.8675166965 0.4361042678
v 2.556019783 10.2516346 -5.669608593
vn 0.2159486562 0.8573333025 -0.4672748744
v -3.525887489 10.01661777 -5.037976265
vn -0.3012069762 0.8547624946 0.4226764739
v 2.202812433 10.36341572 -5.606417179
vn 0.1994275898 0.9206364155 -0.3356444836
v -4.212264538 9.747889519 -5.037976265
vn -0.3607002795 0.8233823776 0.4381058514
v 2.196686029 10.33459282 -5.669608593
vn 0.1798013449 0.8472037315 -0.4999173284
v -4.878344536 9.432193756 -5.037976265
vn -0.4118629694 0.8013871908 0.4337596893
v 1.839791417 10.43397903 -5.606417179
vn 0.1629966795 0.9254725575 -0.3419541717
v -5.520918846 9.071051598 -5.037976265
vn -0.469466418 0.7666932344 0.4379301071
v 1.834674239 10.40496063 -5.669608593
vn 0.1501246542 0.8529612422 -0.4999196529
v -6.136892796 8.666202545 -5.037976265
vn -0.5218398571 0.7325370312 0.4371185899
v 1.474530697 10.49183178 -5.606417179
vn 0.1305991411 0.9305969477 -0.3419549465
v -6.723296165 8.21959877 -5.037976265
vn -0.5762140155 0.6944117546 0.4310101867
v 1.470430017 10.46265125 -5.669608593
vn 0.1202661693 0.8576818705 -0.4999178648
v -7.27730751 7.733389854 -5.037976265
vn -0.6148300767 0.6658601165 0.4226278067
v 1.107473016 10.53690052 -5.606417179
vn 0.09804277122 0.9345867634 -0.3419578373
v -7.796254158 7.20991993 -5.037976265
vn -0.6689350605 0.6148485541 0.4177166224
v 1.10439384 10.50759602 -5.669608593
vn 0.08630921692 0.8583480716 -0.5057561994
v -8.277635574 6.651710987 -5.037976265
vn -0.7080138326 0.5693944097 0.4177396894
v 0.7390666008 10.5691328 -5.606417179
vn 0.06210240722 0.9242506027 -0.3767016828
v -8.719135284 6.061452866 -5.037976265
vn -0.7401416898 0.5168647766 0.4301639795
v 0.3697592616 10.58848667 -5.606417179
vn 0.03601212054 0.9319860339 -0.3607009053
v -9.118620872 5.441988945 -5.037976265
vn -0.7782483101 0.45469594 0.4331063926
v 0.3687304258 10.55903721 -5.669608593
vn 0.03062528558 0.8741276264 -0.4847297966
v -9.4741745 4.796304226 -5.037976265
vn -0.803603828 0.409619838 0.4317783117
v -9.314135241e-07 10.59494114 -5.606417179
vn -0.0001860727352 0.9397140741 -0.3419611454
v -9.784078598 4.127509594 -5.037976265
vn -0.8277933002 0.3578778505 0.4320667684
v -9.314135241e-07 10.56547356 -5.669608593
vn -0.0002713004069 0.8660708666 -0.4999212325
v -10.04683781 3.438827753 -5.037976265
vn -0.8596651554 0.2928152978 0.4186108112
v -0.3697586656 10.58848667 -5.606417179
vn -0.03298169747 0.9391340017 -0.3419643044
v -10.26119137 2.733577013 -5.037976265
vn -0.8663403988 0.236040622 0.4401580691
v -0.3687298298 10.55903721 -5.669608593
vn -0.03398962691 0.8620052934 -0.5057584047
v -10.42610359 2.015155077 -5.037976265
vn -0.8824850321 0.1762375534 0.4360739291
v -0.7390660048 10.5691328 -5.606417179
vn -0.07033833116 0.9298706055 -0.3610999286
v -10.54078197 1.287023664 -5.037976265
vn -0.8888056278 0.1077669635 0.4454333484
v -1.10747242 10.53690052 -5.606417179
vn -0.09673530608 0.9452355504 -0.3117243648
v -10.60466957 0.5526911616 -5.037976265
vn -0.8984424472 0.04895375296 0.4363538623
v -1.104393244 10.50759602 -5.669608593
vn -0.09132841974 0.8698832989 -0.4847289026
v -10.61746407 -0.1843044162 -5.037976265
vn -0.9061382413 -0.01637135074 0.4226647317
v -1.474530101 10.49183178 -5.606417179
vn -0.1332843006 0.9404118061 -0.3128273487
v -10.57910061 -0.9204119444 -5.037976265
vn -0.9066589475 -0.07869165391 0.4144601524
v -1.47042942 10.46265125 -5.669608593
vn -0.1197368652 0.8487733006 -0.5150213838
v -10.48976231 -1.652084827 -5.037976265
vn -0.8875601292 -0.1516858935 0.4350039661
v -1.837235928 10.41946983 -5.638012886
vn -0.1602812856 0.8921101093 -0.4224327803
v -10.34988499 -2.375797272 -5.037976265
vn -0.8767351508 -0.2037422508 0.4356886148
v -2.199747324 10.34900379 -5.638012886
vn -0.193449378 0.8765797019 -0.4406646788
v -10.16013718 -3.088063002 -5.037976265
vn -0.8712278605 -0.2672303617 0.4117644429
v -2.559583426 10.26593018 -5.638012886
vn -0.2149113417 0.8752558827 -0.4332900047
v -9.921435356 -3.785449266 -5.037976265
vn -0.8425264955 -0.3351839781 0.4216643572
v -2.916300774 10.17034721 -5.638012886
vn -0.2434427142 0.8501524925 -0.4668793976
v -9.634931564 -4.464596748 -5.037976265
vn -0.8160743117 -0.3781234324 0.4370874166
v -3.269463778 10.06237411 -5.638012886
vn -0.2771135569 0.8578824401 -0.4327190518
v -9.30200386 -5.122232437 -5.037976265
vn -0.7835847139 -0.4345063865 0.4440712035
v -3.623682976 9.95598793 -5.606417179
vn -0.3212006092 0.8858655095 -0.3347723186
v -8.924253464 -5.755187988 -5.037976265
vn -0.7646093965 -0.4954405725 0.4122027755
v -3.963416815 9.809797287 -5.638012886
vn -0.339669466 0.8403087854 -0.4224994779
v -8.503508568 -6.360414028 -5.037976265
vn -0.7182984352 -0.5456335545 0.4316611886
v -4.313020706 9.687203407 -5.572742462
vn -0.3938617408 0.8841102719 -0.2514398098
v -8.041789055 -6.934993744 -5.037976265
vn -0.689917922 -0.5939124227 0.4138613939
v -4.297364235 9.652040482 -5.669608593
vn -0.3621137142 0.8151944876 -0.4520305097
v -7.541324615 -7.476159573 -5.037976265
vn -0.6310126781 -0.6405270696 0.437662065
v -4.648471832 9.530779839 -5.572742462
vn -0.4199295938 0.8692749143 -0.2608070076
v -7.004520893 -7.981302261 -5.037976265
vn -0.5966544747 -0.681086719 0.4244104922
v -4.631598949 9.496185303 -5.669608593
vn -0.3868999779 0.7905817628 -0.4746460319
v -6.433971405 -8.447990417 -5.037976265
vn -0.5456337929 -0.7164322734 0.4347511232
v -4.974023342 9.354777336 -5.606417179
vn -0.440343529 0.8245714307 -0.355217576
v -5.832418442 -8.873973846 -5.037976265
vn -0.487560153 -0.7562696338 0.436281234
v -5.297470093 9.175487518 -5.606417179
vn -0.4691959918 0.8139882684 -0.342459023
v -5.202766418 -9.257200241 -5.037976265
vn -0.4398884773 -0.7854923606 0.4353158772
v -5.614463329 8.985019684 -5.606417179
vn -0.4934230447 0.7947802544 -0.3533525467
v -4.548042774 -9.595822334 -5.037976265
vn -0.3874238133 -0.8189300895 0.4233866632
v -5.924616814 8.783603668 -5.606417179
vn -0.5247120261 0.7656818628 -0.3720330298
v -3.871408224 -9.88821125 -5.037976265
vn -0.3302263916 -0.8367941976 0.4367218912
v -6.21888876 8.559567451 -5.638012886
vn -0.537512064 0.738907218 -0.4063211679
v -3.176118612 -10.13295555 -5.037976265
vn -0.2687033415 -0.8589144945 0.4359637797
v -6.513825893 8.337317467 -5.638012886
vn -0.5577151179 0.7135137916 -0.4240895212
v -2.465526819 -10.3288765 -5.037976265
vn -0.2127889842 -0.8739276528 0.4370025992
v -6.791444302 8.145503044 -5.555377483
vn -0.6272428632 0.7743709087 -0.08316321671
v -1.743056297 -10.47502995 -5.037976265
vn -0.1398876607 -0.8911013603 0.4317057431
v -6.79135561 8.093622208 -5.669608593
vn -0.5642020702 0.6818808317 -0.465526104
v -1.012185216 -10.570714 -5.037976265
vn -0.09067989886 -0.8969186544 0.4327979982
v -7.089398861 7.873575211 -5.606417179
vn -0.6302263737 0.7000041008 -0.3358704448
v -0.2764380574 -10.61546516 -5.037976265
vn -0.02247641422 -0.8996053934 0.4361248612
v -7.342359066 7.652614594 -5.555377483
vn -0.6877946854 0.7195141912 -0.09611370414
v 0.4606406689 -10.60906792 -5.037976265
vn 0.04177982733 -0.8989256024 0.4361046255
v -7.339396 7.600165844 -5.669608593
vn -0.6234638095 0.6572773457 -0.4234139323
v 1.195499182 -10.55155468 -5.037976265
vn 0.1056208462 -0.8934391737 0.4365898967
v -7.61076498 7.349629402 -5.638012886
vn -0.6689847708 0.6463455558 -0.3670105636
v 1.924598217 -10.44320011 -5.037976265
vn 0.1596091986 -0.8859437704 0.4354635477
v -7.865977764 7.082559586 -5.621175289
vn -0.7063025832 0.6328265667 -0.3172809184
v 2.644425154 -10.28452873 -5.037976265
vn 0.2217993736 -0.8721006513 0.4361714423
v -8.10490799 6.800826073 -5.638012886
vn -0.6982293129 0.5909669995 -0.404022038
v 3.351509571 -10.07630444 -5.037976265
vn 0.2860900462 -0.8522456884 0.4379838109
v -8.268904686 6.646764755 -5.529857635
vn -0.7621296644 0.6425862908 -0.07900122553
v 4.042444706 -9.819529533 -5.037976265
vn 0.3470739424 -0.8304938674 0.4356828928
v -8.325708389 6.50475502 -5.669608593
vn -0.7131105065 0.5643966198 -0.4158484042
v 4.713903427 -9.515441895 -5.037976265
vn 0.3965200484 -0.8076016307 0.4365219772
v -8.571486473 6.22755003 -5.606417179
vn -0.7743884325 0.5647508502 -0.2852701545
v 5.362650394 -9.165506363 -5.037976265
vn 0.4581432343 -0.78176862 0.4230160415
v -8.54764843 6.210229874 -5.669608593
vn -0.718454659 0.4982582629 -0.4853469133
v 5.985557079 -8.771409035 -5.037976265
vn 0.509365797 -0.7429388165 0.4342676997
v -8.972523689 5.606655598 -5.638012886
vn -0.7794224024 0.4875005186 -0.3935022056
v 6.57962513 -8.335049629 -5.037976265
vn 0.5604326129 -0.7037870884 0.4365764558
v -9.341769218 4.967106342 -5.638012886
vn -0.8138677478 0.4463844001 -0.3719680905
v 7.141990185 -7.858530045 -5.037976265
vn 0.6023695469 -0.6682316661 0.4365974963
v -9.509428978 4.638057709 -5.638012886
vn -0.8386287689 0.392844528 -0.3773260415
v 7.669944286 -7.344145775 -5.037976265
vn 0.6496687531 -0.6228064299 0.4359388649
v -9.824994087 3.96955514 -5.588540554
vn -0.8622142076 0.3601717651 -0.3561783433
v 8.160942078 -6.794375896 -5.037976265
vn 0.6888874173 -0.5798045397 0.4350411594
v -9.94214344 3.618644238 -5.638012886
vn -0.8237444162 0.3043102026 -0.4783727229
v 8.612618446 -6.211868763 -5.037976265
vn 0.7316789031 -0.5250270963 0.4347327352
v -10.07796192 3.274528503 -5.588540554
vn -0.8844512105 0.2833632231 -0.3707442582
v 9.022797585 -5.599431992 -5.037976265
vn 0.7711565495 -0.4781733453 0.4203187525
v -10.34900379 2.199748755 -5.638012886
vn -0.8933401704 0.1954822391 -0.4046357274
v 9.389502525 -4.960015297 -5.037976265
vn 0.7897930145 -0.4246729016 0.4425832033
v -10.44286633 1.8413589 -5.572742462
vn -0.9448825717 0.1736167818 -0.2775861919
v 9.710967064 -4.296700478 -5.037976265
vn 0.8228812814 -0.3633344769 0.436868906
v -10.49183273 1.474530816 -5.606417179
vn -0.9095104933 0.1126979887 -0.4001123011
v 9.985641479 -3.612682819 -5.037976265
vn 0.8521623611 -0.3076149821 0.4233111441
v -10.57813358 0.7396951914 -5.572742462
vn -0.9599680305 0.08963038027 -0.2653822899
v 10.21220207 -2.911258698 -5.037976265
vn 0.8715042472 -0.2477717847 0.4231896102
v -10.53973579 0.737010181 -5.669608593
vn -0.8910549283 0.06787059456 -0.4487924278
v 10.38955975 -2.19580698 -5.037976265
vn 0.8770685196 -0.1871149689 0.4424237311
v -10.58848572 0.3697580993 -5.606417179
vn -0.932499826 0.02367635258 -0.3603934646
v 10.51685715 -1.469775558 -5.037976265
vn 0.8925588131 -0.1241026297 0.4335173666
v -10.55903816 0.3687297106 -5.669608593
vn -0.8352053761 0.02468335256 -0.5493838787
v 10.59348106 -0.7366625071 -5.037976265
vn 0.8922089934 -0.05944757536 0.4476931095
v -10.4934721 -1.474761367 -5.588540554
vn -0.934797883 -0.1247709766 -0.3325434029
v 10.61266613 0.3685532808 -5.037976265
vn 0.8997481465 0.02678996511 0.4355864525
v -10.43397999 -1.839792132 -5.606417179
vn -0.9254178405 -0.1631747484 -0.3420173228
v 10.61266613 -0.3685532808 -5.037976265
vn 0.8994534612 -0.02752424031 0.4361489117
v -10.40496063 -1.834675312 -5.669608593
vn -0.8621832728 -0.1463936269 -0.4849834442
v 4.350576878 -0.7423176169 -5.865050793
vn -0.0109029077 0.001919677597 -0.9999387264
v -10.36503696 -2.203156471 -5.588540554
vn -0.9177055955 -0.2008464038 -0.3427493572
v 4.271606445 -1.299692631 -5.869608402
vn -0.0009399766568 -0.005667340942 -0.9999834895
v -10.2818327 -2.563548803 -5.588540554
vn -0.9118996859 -0.2243534476 -0.3436633646
v 3.837828159 -2.285011768 -5.869608402
vn -0.0006660020445 0.00297609577 -0.9999953508
v -10.17468452 -2.917544127 -5.621175289
vn -0.9018099904 -0.249513045 -0.3528200388
v 3.005413055 -3.302015543 -5.869608402
vn -0.0008419944206 0.00237117568 -0.999996841
v -10.07638645 -3.274016857 -5.606417179
vn -0.9095851183 -0.3047968745 -0.2824072242
v 1.695419431 -4.132281303 -5.869608402
vn -0.0003173822188 0.01459472813 -0.9998934269
v -10.04836178 -3.264910936 -5.669608593
vn -0.8475438952 -0.2903952599 -0.4442296326
v 1.242676377 -4.290216446 -5.869608402
vn -0.0003342736745 0.007056593429 -0.9999750257
v -9.732377052 -4.203279018 -5.572478771
vn -0.9084420204 -0.3780768514 -0.1783002764
v 0.7756106257 -4.39870739 -5.869608402
vn -0.0006220097421 0.003893273184 -0.9999922514
v -9.341769218 -4.967106342 -5.638012886
vn -0.8173770905 -0.4446804821 -0.3662703335
v 0.05996556953 -4.466162205 -5.869608402
vn 5.015638089e-05 1.07133028e-05 -1
v 8.725162506 5.452086449 -5.86353159
vn 0.1472748667 0.09278045595 -0.984734416
v -0.5381906033 -4.432400227 -5.869608402
vn 8.40303037e-05 0.00063505664 -0.9999998212
v 9.307795525 4.53971529 -5.845485687
vn 0.3073458672 0.1504487693 -0.9396295547
v 6.864943027 8.101670265 5.037976265
vn 0.5862209797 0.6908259988 -0.423207283
v 6.57962513 8.335049629 5.037976265
vn 0.560741365 0.7025793791 -0.4381225109
v 5.362650394 9.165506363 5.037976265
vn 0.4550466537 0.7738999724 -0.4404671788
v 3.699205875 9.953913689 5.037976265
vn 0.3165439665 0.8431943655 -0.4345379472
v 1.560988903 10.50370502 5.037976265
vn 0.1337850988 0.8980335593 -0.4190909564
v -1.012185216 10.570714 5.037976265
vn -0.08762834966 0.8962588906 -0.4347888231
v -3.871408224 9.88821125 5.037976265
vn -0.3291972578 0.8377575278 -0.4356506765
v -6.723296165 8.21959877 5.037976265
vn -0.5675349236 0.6976361871 -0.4372731745
v -8.924253464 5.755187988 5.037976265
vn -0.7571080327 0.4882517457 -0.4340480268
v -10.26119137 2.733577013 5.037976265
vn -0.8670063019 0.2322314382 -0.4408726096
v -10.60466957 -0.5526911616 5.037976265
vn -0.9048900008 -0.04650766402 -0.423097074
v -9.921435356 -3.785449266 5.037976265
vn -0.8452682495 -0.3040293753 -0.4394174814
v -8.277635574 -6.651710987 5.037976265
vn -0.7048786283 -0.5595163703 -0.435990274
v -5.832418442 -8.873973846 5.037976265
vn -0.5054053664 -0.7466725111 -0.4324876666
v -2.822524786 -10.23708344 5.037976265
vn -0.2416621 -0.8659344316 -0.4379006922
v 0.4606406689 -10.60906792 5.037976265
vn 0.04048333317 -0.898976922 -0.4361211061
v 3.699205875 -9.953913689 5.037976265
vn 0.3141202629 -0.842328608 -0.437962234
v 6.57962513 -8.335049629 5.037976265
vn 0.5597013831 -0.7043679357 -0.4365777969
v 8.823023796 -5.909210682 5.037976265
vn 0.7496077418 -0.4974603057 -0.436602205
v 10.21220207 -2.911258698 5.037976265
vn 0.8712027669 -0.2490370721 -0.4230676591
v 10.28852272 -2.79995714e-16 -5.86353159
vn 0.202389732 -5.861020656e-17 -0.9793050289
v -7.349630356 -7.610764027 -5.638012886
vn -0.619997263 -0.643742919 -0.448551476
v -7.07954073 -7.862626076 -5.638012886
vn -0.6180401444 -0.6850562096 -0.3856480122
v 10.34957886 -0.3609711826 -5.845485687
vn 0.3420026302 -0.01243389305 -0.9396167397
v 10.33064461 -0.722389102 -5.845485687
vn 0.3138466179 -0.02194071747 -0.9492201805
v 10.36198711 -1.089088678 -5.816018581
vn 0.4974517822 -0.05182414874 -0.8659422398
v 10.26077366 -1.809251428 -5.816018581
vn 0.4926246703 -0.08639845252 -0.8659424186
v 9.954701424 -2.854465008 -5.845485687
vn 0.3290739954 -0.09384988248 -0.9396288991
v 9.601797104 -3.879377842 -5.845485687
vn 0.3174607754 -0.1277332753 -0.9396290779
v 9.199487686 -4.89145422 -5.816018581
vn 0.4418195784 -0.234401226 -0.8659396768
v 8.429199219 -6.124172211 -5.816018581
vn 0.4048971236 -0.2936097085 -0.8659397364
v 7.193792343 -7.449390888 -5.845485687
vn 0.2380602807 -0.2458118796 -0.9396296144
v 6.124172211 -8.429199219 -5.816018581
vn 0.2943484783 -0.4043566883 -0.8659414649
v 4.539714336 -9.307795525 -5.845485687
vn 0.1504492313 -0.307346791 -0.9396291971
v 3.219668388 -9.909118652 -5.816018581
vn 0.1549883187 -0.4755256474 -0.8659411073
v 1.441257715 -10.25508881 -5.845485687
vn 0.04811039567 -0.3387965262 -0.9396288395
v -0.3614146113 -10.34956455 -5.845485687
vn -0.0114518553 -0.3420028687 -0.9396291375
v -2.153106689 -10.12957096 -5.845485687
vn -0.0803283155 -0.3683754802 -0.926200211
v -3.903049231 -9.660387993 -5.816018581
vn -0.2011848986 -0.4926193655 -0.8466704488
v -5.521263599 -8.835866928 -5.816018581
vn -0.2708228827 -0.440874517 -0.8557363153
v -6.929431438 -7.695912361 -5.845485687
vn -0.2424305081 -0.2628932893 -0.9338707328
v -8.637796402 -5.826266289 -5.816018581
vn -0.400919497 -0.2726913095 -0.874587357
v -9.790717125 -3.56352973 -5.816018581
vn -0.4959520698 -0.1877551973 -0.8478086591
v -10.33056355 -1.085785985 -5.830752373
vn -0.4009941518 -0.0392450355 -0.9152395725
v -4.631598949 -9.496185303 -5.669608593
vn -0.3737549782 -0.7880132794 -0.4892261922
v -4.313020706 -9.687203407 -5.572742462
vn -0.387591511 -0.8727862835 -0.2966765165
v -3.963416815 -9.809797287 -5.638012886
vn -0.3384637833 -0.8392834663 -0.4254944921
v -10.33064461 -0.722389102 -5.845485687
vn -0.3207778931 -0.02452223189 -0.9468369484
v -10.3558712 1.268228551e-15 -5.845485687
vn -0.3827047348 -0.005479558837 -0.9238544703
v -10.41271687 0.3636200726 -5.816018581
vn -0.5440225005 0.02396179736 -0.8387284279
v -10.33056355 1.085785985 -5.830752373
vn -0.4127142131 0.04353229702 -0.9098197222
v -10.28889751 1.814210415 -5.796022415
vn -0.571737349 0.09630042315 -0.8147653937
v -10.04825783 2.505312204 -5.845485687
vn -0.358456403 0.08865394443 -0.9293274283
v -9.954701424 2.854465008 -5.845485687
vn -0.3514093757 0.100128822 -0.9308521152
v -9.879068375 3.209904194 -5.830752373
vn -0.3904697299 0.1279598027 -0.9116795659
v -9.790717125 3.56352973 -5.816018581
vn -0.4782762229 0.1757529229 -0.8604433537
v -9.460560799 4.212112427 -5.845485687
vn -0.3081489801 0.1334890872 -0.9419261217
v -9.307795525 4.53971529 -5.845485687
vn -0.3379993737 0.1670605987 -0.9262003899
v -9.14369297 4.861787319 -5.845485687
vn -0.3357810974 0.1759524196 -0.9253603816
v -9.047905922 5.223810196 -5.796022415
vn -0.5005840659 0.2917415202 -0.8150475025
v -8.585408211 5.790929794 -5.845485687
vn -0.2801247239 0.1870030463 -0.941573143
v -8.378076553 6.087028503 -5.845485687
vn -0.2959688604 0.2142788172 -0.9308528304
v -8.185434341 6.395163536 -5.830752373
vn -0.3506559432 0.2731696665 -0.8957782984
v -8.003341675 6.715601444 -5.796022415
vn -0.4404299259 0.3679261506 -0.8189333677
v -7.449389935 7.19379282 -5.845485687
vn -0.2659954429 0.2559494674 -0.9293741584
v -7.193793297 7.449390888 -5.845485687
vn -0.2534911036 0.2569938004 -0.9325751662
v -6.929431438 7.695912361 -5.845485687
vn -0.2293367386 0.2539702356 -0.9396296144
v -6.656627178 7.933057785 -5.845485687
vn -0.2275997996 0.2829603851 -0.9317358732
v -6.395162582 8.185436249 -5.830752373
vn -0.2577706277 0.3262528479 -0.9094577432
v -6.124172688 8.429199219 -5.816018581
vn -0.2956714332 0.397031039 -0.8688755631
v -5.487776279 8.782277107 -5.845485687
vn -0.1660615206 0.2634139061 -0.9502824545
v -4.861786842 9.143692017 -5.845485687
vn -0.1550550759 0.2863589525 -0.9454927444
v -4.539716244 9.307795525 -5.845485687
vn -0.1672466099 0.3591749072 -0.9181622863
v -4.198414326 9.429797173 -5.8545084
vn -0.1155606285 0.2572559416 -0.9594087601
v -3.891214848 9.631092072 -5.830752373
vn -0.1507448107 0.3714635372 -0.9161281586
v -3.563529491 9.790717125 -5.816018581
vn -0.1723920256 0.463234216 -0.86930722
v -3.219667673 9.909118652 -5.816018581
vn -0.1549887061 0.4755261838 -0.8659407496
v -2.871882677 10.01544666 -5.816018581
vn -0.1447497457 0.5120474696 -0.846672833
v -2.52060008 10.10957336 -5.816018581
vn -0.1329572052 0.5282754898 -0.8385984898
v -2.166245699 10.19138241 -5.816018581
vn -0.1130989045 0.5347425342 -0.8374121189
v -1.814212203 10.28889847 -5.796022415
vn -0.0999603793 0.5574203134 -0.824190855
v -1.450054169 10.31766605 -5.816018581
vn -0.06934107095 0.4798809588 -0.8745890856
v -1.08908844 10.36198711 -5.816018581
vn -0.05273447931 0.4973590672 -0.8659405708
v -0.726796031 10.39368343 -5.816018581
vn -0.03534538671 0.4988961816 -0.86594069
v -0.363620013 10.41271687 -5.816018581
vn -0.01473405957 0.505707562 -0.8625791669
v -9.314135241e-07 10.44762039 -5.796022415
vn -0.0005170392687 0.5739687085 -0.8188771009
v 0.363620609 10.41271687 -5.816018581
vn 0.01504265051 0.4846356809 -0.874586761
v 0.726796627 10.39368343 -5.816018581
vn 0.0344322212 0.4989589453 -0.8659413457
v 1.089089036 10.36198711 -5.816018581
vn 0.05182461068 0.4974523783 -0.8659418821
v 1.450052261 10.31766605 -5.816018581
vn 0.06915329397 0.4953403771 -0.8659421206
v 1.809250712 10.26077461 -5.816018581
vn 0.08639810234 0.4926247299 -0.8659424186
v 2.166246176 10.19138241 -5.816018581
vn 0.103538394 0.4893116355 -0.8659410477
v 2.520600557 10.10957336 -5.816018581
vn 0.1205534413 0.4854024649 -0.8659395576
v 2.871883392 10.01544666 -5.816018581
vn 0.1374180913 0.4808953702 -0.8659421802
v 3.219668388 9.909118652 -5.816018581
vn 0.154118225 0.4758081436 -0.8659412265
v 3.879378557 9.601797104 -5.845485687
vn 0.1277331859 0.3174611032 -0.9396290183
v 4.212112427 9.460559845 -5.845485687
vn 0.1387355775 0.312810719 -0.9396286011
v 4.539714336 9.307795525 -5.845485687
vn 0.1495674253 0.3077780008 -0.9396287799
v 4.861787796 9.143692017 -5.845485687
vn 0.1602160335 0.3023691475 -0.9396295547
v 5.177936554 8.968447685 -5.845485687
vn 0.1706731915 0.2965954244 -0.9396285415
v 5.487774849 8.782277107 -5.845485687
vn 0.1809200794 0.2904589176 -0.9396284223
v 5.790929794 8.585407257 -5.845485687
vn 0.1909454614 0.2839669287 -0.9396289587
v 6.087028503 8.378076553 -5.845485687
vn 0.2007403076 0.2771299481 -0.9396288395
v 6.375710964 8.160538673 -5.845485687
vn 0.210289523 0.2699555457 -0.9396288395
v 6.656626701 7.933057785 -5.845485687
vn 0.2195826173 0.2624520361 -0.9396288395
v 6.929430962 7.695912361 -5.845485687
vn 0.228607595 0.2546276152 -0.9396293759
v 7.193792343 7.449390888 -5.845485687
vn 0.2267941833 0.2324678749 -0.9457923174
v 7.449390411 7.19379282 -5.845485687
vn 0.2373281866 0.2310510427 -0.943552196
v 7.695911884 6.929430962 -5.845485687
vn 0.2320886254 0.2115577161 -0.9494094253
v 7.933058262 6.656626225 -5.845485687
vn 0.2618200779 0.2203338295 -0.9396293163
v 8.160538673 6.375711441 -5.845485687
vn 0.2693514526 0.2110628188 -0.9396287799
v 8.378076553 6.087028503 -5.845485687
vn 0.2765533924 0.2015348226 -0.9396286011
v 8.585407257 5.790929794 -5.845485687
vn 0.2834180295 0.1917598993 -0.9396288395
v 8.782277107 5.487775326 -5.845485687
vn 0.2899362743 0.1817510128 -0.9396294355
v 8.968448639 5.177936554 -5.845485687
vn 0.2961021066 0.1715215445 -0.939629674
v 9.143692017 4.861787319 -5.845485687
vn 0.3019081652 0.1610831171 -0.9396295547
v 6.810296535 8.116195679 5.606417179
vn 0.6041792631 0.7197423577 0.3419625461
v 2.912240028 -10.15618515 5.669608593
vn 0.2374933213 -0.8431041241 0.4824648798
v 2.565331221 -10.28898144 5.572742462
vn 0.2341540158 -0.9367152452 0.2602623105
v 2.556019783 -10.2516346 5.669608593
vn 0.2159486562 -0.8573333025 0.4672748744
v 6.50475502 8.325707436 5.669608593
vn 0.5334205031 0.6823059916 0.4999211431
v 6.52289629 8.348927498 5.606417179
vn 0.5786935687 0.7403913736 0.3419567645
v 6.21023035 8.547647476 5.669608593
vn 0.5092832446 0.70050776 0.4999194741
v 6.22755003 8.571487427 5.606417179
vn 0.5525015593 0.7601369023 0.3419560492
v 5.908138275 8.759174347 5.669608593
vn 0.4845255911 0.7178553939 0.4999185801
v 5.92461586 8.783603668 5.606417179
vn 0.525636375 0.7789550424 0.3419582844
v 5.598847866 8.960029602 5.669608593
vn 0.4591781497 0.7343261242 0.4999205768
v 5.614462852 8.985019684 5.606417179
vn 0.498131156 0.7968230844 0.3419624567
v 5.282737255 9.149969101 5.669608593
vn 0.4332702458 0.7499036193 0.4999214709
v 5.297471046 9.175487518 5.606417179
vn 0.4700185061 0.8137230873 0.341961056
v 4.960188389 9.328760147 5.669608593
vn 0.4068351388 0.7645670176 0.4999224842
v 4.974023819 9.354777336 5.606417179
vn 0.4448167384 0.8413872719 0.3069292605
v 4.631599903 9.496185303 5.669608593
vn 0.3799046278 0.7783020139 0.499918431
v 4.644516945 9.522669792 5.606417179
vn 0.4192018211 0.8492686749 0.3209556043
v 4.297364712 9.652040482 5.669608593
vn 0.352510184 0.7910873294 0.4999174476
v 4.309351444 9.678959846 5.606417179
vn 0.3850357831 0.8703706861 0.3069240153
v 3.957896471 9.796136856 5.669608593
vn 0.3246873319 0.8029043078 0.4999227822
v 3.968935728 9.823457718 5.606417179
vn 0.3589848876 0.876476109 0.320810616
v 3.613604307 9.928297997 5.669608593
vn 0.2964682281 0.8137488961 0.4999192953
v 3.623683453 9.95598793 5.606417179
vn 0.3233785331 0.8951166868 0.306907922
v 3.264910936 10.04836273 5.669608593
vn 0.2678887844 0.8235991597 0.4999199808
v 3.274018049 10.07638741 5.606417179
vn 0.2970154583 0.8994191885 0.320666343
v 2.912240028 10.15618515 5.669608593
vn 0.238982752 0.8324457407 0.4999213219
v 2.920362473 10.18451118 5.606417179
vn 0.2591998279 0.9032610059 0.3419575691
v 2.556019783 10.2516346 5.669608593
vn 0.2097845376 0.8402796388 0.4999205172
v 2.563148022 10.28022575 5.606417179
vn 0.2275182158 0.9117575288 0.3419556916
v 2.196686029 10.33459282 5.669608593
vn 0.1803311855 0.8470904231 0.499918431
v 2.202812433 10.36341572 5.606417179
vn 0.1955594122 0.9191424251 0.341955781
v 1.834674239 10.40496063 5.669608593
vn 0.1506588608 0.8528692722 0.4999158978
v 1.839791417 10.43397903 5.606417179
vn 0.1633635014 0.9254065156 0.3419578671
v 1.470430017 10.46265125 5.669608593
vn 0.120802857 0.8576072454 0.4999165237
v 1.474530697 10.49183178 5.606417179
vn 0.1301872134 0.9428111911 0.3068522513
v 1.10439384 10.50759602 5.669608593
vn 0.09079872817 0.8613002896 0.4999174476
v 1.107473016 10.53690052 5.606417179
vn 0.1036323607 0.9416621327 0.3202072978
v 0.7370113134 10.53973579 5.669608593
vn 0.06068358198 0.8639441133 0.4999180436
v 0.7390666008 10.5691328 5.606417179
vn 0.06573694199 0.9374107718 0.3419644535
v 0.3687304258 10.55903721 5.669608593
vn 0.03049620986 0.8655341864 0.4999205768
v 0.3697592616 10.58848667 5.606417179
vn 0.03298155591 0.9391341209 0.3419639468
v -9.314135241e-07 10.56547356 5.669608593
vn -9.911106463e-05 0.8746627569 0.4847319722
v -9.314135241e-07 10.59494114 5.606417179
vn -0.003465058049 0.9326755404 0.3606997728
v -0.3680307865 10.53905296 5.698165894
vn -0.03093821369 0.8187288046 0.5733462572
v -0.3697586656 10.58848667 5.606417179
vn -0.03293146566 0.9200112224 0.3905059397
v -0.7356151342 10.51978874 5.698165894
vn -0.05403343961 0.8175289631 0.5733470321
v -0.7390660048 10.5691328 5.606417179
vn -0.06210245937 0.9242504239 0.3767020106
v -1.104393244 10.50759602 5.669608593
vn -0.08630921692 0.8583480716 0.5057561994
v -1.10747242 10.53690052 5.606417179
vn -0.09804262221 0.9345864058 0.3419588506
v -1.47042942 10.46265125 5.669608593
vn -0.1223271564 0.8471087813 0.5171487331
v -1.474530101 10.49183178 5.606417179
vn -0.1305986047 0.9305962324 0.3419571221
v -1.834676147 10.40496063 5.669608593
vn -0.144495666 0.8344532847 0.5317976475
v -1.839793324 10.43397903 5.606417179
vn -0.1629967988 0.9254722595 0.3419549167
v -2.196685553 10.33459282 5.669608593
vn -0.1798019409 0.8472035527 0.4999174178
v -2.202811718 10.36341572 5.606417179
vn -0.19519566 0.9192193747 0.3419566751
v -2.556019306 10.2516346 5.669608593
vn -0.2092590034 0.8404123783 0.4999176562
v -2.563147306 10.28022575 5.606417179
vn -0.2325368226 0.9229698777 0.3066810369
v -2.912239552 10.15618515 5.669608593
vn -0.2454773784 0.8240388632 0.5105887055
v -2.920361996 10.18451118 5.606417179
vn -0.2575420141 0.9183348417 0.300554812
v -3.269463778 10.06237411 5.638012886
vn -0.2741781175 0.8495319486 0.4506903887
v -3.613603592 9.928297997 5.669608593
vn -0.2927014828 0.7933077812 0.5338432789
v -3.623682976 9.95598793 5.606417179
vn -0.323577553 0.8923234344 0.3147323728
v -3.957895994 9.796136856 5.669608593
vn -0.3176871538 0.7897716761 0.5247243047
v -3.968935251 9.823457718 5.606417179
vn -0.3625539243 0.8737632036 0.3241798282
v -4.289231777 9.63377285 5.698165894
vn -0.3463139534 0.7740849257 0.5299614668
v -4.631598949 9.496185303 5.669608593
vn -0.366070658 0.7811961174 0.505692482
v -4.644516468 9.522669792 5.606417179
vn -0.4039261937 0.8418927789 0.3578549922
v -4.960190296 9.328760147 5.669608593
vn -0.4112557471 0.7659839988 0.494102478
v -4.974023342 9.354777336 5.606417179
vn -0.4552638531 0.8438299894 0.2840523422
v -5.290103436 9.16272831 5.638012886
vn -0.4709378183 0.8060265779 0.3585230112
v -5.588252544 8.943071365 5.698165894
vn -0.4482563436 0.716586113 0.5343880653
v -5.908137798 8.759174347 5.669608593
vn -0.495834738 0.7531824708 0.4322777689
v -6.198476791 8.531470299 5.698165894
vn -0.5007793903 0.6893962026 0.5234050751
v -6.504755497 8.325707436 5.669608593
vn -0.5424169898 0.6944423318 0.4727934599
v -6.800827026 8.104908943 5.638012886
vn -0.5907552838 0.6997054219 0.4017717838
v -7.07954073 7.862626076 5.638012886
vn -0.6043102145 0.6655379534 0.4380278885
v -7.61076498 7.349629402 5.638012886
vn -0.639162004 0.615116179 0.4616319239
v -7.862625122 7.07954073 5.638012886
vn -0.6664048433 0.6027638316 0.4388397932
v -8.093623161 6.791355133 5.669608593
vn -0.6363102198 0.5415661931 0.549377203
v -8.116196632 6.810296059 5.606417179
vn -0.7233037949 0.6098594666 0.3238874376
v -8.325708389 6.50475502 5.669608593
vn -0.6933928728 0.5320441127 0.4859376252
v -8.348926544 6.522896767 5.606417179
vn -0.7499346137 0.5933914781 0.2923775315
v -8.563216209 6.221541882 5.621175289
vn -0.768601954 0.5427894592 0.3385715187
v -8.771389961 5.916376591 5.638012886
vn -0.7415590882 0.5005482435 0.4467008114
v -8.985019684 5.614463329 5.606417179
vn -0.76622051 0.4827095866 0.4241433442
v -9.132651329 5.272738457 5.698165894
vn -0.6854072213 0.4013226032 0.607583046
v -9.175488472 5.29747057 5.606417179
vn -0.8115821481 0.4768834412 0.3375152647
v -9.341769218 4.967106342 5.638012886
vn -0.8139053583 0.4326396585 0.3877898753
v -9.496186256 4.631598949 5.669608593
vn -0.7783659697 0.3796599805 0.5000047088
v -9.522670746 4.644516468 5.606417179
vn -0.8423022628 0.4210091829 0.3365682662
v -9.633771896 4.289231777 5.698165894
vn -0.7494300008 0.3310977519 0.5733488798
v -9.6789608 4.309350491 5.606417179
vn -0.8594212532 0.3757904172 0.3466651142
v -9.77759552 3.950405598 5.698165894
vn -0.7763608098 0.3150226474 0.5459163189
v -9.928297997 3.613604784 5.669608593
vn -0.8266794682 0.3021733463 0.4746496677
v -9.955988884 3.623683214 5.606417179
vn -0.8779308796 0.3074349463 0.367043823
v -10.07638645 3.274016857 5.606417179
vn -0.8808348179 0.2837034762 0.3790017962
v -10.17468452 2.917544127 5.621175289
vn -0.889914453 0.2536419928 0.3791015446
v -10.40496063 1.834675312 5.669608593
vn -0.8502934575 0.1644707918 0.4999504387
v -10.43397999 1.839792132 5.606417179
vn -0.916836381 0.1521851867 0.3691216111
v -10.44284916 1.467646837 5.698165894
vn -0.8304347396 0.1080596596 0.5465356708
v -10.54449081 1.037819505 5.584066868
vn -0.9814856052 0.08040817827 0.1738405675
v -10.51978874 0.7356153131 5.698165894
vn -0.8044428229 0.06045996398 0.5909453034
v -10.55903816 0.3687297106 5.669608593
vn -0.9189028144 0.03926686943 0.3925248086
v -10.58020878 1.295701641e-15 5.638012886
vn -0.8983016014 -0.007778369822 0.4393104911
v -10.54641628 -0.368288964 5.682368279
vn -0.8373075724 -0.02503374033 0.546158731
v -10.51978874 -0.7356153131 5.698165894
vn -0.8168013096 -0.06127764657 0.5736555457
v -10.57813358 -0.7396951914 5.572742462
vn -0.9468570352 -0.07742285728 0.3121978343
v -10.48770714 -1.10230267 5.698165894
vn -0.8567586541 -0.08981602639 0.5078363419
v -10.47724152 -1.472480297 5.638012886
vn -0.9018607736 -0.1221171543 0.4144087434
v -10.44286633 -1.8413589 5.572742462
vn -0.927151978 -0.1680415273 0.3348898888
v -10.34900379 -2.199748755 5.638012886
vn -0.8969707489 -0.1794709861 0.4040218294
v -10.23223114 -2.551182032 5.698165894
vn -0.7911510468 -0.2019782513 0.5773082376
v -10.28022575 -2.56314826 5.606417179
vn -0.9139884114 -0.2214202285 0.3399974406
v -10.14404488 -2.908758163 5.682368279
vn -0.8480613828 -0.253451556 0.4653538764
v -10.03635025 -3.261008024 5.682368279
vn -0.8316926956 -0.2581500113 0.4915748537
v -9.94214344 -3.618644238 5.638012886
vn -0.8517240882 -0.3098597527 0.4225553274
v -9.824994087 -3.96955514 5.588540554
vn -0.8717361689 -0.367061168 0.3245645463
v -9.633771896 -4.289231777 5.698165894
vn -0.796949029 -0.3546978831 0.4889393151
v -9.509428978 -4.638057709 5.638012886
vn -0.8436114788 -0.4051671326 0.3523623943
v -9.328761101 -4.960189342 5.669608593
vn -0.7959522009 -0.4323585331 0.4237053096
v -9.132651329 -5.272738457 5.698165894
vn -0.7233198881 -0.4119550884 0.5541672111
v -9.175488472 -5.29747057 5.606417179
vn -0.8101040125 -0.4373295009 0.3904797137
v -8.972523689 -5.606655598 5.638012886
vn -0.7637163401 -0.4845503271 0.4265539646
v -8.742596626 -5.896955967 5.698165894
vn -0.7005842328 -0.4725479782 0.5346776247
v -8.559568405 -6.21889019 5.638012886
vn -0.7422737479 -0.5256497264 0.4155984223
v -8.325708389 -6.50475502 5.669608593
vn -0.6820970178 -0.5359175801 0.4975298941
v -8.35603714 -6.528451443 5.572742462
vn -0.7651641965 -0.5938050151 0.2488360703
v -8.108364105 -6.803725719 5.621175289
vn -0.714607954 -0.6082202196 0.3455483019
v -7.87480402 -7.090507984 5.588540554
vn -0.7005563974 -0.6249225736 0.3445177674
v -7.600166321 -7.339395046 5.669608593
vn -0.6385775805 -0.6057031751 0.4747023284
v -7.627854347 -7.366132259 5.572742462
vn -0.6922214627 -0.6730356812 0.2604850233
v -7.339396 -7.600165844 5.669608593
vn -0.6258500814 -0.6500553489 0.4309753478
v -7.342359066 -7.652614594 5.555377483
vn -0.6813319325 -0.7262382507 0.09145905823
v -7.069683075 -7.851677418 5.669608593
vn -0.6026876569 -0.6580358744 0.4513938129
v -7.089398861 -7.873575211 5.606417179
vn -0.6235442758 -0.7125412226 0.3216792345
v -6.778502464 -8.078304291 5.698165894
vn -0.5360013247 -0.6458251476 0.5437024832
v -6.791444302 -8.145503044 5.555377483
vn -0.6268965602 -0.7728610039 0.09842022508
v -6.513825893 -8.337317467 5.638012886
vn -0.5588080287 -0.7089627981 0.4302387238
v -6.21888876 -8.559567451 5.638012886
vn -0.5356836915 -0.7346020937 0.416416496
v -5.908137798 -8.759174347 5.669608593
vn -0.4842945635 -0.7179511189 0.5000050068
v -5.924616814 -8.783603668 5.606417179
vn -0.5303869843 -0.7744604349 0.3448197842
v -5.588252544 -8.943071365 5.698165894
vn -0.4234641492 -0.6787036061 0.6000329852
v -5.614463329 -8.985019684 5.606417179
vn -0.4934230447 -0.7947802544 0.3533525467
v -5.272738457 -9.132651329 5.698165894
vn -0.4123598635 -0.7079764009 0.5733487606
v -5.297470093 -9.175487518 5.606417179
vn -0.4741588235 -0.8170627356 0.327996701
v -4.960190296 -9.328760147 5.669608593
vn -0.4066863954 -0.7646173835 0.4999664724
v -4.974023342 -9.354777336 5.606417179
vn -0.4501838982 -0.8382561207 0.3076705635
v -4.638057709 -9.509428024 5.638012886
vn -0.4038954377 -0.835029304 0.3736235201
v -4.297364235 -9.652040482 5.669608593
vn -0.3557137549 -0.8073807955 0.4707483053
v -4.313020706 -9.687203407 5.572742462
vn -0.3995471895 -0.8804889917 0.2551492751
v -3.963416815 -9.809797287 5.638012886
vn -0.339669466 -0.8403087854 0.4224994779
v -3.606763363 -9.909507751 5.698165894
vn -0.2790542841 -0.7703149915 0.5733615756
v -3.623682976 -9.95598793 5.606417179
vn -0.3212006092 -0.8858655095 0.3347723186
v -3.269463778 -10.06237411 5.638012886
vn -0.2827714682 -0.8632823229 0.4180716276
v -2.916300774 -10.17034721 5.638012886
vn -0.2501285374 -0.871178329 0.4224736989
v -2.559583426 -10.26593018 5.638012886
vn -0.2199530154 -0.8948278427 0.3884634078
v -2.199747324 -10.34900379 5.638012886
vn -0.1937807649 -0.8917961717 0.4088381231
v -1.837235928 -10.41946983 5.638012886
vn -0.1566094011 -0.8852207065 0.4380156994
v -1.47042942 -10.46265125 5.669608593
vn -0.1220801473 -0.8266096711 0.5493749976
v -1.474530101 -10.49183178 5.606417179
vn -0.1332843006 -0.9404118061 0.3128273487
v -1.104393244 -10.50759602 5.669608593
vn -0.09079872817 -0.8613002896 0.4999174476
v -1.10747242 -10.53690052 5.606417179
vn -0.1003278643 -0.9507768154 0.2931856215
v -0.7370107174 -10.53973579 5.669608593
vn -0.05646907166 -0.8540312052 0.5171479583
v -0.7390660048 -10.5691328 5.606417179
vn -0.06946632266 -0.9429237843 0.3256826401
v -0.3687298298 -10.55903721 5.669608593
vn -0.02867224254 -0.8383405209 0.5443924069
v -0.3697586656 -10.58848667 5.606417179
vn -0.03298169747 -0.9391340017 0.3419643044
v -9.314135241e-07 -10.56547356 5.669608593
vn -0.002600598847 -0.8468679786 0.531796813
v -9.314135241e-07 -10.59494114 5.606417179
vn -0.0001860727352 -0.9397140741 0.3419611454
v 0.3687304258 -10.55903721 5.669608593
vn 0.02995501831 -0.8655545712 0.499917984
v 0.3697592616 -10.58848667 5.606417179
vn 0.03260914609 -0.9391474724 0.3419629931
v 0.7370113134 -10.53973579 5.669608593
vn 0.06014258787 -0.8639808893 0.4999199212
v 0.7390666008 -10.5691328 5.606417179
vn 0.06536405534 -0.9374368191 0.3419645429
v 1.10439384 -10.50759602 5.669608593
vn 0.09025983512 -0.8613565564 0.4999180436
v 1.107473016 -10.53690052 5.606417179
vn 0.09804277122 -0.9345867634 0.3419578373
v 1.470430017 -10.46265125 5.669608593
vn 0.1202661693 -0.8576818705 0.4999178648
v 1.474530697 -10.49183178 5.606417179
vn 0.1305991411 -0.9305969477 0.3419549465
v 1.834674239 -10.40496063 5.669608593
vn 0.1501246542 -0.8529612422 0.4999196529
v 1.839791417 -10.43397903 5.606417179
vn 0.1629966795 -0.9254725575 0.3419541717
v 2.196686029 -10.33459282 5.669608593
vn 0.1798013449 -0.8472037315 0.4999173284
v 2.202812433 -10.36341572 5.606417179
vn 0.1994275898 -0.9206364155 0.3356444836
v -7.004520893 7.981302261 5.037976265
vn -0.5968691707 0.6813210249 -0.4237320721
v -4.212264538 9.747889519 5.037976265
vn -0.3630550206 0.8255378008 -0.4320629537
v 9.460559845 4.212112427 -5.845485687
vn 0.3124095798 0.1396309584 -0.9396294355
v -1.378452659 10.52921581 5.037976265
vn -0.1169578135 0.8983610868 -0.4234007895
v 9.660387993 3.903049946 -5.816018581
vn 0.4635589719 0.1877834052 -0.8659390807
v 1.195499182 10.55155468 5.037976265
vn 0.1093938872 0.8910493851 -0.4405268729
v 9.849019051 3.200140476 -5.845485687
vn 0.3252951801 0.1062102765 -0.9396288991
v 3.351509571 10.07630444 5.037976265
vn 0.2857188284 0.8530825973 -0.4365946651
v 10.04825783 2.505312204 -5.845485687
vn 0.3319123089 0.08326097578 -0.9396285415
v 5.041313171 9.346104622 5.037976265
vn 0.4256729186 0.7941967249 -0.4336521029
v 10.26077366 1.809251428 -5.816018581
vn 0.4924681187 0.08729978651 -0.8659410477
v 6.286377907 8.558385849 5.037976265
vn 0.5370045304 0.7215124965 -0.4370879233
v 10.39368343 0.7267971635 -5.816018581
vn 0.498886168 0.03532981128 -0.8659471273
v 7.669944286 7.344145775 5.037976265
vn 0.6496687531 0.6228064299 -0.4359388649
v 10.45065975 -0.7307813168 -5.776026249
vn 0.6187670827 -0.04324362054 -0.7843834162
v 7.410431862 7.605919838 5.037976265
vn 0.6257517934 0.6459789276 -0.4372023046
v 9.364593506 4.567416668 -5.816018581
vn 0.4493294954 0.2196616083 -0.865939796
v -9.118620872 5.441988945 5.037976265
vn -0.7705364227 0.4657875299 -0.4351041913
v -10.34988499 2.375797272 5.037976265
vn -0.8828885555 0.2033267617 -0.4232800901
v -10.57910061 -0.9204119444 5.037976265
vn -0.9019835591 -0.07562053949 -0.4250966907
v -9.784078598 -4.127509594 5.037976265
vn -0.8269478679 -0.3577551246 -0.4337839484
v -8.041789055 -6.934993744 5.037976265
vn -0.6771746874 -0.5884981751 -0.4417062104
v -5.520918846 -9.071051598 5.037976265
vn -0.4619573951 -0.771227181 -0.4379543066
v -2.465526819 -10.3288765 5.037976265
vn -0.2017718107 -0.8774266839 -0.4352131784
v 0.828569591 -10.586689 5.037976265
vn 0.07237740606 -0.8969678283 -0.4361310005
v 4.042444706 -9.819529533 5.037976265
vn 0.3448543251 -0.8328804374 -0.4328806996
v 6.864943027 -8.101670265 5.037976265
vn 0.5852716565 -0.6917154789 -0.4230683148
v 9.022797585 -5.599431992 5.037976265
vn 0.7695487738 -0.4783373773 -0.4230698049
v 10.30709076 -2.555072069 5.037976265
vn 0.8722811937 -0.2202824056 -0.436578989
v -3.274017334 -10.07638741 -5.606417179
vn -0.2915079892 -0.8859558105 -0.3607012033
v 10.38955975 -2.19580698 5.037976265
vn 0.8798205256 -0.1889488995 -0.4361354709
v -3.264910221 -10.04836273 -5.669608593
vn -0.2618237436 -0.8100112677 -0.5247190595
v 10.4595108 -1.83389616 5.037976265
vn 0.8865407705 -0.1547467113 -0.4360032976
v -2.920361996 -10.18451118 -5.606417179
vn -0.2588414252 -0.9033622146 -0.3419617116
v 10.51685715 -1.469775558 5.037976265
vn 0.8930267096 -0.1239499822 -0.4325964451
v -2.912239552 -10.15618515 -5.669608593
vn -0.2348624319 -0.8204138279 -0.5213068128
v 10.56153202 -1.103884101 5.037976265
vn 0.8954092264 -0.09298613667 -0.4354261458
v -2.563147306 -10.28022575 -5.606417179
vn -0.2194145322 -0.8986666203 -0.3798099458
v 10.2126255 0.3626824021 -5.869608402
vn 0.0005231937976 0.000642222818 -0.9999996424
v -2.199747324 -10.34900379 -5.638012886
vn -0.1899340749 -0.8902052641 -0.4140768945
v 10.2822628 0.3588439524 -5.86353159
vn 0.1734888554 0.006565216463 -0.9848139286
v -1.839793324 -10.43397903 -5.606417179
vn -0.1640810668 -0.931199491 -0.3254918754
v 10.21906376 3.964162364e-23 -5.869608402
vn 0.001092446386 0.001866107108 -0.9999976754
v -1.834676147 -10.40496063 -5.669608593
vn -0.1486511081 -0.8381850719 -0.524736762
v -9.314135241e-07 -10.59494114 -5.606417179
vn 0.0001860729535 -0.9397141337 -0.3419609666
v 1.470430017 -10.46265125 -5.669608593
vn 0.120802857 -0.8576072454 -0.4999165237
v 3.274018049 -10.07638741 -5.606417179
vn 0.2970154583 -0.8994191885 -0.320666343
v 10.2822628 -0.3588439524 -5.86353159
vn 0.1734888554 -0.006565216463 -0.9848139286
v 4.644516945 -9.522669792 -5.606417179
vn 0.4192018211 -0.8492686749 -0.3209556043
v 10.39368343 -0.7267971635 -5.816018581
vn 0.473501116 -0.03309651092 -0.8801711798
v 5.598847866 -8.960029602 -5.669608593
vn 0.4591781497 -0.7343261242 -0.4999205768
v 10.25508785 -1.441258907 -5.845485687
vn 0.338932246 -0.04713790119 -0.9396291375
v 6.810296535 -8.116195679 -5.606417179
vn 0.6041792631 -0.7197423577 -0.3419625461
v 10.12957001 -2.153106689 -5.845485687
vn 0.3348190784 -0.0706660971 -0.9396288991
v 7.339395046 -7.600165844 -5.669608593
vn 0.6126244664 -0.6374518871 -0.4672754705
v 10.01544666 -2.871882915 -5.816018581
vn 0.4808958471 -0.1374182105 -0.8659419417
v 7.851677418 -7.069682121 -5.669608593
vn 0.655598402 -0.5931640863 -0.4672762454
v 9.660387993 -3.903049946 -5.816018581
vn 0.4639005363 -0.1869346201 -0.865939796
v 8.356038094 -6.528451443 -5.572742462
vn 0.7600395679 -0.5957075357 -0.2597545385
v 8.968448639 -5.177936554 -5.845485687
vn 0.2965931594 -0.1706715673 -0.9396295547
v 8.547647476 -6.210229874 -5.669608593
vn 0.7140091658 -0.5213854909 -0.4672773182
v 8.160538673 -6.375711441 -5.845485687
vn 0.2699556947 -0.210289374 -0.9396288395
v 7.237689972 -7.494847298 -5.816018581
vn 0.3477596045 -0.3594566882 -0.8659411669
v 5.790929794 -8.585407257 -5.845485687
vn 0.1917604357 -0.2834193707 -0.9396283031
v 4.567417145 -9.364592552 -5.816018581
vn 0.2196607441 -0.4493280649 -0.8659408092
v 2.854464054 -9.954702377 -5.845485687
vn 0.0947932601 -0.3288028836 -0.9396291375
v 1.450052261 -10.31766605 -5.816018581
vn 0.06751406938 -0.5013919473 -0.8625821471
v -0.363620013 -10.41271687 -5.816018581
vn -0.01699762791 -0.4998597205 -0.8659395576
v -2.505312443 -10.04825783 -5.845485687
vn -0.08780294657 -0.3546876013 -0.9308530092
v -4.21211195 -9.460559845 -5.845485687
vn -0.1387341917 -0.3128088713 -0.9396294355
v -5.790929317 -8.585407257 -5.845485687
vn -0.1909460127 -0.2839665711 -0.9396289587
v -7.193793297 -7.449390888 -5.845485687
vn -0.2226450741 -0.2386609614 -0.9452354908
v -8.782276154 -5.487775326 -5.845485687
vn -0.2673837841 -0.1669092476 -0.9490243793
v -9.849020004 -3.200140476 -5.845485687
vn -0.3252951801 -0.1062103659 -0.9396288395
v 8.759174347 -5.908137798 -5.669608593
vn 0.7181578279 -0.4840764701 -0.4999193251
v -9.909118652 -3.219667673 -5.816018581
vn -0.4755249321 -0.1549880952 -0.8659415245
v 8.985019684 -5.614463329 -5.606417179
vn 0.8042511344 -0.5040610433 -0.3148055673
v -9.954701424 -2.854465008 -5.845485687
vn -0.345136106 -0.09702592343 -0.9335240126
v 8.960028648 -5.598848343 -5.669608593
vn 0.7449816465 -0.4606827199 -0.4824663699
v -10.01544571 -2.871882915 -5.816018581
vn -0.4647061527 -0.1306510419 -0.8757730722
v 9.183301926 -5.301982403 -5.572742462
vn 0.8323179483 -0.4852054715 -0.2679972351
v -10.10957336 -2.520599604 -5.816018581
vn -0.4494783878 -0.10718555 -0.8868373036
v 9.149968147 -5.282736778 -5.669608593
vn 0.7645982504 -0.4438978136 -0.4672732353
v -10.19854259 -1.798278213 -5.845485687
vn -0.346776247 -0.06992916018 -0.9353374839
v 9.354777336 -4.974023342 -5.606417179
vn 0.8300028443 -0.4454658628 -0.3356418014
v -10.26077366 -1.809251428 -5.816018581
vn -0.4860318005 -0.08342145383 -0.8699505329
v 9.328760147 -4.960189342 -5.669608593
vn 0.7648240924 -0.4063582718 -0.4999170601
v -10.25508785 -1.441258907 -5.845485687
vn -0.3768912256 -0.04946363345 -0.9249358773
v 9.522669792 -4.644516468 -5.606417179
vn 0.839153707 -0.4091436565 -0.3583608866
v 10.04836178 -3.264910936 -5.669608593
vn 0.8343026638 -0.2667723894 -0.4824640155
v 10.46265125 -1.470429897 -5.669608593
vn 0.8488943577 -0.1188557521 -0.5150259137
v 10.46982861 0.3647159636 -5.776026249
vn 0.6425488591 0.02284778282 -0.7659040093
v 10.49984169 0.7342204452 -5.726723671
vn 0.7642199993 0.05374792218 -0.6427121758
v -10.44762135 1.279464549e-15 -5.796022415
vn -0.6386775374 -0.005533480085 -0.7694545984
v 10.21283054 2.546344519 -5.726723671
vn 0.7432824969 0.1854744554 -0.6427521706
v -10.34956264 0.3614147305 -5.845485687
vn -0.3501853943 0.01499213465 -0.936560452
v 9.570465088 4.261045933 -5.776026249
vn 0.58715415 0.2618653476 -0.7659481168
v -10.36216259 0.7245931029 -5.830752373
vn -0.4366742373 0.03079870716 -0.8990923762
v 8.685145378 5.858204842 -5.776026249
vn 0.5433374047 0.3713713586 -0.7529062033
v -10.34594727 1.45402801 -5.796022415
vn -0.5626557469 0.08215411007 -0.8225990534
v 7.535932541 7.277365208 -5.776026249
vn 0.4621793926 0.4468902647 -0.7659499049
v -10.19138241 2.166245222 -5.816018581
vn -0.4848257303 0.1001900584 -0.868853271
v 6.157743931 8.475406647 -5.776026249
vn 0.3960583508 0.5416814685 -0.7414303422
v -10.13728142 2.527508259 -5.796022415
vn -0.6177536845 0.1551889926 -0.7709064484
v 4.592453957 9.415926933 -5.776026249
vn 0.2814609706 0.5780135393 -0.7659504414
v -10.01544571 2.871882915 -5.816018581
vn -0.4806351364 0.1377926767 -0.8660271764
v 2.139104605 10.063694 5.86353159
vn 0.03687433526 0.1701972336 0.9847198725
v -9.731336594 3.541916847 -5.845485687
vn -0.2775424421 0.09577582777 -0.955927372
v 2.835900545 9.88996315 5.86353159
vn 0.04868059605 0.1672292203 0.9847154617
v -9.660387039 3.903049946 -5.816018581
vn -0.4773390889 0.1895631552 -0.8580286503
v 3.51888299 9.668048859 5.86353159
vn 0.06024924666 0.1634356081 0.9847125411
v -9.518289566 4.237814903 -5.816018581
vn -0.4766177535 0.2115904391 -0.8532672524
v 4.184719563 9.399033546 5.86353159
vn 0.07152405381 0.1588377059 0.9847105742
v -9.390258789 4.579935551 -5.796022415
vn -0.5291906595 0.2550047934 -0.8092773557
v 4.830168724 9.084226608 5.86353159
vn 0.08244799823 0.1534592509 0.9847093821
v -9.199486732 4.89145422 -5.816018581
vn -0.4153550863 0.2298842967 -0.8801326156
v 5.452086926 8.725162506 5.86353159
vn 0.09296665341 0.1473250687 0.9847093821
v -8.835867882 5.521262646 -5.816018581
vn -0.390923053 0.2404820323 -0.8884523511
v -0.359063983 10.28225517 5.86353159
vn -0.005452248733 0.1739318669 0.9847425818
v -8.66146946 5.842236042 -5.796022415
vn -0.499951303 0.3399793804 -0.7965316772
v -2.139104128 10.063694 5.86353159
vn -0.03558795154 0.1702040732 0.9847660065
v -8.429199219 6.124172211 -5.816018581
vn -0.4376127422 0.3240745664 -0.8387316465
v -3.518882513 9.668048859 5.86353159
vn -0.05891679972 0.1634571105 0.9847896099
v -7.933057308 6.656626225 -5.845485687
vn -0.2851712406 0.2409358323 -0.9276999831
v -3.854148865 9.539352417 5.86353159
vn -0.06457997859 0.1612640619 0.9847961068
v -7.719392776 6.950572491 -5.830752373
vn -0.3140494525 0.2833794951 -0.9061285853
v -5.144261837 8.910121918 5.86353159
vn -0.08683613688 0.1503752023 0.9848079681
v -7.515388966 7.257527828 -5.796022415
vn -0.409639746 0.3921922743 -0.8236385584
v -4.845977783 9.113959312 5.8545084
vn -0.1367893517 0.2551417947 0.9571788311
v -7.237689495 7.494847298 -5.816018581
vn -0.3381676078 0.3474756181 -0.8745875359
v 0.7307816148 10.45066071 -5.776026249
vn 0.04883012548 0.6692535877 -0.7414278388
v -6.97171545 7.742873669 -5.816018581
vn -0.3363488317 0.3779214919 -0.8625802994
v -1.100211382 10.46782207 -5.726723671
vn -0.07721538842 0.7665295601 -0.6375501752
v -6.715601921 8.003342628 -5.796022415
vn -0.384434253 0.461620003 -0.7994481325
v -3.252551794 10.01032734 -5.726723671
vn -0.2420992851 0.760982573 -0.6019081473
v -6.087028027 8.378076553 -5.845485687
vn -0.2010501623 0.2766902447 -0.9396921396
v -4.614066601 9.460240364 -5.726723671
vn -0.3244864941 0.6511266232 -0.6861068606
v -5.826267242 8.637795448 -5.816018581
vn -0.2637963295 0.3860991597 -0.8839337826
v -5.858203888 8.685145378 -5.776026249
vn -0.3735560775 0.5574438572 -0.7414257526
v -5.521263599 8.835866928 -5.816018581
vn -0.2718828022 0.4375755191 -0.8570924401
v -7.277364254 7.535932541 -5.776026249
vn -0.4456409216 0.4561412632 -0.7702852488
v -5.1937356 8.995811462 -5.830752373
vn -0.2120409906 0.3661310077 -0.9060831666
v -8.742596626 5.896955967 -5.698165894
vn -0.6998938918 0.4738641679 -0.5344167948
v -4.89145422 9.199487686 -5.816018581
vn -0.2349384278 0.4414388537 -0.8659882545
v -9.570466042 4.261045933 -5.776026249
vn -0.6209424138 0.2818596065 -0.7314271927
v -4.579935074 9.390259743 -5.796022415
vn -0.2524912953 0.51556319 -0.8188056946
v -10.2713623 2.18324542 -5.751374722
vn -0.7224720716 0.1620953232 -0.6721303463
v -4.237815857 9.518288612 -5.816018581
vn -0.1892764866 0.4128021598 -0.8909370303
v -10.552845 1.292350778e-15 -5.682368279
vn -0.8559358716 -0.009949518368 -0.5169862509
v -3.541916132 9.731336594 -5.845485687
vn -0.1053172126 0.2667434216 -0.9579959512
v -10.34594727 -1.45402801 -5.796022415
vn -0.575858593 -0.08009332418 -0.8136165738
v -3.200141668 9.849019051 -5.845485687
vn -0.1062105 0.3252938986 -0.9396293163
v -10.07034874 -2.88762641 -5.776026249
vn -0.617880106 -0.1775993407 -0.7659521103
v -2.854465961 9.954702377 -5.845485687
vn -0.08661331236 0.310505569 -0.9466173649
v -7.645861626 6.884366035 5.86353159
vn -0.1312622875 0.1156840622 0.9845747352
v -2.505312443 10.04825783 -5.845485687
vn -0.07715447992 0.2975941896 -0.9515696764
v -9.084225655 4.830168724 5.86353159
vn -0.1430574954 0.08005678654 0.9864712358
v -2.153106689 10.12957096 -5.845485687
vn -0.07162604481 0.3346131444 -0.9396296144
v -10.0155859 2.49716568 5.8545084
vn -0.252400279 0.06048342958 0.9657307267
v -1.798277259 10.19854259 -5.845485687
vn -0.06351646036 0.3716425598 -0.9262005687
v -10.28225613 -0.3590643108 5.86353159
vn -0.2361242473 -0.01215035841 0.9716469049
v -1.441259623 10.25508881 -5.845485687
vn -0.05402095988 0.35691154 -0.9325748682
v -9.889962196 -2.835901499 5.86353159
vn -0.1873884797 -0.04975840822 0.9810248017
v -1.082484603 10.29914093 -5.845485687
vn -0.03625753894 0.3402682245 -0.9396291375
v -8.939285278 -5.16109848 5.8545084
vn -0.2497603297 -0.1506302655 0.9565199018
v -0.7223901749 10.33064556 -5.845485687
vn -0.024360165 0.3413268626 -0.9396289587
v -7.147007465 -7.400944233 5.86353159
vn -0.1211481914 -0.1246469691 0.9847772717
v -0.3614146113 10.34956455 -5.845485687
vn -0.01243307255 0.3419680595 -0.9396293163
v -4.510191917 -9.247262955 5.86353159
vn -0.0745973736 -0.1570723951 0.9847657084
v -9.314135241e-07 10.35587311 -5.845485687
vn 0.001983524999 0.377027303 -0.9262000322
v -1.431886673 -10.1883955 5.86353159
vn -0.02512459457 -0.1721202731 0.9847554564
v 0.3614152074 10.34956455 -5.845485687
vn 0.008776690811 0.3608709872 -0.932574451
v 1.431884885 -10.1883955 5.86353159
vn 0.02338385768 -0.1725414097 0.9847246408
v 0.7223883271 10.33064556 -5.845485687
vn 0.02338128723 0.3413967192 -0.9396284223
v 3.85414958 -9.539352417 5.86353159
vn 0.06451549381 -0.1618065536 0.984711349
v 1.082482696 10.29914093 -5.845485687
vn 0.03641471639 0.3122369349 -0.9493060708
v 7.881466389 -6.613335133 5.86353159
vn 0.1288194656 -0.112186268 0.9853018522
v 1.441257715 10.25508881 -5.845485687
vn 0.03675504774 0.2892535031 -0.9565466642
v 7.489114285 -7.027523994 5.865050793
vn 0.005890909117 -0.005545712076 0.9999672771
v 1.798277855 10.19854259 -5.845485687
vn 0.05893815309 0.3370817006 -0.9396287799
v -8.452301979 -6.140958309 -5.796022415
vn -0.4668406546 -0.344770968 -0.8143665195
v 2.153107405 10.12957096 -5.845485687
vn 0.07066565007 0.3348180056 -0.9396293163
v -7.042922974 -7.821956635 -5.726723671
vn -0.5252215862 -0.5829034448 -0.619972527
v 2.505313158 10.04825783 -5.845485687
vn 0.08230818063 0.3321478367 -0.9396292567
v -5.885773659 -8.726019859 -5.726723671
vn -0.4284395874 -0.6288573146 -0.6488282084
v 2.854464054 9.954702377 -5.845485687
vn 0.09384983778 0.3290731013 -0.9396292567
v -4.59245348 -9.415926933 -5.776026249
vn -0.291660428 -0.6061819792 -0.7399173379
v 3.200139761 9.849019051 -5.845485687
vn 0.1052759364 0.3255963326 -0.9396297336
v -2.887625694 -10.07034969 -5.776026249
vn -0.1724919826 -0.6107106805 -0.7728382349
v 3.541916609 9.731336594 -5.845485687
vn 0.1165760979 0.3217252791 -0.9396290779
v -1.097636819 -10.44330597 -5.751374722
vn -0.06966137141 -0.6812979579 -0.7286840081
v 3.563529968 9.790717125 -5.816018581
vn 0.1706305295 0.4701411724 -0.8659402132
v 0.3656143248 -10.46979713 -5.776026249
vn 0.02284458093 -0.6424969435 -0.7659476399
v 3.903049707 9.660387993 -5.816018581
vn 0.186934486 0.4639001489 -0.8659400344
v 1.819169998 -10.31702232 -5.776026249
vn 0.1120415106 -0.6330602765 -0.7659512758
v 4.23781395 9.518288612 -5.816018581
vn 0.2030106485 0.4570930898 -0.8659402728
v 3.23731637 -9.963438034 -5.776026249
vn 0.1990562826 -0.6113095284 -0.7659485936
v 4.567417145 9.364592552 -5.816018581
vn 0.2188375443 0.4497279823 -0.8659416437
v 4.592453957 -9.415926933 -5.776026249
vn 0.2821966112 -0.5776564479 -0.7659491301
v 4.891454697 9.199487686 -5.816018581
vn 0.2344003618 0.4418181777 -0.8659406304
v 5.858204365 -8.685145378 -5.776026249
vn 0.3598444462 -0.5327608585 -0.7659489512
v 5.20953083 9.023174286 -5.816018581
vn 0.2496774346 0.4333676696 -0.8659408689
v 9.399033546 -4.184719086 5.86353159
vn 0.1586829871 -0.0713108778 0.9847509861
v 5.521261692 8.835866928 -5.816018581
vn 0.2646474838 0.4243887961 -0.8659421802
v 10.13221741 -1.786583304 5.86353159
vn 0.1710164696 -0.03070527129 0.9847896099
v 5.826266766 8.637795448 -5.816018581
vn 0.2793003619 0.4148977995 -0.8659394383
v 10.55908585 -0.367372185 5.669608593
vn 0.8777369857 -0.03095988929 0.4781414866
v 6.124172211 8.429199219 -5.816018581
vn 0.2936095595 0.4048970938 -0.865939796
v 10.44286633 -1.8413589 5.572742462
vn 0.9427677393 -0.1661167741 0.2891266644
v 6.414615631 8.210333824 -5.816018581
vn 0.3075595796 0.3944018781 -0.8659412265
v 10.15618515 -2.912239552 5.669608593
vn 0.8324462175 -0.2389833182 0.499920249
v 6.697245598 7.981465816 -5.816018581
vn 0.3211353719 0.3834268749 -0.8659421802
v 9.678959846 -4.309350491 5.606417179
vn 0.865734458 -0.3854824305 0.319228977
v 6.971714973 7.742873669 -5.816018581
vn 0.3343218267 0.3719856441 -0.8659420013
v 9.149968147 -5.282736778 5.669608593
vn 0.7421128154 -0.4289734066 0.515024662
v 7.237689972 7.494847298 -5.816018581
vn 0.3471010625 0.3600919247 -0.8659414649
v 8.325707436 -6.50475502 5.669608593
vn 0.6979957819 -0.5426359773 0.4672773182
v 7.494846821 7.237689972 -5.816018581
vn 0.3594566584 0.3477595747 -0.8659412265
v 7.359863758 -7.621362686 5.606417179
vn 0.6526474357 -0.6761040688 0.3419570923
v 7.742873669 6.971714497 -5.816018581
vn 0.3713748455 0.335003376 -0.8659408092
v 6.50475502 -8.325707436 5.669608593
vn 0.5329942703 -0.6826403141 0.4999192953
v 7.981465816 6.697245121 -5.816018581
vn 0.38284114 0.3218385875 -0.8659402728
v 5.297471046 -9.175487518 5.606417179
vn 0.4696958661 -0.813909173 0.3419615328
v 8.210333824 6.414616108 -5.816018581
vn 0.3938385844 0.3082804978 -0.8659412861
v 3.264910936 -10.04836273 5.669608593
vn 0.267373085 -0.8237662911 0.4999207556
v 8.429199219 6.124172211 -5.816018581
vn 0.4043565392 0.2943484187 -0.8659415841
v 3.274018049 -10.07638741 5.606417179
vn 0.2902105153 -0.893779099 0.3419601917
v 8.637795448 5.826266289 -5.816018581
vn 0.4143858254 0.2800586522 -0.8659396768
v 8.515293121 -6.186722755 -5.726723671
vn 0.620010972 -0.4500366449 -0.6426922679
v 8.835867882 5.521262646 -5.816018581
vn 0.4239054918 0.2654256523 -0.8659407496
v 9.293448448 -4.941414356 -5.726723671
vn 0.6766067743 -0.3593660295 -0.6426969171
v 9.023174286 5.209531784 -5.816018581
vn 0.4329110682 0.2504697144 -0.8659405112
v 9.890717506 -3.59992671 -5.726723671
vn 0.7200400829 -0.261705637 -0.6426915526
v 9.199487686 4.89145422 -5.816018581
vn 0.4413886666 0.2352086008 -0.8659405112
v 10.27136135 -2.18324542 -5.751374722
vn 0.6972937584 -0.1501066685 -0.7008918524
v -1.47042942 -10.46265125 -5.669608593
vn -0.1223271564 -0.8471087813 -0.5171487331
v -1.10747242 -10.53690052 -5.606417179
vn -0.1018017754 -0.9463292956 -0.3067527711
v -1.104393244 -10.50759602 -5.669608593
vn -0.0859355256 -0.8425010443 -0.5317960978
v -0.7390660048 -10.5691328 -5.606417179
vn -0.06536412239 -0.9374366999 -0.3419649303
v -0.7370107174 -10.53973579 -5.669608593
vn -0.06293660402 -0.8535772562 -0.5171507001
v -0.3697586656 -10.58848667 -5.606417179
vn -0.03260921687 -0.9391473532 -0.3419633508
v -0.3687298298 -10.55903721 -5.669608593
vn -0.02995511703 -0.8655545115 -0.4999180436
v 0.3697592616 -10.58848667 -5.606417179
vn 0.03772576526 -0.9466459155 -0.3200597465
v 0.3687304258 -10.55903721 -5.669608593
vn 0.03049620986 -0.8655341864 -0.4999205768
v 0.7390666008 -10.5691328 -5.606417179
vn 0.06409429014 -0.9496030807 -0.3068321049
v 0.7370113134 -10.53973579 -5.669608593
vn 0.06068358198 -0.8639441133 -0.4999180436
v 1.107473016 -10.53690052 -5.606417179
vn 0.09841255099 -0.9345485568 -0.3419560194
v 1.10439384 -10.50759602 -5.669608593
vn 0.09079872817 -0.8613002896 -0.4999174476
v 1.474530697 -10.49183178 -5.606417179
vn 0.130968228 -0.9305443168 -0.3419569433
v 1.834674239 -10.40496063 -5.669608593
vn 0.1561360955 -0.8618895411 -0.4824602604
v 2.204688072 -10.37224102 -5.572742462
vn 0.1982232481 -0.9449637532 -0.2602903843
v 2.196686029 -10.33459282 -5.669608593
vn 0.1817363203 -0.8652329445 -0.4672727883
v 2.563148022 -10.28022575 -5.606417179
vn 0.224334389 -0.9148871899 -0.33564201
v 2.556019783 -10.2516346 -5.669608593
vn 0.2097845376 -0.8402796388 -0.4999205172
v 2.920362473 -10.18451118 -5.606417179
vn 0.2591998279 -0.9032610059 -0.3419575691
v 2.912240028 -10.15618515 -5.669608593
vn 0.238982752 -0.8324457407 -0.4999213219
v 3.623683453 -9.95598793 -5.606417179
vn 0.3233785331 -0.8951166868 -0.306907922
v 3.613604307 -9.928297997 -5.669608593
vn 0.2964682281 -0.8137488961 -0.4999192953
v 3.968935728 -9.823457718 -5.606417179
vn 0.3589848876 -0.876476109 -0.320810616
v 3.957896471 -9.796136856 -5.669608593
vn 0.3246873319 -0.8029043078 -0.4999227822
v 4.309351444 -9.678959846 -5.606417179
vn 0.3850357831 -0.8703706861 -0.3069240153
v 4.297364712 -9.652040482 -5.669608593
vn 0.352510184 -0.7910873294 -0.4999174476
v 4.974023819 -9.354777336 -5.606417179
vn 0.4448167384 -0.8413872719 -0.3069292605
v 4.960188389 -9.328760147 -5.669608593
vn 0.4068351388 -0.7645670176 -0.4999224842
v 5.297471046 -9.175487518 -5.606417179
vn 0.4700185061 -0.8137230873 -0.341961056
v 5.282737255 -9.149969101 -5.669608593
vn 0.4332702458 -0.7499036193 -0.4999214709
v 5.614462852 -8.985019684 -5.606417179
vn 0.498131156 -0.7968230844 -0.3419624567
v 5.908138275 -8.759174347 -5.669608593
vn 0.4796954691 -0.7103838921 -0.5150213242
v 6.218889236 -8.559567451 -5.638012886
vn 0.5329941511 -0.733142674 -0.4223968089
v 6.52289629 -8.348927498 -5.606417179
vn 0.5822241306 -0.7450300455 -0.3254924417
v 6.50475502 -8.325707436 -5.669608593
vn 0.5324880481 -0.6872515082 -0.494107157
v 7.089399338 -7.873575211 -5.606417179
vn 0.6247800589 -0.6937014461 -0.3583688736
v 7.069682598 -7.851677418 -5.669608593
vn 0.5891414881 -0.6481846571 -0.4824613631
v 7.366131783 -7.627853394 -5.572742462
vn 0.6687301397 -0.6966443062 -0.2597820759
v 7.600165844 -7.339395046 -5.669608593
vn 0.6329211593 -0.6055078506 -0.4824635684
v 7.880281448 -7.09543705 -5.572742462
vn 0.7156848907 -0.6483407617 -0.2597101629
v 8.093622208 -6.791355133 -5.669608593
vn 0.6736172438 -0.559882462 -0.4824639559
v 9.687203407 -4.313020706 -5.572742462
vn 0.8815888762 -0.3943199515 -0.2594471574
v 9.652040482 -4.297365189 -5.669608593
vn 0.8145296574 -0.3611654937 -0.4539833665
v 9.831824303 -3.972315073 -5.572742462
vn 0.8930695057 -0.3676536977 -0.2593406737
v 9.796135902 -3.957896233 -5.669608593
vn 0.8189343214 -0.3331647515 -0.46727705
v 9.95598793 -3.623683214 -5.606417179
vn 0.8839200139 -0.3256150782 -0.3356489539
v 9.928297043 -3.613604784 -5.669608593
vn 0.8139328957 -0.2959589064 -0.4999215305
v 10.07638741 -3.274016857 -5.606417179
vn 0.8879250884 -0.2883720994 -0.3583720922
v 10.15618515 -2.912239552 -5.669608593
vn 0.8464016914 -0.2414788008 -0.4746495485
v 10.28022671 -2.56314826 -5.606417179
vn 0.9015918374 -0.2258028686 -0.3689786196
v 10.36341572 -2.202811956 -5.606417179
vn 0.9043291211 -0.1964987963 -0.3789156973
v 10.33459282 -2.196685553 -5.669608593
vn 0.8449522257 -0.1744182706 -0.5056025982
v 10.44286633 -1.8413589 -5.572742462
vn 0.9531950355 -0.168680653 -0.2509304583
v 10.40496063 -1.834675312 -5.669608593
vn 0.860507369 -0.156835407 -0.4846954942
v 10.49183178 -1.474530816 -5.606417179
vn 0.9457288384 -0.1288283914 -0.2983289659
v 10.56913185 -0.7390656471 -5.606417179
vn 0.9312953949 -0.06515299529 -0.3583908379
v 10.53973675 -0.737010181 -5.669608593
vn 0.8534337282 -0.06339430064 -0.5173316598
v 10.55908585 -0.367372185 -5.669608593
vn 0.8655893803 -0.03049862199 -0.4998248518
v 10.51910877 -0.3662069738 -5.726723671
vn 0.7657017708 -0.02708570473 -0.6426252127
v 10.52548122 -1.432221858e-15 -5.726723671
vn 0.784484446 -2.704644691e-17 -0.6201484799
v 10.47617912 -1.140410538e-15 -5.776026249
vn 0.6648953557 -3.921512737e-17 -0.7469365001
v 10.51910877 0.3662069738 -5.726723671
vn 0.7657017708 0.02708570473 -0.6426252127
v 10.46782207 1.100212455 -5.726723671
vn 0.7618923783 0.08042586595 -0.6426909566
v 10.41878986 1.095058918 -5.776026249
vn 0.6393362284 0.06760793179 -0.7659493089
v 10.42304802 1.464863896 -5.726723671
vn 0.7586219311 0.1069671586 -0.6426903009
v 10.37422657 1.458002329 -5.776026249
vn 0.6365893483 0.08987928182 -0.7659475803
v 10.36557579 1.827730775 -5.726723671
vn 0.7431231737 0.1318976283 -0.6560266614
v 10.31702232 1.819169402 -5.776026249
vn 0.6474106908 0.118269369 -0.7529088259
v 10.31503391 2.192528248 -5.698165894
vn 0.8100084662 0.1749828607 -0.5597028732
v 10.24724865 2.178120136 -5.776026249
vn 0.6567855477 0.1375329196 -0.7414293289
v 10.09404564 2.894421339 -5.751374722
vn 0.6732366085 0.1945689023 -0.7133690715
v 10.02934551 3.258731842 -5.698165894
vn 0.7844097614 0.2541246712 -0.5657932162
v 9.963438988 3.237317324 -5.776026249
vn 0.6417140961 0.204474479 -0.7391841412
v 9.890717506 3.59992671 -5.726723671
vn 0.7250795364 0.2603624165 -0.6375508904
v 9.844388008 3.583064079 -5.776026249
vn 0.6039893031 0.2202700824 -0.7659490705
v 9.759056091 3.942914724 -5.726723671
vn 0.7102075219 0.2873159945 -0.6426934004
v 9.713342667 3.924445629 -5.776026249
vn 0.5959358811 0.2412146628 -0.7659477592
v 9.615506172 4.281098843 -5.726723671
vn 0.6997481585 0.3119256496 -0.64269346
v 9.41592598 4.592454433 -5.776026249
vn 0.5776581764 0.2821975946 -0.7659475207
v 9.293448448 4.941414356 -5.726723671
vn 0.6762823462 0.359977603 -0.6426961422
v 9.249916077 4.918268204 -5.776026249
vn 0.5674585104 0.3021855056 -0.7659469843
v 9.115334511 5.262740612 -5.726723671
vn 0.6724461317 0.3929686844 -0.6272095442
v 9.072636604 5.238089085 -5.776026249
vn 0.5565664172 0.321805954 -0.7659469843
v 8.926114082 5.577655315 -5.726723671
vn 0.6706827879 0.4166484773 -0.6136682034
v 8.884304047 5.551528931 -5.776026249
vn 0.5449954271 0.3410332501 -0.765947938
v 8.726019859 5.885774612 -5.726723671
vn 0.6252245903 0.422747612 -0.6560325623
v 8.475406647 6.157743454 -5.776026249
vn 0.5440663099 0.3927821219 -0.7414270043
v 8.294192314 6.480133533 -5.726723671
vn 0.6091353893 0.4716801941 -0.6375514865
v 8.255342484 6.44977951 -5.776026249
vn 0.506360352 0.3961304128 -0.7659503222
v 8.062986374 6.765648842 -5.726723671
vn 0.586664319 0.492721051 -0.6426904202
v 8.025218964 6.733957767 -5.776026249
vn 0.4922273755 0.413561523 -0.7659497857
v 7.821956635 7.04292202 -5.726723671
vn 0.5691095591 0.5128942132 -0.6426926255
v 7.785317898 7.009932518 -5.776026249
vn 0.4774948061 0.430488646 -0.7659492493
v 7.571398258 7.311614037 -5.726723671
vn 0.550862968 0.5324428678 -0.642693162
v 7.277364731 7.535932541 -5.776026249
vn 0.446303159 0.4627483785 -0.7659487128
v 7.042922497 7.821956635 -5.726723671
vn 0.5123791695 0.5695729256 -0.6426929832
v 7.009932518 7.785317898 -5.776026249
vn 0.429882288 0.478043288 -0.7659476995
v 6.765648365 8.062986374 -5.726723671
vn 0.4921918809 0.5871094465 -0.6426893473
v 6.733958244 8.025218964 -5.776026249
vn 0.4129368961 0.4927550256 -0.7659475207
v 6.480133533 8.294192314 -5.726723671
vn 0.4639896452 0.5952636003 -0.6560296416
v 6.449779987 8.25534153 -5.776026249
vn 0.4019834995 0.5210941434 -0.7529078126
v 6.198477268 8.531470299 -5.698165894
vn 0.4812993705 0.6630761623 -0.5733070374
v 5.858204365 8.685145378 -5.776026249
vn 0.3591667712 0.5332178473 -0.7659490705
v 5.577655315 8.926114082 -5.726723671
vn 0.4056910574 0.6498932242 -0.6426924467
v 5.551529408 8.884303093 -5.776026249
vn 0.3403395414 0.5454277992 -0.7659487724
v 5.262741089 9.115334511 -5.726723671
vn 0.3827620447 0.6636555791 -0.642693162
v 5.238090038 9.072636604 -5.776026249
vn 0.3210963011 0.5569725633 -0.7659495473
v 4.941412926 9.293448448 -5.726723671
vn 0.3593681157 0.6766093969 -0.6426930428
v 4.918268681 9.24991703 -5.776026249
vn 0.3014628589 0.5678403378 -0.7659487128
v 4.614067554 9.460240364 -5.726723671
vn 0.3355350494 0.6887382269 -0.6426942348
v 4.261046886 9.570465088 -5.776026249
vn 0.2611173093 0.5874845982 -0.7659501433
v 3.942914248 9.759056091 -5.726723671
vn 0.2866733074 0.7104662657 -0.6426944137
v 9.854240417 3.957075357 5.037976265
vn 0.8351044655 0.338711679 -0.4334454536
v 10.59348106 -0.7366625071 5.037976265
vn 0.9026094079 -0.06028522551 -0.4262182415
v 9.668048859 3.518882275 5.86353159
vn 0.16374439 0.05860381946 0.9847605824
v 8.107466698 6.334247112 5.86353159
vn 0.1377328485 0.106521152 0.9847247601
v 6.047442436 8.323590279 5.86353159
vn 0.1030277014 0.1404654831 0.9847105145
v 1.7865839 10.13221741 5.86353159
vn 0.03090125881 0.1713688672 0.9847221971
v 9.710967064 4.296700478 5.037976265
vn 0.8232668042 0.3632556498 -0.4362076521
v 9.555992126 4.631147861 5.037976265
vn 0.8104449511 0.3920790851 -0.4352619648
v 9.389502525 4.960015297 5.037976265
vn 0.7943617702 0.4210881293 -0.4378060997
v 9.211699486 5.282906055 5.037976265
vn 0.7808570862 0.4491076171 -0.4342401624
v 9.022797585 5.599431992 5.037976265
vn 0.7713092566 0.4782687128 -0.4199297726
v 8.823023796 5.909210682 5.037976265
vn 0.751718998 0.4949684143 -0.4358036816
v 8.612618446 6.211868763 5.037976265
vn 0.732994318 0.5212984085 -0.4369980097
v 8.391836166 6.507042408 5.037976265
vn 0.7149229646 0.5435912013 -0.4397655725
v 8.160942078 6.794375896 5.037976265
vn 0.6888874173 0.5798045397 -0.4350411594
v 7.920214653 7.073522091 5.037976265
vn 0.6709945798 0.5993323326 -0.4365397692
v 10.61266613 -0.3685532808 5.037976265
vn 0.897305131 -0.02246668376 -0.4408387542
v 1.819169998 10.31702232 -5.776026249
vn 0.1112368554 0.6332057118 -0.7659483552
v 1.431884885 10.1883955 5.86353159
vn 0.02402524091 0.1867515594 0.9821133614
v 1.46486485 10.42304897 -5.726723671
vn 0.1062825471 0.758718729 -0.6426895857
v -0.7176914215 10.26346111 5.86353159
vn -0.01152625121 0.1736116409 0.9847467542
v 1.458002567 10.37422562 -5.776026249
vn 0.08906888217 0.63669765 -0.7659522295
v -2.489018202 9.982910156 5.86353159
vn -0.04150721803 0.1688261777 0.9847714901
v 1.100211978 10.46782207 -5.726723671
vn 0.07804208249 0.7506853938 -0.6560341716
v -4.510191917 9.247262955 5.86353159
vn -0.08116080612 0.1607899219 0.9836460352
v 1.095057845 10.41878891 -5.776026249
vn 0.06476393342 0.6549321413 -0.7529073954
v -5.753270149 8.529572487 5.86353159
vn -0.0980335176 0.1525338888 0.9834240675
v 0.7356157303 10.51978874 -5.698165894
vn 0.05678780004 0.8173705339 -0.5733066797
v 0.3656143248 10.46979713 -5.776026249
vn 0.01855264418 0.6374312043 -0.7702838778
v -9.314135241e-07 10.52548122 -5.726723671
vn -0.00267472025 0.7416835427 -0.6707446575
v -0.3673342168 10.51906967 -5.726723671
vn -0.02267963439 0.739705205 -0.6725487709
v -0.3656137288 10.46979713 -5.776026249
vn -0.02706283517 0.6721568704 -0.739914
v -0.7356151342 10.51978874 -5.698165894
vn -0.05751937628 0.8173207045 -0.5733047724
v -0.7307810187 10.45066071 -5.776026249
vn -0.04478759319 0.6695349216 -0.7414290905
v -1.464864254 10.42304897 -5.726723671
vn -0.1124514341 0.770691812 -0.62720716
v -1.458001852 10.37422562 -5.776026249
vn -0.09241715074 0.630969286 -0.7702835798
v -1.82773006 10.36557579 -5.726723671
vn -0.1404456794 0.7594876885 -0.6351798773
v -2.183246374 10.27136135 -5.751374722
vn -0.1594996601 0.7299258113 -0.6646564007
v -2.540379763 10.18891048 -5.751374722
vn -0.1805846393 0.7192722559 -0.6708477139
v -2.894421577 10.09404659 -5.751374722
vn -0.2012886852 0.7122321129 -0.6724643111
v -3.606763363 9.909507751 -5.698165894
vn -0.2790542841 0.7703149915 -0.5733615756
v -3.583062887 9.844388008 -5.776026249
vn -0.2276027948 0.6312555075 -0.7414266467
v -3.942913532 9.759056091 -5.726723671
vn -0.2928290665 0.7354562879 -0.611027956
v -3.924445868 9.71334362 -5.776026249
vn -0.2325370014 0.5682383776 -0.7893235683
v -4.281099319 9.615506172 -5.726723671
vn -0.3119260967 0.6997489929 -0.6426923871
v -4.26104641 9.570465088 -5.776026249
vn -0.2541498244 0.5695018172 -0.7817131877
v -4.918268204 9.24991703 -5.776026249
vn -0.3257076144 0.6169127226 -0.7164727449
v -5.272738457 9.132651329 -5.698165894
vn -0.40999946 0.7093049288 -0.5733994842
v -5.238089561 9.072636604 -5.776026249
vn -0.3300845921 0.5654717088 -0.7558345795
v -5.588252544 8.943071365 -5.698165894
vn -0.4345036745 0.6945641041 -0.5733997822
v -5.551528454 8.884303093 -5.776026249
vn -0.3526969254 0.566947639 -0.7444294691
v -5.89695549 8.742596626 -5.698165894
vn -0.4537201226 0.6753920317 -0.5813636184
v -6.157743454 8.475406647 -5.776026249
vn -0.3710083961 0.5083782673 -0.7771128416
v -6.464957714 8.274766922 -5.751374722
vn -0.433668524 0.5527261496 -0.7116357088
v -6.765648842 8.062986374 -5.726723671
vn -0.4739593267 0.557120502 -0.6818939447
v -7.056303024 7.836816788 -5.698165894
vn -0.5536222458 0.6114183664 -0.5653936863
v -7.009933472 7.785317898 -5.776026249
vn -0.4545935988 0.5141352415 -0.7273305058
v -7.311614037 7.571397781 -5.726723671
vn -0.5434010029 0.5621214509 -0.623486042
v -7.821956158 7.04292202 -5.726723671
vn -0.5927776098 0.5388383269 -0.5985549688
v -7.785318375 7.009932518 -5.776026249
vn -0.4602900445 0.4108066261 -0.7870012522
v -8.062986374 6.765648842 -5.726723671
vn -0.5871104598 0.4922953546 -0.642609179
v -8.294193268 6.480133533 -5.726723671
vn -0.5912102461 0.4613164663 -0.6615569592
v -8.255342484 6.44977951 -5.776026249
vn -0.4773784578 0.3666413724 -0.7985511422
v -8.495351791 6.172233105 -5.751374722
vn -0.5547281504 0.3992977738 -0.729957521
v -8.884303093 5.551528931 -5.776026249
vn -0.5813706517 0.3462153077 -0.7363036871
v -9.139030457 5.276422024 -5.682368279
vn -0.7515073419 0.4266064763 -0.5032331347
v -9.293447495 4.941414356 -5.726723671
vn -0.6953362823 0.3806177676 -0.6096208096
v -9.249916077 4.918268204 -5.776026249
vn -0.574429214 0.3018237352 -0.7608767748
v -9.460240364 4.614067554 -5.726723671
vn -0.6830760241 0.3285276592 -0.6522858143
v -9.633771896 4.289231777 -5.698165894
vn -0.7946902514 0.348352313 -0.497109741
v -9.867553711 3.591495275 -5.751374722
vn -0.7128512263 0.2566041946 -0.6526848078
v -10.01032829 3.252552748 -5.726723671
vn -0.7974798083 0.2683403492 -0.5403882265
v -9.963438988 3.237317324 -5.776026249
vn -0.6147541404 0.1945503503 -0.7643477917
v -10.14404488 2.908758163 -5.682368279
vn -0.8527790308 0.2447762489 -0.4613594711
v -10.07034874 2.88762641 -5.776026249
vn -0.6731247902 0.1824353337 -0.7166730762
v -10.2562294 2.557165146 -5.652291298
vn -0.8355423808 0.2038826644 -0.5101967454
v -10.44284916 1.467646837 -5.698165894
vn -0.8204262257 0.1007861495 -0.5627992749
v -10.48770714 1.10230267 -5.698165894
vn -0.8683928847 0.1056424454 -0.4844929874
v -10.41878891 1.095058918 -5.776026249
vn -0.6484947801 0.07232164592 -0.7577757835
v -10.49984169 0.7342204452 -5.726723671
vn -0.7642219067 0.05329107866 -0.6427479386
v -10.4506588 0.7307813168 -5.776026249
vn -0.5834647417 0.0377882421 -0.8112588525
v -10.4944315 0.3664737046 -5.751374722
vn -0.6896519065 0.01731739938 -0.7239339352
v -10.44125652 -0.3646166921 -5.796022415
vn -0.6027730107 -0.02216267213 -0.7976048589
v -10.51978874 -0.7356153131 -5.698165894
vn -0.8365774751 -0.05600652844 -0.5449783206
v -10.42217064 -0.7287892699 -5.796022415
vn -0.5984221697 -0.03996073082 -0.8001837134
v -10.49503517 -1.103072643 -5.682368279
vn -0.8609364033 -0.08158210665 -0.5021283031
v -10.41878891 -1.095058918 -5.776026249
vn -0.6643250585 -0.06425079703 -0.7446771264
v -10.42304707 -1.464863896 -5.726723671
vn -0.7996996045 -0.106576696 -0.5908653736
v -10.31702328 -1.819169402 -5.776026249
vn -0.6384715438 -0.1158145219 -0.7608817816
v -10.29547405 -2.188370705 -5.726723671
vn -0.8028316498 -0.174439624 -0.5701159239
v -10.21931362 -2.172182798 -5.796022415
vn -0.5355839133 -0.1158905774 -0.8364922404
v -10.21283054 -2.546344519 -5.726723671
vn -0.800622642 -0.1959946007 -0.5662062764
v -10.16499138 -2.534416914 -5.776026249
vn -0.6368604898 -0.1579389423 -0.7546283603
v -10.11774254 -2.901215792 -5.726723671
vn -0.775329411 -0.2180295885 -0.5927287936
v -6.047441483 8.323590279 5.86353159
vn -0.101280421 0.1410907954 0.9848023653
v -6.334246159 8.107466698 5.86353159
vn -0.1061729118 0.1374954283 0.9847955704
v -6.613334179 7.881466389 5.86353159
vn -0.110936068 0.1337285191 0.9847892523
v -6.884366035 7.645862579 5.86353159
vn -0.1419496983 0.1552810818 0.9776185751
v -7.147007465 7.400944233 5.86353159
vn -0.1314914078 0.1420132965 0.9810923934
v -7.400945187 7.147008419 5.86353159
vn -0.1243984252 0.1214525476 0.9847711921
v -7.907262325 6.634981155 5.8545084
vn -0.2055862248 0.1709983647 0.9635838866
v -9.247262001 4.510191441 5.86353159
vn -0.1560799181 0.07709772885 0.9847308993
v -10.096632 2.146105289 5.8545084
vn -0.2836761177 0.06251814961 0.956880033
v -10.26346111 -0.7176910639 5.86353159
vn -0.2086318284 -0.007980067283 0.977961719
v -9.784967422 -3.17932868 5.86353159
vn -0.1658326238 -0.05316409841 0.9847198129
v -8.75371933 -5.469930649 5.8545084
vn -0.2454966605 -0.1457673311 0.9583753347
v -6.884366035 -7.645862579 5.86353159
vn -0.1166947708 -0.1287794709 0.9847832918
v -3.854148865 -9.539352417 5.86353159
vn -0.06536258012 -0.1518796682 0.9862354398
v -1.075442553 -10.23216152 5.86353159
vn -0.01909684204 -0.1729199439 0.9847507477
v 1.7865839 -10.13221741 5.86353159
vn 0.02940228768 -0.1716333181 0.9847220182
v 4.830168724 -9.084226608 5.86353159
vn 0.08110373467 -0.1541745365 0.9847093225
v 5.144262314 -8.910121918 5.86353159
vn 0.08644245565 -0.1512455046 0.9847093225
v -9.047905922 -5.223810196 -5.796022415
vn -0.4989131093 -0.2840242088 -0.8187893033
v 4.510192394 -9.247262955 5.86353159
vn 0.07566522062 -0.1569127142 0.9847096801
v -8.926114082 -5.577655315 -5.726723671
vn -0.6473898292 -0.39449054 -0.652122438
v 6.047442436 -8.323590279 5.86353159
vn 0.1017961428 -0.1413606703 0.9847104549
v -8.884303093 -5.551528931 -5.776026249
vn -0.5568889976 -0.3470132053 -0.7546234131
v 6.613334656 -7.881466389 5.86353159
vn 0.1114142686 -0.1338949353 0.9847126603
v -8.726018906 -5.885774612 -5.726723671
vn -0.6433962584 -0.438917309 -0.6272103786
v 7.147007942 -7.400944233 5.86353159
vn 0.1245097667 -0.126490742 0.9841226339
v -8.685145378 -5.858204842 -5.776026249
vn -0.5266008973 -0.3596645296 -0.7702810764
v 8.107466698 -6.334247112 5.86353159
vn 0.1367958486 -0.107720457 0.9847249389
v -8.515293121 -6.186722755 -5.726723671
vn -0.6107587218 -0.4488856196 -0.652284801
v -8.255342484 -6.44977951 -5.776026249
vn -0.5065029263 -0.3957599699 -0.7660475373
v -8.044102669 -6.749803066 -5.751374722
vn -0.5308749676 -0.4506907165 -0.7176696062
v -7.773255348 -6.999070644 -5.783697128
vn -0.4775279164 -0.4313608706 -0.7654377222
v -7.571397781 -7.311614037 -5.726723671
vn -0.5660541058 -0.5367147923 -0.6257156134
v -7.515388966 -7.257527828 -5.796022415
vn -0.4130026102 -0.3926985562 -0.8217157125
v -7.294490337 -7.553665161 -5.751374722
vn -0.5117356777 -0.5327582359 -0.6740142703
v -6.765648842 -8.062986374 -5.726723671
vn -0.5068469048 -0.60179317 -0.6172124147
v -6.733958721 -8.025218964 -5.776026249
vn -0.4223982096 -0.5021156669 -0.7546254992
v -6.480134487 -8.294192314 -5.726723671
vn -0.4834156334 -0.6176577806 -0.620329082
v -6.449780464 -8.25534153 -5.776026249
vn -0.4019813836 -0.5210926533 -0.7529099584
v -6.198476791 -8.531470299 -5.698165894
vn -0.4891457856 -0.6739033461 -0.5537063479
v -6.157743454 -8.475406647 -5.776026249
vn -0.3960585594 -0.541682303 -0.7414296269
v -5.588252544 -8.943071365 -5.698165894
vn -0.4425278306 -0.7139587402 -0.5426159501
v -5.551528454 -8.884303093 -5.776026249
vn -0.3524797559 -0.5635729432 -0.7470900416
v -5.250416279 -9.093985558 -5.751374722
vn -0.3642400205 -0.6298645139 -0.6860028505
v -4.941414833 -9.293448448 -5.726723671
vn -0.3498882055 -0.6602614522 -0.6645547748
v -4.904860973 -9.224701881 -5.796022415
vn -0.260873735 -0.4904328585 -0.8315169811
v -4.614066601 -9.460240364 -5.726723671
vn -0.3272409737 -0.6637635231 -0.6725558043
v -4.26104641 -9.570465088 -5.776026249
vn -0.270614028 -0.6071437597 -0.7470906973
v -3.933678389 -9.736199379 -5.751374722
vn -0.2740596831 -0.6758793592 -0.6841625571
v -3.606763363 -9.909507751 -5.698165894
vn -0.2840672731 -0.773529768 -0.5665311217
v -3.583062887 -9.844388008 -5.776026249
vn -0.2308427691 -0.6269391179 -0.7440826297
v -3.244936228 -9.986883163 -5.751374722
vn -0.2221716046 -0.6777842045 -0.7008910775
v -2.901214838 -10.11774254 -5.726723671
vn -0.2111243755 -0.7363790274 -0.6427848935
v -2.534415722 -10.16499138 -5.776026249
vn -0.1591032743 -0.6314653754 -0.75890553
v -2.188370943 -10.29547405 -5.726723671
vn -0.1591832042 -0.7494696975 -0.6426164508
v -2.17218256 -10.21931553 -5.796022415
vn -0.1161316335 -0.554276526 -0.8241910934
v -1.823449731 -10.34129906 -5.751374722
vn -0.1246940941 -0.702839613 -0.7003340721
v -1.464864254 -10.42304897 -5.726723671
vn -0.1036085635 -0.7641692162 -0.6366401911
v -1.458001852 -10.37422562 -5.776026249
vn -0.09152078629 -0.630100131 -0.7711016536
v -0.7307810187 -10.45066071 -5.776026249
vn -0.05232499912 -0.6312052608 -0.7738488317
v -0.3673342168 -10.51906967 -5.726723671
vn -0.02639122307 -0.7656720281 -0.6426895261
v -0.3656137288 -10.46979713 -5.776026249
vn -0.02202785015 -0.6425233483 -0.7659494281
v -9.314135241e-07 -10.52548122 -5.726723671
vn 0.0003463542962 -0.7661249042 -0.6426916122
v -9.314135241e-07 -10.47617817 -5.776026249
vn 0.0004089479335 -0.6429018974 -0.7659484148
v 0.3673348129 -10.51906967 -5.726723671
vn 0.02708261274 -0.765648365 -0.6426889896
v 0.7307816148 -10.45066071 -5.776026249
vn 0.04817787558 -0.6358775496 -0.7702847719
v 1.100211978 -10.46782207 -5.726723671
vn 0.0801872015 -0.737342 -0.6707434058
v 1.092072248 -10.39038849 -5.796022415
vn 0.06051003933 -0.5707665682 -0.8188797235
v 1.46486485 -10.42304897 -5.726723671
vn 0.1018396839 -0.7461953759 -0.6578913927
v 1.458002567 -10.37422562 -5.776026249
vn 0.09050492942 -0.6498821974 -0.754627049
v 1.827730775 -10.36557579 -5.726723671
vn 0.1333773285 -0.7544241548 -0.6426932812
v 2.178119898 -10.24724865 -5.776026249
vn 0.1340666115 -0.6287665963 -0.7659495473
v 2.54634428 -10.21282959 -5.726723671
vn 0.185677126 -0.7432799339 -0.6426966786
v 2.534416437 -10.16499138 -5.776026249
vn 0.155928418 -0.6237080097 -0.7659469247
v 2.901215553 -10.11774254 -5.726723671
vn 0.2115050703 -0.7363507748 -0.6426921487
v 2.887626171 -10.07034969 -5.776026249
vn 0.177600652 -0.6178833842 -0.7659491897
v 3.252552271 -10.01032734 -5.726723671
vn 0.2370749116 -0.7285208702 -0.6426918507
v 3.583063364 -9.844388008 -5.776026249
vn 0.220269978 -0.6039904952 -0.7659481764
v 3.942914248 -9.759056091 -5.726723671
vn 0.2873160243 -0.7102086544 -0.6426920891
v 3.924446344 -9.71334362 -5.776026249
vn 0.2412141711 -0.5959354043 -0.765948236
v 4.281099796 -9.615506172 -5.726723671
vn 0.3119260967 -0.6997489929 -0.6426923871
v 4.261046886 -9.570465088 -5.776026249
vn 0.2618644536 -0.5871505141 -0.7659512162
v 4.614067554 -9.460240364 -5.726723671
vn 0.3361565173 -0.6884310246 -0.6426986456
v 4.918268681 -9.24991703 -5.776026249
vn 0.3021852374 -0.5674585104 -0.7659471035
v 5.262741089 -9.115334511 -5.726723671
vn 0.3833622932 -0.6633104086 -0.6426917315
v 5.238090038 -9.072636604 -5.776026249
vn 0.3218048513 -0.556563735 -0.7659493685
v 5.577655315 -8.926114082 -5.726723671
vn 0.406278044 -0.6495277882 -0.6426910758
v 5.551529408 -8.884303093 -5.776026249
vn 0.3410317898 -0.5449925065 -0.7659507394
v 5.885774136 -8.726019859 -5.726723671
vn 0.4389180839 -0.6433957815 -0.627210319
v 8.323590279 -6.047441959 5.86353159
vn 0.1404631734 -0.1028637886 0.9847279787
v 8.529572487 -5.753269196 5.86353159
vn 0.143957302 -0.09788156301 0.9847311974
v 8.725162506 -5.452086449 5.86353159
vn 0.1472748667 -0.09278045595 0.984734416
v 8.910121918 -5.14426136 5.86353159
vn 0.1504087448 -0.08756599575 0.9847382307
v 9.084226608 -4.830168724 5.86353159
vn 0.1533571482 -0.08224485815 0.9847422838
v 9.247262955 -4.510191441 5.86353159
vn 0.1561165303 -0.07682448626 0.9847464561
v 9.539352417 -3.854148626 5.86353159
vn 0.1610534638 -0.06571116298 0.9847556949
v 10.18839645 -1.4318856 5.86353159
vn 0.1719498932 -0.02470417134 0.9847958684
v 10.57813263 -0.7396951914 5.572742462
vn 0.9633436203 -0.0699563548 0.2589887083
v 10.38526821 -1.831203103 5.698165894
vn 0.8248953223 -0.1467237175 0.5459119678
v 10.07638741 -3.274016857 5.606417179
vn 0.8936632872 -0.2905648053 0.3419620097
v 9.652040482 -4.297365189 5.669608593
vn 0.7910864949 -0.3525097668 0.4999189973
v 8.972524643 -5.606655598 5.638012886
vn 0.7685346603 -0.4805540442 0.4224006832
v 8.116195679 -6.810296059 5.606417179
vn 0.7259019613 -0.6090160608 0.3196339011
v 7.339395046 -7.600165844 5.669608593
vn 0.6014308929 -0.6231895685 0.4999155998
v 6.22755003 -8.571487427 5.606417179
vn 0.5522002578 -0.7603558302 0.34195593
v 4.960188389 -9.328760147 5.669608593
vn 0.4063567817 -0.7648223639 0.4999209642
v 4.644516945 -9.522669792 5.606417179
vn 0.4184875786 -0.8596169353 0.293132782
v 7.821956635 -7.04292202 -5.726723671
vn 0.5695716739 -0.5123780966 -0.6426949501
v 4.974023819 -9.354777336 5.606417179
vn 0.4407494068 -0.836768508 0.3248976469
v 7.785317898 -7.009932518 -5.776026249
vn 0.4780434966 -0.4298829138 -0.7659471631
v 4.297364712 -9.652040482 5.669608593
vn 0.3520156443 -0.7913067341 0.4999186099
v 8.062986374 -6.765648842 -5.726723671
vn 0.5871080756 -0.4921913445 -0.6426910162
v 3.957896471 -9.796136856 5.669608593
vn 0.3241844177 -0.8031088114 0.4999206364
v 8.025218964 -6.733957767 -5.776026249
vn 0.4927546382 -0.4129367769 -0.7659478188
v 3.613604307 -9.928297997 5.669608593
vn 0.2959591746 -0.8139334321 0.4999204874
v 8.294192314 -6.480133533 -5.726723671
vn 0.6039267778 -0.4713994861 -0.6426935196
v 2.920362473 -10.18451118 5.606417179
vn 0.2572096884 -0.8974503875 0.3583656847
v 8.255342484 -6.44977951 -5.776026249
vn 0.5068634748 -0.3954852521 -0.7659509182
v 8.726019859 -5.885774612 -5.726723671
vn 0.6353381276 -0.4281229079 -0.6426945329
v 8.685145378 -5.858204842 -5.776026249
vn 0.5332179666 -0.3591669202 -0.7659488916
v 8.926114082 -5.577655315 -5.726723671
vn 0.6498937607 -0.4056910574 -0.6426918507
v 8.884304047 -5.551528931 -5.776026249
vn 0.5454298854 -0.3403411508 -0.7659465671
v 9.115334511 -5.262740612 -5.726723671
vn 0.6636557579 -0.3827631176 -0.6426923275
v 9.072636604 -5.238089085 -5.776026249
vn 0.5569736958 -0.3210965693 -0.7659486532
v 9.46023941 -4.614067554 -5.726723671
vn 0.6887367964 -0.3355338275 -0.6426964402
v 9.41592598 -4.592454433 -5.776026249
vn 0.5780165792 -0.2814626992 -0.7659475207
v 9.615506172 -4.281098843 -5.726723671
vn 0.7000291944 -0.311294198 -0.6426935792
v 9.570465088 -4.261045933 -5.776026249
vn 0.5874877572 -0.2611185908 -0.7659472823
v 9.759056091 -3.942914724 -5.726723671
vn 0.7104661465 -0.2866735458 -0.6426944137
v 9.713342667 -3.924445629 -5.776026249
vn 0.5962430239 -0.2404571623 -0.7659468651
v 10.01032734 -3.252552748 -5.726723671
vn 0.7287361026 -0.2364173084 -0.6426901221
v 9.963438988 -3.237317324 -5.776026249
vn 0.6115618348 -0.1982786655 -0.7659488916
v 10.11774254 -2.901215792 -5.726723671
vn 0.7257320285 -0.2072134316 -0.6560301781
v 10.07034969 -2.88762641 -5.776026249
vn 0.6337347031 -0.177506268 -0.7529089451
v 10.23223209 -2.551182032 -5.698165894
vn 0.7909392715 -0.194605574 -0.5801238418
v 10.16499043 -2.534416914 -5.776026249
vn 0.6449078918 -0.1610721052 -0.7470940948
v 10.31702232 -1.819169402 -5.776026249
vn 0.637612164 -0.1156115755 -0.7616329193
v 10.42304802 -1.464863896 -5.726723671
vn 0.7718334198 -0.1043375432 -0.6272056103
v 10.37422657 -1.458002329 -5.776026249
vn 0.6367006898 -0.08907008916 -0.7659495473
v 10.46782207 -1.100212455 -5.726723671
vn 0.7850190401 -0.0845893696 -0.6136690378
v 10.41878986 -1.095058918 -5.776026249
vn 0.6394199133 -0.06679365039 -0.7659509182
v 10.49984169 -0.7342204452 -5.726723671
vn 0.7452334762 -0.05207373574 -0.6647671461
v 10.41273975 -0.3629507422 -5.816018581
vn 0.4998727739 -0.01791370846 -0.8659135699
v 10.41906357 -8.506448546e-16 -5.816018581
vn 0.5251027942 -5.091991502e-17 -0.8510388136
v 10.35587215 -5.636571218e-16 -5.845485687
vn 0.3693616688 -5.420802413e-17 -0.9292857051
v 10.41273975 0.3629507422 -5.816018581
vn 0.4998727739 0.01791370846 -0.8659135699
v 10.34957886 0.3609711826 -5.845485687
vn 0.3420026302 0.01243389305 -0.9396167397
v 10.36198711 1.089088678 -5.816018581
vn 0.4973561764 0.05273410678 -0.8659422398
v 10.29914093 1.082483411 -5.845485687
vn 0.3402683139 0.03625727072 -0.9396291375
v 10.31766605 1.450053453 -5.816018581
vn 0.4952098727 0.07005975395 -0.8659439087
v 10.25508785 1.441258907 -5.845485687
vn 0.3387972414 0.04811044782 -0.9396285415
v 10.19138336 2.166245222 -5.816018581
vn 0.4891226292 0.1044340134 -0.8659402728
v 10.12957001 2.153106689 -5.845485687
vn 0.3346131444 0.07162643969 -0.9396295547
v 10.10957336 2.520599604 -5.816018581
vn 0.5010691285 0.1290095896 -0.8557372689
v 9.954701424 2.854465008 -5.845485687
vn 0.3288042843 0.09479358792 -0.9396286011
v 9.909118652 3.219667673 -5.816018581
vn 0.4755249321 0.1549880207 -0.8659415245
v 9.731336594 3.541916847 -5.845485687
vn 0.3213887513 0.1174982041 -0.9396294355
v -9.731336594 -3.541916847 -5.845485687
vn -0.321390301 -0.1174991652 -0.9396287799
v -9.660387039 -3.903049946 -5.816018581
vn -0.5069150329 -0.2034484297 -0.8376430869
v -9.60179615 -3.879377842 -5.845485687
vn -0.3009979427 -0.1242733821 -0.9454926848
v -9.489424706 -4.224963665 -5.830752373
vn -0.3780317307 -0.1703187674 -0.9099909663
v -9.307795525 -4.53971529 -5.845485687
vn -0.3533401787 -0.1717635989 -0.9195911884
v -9.14369297 -4.861787319 -5.845485687
vn -0.3078826964 -0.1703662872 -0.9360467792
v -8.835867882 -5.521262646 -5.816018581
vn -0.4191035032 -0.2526973784 -0.872064352
v -8.585408211 -5.790929794 -5.845485687
vn -0.2816335857 -0.1909929961 -0.9403213263
v -8.378076553 -6.087028503 -5.845485687
vn -0.2982489467 -0.2175096273 -0.9293745756
v -8.185434341 -6.395163536 -5.830752373
vn -0.3427574039 -0.270663619 -0.8995879889
v -7.98146534 -6.697245121 -5.816018581
vn -0.3790112138 -0.3261609972 -0.8660078049
v -7.695911407 -6.929430962 -5.845485687
vn -0.3275305927 -0.2845324278 -0.9009799957
v -7.449389935 -7.19379282 -5.845485687
vn -0.2725895643 -0.2604789138 -0.9261995554
v -7.237689495 -7.494847298 -5.816018581
vn -0.3686621785 -0.3790133297 -0.8487856388
v -6.697245121 -7.981465816 -5.816018581
vn -0.3274306953 -0.3856699169 -0.8625820875
v -6.656627178 -7.933057785 -5.845485687
vn -0.2195823193 -0.262452215 -0.9396288991
v -6.414615154 -8.210333824 -5.816018581
vn -0.3075595796 -0.3944018781 -0.8659412265
v -6.375710487 -8.160538673 -5.845485687
vn -0.2102887183 -0.2699546516 -0.9396292567
v -6.124172688 -8.429199219 -5.816018581
vn -0.2936102748 -0.4048974812 -0.8659393787
v -6.087028027 -8.378076553 -5.845485687
vn -0.200739339 -0.277128607 -0.9396294355
v -5.826267242 -8.637795448 -5.816018581
vn -0.2793009877 -0.4148981571 -0.8659390807
v -5.487776279 -8.782277107 -5.845485687
vn -0.1809186935 -0.2904568315 -0.9396293163
v -5.209532738 -9.023174286 -5.816018581
vn -0.2622968853 -0.4546676278 -0.8511625528
v -5.177936077 -8.968447685 -5.845485687
vn -0.1693316698 -0.3105906248 -0.9353396297
v -4.845977783 -9.113959312 -5.8545084
vn -0.1367893517 -0.2551417947 -0.9571788311
v -4.567416191 -9.364592552 -5.816018581
vn -0.22151196 -0.4363924563 -0.8720631003
v -4.539716244 -9.307795525 -5.845485687
vn -0.1588367671 -0.3214081526 -0.9335243106
v -4.237815857 -9.518288612 -5.816018581
vn -0.2068300694 -0.4742772877 -0.8557350039
v -3.87937808 -9.601797104 -5.845485687
vn -0.1277331859 -0.3174611032 -0.9396290183
v -3.563529491 -9.790717125 -5.816018581
vn -0.1732416004 -0.487547338 -0.8557364941
v -3.541916132 -9.731336594 -5.845485687
vn -0.1165765598 -0.3217257857 -0.9396288991
v -3.219667673 -9.909118652 -5.816018581
vn -0.1614144444 -0.4995752275 -0.8510992527
v -3.200141668 -9.849019051 -5.845485687
vn -0.08159220964 -0.2755796015 -0.9578092694
v -2.863174438 -9.985074043 -5.830752373
vn -0.1138036326 -0.3928772211 -0.9125218987
v -2.52060008 -10.10957336 -5.816018581
vn -0.1209370717 -0.4851562679 -0.8660240173
v -1.80925262 -10.26077461 -5.816018581
vn -0.0964890793 -0.5261644721 -0.8448910117
v -1.798277259 -10.19854259 -5.845485687
vn -0.05893817171 -0.3370810151 -0.9396290183
v -1.450054169 -10.31766605 -5.816018581
vn -0.06221051887 -0.5069594979 -0.8597220182
v -1.441259623 -10.25508881 -5.845485687
vn -0.04287512228 -0.322809577 -0.9454923272
v -1.085787654 -10.33056355 -5.830752373
vn -0.0482114628 -0.448969841 -0.8922453523
v -0.726796031 -10.39368343 -5.816018581
vn -0.03724307194 -0.5138115883 -0.8570942879
v -0.7223901749 -10.33064556 -5.845485687
vn -0.02700470015 -0.3474157155 -0.9373222589
v -9.314135241e-07 -10.41906357 -5.816018581
vn 0.0004573741753 -0.5001493096 -0.8659390807
v -9.314135241e-07 -10.35587311 -5.845485687
vn 0.0004907731782 -0.3421938419 -0.9396292567
v 0.363620609 -10.41271687 -5.816018581
vn 0.01791209728 -0.4998263717 -0.865940392
v 0.3614152074 -10.34956455 -5.845485687
vn 0.01243305486 -0.3419678807 -0.9396293759
v 0.726796627 -10.39368343 -5.816018581
vn 0.03569776937 -0.483550936 -0.8745880127
v 0.7223883271 -10.33064556 -5.845485687
vn 0.02899269573 -0.3598106205 -0.9325748086
v 1.082482696 -10.29914093 -5.845485687
vn 0.0374379307 -0.3751680255 -0.9262005091
v 1.809250712 -10.26077461 -5.816018581
vn 0.08729983121 -0.4924686551 -0.8659407496
v 1.798277855 -10.19854259 -5.845485687
vn 0.05990451947 -0.3369112015 -0.9396287799
v 2.166246176 -10.19138241 -5.816018581
vn 0.1044338495 -0.4891241789 -0.8659394383
v 2.153107405 -10.12957096 -5.845485687
vn 0.07162604481 -0.3346131444 -0.9396296144
v 2.520600557 -10.10957336 -5.816018581
vn 0.1214402393 -0.4851785302 -0.8659411669
v 2.505313158 -10.04825783 -5.845485687
vn 0.08326063305 -0.331910193 -0.9396293163
v 2.871883392 -10.01544666 -5.816018581
vn 0.1382984221 -0.4806426466 -0.865942359
v 3.200139761 -9.849019051 -5.845485687
vn 0.1062101498 -0.3252938986 -0.9396293163
v 3.563529968 -9.790717125 -5.816018581
vn 0.171490252 -0.469827652 -0.8659405708
v 3.541916609 -9.731336594 -5.845485687
vn 0.1069441065 -0.285633266 -0.9523531795
v 3.903049707 -9.660387993 -5.816018581
vn 0.187782824 -0.4635568261 -0.8659403324
v 3.879378557 -9.601797104 -5.845485687
vn 0.1201773062 -0.3030428588 -0.9453689456
v 4.23781395 -9.518288612 -5.816018581
vn 0.2038466781 -0.4567215145 -0.8659399748
v 4.212112427 -9.460559845 -5.845485687
vn 0.1396318674 -0.3124107122 -0.9396288991
v 4.891454697 -9.199487686 -5.816018581
vn 0.2352073789 -0.4413864017 -0.8659420013
v 4.861787796 -9.143692017 -5.845485687
vn 0.1610838622 -0.3019098341 -0.9396288991
v 5.20953083 -9.023174286 -5.816018581
vn 0.2504693568 -0.4329097569 -0.8659412265
v 5.177936554 -8.968447685 -5.845485687
vn 0.171522662 -0.2961036563 -0.9396289587
v 5.521261692 -8.835866928 -5.816018581
vn 0.2654249966 -0.423904866 -0.8659412265
v 5.487774849 -8.782277107 -5.845485687
vn 0.1817523241 -0.2899386883 -0.9396284819
v 5.826266766 -8.637795448 -5.816018581
vn 0.2800577283 -0.4143855572 -0.865940094
v 6.087028503 -8.378076553 -5.845485687
vn 0.181015119 -0.2443594933 -0.9526394606
v 6.414615631 -8.210333824 -5.816018581
vn 0.3082810044 -0.3938390017 -0.8659409285
v 6.375710964 -8.160538673 -5.845485687
vn 0.199519366 -0.2587328851 -0.9451186657
v 6.697245598 -7.981465816 -5.816018581
vn 0.3218382001 -0.3828407824 -0.8659405708
v 6.656626701 -7.933057785 -5.845485687
vn 0.2203335017 -0.2618196011 -0.9396295547
v 6.971714973 -7.742873669 -5.816018581
vn 0.3350028694 -0.3713741601 -0.8659412861
v 6.929430962 -7.695912361 -5.845485687
vn 0.2293367088 -0.2539702952 -0.9396295547
v 7.494846821 -7.237689972 -5.816018581
vn 0.3600923419 -0.347101301 -0.8659412265
v 7.449390411 -7.19379282 -5.845485687
vn 0.2464940995 -0.2373545468 -0.9396294355
v 7.742873669 -6.971714497 -5.816018581
vn 0.3719861805 -0.3343225121 -0.8659415245
v 7.695911884 -6.929430962 -5.845485687
vn 0.2546278536 -0.2286077589 -0.9396292567
v 7.981465816 -6.697245121 -5.816018581
vn 0.3834267259 -0.3211352527 -0.8659422994
v 7.933058262 -6.656626225 -5.845485687
vn 0.2624524236 -0.2195830047 -0.9396286607
v 8.210333824 -6.414616108 -5.816018581
vn 0.3944021463 -0.3075595498 -0.8659411669
v 8.378076553 -6.087028503 -5.845485687
vn 0.2771295011 -0.2007400095 -0.9396290183
v 8.637795448 -5.826266289 -5.816018581
vn 0.4148980677 -0.2793011963 -0.8659390211
v 8.585407257 -5.790929794 -5.845485687
vn 0.2839665711 -0.1909459084 -0.9396290183
v 8.835867882 -5.521262646 -5.816018581
vn 0.4243906438 -0.2646490633 -0.8659408092
v 8.782277107 -5.487775326 -5.845485687
vn 0.290456593 -0.1809185147 -0.9396294355
v 9.023174286 -5.209531784 -5.816018581
vn 0.4333690703 -0.2496776432 -0.8659401536
v 9.143692017 -4.861787319 -5.845485687
vn 0.272980541 -0.1418616772 -0.9515024424
v 9.364593506 -4.567416668 -5.816018581
vn 0.4497304261 -0.2188391536 -0.8659399152
v 9.307795525 -4.53971529 -5.845485687
vn 0.2879878283 -0.1431205422 -0.9468788505
v 9.518288612 -4.237814903 -5.816018581
vn 0.4570935369 -0.2030100226 -0.8659402132
v 9.460559845 -4.212112427 -5.845485687
vn 0.3128094375 -0.1387345493 -0.9396291971
v 9.790718079 -3.56352973 -5.816018581
vn 0.4701411426 -0.1706306636 -0.8659402132
v 9.731336594 -3.541916847 -5.845485687
vn 0.321724087 -0.1165754944 -0.9396296144
v 9.909118652 -3.219667673 -5.816018581
vn 0.4758071303 -0.1541172713 -0.8659419417
v 9.849019051 -3.200140476 -5.845485687
vn 0.325596869 -0.1052761003 -0.9396294951
v 10.10957336 -2.520599604 -5.816018581
vn 0.5029860139 -0.1213309392 -0.855735898
v 10.04825783 -2.505312204 -5.845485687
vn 0.3321487606 -0.08230844885 -0.9396289587
v 10.19138336 -2.166245222 -5.816018581
vn 0.5200666189 -0.1125852466 -0.8466730714
v 10.19854259 -1.798278213 -5.845485687
vn 0.3370822072 -0.05893848091 -0.9396285415
v 10.31766605 -1.450053453 -5.816018581
vn 0.4953398108 -0.06915336847 -0.8659424186
v 10.29914093 -1.082483411 -5.845485687
vn 0.340372175 -0.03528123349 -0.9396286607
v 10.10500908 -3.263937235 5.037976265
vn 0.8571890593 -0.2731525004 -0.436594367
v 9.985641479 -3.612682819 5.037976265
vn 0.8477259874 -0.3040311635 -0.4346558154
v 9.854240417 -3.957075357 5.037976265
vn 0.8349891305 -0.3323943019 -0.4385284781
v 9.710967064 -4.296700478 5.037976265
vn 0.8205002546 -0.3636086881 -0.4410987198
v 9.555992126 -4.631147861 5.037976265
vn 0.8168202043 -0.3966806233 -0.4188665748
v 9.389502525 -4.960015297 5.037976265
vn 0.7939908504 -0.4250816405 -0.4346079826
v 9.211699486 -5.282906055 5.037976265
vn 0.778842628 -0.4501431584 -0.436778307
v 8.612618446 -6.211868763 5.037976265
vn 0.7312050462 -0.5241606236 -0.4365716875
v 8.391836166 -6.507042408 5.037976265
vn 0.7118481398 -0.5501775146 -0.4365511239
v 8.160942078 -6.794375896 5.037976265
vn 0.6919656396 -0.5762277246 -0.434908241
v 7.920214653 -7.073522091 5.037976265
vn 0.6713549495 -0.6000296474 -0.4350252748
v 7.669944286 -7.344145775 5.037976265
vn 0.6487417221 -0.6236519217 -0.4361106157
v 7.410431862 -7.605919838 5.037976265
vn 0.6261833906 -0.646289289 -0.4361244142
v 7.141990185 -7.858530045 5.037976265
vn 0.6013211012 -0.66846627 -0.437682271
v 6.286377907 -8.558385849 5.037976265
vn 0.5293853283 -0.7242540121 -0.4418227077
v 5.985557079 -8.771409035 5.037976265
vn 0.5101392269 -0.7487248778 -0.423283577
v 5.677523136 -8.973864555 5.037976265
vn 0.4820812941 -0.7574737668 -0.4402625859
v 5.362650394 -9.165506363 5.037976265
vn 0.4525887072 -0.7772615552 -0.4370674193
v 5.041313171 -9.346104622 5.037976265
vn 0.4245113134 -0.7945619822 -0.4341214299
v 4.713903427 -9.515441895 5.037976265
vn 0.3941208124 -0.809453249 -0.4352633655
v 4.380812645 -9.673313141 5.037976265
vn 0.3737207055 -0.8260118365 -0.4219445884
v 3.351509571 -10.07630444 5.037976265
vn 0.2841240764 -0.8548699617 -0.4341323078
v 2.999773979 -10.18655396 5.037976265
vn 0.2550210953 -0.8640205264 -0.4340884089
v 2.644425154 -10.28452873 5.037976265
vn 0.2223315537 -0.8699092865 -0.4402572811
v 2.285888672 -10.37011337 5.037976265
vn 0.1897702366 -0.8796249628 -0.43617329
v 1.924598217 -10.44320011 5.037976265
vn 0.1586613357 -0.8861148953 -0.435461849
v 1.560988903 -10.50370502 5.037976265
vn 0.1325526088 -0.8963503242 -0.4230672121
v 1.195499182 -10.55155468 5.037976265
vn 0.104988344 -0.8934025168 -0.4368173778
v 0.09215544909 -10.61866379 5.037976265
vn 0.002855768893 -0.8965736032 -0.4428855181
v -0.2764380574 -10.61546516 5.037976265
vn -0.02423449419 -0.9056515098 -0.4233297408
v -0.6447017789 -10.59947491 5.037976265
vn -0.05674617738 -0.8964502215 -0.4394961596
v -1.012185216 -10.570714 5.037976265
vn -0.09154170752 -0.8966726661 -0.4331261516
v -1.378452659 -10.52921581 5.037976265
vn -0.1179742813 -0.8987007141 -0.4223968685
v -1.743056297 -10.47502995 5.037976265
vn -0.145719111 -0.8886964321 -0.434723556
v -2.105560303 -10.40822411 5.037976265
vn -0.176631093 -0.8838757277 -0.4330879152
v -3.176118612 -10.13295555 5.037976265
vn -0.2739522755 -0.8546904325 -0.4409699142
v -3.525887489 -10.01661777 5.037976265
vn -0.3012066782 -0.8547617197 -0.4226782918
v -3.871408224 -9.88821125 5.037976265
vn -0.3312136233 -0.8362278342 -0.4370589852
v -4.212264538 -9.747889519 5.037976265
vn -0.3609284759 -0.8265235424 -0.4319600761
v -4.548042774 -9.595822334 5.037976265
vn -0.3853748739 -0.8130956888 -0.4363044202
v -4.878344536 -9.432193756 5.037976265
vn -0.411935091 -0.8064322472 -0.4242364168
v -5.202766418 -9.257200241 5.037976265
vn -0.438156575 -0.7852651477 -0.437467128
v -6.136892796 -8.666202545 5.037976265
vn -0.5218398571 -0.7325370312 -0.4371185899
v -6.433971405 -8.447990417 5.037976265
vn -0.5540195107 -0.7116034031 -0.4320682287
v -6.723296165 -8.21959877 5.037976265
vn -0.5758031607 -0.7041797042 -0.4154294431
v -7.004520893 -7.981302261 5.037976265
vn -0.6016403437 -0.6820998192 -0.4156546593
v -7.27730751 -7.733389854 5.037976265
vn -0.6087065339 -0.6636810899 -0.4347456098
v -7.541324615 -7.476159573 5.037976265
vn -0.6393733025 -0.6285988092 -0.442792654
v -7.796254158 -7.20991993 5.037976265
vn -0.6655896902 -0.6146487594 -0.4233169854
v -8.503508568 -6.360414028 5.037976265
vn -0.7193039656 -0.5379744172 -0.4395284653
v -8.719135284 -6.061452866 5.037976265
vn -0.748902142 -0.5192138553 -0.4117797017
v -8.924253464 -5.755187988 5.037976265
vn -0.7629204392 -0.49217996 -0.4191793203
v -9.118620872 -5.441988945 5.037976265
vn -0.7690382004 -0.4652716517 -0.4382949769
v -9.30200386 -5.122232437 5.037976265
vn -0.7786175609 -0.443535924 -0.4438813329
v -9.4741745 -4.796304226 5.037976265
vn -0.8162026405 -0.4012530148 -0.4157033861
v -9.634931564 -4.464596748 5.037976265
vn -0.8125218749 -0.3777649403 -0.4439615309
v -10.04683781 -3.438827753 5.037976265
vn -0.8596562743 -0.2928104103 -0.4186325073
v -10.16013718 -3.088063002 5.037976265
vn -0.8666928411 -0.2631363273 -0.4237957299
v -10.26119137 -2.733577013 5.037976265
vn -0.8699338436 -0.2426487356 -0.4293444753
v -10.34988499 -2.375797272 5.037976265
vn -0.8695397377 -0.2056684643 -0.4490001202
v -10.42610359 -2.015155077 5.037976265
vn -0.8875036836 -0.1675340086 -0.4292663038
v -10.48976231 -1.652084827 5.037976265
vn -0.8873449564 -0.1295063496 -0.4425460994
v -10.54078197 -1.287023664 5.037976265
vn -0.8932903409 -0.1090717912 -0.4360454679
v -10.61746407 -0.1843044162 5.037976265
vn -0.8991657495 -0.02208197489 -0.4370507896
v -10.61746407 0.1843044162 5.037976265
vn -0.9004533291 0.01398022939 -0.4347278476
v -10.60466957 0.5526911616 5.037976265
vn -0.9091869593 0.05100755766 -0.4132521451
v -10.57910061 0.9204119444 5.037976265
vn -0.8960383534 0.06966920942 -0.4384762645
v -10.54078197 1.287023664 5.037976265
vn -0.8943196535 0.1021761447 -0.435605824
v -10.48976231 1.652084827 5.037976265
vn -0.8825452924 0.1561068445 -0.4435588419
v -10.42610359 2.015155077 5.037976265
vn -0.8891934156 0.1725176573 -0.4237602949
v -10.16013718 3.088063002 5.037976265
vn -0.868571043 0.2651299536 -0.4186770916
v -10.04683781 3.438827753 5.037976265
vn -0.851850152 0.288141489 -0.4374080002
v -9.921435356 3.785449266 5.037976265
vn -0.8428244591 0.3203590214 -0.4324546158
v -9.784078598 4.127509594 5.037976265
vn -0.8300484419 0.3457403779 -0.437587887
v -9.634931564 4.464596748 5.037976265
vn -0.8168933988 0.3844424188 -0.4299874902
v -9.4741745 4.796304226 5.037976265
vn -0.797683835 0.4063792229 -0.4455967546
v -9.30200386 5.122232437 5.037976265
vn -0.788838625 0.4379619062 -0.4311878979
v -8.719135284 6.061452866 5.037976265
vn -0.752464056 0.5090257525 -0.4179601073
v -8.503508568 6.360414028 5.037976265
vn -0.7168318629 0.5396286249 -0.4415348768
v -8.277635574 6.651710987 5.037976265
vn -0.7032723427 0.5664247274 -0.4296173155
v -8.041789055 6.934993744 5.037976265
vn -0.6800357103 0.5880246162 -0.4379252493
v -7.796254158 7.20991993 5.037976265
vn -0.658301115 0.613501668 -0.4361827075
v -7.541324615 7.476159573 5.037976265
vn -0.6371210217 0.6364920139 -0.4346891642
v -7.27730751 7.733389854 5.037976265
vn -0.6269565821 0.6494857073 -0.4302252829
v -6.433971405 8.447990417 5.037976265
vn -0.5485280752 0.7217372656 -0.4221519232
v -6.136892796 8.666202545 5.037976265
vn -0.5213983655 0.7334936261 -0.4360399544
v -5.832418442 8.873973846 5.037976265
vn -0.4929047525 0.7509185076 -0.4395069182
v -5.520918846 9.071051598 5.037976265
vn -0.4675128758 0.7745975852 -0.4259464145
v -5.202766418 9.257200241 5.037976265
vn -0.4394377768 0.7867228389 -0.4335454106
v -4.878344536 9.432193756 5.037976265
vn -0.4121269882 0.8025974035 -0.4312641621
v -4.548042774 9.595822334 5.037976265
vn -0.3863609731 0.8195994496 -0.4230625033
v -3.525887489 10.01661777 5.037976265
vn -0.3075629473 0.8510129452 -0.4256547987
v -3.176118612 10.13295555 5.037976265
vn -0.2688418329 0.856056273 -0.4414653778
v -2.822524786 10.23708344 5.037976265
vn -0.2375385314 0.8675231934 -0.4370113909
v -2.465526819 10.3288765 5.037976265
vn -0.2082523406 0.8774547577 -0.4320927262
v -2.105560303 10.40822411 5.037976265
vn -0.1761258543 0.8824816346 -0.4361259639
v -1.743056297 10.47502995 5.037976265
vn -0.1413759589 0.8870177865 -0.4395592511
v -0.6447017789 10.59947491 5.037976265
vn -0.05688269436 0.8992542028 -0.4337121844
v -0.2764380574 10.61546516 5.037976265
vn -0.02531341836 0.8975123167 -0.4402623177
v 0.09215544909 10.61866379 5.037976265
vn 0.009480539709 0.8998392224 -0.4361186028
v 0.4606406689 10.60906792 5.037976265
vn 0.04161911458 0.8990761638 -0.4358094633
v 0.828569591 10.586689 5.037976265
vn 0.07287438214 0.8968061805 -0.4363805354
v 1.924598217 10.44320011 5.037976265
vn 0.1623761505 0.8869292736 -0.4324239194
v 2.285888672 10.37011337 5.037976265
vn 0.191805616 0.8789921999 -0.4365584552
v 2.644425154 10.28452873 5.037976265
vn 0.2228492647 0.8727231622 -0.4343874156
v 2.999773979 10.18655396 5.037976265
vn 0.2532895803 0.8622564077 -0.4385866225
v 4.042444706 9.819529533 5.037976265
vn 0.3470739424 0.8304938674 -0.4356828928
v 4.380812645 9.673313141 5.037976265
vn 0.3748783171 0.8269765973 -0.4190177917
v 4.713903427 9.515441895 5.037976265
vn 0.3965200484 0.8076016307 -0.4365219772
v 5.677523136 8.973864555 5.037976265
vn 0.484939605 0.7652763724 -0.4233032167
v 5.985557079 8.771409035 5.037976265
vn 0.5008014441 0.744822979 -0.4409496486
v 7.141990185 7.858530045 5.037976265
vn 0.6039716005 0.6678488255 -0.4349669516
v 10.61906338 5.303377759e-24 5.037976265
vn 0.9077723026 0.0006928708171 -0.4194626808
v 9.985641479 3.612682819 5.037976265
vn 0.8488301635 0.2982087135 -0.4365305007
v 10.10500908 3.263937235 5.037976265
vn 0.8580905795 0.2734019458 -0.4346629679
v 10.21220207 2.911258698 5.037976265
vn 0.8727790713 0.2484582812 -0.4201489985
v 10.30709076 2.555072069 5.037976265
vn 0.8716797829 0.2256095111 -0.4350571632
v 10.38955975 2.19580698 5.037976265
vn 0.8790128827 0.1839778721 -0.4398732483
v 10.4595108 1.83389616 5.037976265
vn 0.8872566819 0.1553493738 -0.4343295097
v 10.51685715 1.469775558 5.037976265
vn 0.8925588131 0.1241026297 -0.4335173666
v 10.56153202 1.103884101 5.037976265
vn 0.897126019 0.0957723856 -0.4312685132
v 10.59348106 0.7366625071 5.037976265
vn 0.8905299902 0.05650603026 -0.4514015615
v 10.61266613 0.3685532808 5.037976265
vn 0.9066970944 0.03182486445 -0.4205800295
v 10.26346016 0.7176910639 5.86353159
vn 0.1559402347 0.01060992666 0.9877095222
v 10.23216152 1.075443506 5.86353159
vn 0.1728285104 0.01716574281 0.9848023653
v 10.18839645 1.4318856 5.86353159
vn 0.1721614301 0.02320077084 0.9847955108
v 10.13221741 1.786583304 5.86353159
vn 0.1712802798 0.02920940518 0.9847892523
v 10.063694 2.139104128 5.86353159
vn 0.1701905578 0.03518520296 0.984782815
v 9.982910156 2.489018917 5.86353159
vn 0.1688900143 0.04111987725 0.9847767949
v 9.88996315 2.835901499 5.86353159
vn 0.1673810482 0.04700629786 0.9847710133
v 9.784966469 3.17932868 5.86353159
vn 0.1656649858 0.05283651873 0.9847656488
v 1.125896454 10.19164562 5.866570473
vn 0.0007146634161 0.006446425337 0.9999789596
v 0.7176920176 10.26346111 5.86353159
vn 0.01533045247 0.1684607565 0.9855891466
v 9.539352417 3.854148626 5.86353159
vn 0.1616224349 0.06430136412 0.9847555757
v 0.3590646088 10.28225517 5.86353159
vn 0.006712881383 0.1739326417 0.9847346544
v 7.881466389 6.613335133 5.86353159
vn 0.1339369416 0.1112791747 0.9847221971
v -9.314135241e-07 10.28852272 5.86353159
vn 0.0006299023516 0.1740392596 0.9847385287
v 5.753269672 8.529572487 5.86353159
vn 0.09805745631 0.1439834535 0.9847098589
v 9.399033546 4.184719086 5.86353159
vn 0.1593013257 0.06992163509 0.9847507477
v 9.247262955 4.510191441 5.86353159
vn 0.1567833722 0.07545772195 0.9847462177
v 9.084226608 4.830168724 5.86353159
vn 0.1540713608 0.08090195805 0.9847420454
v 8.910121918 5.14426136 5.86353159
vn 0.151169315 0.08624839783 0.9847380519
v 8.725162506 5.452086449 5.86353159
vn 0.1480807662 0.09149026126 0.9847342968
v 8.529572487 5.753269196 5.86353159
vn 0.1448081583 0.09661985934 0.9847310185
v 8.323590279 6.047441959 5.86353159
vn 0.1413577646 0.1016329825 0.9847277403
v 7.645862103 6.884366035 5.86353159
vn 0.1299761236 0.1159015223 0.9847197533
v 7.400944233 7.147008419 5.86353159
vn 0.1258555204 0.1203823388 0.9847174883
v 7.147007942 7.400944233 5.86353159
vn 0.1215793341 0.1247154549 0.9847154617
v 6.884365559 7.645862579 5.86353159
vn 0.1171525344 0.128895089 0.9847138524
v 6.613334656 7.881466389 5.86353159
vn 0.1125807539 0.1329164505 0.9847125411
v 6.334246635 8.107466698 5.86353159
vn 0.1078703552 0.1367745101 0.9847114682
v 5.144262314 8.910121918 5.86353159
vn 0.08776154369 0.1504845023 0.9847092628
v 4.510192394 9.247262955 5.86353159
vn 0.0770335719 0.15624547 0.9847096801
v 3.85414958 9.539352417 5.86353159
vn 0.06592708826 0.1612361223 0.9847114086
v 3.179328918 9.784966469 5.86353159
vn 0.05449786037 0.1654334962 0.9847140312
v 2.489018679 9.982910156 5.86353159
vn 0.04280351847 0.1688174307 0.9847174883
v -1.075442553 10.23216152 5.86353159
vn -0.01758458279 0.1730785519 0.9847510457
v -1.431886673 10.1883955 5.86353159
vn -0.02361910604 0.1723318398 0.9847557545
v -1.786583304 10.13221741 5.86353159
vn -0.02962279506 0.1713731289 0.9847607613
v -2.835902214 9.88996315 5.86353159
vn -0.05986089632 0.2017297447 0.9776102304
v -3.179328203 9.784966469 5.86353159
vn -0.05627871677 0.1851330251 0.9811006188
v -4.184719086 9.399033546 5.86353159
vn -0.07016123086 0.1588736773 0.9848027825
v -8.107465744 6.334247112 5.86353159
vn -0.1612014174 0.1281366199 0.9785678983
v -8.323589325 6.047441959 5.86353159
vn -0.1542989761 0.1170826331 0.9810624123
v -8.529571533 5.753269196 5.86353159
vn -0.1437383294 0.09804879129 0.9847465158
v -8.725162506 5.452086449 5.86353159
vn -0.1499860585 0.09147506952 0.9844473004
v -8.939285278 5.16109848 5.8545084
vn -0.2514457405 0.1442633867 0.9570596218
v -9.399033546 4.184719086 5.86353159
vn -0.1931684762 0.08416757733 0.9775488377
v -9.539351463 3.854148626 5.86353159
vn -0.1782005429 0.07628304511 0.9810328484
v -9.668049812 3.518882275 5.86353159
vn -0.1633396149 0.0603536889 0.9847220778
v -9.784967422 3.17932868 5.86353159
vn -0.1653619856 0.05461190641 0.9847197533
v -9.889962196 2.835901499 5.86353159
vn -0.1704229414 0.04680461064 0.9842587709
v -10.13221836 1.786583304 5.86353159
vn -0.1595932394 0.03159533069 0.9866771102
v -10.18839645 1.4318856 5.86353159
vn -0.1723866165 0.02503124252 0.9847112894
v -10.23216248 1.075443506 5.86353159
vn -0.215813905 0.015627129 0.9763094783
v -10.31590843 0.3602395356 5.8545084
vn -0.3128901124 0.01353391353 0.9496929049
v -10.28852272 -1.259980673e-15 5.86353159
vn -0.1618943214 0.00334008853 0.9868024588
v -10.23216248 -1.075443506 5.86353159
vn -0.1767894328 -0.02070190944 0.984030962
v -10.22174072 -1.436572194 5.8545084
vn -0.3026452065 -0.04576883465 0.9520037174
v -10.16538048 -1.792430758 5.8545084
vn -0.2736774385 -0.0431231074 0.9608543515
v -10.096632 -2.146105289 5.8545084
vn -0.2906075418 -0.06084969267 0.9549055099
v -9.98291111 -2.489018917 5.86353159
vn -0.1985444576 -0.04808585718 0.9789115787
v -9.668049812 -3.518882275 5.86353159
vn -0.1990948021 -0.07571923733 0.9770506024
v -9.570573807 -3.866763115 5.8545084
vn -0.2330669165 -0.0918789804 0.9681105614
v -9.399033546 -4.184719086 5.86353159
vn -0.1473413855 -0.06208825484 0.9871350527
v -9.247262001 -4.510191441 5.86353159
vn -0.1567470729 -0.07573056966 0.9847310185
v -9.084225655 -4.830168724 5.86353159
vn -0.1570243537 -0.08604243398 0.9838394523
v -8.323589325 -6.047441959 5.86353159
vn -0.138330847 -0.09626214206 0.9856967926
v -8.107465744 -6.334247112 5.86353159
vn -0.1374331862 -0.1066195592 0.9847559929
v -7.881466866 -6.613335133 5.86353159
vn -0.1336022317 -0.11134056 0.9847607613
v -7.645861626 -6.884366035 5.86353159
vn -0.1551306695 -0.1422682852 0.9775961637
v -7.400945187 -7.147008419 5.86353159
vn -0.1417868137 -0.1317753494 0.981087029
v -6.613334179 -7.881466389 5.86353159
vn -0.1204814389 -0.1473166943 0.9817240238
v -6.047441483 -8.323590279 5.86353159
vn -0.1023051068 -0.1402803212 0.9848122001
v -5.772099972 -8.557489395 5.8545084
vn -0.1650540233 -0.2493178397 0.9542524815
v -5.144261837 -8.910121918 5.86353159
vn -0.09423971921 -0.1551355422 0.9833879471
v -4.830168247 -9.084226608 5.86353159
vn -0.08239034563 -0.1528010517 0.9848165512
v -3.518882513 -9.668048859 5.86353159
vn -0.06034408882 -0.1629382223 0.9847891927
v -3.179328203 -9.784966469 5.86353159
vn -0.06350266933 -0.2005717903 0.9776186943
v -2.835902214 -9.88996315 5.86353159
vn -0.05476722866 -0.186220184 0.9809803963
v -2.139104128 -10.063694 5.86353159
vn -0.04138652235 -0.1757419407 0.9835659266
v -1.786583304 -10.13221741 5.86353159
vn -0.03111985512 -0.1711090505 0.9847605228
v -0.7176914215 -10.26346111 5.86353159
vn -0.01304346323 -0.1735059321 0.9847464561
v -0.359063983 -10.28225517 5.86353159
vn -0.003984604031 -0.1757840663 0.9844206572
v 0.3590646088 -10.28225517 5.86353159
vn 0.002398401499 -0.1796193421 0.9837332368
v 0.7176920176 -10.26346111 5.86353159
vn 0.01127130538 -0.1737169027 0.9847311378
v 1.075443149 -10.23216152 5.86353159
vn 0.01733774133 -0.1732354462 0.9847277999
v 2.139104605 -10.063694 5.86353159
vn 0.03538552299 -0.1705137193 0.9847197533
v 2.489018679 -9.982910156 5.86353159
vn 0.04132630676 -0.1691855639 0.9847174287
v 2.835900545 -9.88996315 5.86353159
vn 0.04721743613 -0.1676488519 0.9847154021
v 3.179328918 -9.784966469 5.86353159
vn 0.05305000395 -0.165904209 0.984713912
v 3.51888299 -9.668048859 5.86353159
vn 0.05881841853 -0.1639561653 0.9847125411
v 5.452086926 -8.725162506 5.86353159
vn 0.09167562425 -0.1481316537 0.9847093821
v 4.184719563 -9.399033546 5.86353159
vn 0.0701328069 -0.1594568044 0.9847105742
v 5.753269672 -8.529572487 5.86353159
vn 0.09679526091 -0.1448355019 0.9847097993
v 6.334246635 -8.107466698 5.86353159
vn 0.1066706404 -0.1377120018 0.9847115278
v 6.884365559 -7.645862579 5.86353159
vn 0.1160211489 -0.1299137622 0.984713912
v 9.668048859 -3.518882275 5.86353159
vn 0.1632242948 -0.06003240123 0.9847608805
v 9.784966469 -3.17932868 5.86353159
vn 0.1651947349 -0.05428176001 0.9847660661
v 9.88996315 -2.835901499 5.86353159
vn 0.1669618785 -0.04846680909 0.9847713709
v 9.982910156 -2.489018917 5.86353159
vn 0.1685224473 -0.04259414598 0.9847770929
v 10.063694 -2.139104128 5.86353159
vn 0.1698752046 -0.03667097911 0.9847830534
v 10.23216152 -1.075443506 5.86353159
vn 0.1726702452 -0.01867554523 0.9848026037
v 10.26346016 -0.7176910639 5.86353159
vn 0.1731792241 -0.01262520626 0.9848093987
v 10.58854198 0.3681698442 5.606417179
vn 0.9558410048 0.02849147283 0.2924998701
v 10.58020782 -7.196337922e-16 5.638012886
vn 0.9357830882 0.002211662941 0.3525692821
v 10.58854198 -0.3681698442 5.606417179
vn 0.9391207695 -0.03281394765 0.3420167863
v 10.53973675 -0.737010181 5.669608593
vn 0.8887240887 -0.06345398724 0.4540298283
v 10.54587555 -1.10841608 5.572742462
vn 0.9582464695 -0.09894089401 0.2682805061
v 10.50759506 -1.104392767 5.669608593
vn 0.8794872165 -0.09029915184 0.4672775567
v 10.49183178 -1.474530816 5.606417179
vn 0.9418662786 -0.128583923 0.3104095161
v 10.46265125 -1.470429897 5.669608593
vn 0.8622934818 -0.1307935417 0.4892269671
v 10.36341572 -2.202811956 5.606417179
vn 0.9124601483 -0.1899006665 0.3624282181
v 10.31503391 -2.192528248 5.698165894
vn 0.8109560013 -0.1726679057 0.5590493083
v 10.28898144 -2.565331221 5.572742462
vn 0.9363090992 -0.2287530154 0.2664532065
v 10.2516346 -2.556019545 5.669608593
vn 0.8684155941 -0.210803315 0.4487943053
v 10.18451118 -2.920361757 5.606417179
vn 0.9064992666 -0.2561283708 0.3356446028
v 10.04836178 -3.264910936 5.669608593
vn 0.823599577 -0.2678887546 0.4999193251
v 9.95598793 -3.623683214 5.606417179
vn 0.8772349954 -0.3194210231 0.3583698273
v 9.928297043 -3.613604784 5.669608593
vn 0.8216804266 -0.3034288883 0.4824647307
v 9.831824303 -3.972315073 5.572742462
vn 0.8954917192 -0.3617319167 0.2593156695
v 9.796135902 -3.957896233 5.669608593
vn 0.8205271363 -0.3292213082 0.4672777653
v 9.522669792 -4.644516468 5.606417179
vn 0.8589298725 -0.4201047122 0.2928336859
v 9.496185303 -4.631598949 5.669608593
vn 0.7783025503 -0.3799042702 0.4999179244
v 9.354777336 -4.974023342 5.606417179
vn 0.8437492847 -0.4498053491 0.2928519845
v 9.328760147 -4.960189342 5.669608593
vn 0.7645682096 -0.4068354964 0.4999203384
v 9.175488472 -5.29747057 5.606417179
vn 0.8215557933 -0.4757064283 0.3142442703
v 8.783603668 -5.92461586 5.606417179
vn 0.7838281989 -0.528834939 0.3254949749
v 8.759174347 -5.908137798 5.669608593
vn 0.7227239609 -0.4832503498 0.4941044152
v 8.571487427 -6.22755003 5.606417179
vn 0.7552105784 -0.5488469005 0.3583630621
v 8.547647476 -6.210229874 5.669608593
vn 0.7062137723 -0.5181598067 0.4824650884
v 8.356038094 -6.528451443 5.572742462
vn 0.7611224055 -0.5943751931 0.2596359253
v 8.093622208 -6.791355133 5.669608593
vn 0.6632757783 -0.5569083095 0.4999183118
v 7.873575211 -7.089398861 5.606417179
vn 0.7089310288 -0.6353738904 0.306131959
v 7.851677418 -7.069682121 5.669608593
vn 0.6434358954 -0.5797165036 0.4999189973
v 7.621363163 -7.359864235 5.606417179
vn 0.675845921 -0.652916193 0.3419542909
v 7.600165844 -7.339395046 5.669608593
vn 0.6228121519 -0.6018195152 0.499918282
v 7.089399338 -7.873575211 5.606417179
vn 0.6286540627 -0.6984694004 0.3419570029
v 7.069682598 -7.851677418 5.669608593
vn 0.5793133974 -0.6437986493 0.4999193251
v 6.810296535 -8.116195679 5.606417179
vn 0.6038938165 -0.7199831605 0.3419598639
v 6.791355133 -8.093622208 5.669608593
vn 0.5564915538 -0.6636232734 0.4999212623
v 6.52289629 -8.348927498 5.606417179
vn 0.5784000754 -0.7406204343 0.3419572413
v 6.21023035 -8.547647476 5.669608593
vn 0.5088441968 -0.70082587 0.4999207258
v 5.92461586 -8.783603668 5.606417179
vn 0.5253272057 -0.7791628838 0.3419597745
v 5.908138275 -8.759174347 5.669608593
vn 0.4840762615 -0.7181577086 0.4999196231
v 5.614462852 -8.985019684 5.606417179
vn 0.4978145361 -0.7970207334 0.3419629037
v 5.598847866 -8.960029602 5.669608593
vn 0.4587183297 -0.734613657 0.4999202788
v 4.631599903 -9.496185303 5.669608593
vn 0.3794163167 -0.7785378695 0.4999220669
v 5.282737255 -9.149969101 5.669608593
vn 0.4328016937 -0.7501754165 0.4999195635
v 4.309351444 -9.678959846 5.606417179
vn 0.3892812431 -0.8689191341 0.3056789935
v 3.968935728 -9.823457718 5.606417179
vn 0.3508784771 -0.8781951666 0.325050056
v 3.623683453 -9.95598793 5.606417179
vn 0.3277336061 -0.8939820528 0.3055925667
v 5.487774849 8.782277107 5.845485687
vn 0.1817523241 0.2899386883 0.9396284819
v 6.791355133 8.093622208 5.669608593
vn 0.556907475 0.6632747054 0.499920696
v 7.089399338 7.873575211 5.606417179
vn 0.6289303899 0.6982191801 0.3419598043
v 7.069682598 7.851677418 5.669608593
vn 0.5797170997 0.6434378624 0.4999158084
v 7.359863758 7.621362686 5.606417179
vn 0.6486120224 0.6714763045 0.3583601415
v 7.339395046 7.600165844 5.669608593
vn 0.611404717 0.6272271276 0.4824629128
v 7.600165844 7.339395046 5.669608593
vn 0.6344992518 0.615685463 0.4672709405
v 7.873575211 7.089398861 5.606417179
vn 0.6975803375 0.6330289245 0.3356426656
v 7.851677418 7.069682121 5.669608593
vn 0.6437991858 0.5793140531 0.4999178648
v 8.116195679 6.810296059 5.606417179
vn 0.7152460217 0.5999987721 0.3583638072
v 8.093622208 6.791355133 5.669608593
vn 0.6736172438 0.559882462 0.4824639559
v 9.496185303 4.631598949 5.669608593
vn 0.8014291525 0.3893723786 0.4539828897
v 10.23223209 2.551182032 5.698165894
vn 0.7957243919 0.1951749623 0.5733493567
v 10.55908585 0.367372185 5.669608593
vn 0.8600767851 0.03238140419 0.5091359019
v 10.42304802 -1.464863896 5.726723671
vn 0.7472714186 -0.1058833003 0.6560291052
v 9.890717506 -3.59992671 5.726723671
vn 0.719802916 -0.2623557746 0.6426921487
v 9.115334511 -5.262740612 5.726723671
vn 0.6724461317 -0.3929686844 0.6272095442
v 8.062986374 -6.765648842 5.726723671
vn 0.586664319 -0.492721051 0.6426904202
v 6.765648365 -8.062986374 5.726723671
vn 0.4921918809 -0.5871094465 0.6426893473
v 5.262741089 -9.115334511 5.726723671
vn 0.3827620447 -0.6636555791 0.642693162
v 5.238090038 -9.072636604 5.776026249
vn 0.3210963011 -0.5569725633 0.7659495473
v 4.941412926 -9.293448448 5.726723671
vn 0.3593681157 -0.6766093969 0.6426930428
v 4.918268681 -9.24991703 5.776026249
vn 0.3014628589 -0.5678403378 0.7659487128
v 4.614067554 -9.460240364 5.726723671
vn 0.3355350494 -0.6887382269 0.6426942348
v 4.592453957 -9.415926933 5.776026249
vn 0.2814609706 -0.5780135393 0.7659504414
v 4.281099796 -9.615506172 5.726723671
vn 0.3112941384 -0.7000289559 0.6426938772
v 4.261046886 -9.570465088 5.776026249
vn 0.2611173093 -0.5874845982 0.7659501433
v 3.942914248 -9.759056091 5.726723671
vn 0.2866733074 -0.7104662657 0.6426944137
v 3.924446344 -9.71334362 5.776026249
vn 0.2404571176 -0.596242249 0.7659474611
v 3.599926233 -9.890717506 5.726723671
vn 0.2617051601 -0.7200400233 0.6426917911
v 3.583063364 -9.844388008 5.776026249
vn 0.2195009291 -0.6042698622 0.7659486532
v 3.252552271 -10.01032734 5.726723671
vn 0.2364163995 -0.7287344337 0.6426922679
v 3.23731637 -9.963438034 5.776026249
vn 0.1982796937 -0.6115634441 0.7659473419
v 2.901215553 -10.11774254 5.726723671
vn 0.2108407766 -0.7365418077 0.642691493
v 2.887626171 -10.07034969 5.776026249
vn 0.1768135577 -0.6181074381 0.765950501
v 2.54634428 -10.21282959 5.726723671
vn 0.1850049794 -0.7434479594 0.6426961422
v 2.534416437 -10.16499138 5.776026249
vn 0.1551343054 -0.6239020824 0.7659500837
v 2.18837142 -10.29547405 5.726723671
vn 0.158946678 -0.7494507432 0.6426970959
v -4.26104641 -9.570465088 5.776026249
vn -0.2618651688 -0.5871527195 0.7659493089
v -6.157743454 -8.475406647 5.776026249
vn -0.3778422773 -0.5200091004 0.7660455704
v -7.785318375 -7.009932518 5.776026249
vn -0.4602900445 -0.4108066261 0.7870012522
v -9.390258789 -4.579935551 5.796022415
vn -0.5334557891 -0.2595594227 0.8050178885
v -10.21931362 -2.172182798 5.796022415
vn -0.541610539 -0.111162141 0.8332472444
v -10.46782207 1.100212455 5.726723671
vn -0.81659621 0.07901722193 0.5717752576
v -10.07034874 2.88762641 5.776026249
vn -0.603238225 0.1795028597 0.7770986557
v -9.047905922 5.223810196 5.796022415
vn -0.4966631532 0.287545234 0.8189282417
v -7.515388966 7.257527828 5.796022415
vn -0.4133319855 0.3981238604 0.8189347386
v -5.551528454 8.884303093 5.776026249
vn -0.3573116064 0.5679936409 0.741425395
v -5.262740135 9.115334511 5.726723671
vn -0.3992643654 0.6835442185 0.6110280752
v -5.238089561 9.072636604 5.776026249
vn -0.3156393468 0.5541103482 0.7702814341
v -4.941414833 9.293448448 5.726723671
vn -0.3432244062 0.6549389958 0.6732398868
v -4.904860973 9.224701881 5.796022415
vn -0.2505906224 0.4778999984 0.8419120908
v -4.603261471 9.438083649 5.751374722
vn -0.3098196983 0.6357950568 0.706948638
v -4.26104641 9.570465088 5.776026249
vn -0.2740117908 0.6093084812 0.7440838218
v -3.933678389 9.736199379 5.751374722
vn -0.268909514 0.6606346369 0.7008919716
v -3.599925756 9.890717506 5.726723671
vn -0.2586138248 0.7405331731 0.6202656627
v -3.583062887 9.844388008 5.776026249
vn -0.2205274105 0.5973051786 0.771099329
v -3.244936228 9.986883163 5.751374722
vn -0.226445362 0.6933388114 0.6841080189
v 2.178119898 -10.24724865 5.776026249
vn 0.1332678944 -0.6289402843 0.7659463286
v 1.827730775 -10.36557579 5.726723671
vn 0.13269566 -0.754544735 0.6426928639
v 1.819169998 -10.31702232 5.776026249
vn 0.1112368554 -0.6332057118 0.7659483552
v 1.46486485 -10.42304897 5.726723671
vn 0.1062825471 -0.758718729 0.6426895857
v 1.458002567 -10.37422562 5.776026249
vn 0.08906888217 -0.63669765 0.7659522295
v 1.100211978 -10.46782207 5.726723671
vn 0.07973674685 -0.761962235 0.6426939964
v 1.095057845 -10.41878891 5.776026249
vn 0.06679482758 -0.6394199133 0.765950799
v 0.7342201471 -10.49984264 5.726723671
vn 0.05309702083 -0.76428473 0.6426893473
v -2.901214838 10.11774254 5.726723671
vn -0.2146288753 0.7469950914 0.6292319298
v -1.095059752 10.41878891 5.776026249
vn -0.06476390362 0.6549323797 0.7529071569
v 1.092072248 10.39038849 5.796022415
vn 0.06051003933 0.5707665682 0.8188797235
v 2.887626171 10.07034969 5.776026249
vn 0.177600652 0.6178833842 0.7659491897
v 4.592453957 9.415926933 5.776026249
vn 0.2821966112 0.5776564479 0.7659491301
v 6.157743931 8.475406647 5.776026249
vn 0.3782185316 0.5198783278 0.7659485936
v 7.535932541 7.277365208 5.776026249
vn 0.4627479911 0.4463020563 0.7659496069
v 8.685145378 5.858204842 5.776026249
vn 0.5332179666 0.3591669202 0.7659488916
v 9.570465088 4.261045933 5.776026249
vn 0.5874877572 0.2611185908 0.7659472823
v 10.24724865 2.178120136 5.776026249
vn 0.6559464931 0.141498059 0.7414259911
v 10.36557579 1.827730775 5.726723671
vn 0.7581188083 0.1370601356 0.6375502944
v 10.31702232 1.819169402 5.776026249
vn 0.6332060099 0.1112363413 0.7659481764
v 10.42304802 1.464863896 5.726723671
vn 0.7475101948 0.1041948497 0.6560273767
v 10.37422657 1.458002329 5.776026249
vn 0.6522751451 0.08758169413 0.7529054284
v 10.41878986 1.095058918 5.776026249
vn 0.6671424508 0.07215604186 0.7414273024
v 10.49984169 0.7342204452 5.726723671
vn 0.7588263154 0.05660760775 0.6488283873
v 10.45065975 0.7307813168 5.776026249
vn 0.6259889603 0.04022384435 0.7787938714
v 10.41273975 0.3629507422 5.816018581
vn 0.5318927765 0.01657639258 0.8466494679
v 10.41906357 -1.701289603e-15 5.816018581
vn 0.540165484 0.003527648514 0.8415514231
v 10.35587215 -1.972799873e-15 5.845485687
vn 0.3693616688 5.884823605e-17 0.9292857051
v 0.7307816148 -10.45066071 5.776026249
vn 0.04443876818 -0.6413624883 0.7659499645
v 0.3673348129 -10.51906967 5.726723671
vn 0.02277343348 -0.7614230514 0.6478551626
v 0.3656143248 -10.46979713 5.776026249
vn 0.02062927186 -0.6290216446 0.7771140337
v -9.314135241e-07 -10.50083065 5.751374722
vn -0.003331292188 -0.7073467374 0.706858933
v -0.3664751947 -10.4944334 5.751374722
vn -0.02230982855 -0.7070018649 0.7068596482
v -0.7342195511 -10.49984264 5.726723671
vn -0.05380155146 -0.7753559351 0.6292285323
v -0.7307810187 -10.45066071 5.776026249
vn -0.04207488894 -0.6466385722 0.7616352439
v -1.100211382 -10.46782207 5.726723671
vn -0.08341822028 -0.7571787238 0.6478593946
v 10.41273975 -0.3629507422 5.816018581
vn 0.4998727739 -0.01791370846 0.8659135699
v 10.19138336 -2.166245222 5.816018581
vn 0.4891226292 -0.1044340134 0.8659402728
v 9.660387993 -3.903049946 5.816018581
vn 0.4635589719 -0.1877834052 0.8659390807
v 8.835867882 -5.521262646 5.816018581
vn 0.4239054918 -0.2654256523 0.8659407496
v 7.742873669 -6.971714497 5.816018581
vn 0.3713748455 -0.335003376 0.8659408092
v 6.414615631 -8.210333824 5.816018581
vn 0.3075595796 -0.3944018781 0.8659412265
v 4.891454697 -9.199487686 5.816018581
vn 0.2344003618 -0.4418181777 0.8659406304
v 3.219668388 -9.909118652 5.816018581
vn 0.154118225 -0.4758081436 0.8659412265
v 1.450052261 -10.31766605 5.816018581
vn 0.06915329397 -0.4953403771 0.8659421206
v -0.363620013 -10.41271687 5.816018581
vn -0.01657436788 -0.5318592191 0.846670568
v -0.3614146113 -10.34956455 5.845485687
vn -0.008818882518 -0.3213393986 0.9469230175
v -0.726796031 -10.39368343 5.816018581
vn -0.03534538671 -0.4988961816 0.86594069
v -0.7223901749 -10.33064556 5.845485687
vn -0.024360165 -0.3413268626 0.9396289587
v -1.08908844 -10.36198711 5.816018581
vn -0.05801860988 -0.5141496658 0.855735898
v -1.082484603 -10.29914093 5.845485687
vn -0.03625753894 -0.3402682245 0.9396291375
v -1.450054169 -10.31766605 5.816018581
vn -0.07207784057 -0.5272111297 0.8466718197
v -1.441259623 -10.25508881 5.845485687
vn -0.04811037704 -0.3387959003 0.9396290183
v -1.80925262 -10.26077461 5.816018581
vn -0.08730012178 -0.4924686849 0.86594069
v -1.798277259 -10.19854259 5.845485687
vn -0.05990467221 -0.336910516 0.9396290183
v -2.166245699 -10.19138241 5.816018581
vn -0.1044339836 -0.4891236722 0.8659397364
v -1.095059752 -10.41878891 5.776026249
vn -0.06711468846 -0.6257677078 0.7771167159
v -1.461433053 -10.39863682 5.751374722
vn -0.1028201282 -0.7115863562 0.6950344443
v -1.82773006 -10.36557579 5.726723671
vn -0.139327094 -0.79936409 0.5844698548
v -1.819169402 -10.31702232 5.776026249
vn -0.1094370037 -0.63869977 0.761633873
v -2.188370943 -10.29547405 5.726723671
vn -0.1673718393 -0.780933857 0.6017715335
v -2.178119183 -10.24724865 5.776026249
vn -0.1340668797 -0.6287671924 0.7659490108
v -2.546343565 -10.21282959 5.726723671
vn -0.1945239604 -0.7746152878 0.6017737389
v -2.534415722 -10.16499138 5.776026249
vn -0.155928418 -0.6237080097 0.7659469247
v -2.153106689 -10.12957096 5.845485687
vn -0.07162604481 -0.3346131444 0.9396296144
v -4.198414326 -9.429797173 5.8545084
vn -0.106221661 -0.236384958 0.9658359885
v -6.375710487 -8.160538673 5.845485687
vn -0.204812631 -0.2531191111 0.9455064535
v -8.429199219 -6.124172211 5.816018581
vn -0.4247587621 -0.308385551 0.8511629105
v -9.909118652 -3.219667673 5.816018581
vn -0.4895373881 -0.1604376882 0.8570955992
v -10.29914093 -1.082483411 5.845485687
vn -0.3932238519 -0.0485002026 0.9181627035
v -10.19854259 1.798278213 5.845485687
vn -0.346776247 0.06992916018 0.9353374839
v -9.489424706 4.224963665 5.830752373
vn -0.3780317307 0.1703187674 0.9099909663
v -7.742874622 6.971714497 5.816018581
vn -0.3777666986 0.3364108503 0.86262393
v -6.124172688 8.429199219 5.816018581
vn -0.2936102748 0.4048974812 0.8659393787
v -6.087028027 8.378076553 5.845485687
vn -0.200739339 0.277128607 0.9396294355
v -5.826267242 8.637795448 5.816018581
vn -0.2793009877 0.4148981571 0.8659390807
v -5.790929317 8.585407257 5.845485687
vn -0.1909460127 0.2839665711 0.9396289587
v -5.521263599 8.835866928 5.816018581
vn -0.2646497786 0.4243913889 0.8659402132
v -5.487776279 8.782277107 5.845485687
vn -0.1603212804 0.261924684 0.9516788125
v -5.209532738 9.023174286 5.816018581
vn -0.2408030033 0.420843482 0.8745883107
v -5.177936077 8.968447685 5.845485687
vn -0.1632880718 0.2942688763 0.941670239
v -4.567416191 9.364592552 5.816018581
vn -0.234572053 0.4629572928 0.8547786474
v -4.539716244 9.307795525 5.845485687
vn -0.1588367671 0.3214081526 0.9335243106
v -4.237815857 9.518288612 5.816018581
vn -0.2068300694 0.4742772877 0.8557350039
v -2.901214838 -10.11774254 5.726723671
vn -0.2214400619 -0.7673570514 0.6017702222
v -2.887625694 -10.07034969 5.776026249
vn -0.177600503 -0.6178843379 0.7659484744
v -3.252551794 -10.01032734 5.726723671
vn -0.2417393178 -0.7461599708 0.620328486
v -3.237318277 -9.963438034 5.776026249
vn -0.2000063807 -0.5969262719 0.7769662142
v -3.583062887 -9.844388008 5.776026249
vn -0.2200991064 -0.6182185411 0.7545609474
v -3.942913532 -9.759056091 5.726723671
vn -0.2928290665 -0.7354562879 0.611027956
v -3.924445868 -9.71334362 5.776026249
vn -0.2412141711 -0.5959354043 0.765948236
v -4.281099319 -9.615506172 5.726723671
vn -0.3205253482 -0.7098401785 0.6272084713
v -4.21211195 9.460559845 5.845485687
vn -0.1387341917 0.3128088713 0.9396294355
v -2.153106689 10.12957096 5.845485687
vn -0.0803283155 0.3683754802 0.926200211
v -0.363620013 10.41271687 5.816018581
vn -0.01699762791 0.4998597205 0.8659395576
v 1.082482696 10.29914093 5.845485687
vn 0.03598234802 0.3385767937 0.9402505159
v 2.520600557 10.10957336 5.816018581
vn 0.1214402393 0.4851785302 0.8659411669
v 3.563529968 9.790717125 5.816018581
vn 0.171490252 0.469827652 0.8659405708
v 4.212112427 9.460559845 5.845485687
vn 0.1396318674 0.3124107122 0.9396288991
v 4.861787796 9.143692017 5.845485687
vn 0.1610838622 0.3019098341 0.9396288991
v 5.521261692 8.835866928 5.816018581
vn 0.2654249966 0.423904866 0.8659412265
v 5.265798092 -8.757889748 5.869608402
vn 0.0007304702885 -0.001215160708 0.9999989867
v 2.248687506 -9.968584061 5.869608402
vn 0.0003394814848 -0.001493366784 0.9999988079
v 5.826266766 8.637795448 5.816018581
vn 0.2800577283 0.4143855572 0.865940094
v -0.6344181299 -10.19935131 5.869608402
vn -9.126442455e-05 -0.001547993277 0.9999988079
v 5.177936554 8.968447685 5.845485687
vn 0.171522662 0.2961036563 0.9396289587
v -3.123344183 -9.730055809 5.869608402
vn -0.0004670544004 -0.001478350023 0.9999988079
v 4.891454697 9.199487686 5.816018581
vn 0.2352073789 0.4413864017 0.8659420013
v -5.109531879 -8.84996891 5.869608402
vn -0.004300778732 0.0007889355766 0.9999904633
v 4.23781395 9.518288612 5.816018581
vn 0.2038466781 0.4567215145 0.8659399748
v -5.436244965 -8.694108009 5.866570473
vn -0.001930902246 -0.002961065853 0.9999937415
v 3.200139761 9.849019051 5.845485687
vn 0.1062101498 0.3252938986 0.9396293163
v -5.724447727 -8.465220451 5.869608402
vn 0.001725034672 -0.004788334947 0.9999870658
v 2.153107405 10.12957096 5.845485687
vn 0.07162604481 0.3346131444 0.9396296144
v -6.021279812 -8.25672245 5.869608402
vn -0.003970208112 0.001691364567 0.9999907017
v 0.7223883271 10.33064556 5.845485687
vn 0.02899269573 0.3598106205 0.9325748086
v -6.322384834 -8.07264328 5.866570473
vn -0.002460354706 -0.003120718757 0.9999921322
v -0.7223901749 10.33064556 5.845485687
vn -0.02338122204 0.3413965702 0.9396284819
v -6.591816902 -7.808791161 5.869608402
vn 0.002123528393 -0.003740197979 0.9999907613
v -2.505312443 10.04825783 5.845485687
vn -0.08780294657 0.3546876013 0.9308530092
v 4.445251465 0.1481697559 5.868088722
vn -0.005170429591 -0.0007104692049 0.9999864101
v 4.154632092 -0.2141591758 5.726723671
vn -0.7845321298 0.03041857667 0.6193416119
v 6.452186108 -7.924553871 5.869608402
vn 0.0008487951709 -0.001044368604 0.9999991059
v -1.764416099 -3.663848162 -1.823202848
vn 0.4230250716 0.9061179161 -0.0002507223689
v -0.6811743975 -4.009108067 -1.823202848
vn 0.1675062031 0.985871017 -6.036719112e-17
v 0.4553117752 -4.040995121 -5.469608307
vn -0.1027834117 0.99470222 -0.001749890158
v 1.343100548 -3.838362694 -1.823202848
vn -0.3302791417 0.9438832998 -5.779618143e-17
v 2.353204966 -3.316530943 -5.469608307
vn -0.5698222518 0.8217679262 -0.0002692113922
v 3.179368258 -2.535461664 -1.823202848
vn -0.7876397371 0.6161360145 -0.0002104046434
v 3.907632828 -1.125769496 -5.469608307
vn -0.9561901689 0.2927336395 -0.002722882666
v 4.009108067 -0.6811748743 1.823202848
vn -0.9865260124 0.1635984331 0.001388201956
v 2.709740162 -3.032202005 1.823202848
vn -0.6630074382 0.7486125827 0.0005588691565
v 8.325707436 6.50475502 5.669608593
vn 0.6953778863 0.5459877849 0.4672760963
v 2.535462379 -3.179368258 1.823202848
vn -0.6190943718 0.7853165269 0.0003510124225
v 8.571487427 6.22755003 5.606417179
vn 0.7599288225 0.5566433072 0.3356432915
v 2.353204966 -3.316530943 1.823202848
vn -0.5839362144 0.8117994666 0.0002700395416
v 8.547647476 6.210229874 5.669608593
vn 0.7008252144 0.5088431835 0.4999226332
v 2.163543701 -3.443258762 1.823202848
vn -0.5360379815 0.8441938162 0.0002247916855
v 8.783603668 5.92461586 5.606417179
vn 0.7881383896 0.519777894 0.3296495676
v 1.967074156 -3.559152842 1.823202848
vn -0.4818080068 0.8762767911 0.0002728373802
v 8.759174347 5.908137798 5.669608593
vn 0.7108806372 0.4789588749 0.5150214434
v 1.764416695 -3.663848162 1.823202848
vn -0.4338828623 0.9009692669 -5.516845692e-17
v 8.972524643 5.606655598 5.638012886
vn 0.777307868 0.4854423702 0.4001727104
v 1.556206465 -3.757015705 1.823202848
vn -0.3826823831 0.923879981 -5.657133208e-17
v 9.149968147 5.282736778 5.669608593
vn 0.7649286389 0.4464250505 0.4643155038
v 1.343100548 -3.838362694 1.823202848
vn -0.3302791417 0.9438832998 -5.779618143e-17
v 9.354777336 4.974023342 5.606417179
vn 0.8251985908 0.4437654614 0.3494560421
v 1.125768423 -3.907632589 1.823202848
vn -0.2768366933 0.960916996 -5.883919662e-17
v 9.328760147 4.960189342 5.669608593
vn 0.7753044367 0.4075956643 0.4824612141
v 2.773612976 -3.324735165 5.845485687
vn -0.1625758559 0.1971264184 0.9668041468
v 10.28022671 2.56314826 5.606417179
vn 0.8994253278 0.2216540277 0.3767008781
v 3.083714247 -2.710202694 5.638012886
vn -0.6763533354 0.593895793 0.4356994331
v 10.53973675 0.737010181 5.669608593
vn 0.8672328591 0.05991255865 0.4942849576
v 2.950657129 -2.87563777 5.669608593
vn -0.6323372722 0.62696594 0.4550420344
v 10.41878986 -1.095058918 5.776026249
vn 0.6393362284 -0.06760793179 0.7659493089
v 2.560853958 -3.412565708 5.816018581
vn -0.3115149736 0.4002479911 0.8618352413
v 9.963438988 -3.237317324 5.776026249
vn 0.6113075614 -0.1990557611 0.7659502625
v 2.955348492 -2.812942982 5.564059734
vn -0.749381721 0.6618276834 0.02027631551
v 9.249916077 -4.918268204 5.776026249
vn 0.5674585104 -0.3021855056 0.7659469843
v 2.526571989 -3.366883039 5.776026249
vn -0.4193986058 0.532130897 0.7354872823
v 8.255342484 -6.44977951 5.776026249
vn 0.506360352 -0.3961304128 0.7659503222
v 2.212662935 -3.684876204 5.830752373
vn -0.2167875469 0.3764768243 0.9007043839
v 7.009932518 -7.785317898 5.776026249
vn 0.429882288 -0.478043288 0.7659476995
v 2.748861313 -3.04792428 5.638012886
vn -0.6043792963 0.6665834188 0.4363396168
v 5.551529408 -8.884303093 5.776026249
vn 0.3403395414 -0.5454277992 0.7659487724
v 2.336137772 -3.472031116 5.751374722
vn -0.3950228691 0.5875345469 0.7062295079
v 1.125768423 -3.907632589 5.469608307
vn -0.2856268287 0.9583384395 0.00216760952
v 1.805100799 -4.083800793 5.869608402
vn -0.001861866913 0.004171096254 0.9999895692
v 1.138245106 -3.91034627 5.539067745
vn -0.273707211 0.9403004646 0.2022854835
v 3.546536684 -2.626922607 5.865050793
vn -0.005722970702 0.004285382107 0.9999744296
v 0.7386654019 -4.053399563 5.669608593
vn -0.1507575512 0.8445302844 0.5138489604
v 3.217524529 2.488733292 -5.495655537
vn -0.8023040891 -0.596876502 -0.006825509015
v 0.1114821732 -4.32832098 5.845485687
vn -0.01240727212 0.3431415558 0.9392017722
v 3.179368258 2.535461664 -1.823202848
vn -0.7914095521 -0.6112862229 -0.000188177597
v 1.338034987 -3.846565962 5.539067745
vn -0.3108841181 0.9324457049 0.184108898
v 3.010030508 2.737630367 -5.504338264
vn -0.7524877191 -0.6585060954 -0.01148798503
v 0.9938928485 -3.982248068 5.638012886
vn -0.2305910587 0.8863755465 0.4014550149
v 3.032202482 2.709741354 -1.823202848
vn -0.7446200252 -0.667488575 -0.0001918880444
v 4.009108067 0.6811748743 -1.823202848
vn -0.9865279794 -0.163591966 -0.0004743832978
v 2.875496626 2.875495434 -5.469608307
vn -0.7136918902 -0.7004597783 0.0001502734085
v 3.710432291 1.66031158 -1.823202848
vn -0.9116897583 -0.4108792841 -8.356098988e-05
v 2.875496626 2.875495434 -1.823202848
vn -0.7089669108 -0.7052417397 -0.0001681206923
v 3.838362217 1.343101144 -1.823202848
vn -0.9411259294 -0.3380503953 -0.001985460287
v 2.048563004 3.513274908 -5.486973286
vn -0.5248010159 -0.8511987925 -0.006675782148
v 3.907632828 1.125769496 -5.469608307
vn -0.9832199812 -0.1823790818 -0.004043720197
v 1.343100548 3.838362694 -5.469608307
vn -0.3390604258 -0.9407631159 -0.001653633313
v 3.936118364 1.015332699 -1.823202848
vn -0.97391361 -0.226918146 -0.000650717353
v 0.4553117752 4.040995121 -5.469608307
vn -0.1210325584 -0.9926469922 -0.001749897725
v 9.652040482 4.297365189 5.669608593
vn 0.8036313057 0.3588995934 0.4747291803
v 9.809797287 3.963415623 5.638012886
vn 0.8535610437 0.3477497399 0.3879480362
v 9.95598793 3.623683214 5.606417179
vn 0.8885578513 0.3232886791 0.3254987299
v 9.928297043 3.613604784 5.669608593
vn 0.8157628775 0.300647229 0.494107455
v 10.07638741 3.274016857 5.606417179
vn 0.901499033 0.2885428965 0.3225562572
v 10.04836178 3.264910936 5.669608593
vn 0.8237677217 0.2673737407 0.4999180436
v 10.18451118 2.920361757 5.606417179
vn 0.9142872691 0.2644611299 0.3068209589
v 10.15618515 2.912239552 5.669608593
vn 0.8303197026 0.2340486497 0.5057573318
v 10.36341572 2.202811956 5.606417179
vn 0.9003164172 0.1921895742 0.3905041516
v 10.31503391 2.192528248 5.698165894
vn 0.8009157181 0.172638461 0.5733497739
v 10.43397999 1.839792132 5.606417179
vn 0.9256152511 0.1627622545 0.3416794837
v 10.40496063 1.834675312 5.669608593
vn 0.8613584042 0.1519819051 0.4847300351
v 10.49183178 1.474530816 5.606417179
vn 0.9471929669 0.1317266673 0.2923586667
v 10.46265125 1.470429897 5.669608593
vn 0.8548098207 0.116211623 0.5057618022
v 10.53690147 1.107472897 5.606417179
vn 0.9305631518 0.09417099506 0.3538135886
v 10.48770809 1.10230267 5.698165894
vn 0.8244368434 0.08388652653 0.5597025752
v 10.49446964 0.3654614985 5.751374722
vn 0.7070162296 0.02513974719 0.7067503333
v 10.52548122 -1.14577755e-15 5.726723671
vn 0.7986575365 0.003036795417 0.60177809
v 10.47617912 -1.425513146e-15 5.776026249
vn 0.6561180949 0.000857788662 0.7546577454
v 10.51910877 -0.3662069738 5.726723671
vn 0.7657017708 -0.02708570473 0.6426252127
v 10.46982861 -0.3647159636 5.776026249
vn 0.6425488591 -0.02284778282 0.7659040093
v 10.49984169 -0.7342204452 5.726723671
vn 0.7642199993 -0.05374792218 0.6427121758
v 10.45065975 -0.7307813168 5.776026249
vn 0.6412918568 -0.04522769153 0.7659629583
v 10.46782207 -1.100212455 5.726723671
vn 0.7618923783 -0.08042586595 0.6426909566
v 10.37422657 -1.458002329 5.776026249
vn 0.6511489749 -0.09560237825 0.7529044747
v 10.31702232 -1.819169402 5.776026249
vn 0.6714787483 -0.119719401 0.7312889695
v 10.24724865 -2.178120136 5.776026249
vn 0.6567855477 -0.1375329196 0.7414293289
v 10.21283054 -2.546344519 5.726723671
vn 0.7483187914 -0.1831430346 0.6375560164
v 10.16499043 -2.534416914 5.776026249
vn 0.6237052083 -0.1559284925 0.7659491301
v 10.11774254 -2.901215792 5.726723671
vn 0.7363498807 -0.2115050405 0.6426931024
v 10.07034969 -2.88762641 5.776026249
vn 0.6178829074 -0.1775998175 0.7659497261
v 10.01032734 -3.252552748 5.726723671
vn 0.728522718 -0.2370751351 0.6426896453
v 9.844388008 -3.583064079 5.776026249
vn 0.6039893031 -0.2202700824 0.7659490705
v 9.759056091 -3.942914724 5.726723671
vn 0.7102075219 -0.2873159945 0.6426934004
v 9.713342667 -3.924445629 5.776026249
vn 0.5959358811 -0.2412146628 0.7659477592
v 9.615506172 -4.281098843 5.726723671
vn 0.6997481585 -0.3119256496 0.64269346
v 9.570465088 -4.261045933 5.776026249
vn 0.58715415 -0.2618653476 0.7659481168
v 9.46023941 -4.614067554 5.726723671
vn 0.688431561 -0.3361557424 0.6426984668
v 9.41592598 -4.592454433 5.776026249
vn 0.5776581764 -0.2821975946 0.7659475207
v 9.293448448 -4.941414356 5.726723671
vn 0.6762823462 -0.359977603 0.6426961422
v 9.072636604 -5.238089085 5.776026249
vn 0.5565664172 -0.321805954 0.7659469843
v 8.926114082 -5.577655315 5.726723671
vn 0.6706827879 -0.4166484773 0.6136682034
v 8.884304047 -5.551528931 5.776026249
vn 0.5449954271 -0.3410332501 0.765947938
v 8.726019859 -5.885774612 5.726723671
vn 0.6349508762 -0.4286971986 0.6426944137
v 8.685145378 -5.858204842 5.776026249
vn 0.5327604413 -0.359845072 0.7659489512
v 8.515293121 -6.186722755 5.726723671
vn 0.6196016669 -0.4505944252 0.6426962018
v 8.475406647 -6.157743454 5.776026249
vn 0.5198792815 -0.3782189786 0.7659477592
v 8.294192314 -6.480133533 5.726723671
vn 0.6035007834 -0.471945554 0.6426929235
v 8.025218964 -6.733957767 5.776026249
vn 0.4922273755 -0.413561523 0.7659497857
v 7.821956635 -7.04292202 5.726723671
vn 0.5691095591 -0.5128942132 0.6426926255
v 7.785317898 -7.009932518 5.776026249
vn 0.4774948061 -0.430488646 0.7659492493
v 7.571398258 -7.311614037 5.726723671
vn 0.550862968 -0.5324428678 0.642693162
v 7.535932541 -7.277365208 5.776026249
vn 0.4621793926 -0.4468902647 0.7659499049
v 7.31161356 -7.571397781 5.726723671
vn 0.5319437981 -0.5513421297 0.6426956058
v 7.277364731 -7.535932541 5.776026249
vn 0.446303159 -0.4627483785 0.7659487128
v 7.042922497 -7.821956635 5.726723671
vn 0.5123791695 -0.5695729256 0.6426929832
v 6.733958244 -8.025218964 5.776026249
vn 0.4129368961 -0.4927550256 0.7659475207
v 6.480133533 -8.294192314 5.726723671
vn 0.4714012444 -0.6039278507 0.642691195
v 6.449779987 -8.25534153 5.776026249
vn 0.3954857588 -0.5068634152 0.7659507394
v 6.186722755 -8.515293121 5.726723671
vn 0.4500370324 -0.6200116277 0.6426914334
v 6.157743931 -8.475406647 5.776026249
vn 0.3775548339 -0.5203561187 0.7659515738
v 5.885774136 -8.726019859 5.726723671
vn 0.4281232953 -0.6353387833 0.6426935792
v 5.858204365 -8.685145378 5.776026249
vn 0.3591667712 -0.5332178473 0.7659490705
v 5.577655315 -8.926114082 5.726723671
vn 0.4056910574 -0.6498932242 0.6426924467
v 7.749984741 -6.660854816 5.869608402
vn -0.0009747882723 -0.006312218495 0.9999796152
v 7.981501579 -6.381606579 5.869608402
vn 0.000957654207 -0.0007689261693 0.9999992251
v 8.614607811 -5.497071743 5.869608402
vn 0.0009837057441 -0.000631380477 0.9999993443
v 8.982851028 -4.872130394 5.869608402
vn 0.0009918110445 -0.0005418432411 0.9999993443
v 9.30583477 -4.222641468 5.869608402
vn 0.0007391811814 -0.0003384740266 0.9999996424
v 0.7649134994 -4.197437763 5.816018581
vn -0.09234179556 0.4958125353 0.8635061979
v 0.4450404644 -4.305380344 5.845485687
vn -0.04084844515 0.3482002318 0.9365297556
v 0.7458353639 -4.092743874 5.726723671
vn -0.139546901 0.7646437287 0.629163444
v 8.202961922 -6.094316006 5.869608402
vn 0.0009682911332 -0.0007227742462 0.9999992847
v 9.581933022 -3.551877737 5.869608402
vn 0.0005489769392 -0.00294739916 0.9999955297
v 10.05851936 -1.804284573 5.869608402
vn 0.001115048653 -0.000207398436 0.9999993443
v 4.066563606 -8.527120958e-24 -5.469608307
vn -0.9996294975 0.02712902986 -0.002223228337
v -1.552176595 3.816597939 5.669608593
vn 0.3405811489 -0.8142806888 0.4700546861
v -1.955172777 3.672073364 5.726723671
vn 0.365383476 -0.6673101783 0.6489930749
v -1.978344202 3.715591908 5.776026249
vn 0.3348520994 -0.601010263 0.7257139683
v -1.607333541 3.952221155 5.816018581
vn 0.1993136108 -0.4843804538 0.8518507481
v -2.289090395 3.598829508 5.816018581
vn 0.2609418333 -0.4220479429 0.8682078719
v -9.314135241e-07 4.06656456 -5.469608307
vn -0.009181323461 -0.9999563098 -0.001766748494
v 0.9048968554 -3.964607477 1.823202848
vn -0.2225207388 0.9749279618 -5.969712188e-17
v -1.12577033 -3.907632589 1.823202848
vn 0.2839700878 0.9588330984 -0.0002760060888
v -3.032202005 -2.709741354 1.823202848
vn 0.7429766059 0.6693171263 0.000555770006
v -4.009107113 -0.6811748743 1.823202848
vn 0.9883691072 0.15207389 0.0001406384981
v -3.316530228 2.35320425 1.823202848
vn 0.8169926405 -0.5766481161 0.0001484727109
v -1.556205869 3.757015705 1.823202848
vn 0.3850312829 -0.9229034185 0.0003781975829
v 0.4553117752 4.040995121 1.823202848
vn -0.1119652614 -0.9937121272 6.084731983e-17
v 2.535462379 3.179368258 1.823202848
vn -0.618231833 -0.785995543 0.0005904763821
v 3.838362217 1.343101144 1.823202848
vn -0.9467943311 -0.3218362927 0.001353652915
v -4.614066601 -9.460240364 5.726723671
vn -0.3442586362 -0.7105561495 0.6136741042
v 3.936118364 1.015332699 1.823202848
vn -0.9691958427 -0.2462904304 0.0006746001309
v -4.59245348 -9.415926933 5.776026249
vn -0.2821965814 -0.5776565075 0.7659491301
v 4.009108067 0.6811748743 1.823202848
vn -0.9829126596 -0.1840726286 1.127119777e-17
v -4.941414833 -9.293448448 5.726723671
vn -0.3550767601 -0.6659863591 0.6560355425
v 4.040995121 0.4553107917 1.823202848
vn -0.9939845204 -0.1095202491 0.0003068305377
v -4.918268204 -9.24991703 5.776026249
vn -0.3125422001 -0.5791800022 0.7529063225
v 10.61266613 -0.3685532808 5.469608307
vn 0.9992625713 -0.03744911402 0.008476607502
v -5.238089561 -9.072636604 5.776026249
vn -0.3429695368 -0.5820688605 0.7372704744
v 10.61602402 -1.444129236e-16 5.504338264
vn 0.9987877011 -0.001681321068 0.04919635132
v -5.536396027 -8.860085487 5.796022415
vn -0.3197107017 -0.5085870028 0.7994525433
v 10.60962486 0.3685614765 5.504338264
vn 0.9980942011 0.02684733272 0.05556215718
v -5.885773659 -8.726019859 5.726723671
vn -0.4172779322 -0.6225387454 0.6620609164
v 10.59348106 0.7366625071 5.469608307
vn 0.9974207878 0.06944000721 0.01816156134
v -5.842234135 -8.661470413 5.796022415
vn -0.3051639795 -0.4535316527 0.8373672962
v 10.57813263 0.7396951914 5.572742462
vn 0.9551686645 0.06873828173 0.2879719138
v -6.186723709 -8.515293121 5.726723671
vn -0.4624834657 -0.6310075521 0.6228471398
v -1.784446836 -3.812508106 5.776026249
vn 0.27082479 0.5625723004 0.7811314464
v -7.821956158 -7.04292202 5.726723671
vn -0.6101921797 -0.5541485548 0.5662021637
v -2.359126329 -3.708939791 5.86353159
vn 0.09732338041 0.1537695825 0.9833021164
v -9.460240364 -4.614067554 5.726723671
vn -0.6885231733 -0.3357824087 0.6427955031
v -1.665395021 -3.810749054 5.726723671
vn 0.3019239008 0.7129850984 0.632846117
v -10.29547405 -2.188370705 5.726723671
vn -0.7463880777 -0.1551352292 0.6471769214
v -2.100790262 -3.711897135 5.816018581
vn 0.2550606132 0.4503495991 0.8556455374
v -10.42217064 0.7287892699 5.796022415
vn -0.5790998936 0.03420925513 0.8145385385
v -1.649383783 -3.774115562 5.669608593
vn 0.3496825993 0.7924823761 0.4996936321
v -10.11774254 2.901215792 5.726723671
vn -0.7706125975 0.2262176871 0.5958034396
v -2.507921457 -3.527704239 5.845485687
vn 0.1997951716 0.288226366 0.9364867806
v -9.224701881 4.90486145 5.796022415
vn -0.5175058842 0.2806353867 0.8083510995
v -2.915678024 -3.381514549 5.869608402
vn 0.00147926365 -0.0005302192876 0.9999987483
v -7.571397781 7.311614037 5.726723671
vn -0.5645762086 0.5648788214 0.6018019915
v -2.200030565 -3.558603764 5.751374722
vn 0.3724848032 0.6006616354 0.7074324489
v -5.858203888 8.685145378 5.776026249
vn -0.3646569252 0.5478685498 0.7529045939
v -2.773612261 -3.324735165 5.845485687
vn 0.2316755801 0.2804203033 0.9314992428
v -4.023619652 -0.7871537209 5.621175289
vn 0.9274399281 0.1620488763 0.3370391428
v -1.922527552 -3.610763073 5.606417179
vn 0.4388458729 0.8390055895 0.3216891289
v -4.009107113 -0.6811748743 5.469608307
vn 0.9862300158 0.1652750075 0.005876044277
v -2.526571274 -3.366883039 5.776026249
vn 0.3958906531 0.5539094806 0.7324308157
v -4.054864407 -0.3279331326 5.504338264
vn 0.9963551164 0.08430340141 0.01301556174
v -3.964608192 0.9048957825 -1.823202848
vn 0.9710453153 -0.2388939112 -0.0008229854284
v -3.964608192 -0.9048957825 5.469608307
vn 0.9772077203 0.2120845318 0.00922936853
v -4.009107113 0.6811748743 -1.823202848
vn 0.9872319698 -0.1592870802 -0.0008252147236
v -3.576626301 -1.952189565 5.538540363
vn 0.8678600788 0.4963981807 0.02019129694
v -4.040994644 0.4553107917 -5.469608307
vn 0.9930911064 -0.1172668487 -0.004311859608
v -3.663847685 -1.764416337 5.469608307
vn 0.8876155615 0.4605785906 0.002439982258
v -4.050579071 0.3416624367 -1.823202848
vn 0.9957091808 -0.09253314883 -0.0009142523049
v -2.121025324 3.532268763 5.669608593
vn 0.4345339239 -0.7598031759 0.483610779
v -4.060166359 0.2280140966 -5.469608307
vn 0.9953812361 -0.09578477591 -0.006440239493
v 2.113439798 3.519637585 5.638012886
vn -0.4626160264 -0.7845981121 0.4127858579
v -4.066565514 -4.980105332e-16 -1.823202848
vn 0.9999938011 0.002983784769 -0.001854061033
v 2.733133078 3.2762115 5.816018581
vn -0.3443007469 -0.4177707732 0.8407880664
v -3.901375294 -1.176913261 -5.538276196
vn 0.9585212469 0.2840234637 -0.02382747084
v 2.696544647 3.232353926 5.776026249
vn -0.3987932503 -0.4739261568 0.7850846648
v -3.55915308 -1.967074156 -1.823202848
vn 0.877913475 0.4788191617 -0.0003287279978
v 2.300049067 3.418397427 5.669608593
vn -0.4766048491 -0.6983041763 0.5340590477
v -2.79261899 -2.9538486 -1.823202848
vn 0.6885812283 0.7251591682 -0.000217005334
v -2.130055904 -3.467396975 -5.504338264
vn 0.538433373 0.8426184654 -0.009143283591
v 10.55818939 1.106621623 5.504338264
vn 0.9927130938 0.1103912219 0.04831628501
v 10.10500908 3.263937235 5.469608307
vn 0.9506210685 0.3102359474 0.00855483301
v 9.389502525 4.960015297 5.469608307
vn 0.8826294541 0.4697287381 0.01789324544
v 8.391836166 6.507042408 5.469608307
vn 0.7870143056 0.6165347099 0.0222142376
v 7.372399807 7.634343624 5.539067745
vn 0.682200253 0.7095845342 0.1763308793
v 5.985557079 8.771409035 5.469608307
vn 0.5599649549 0.8284349442 0.01160890143
v 4.348752975 9.684379578 5.504338264
vn 0.4065700173 0.9125438333 0.04432389885
v 2.56751442 10.29773617 5.539067745
vn 0.2337827384 0.9561774731 0.1762677133
v 0.740324378 10.58713531 5.539067745
vn 0.06434919685 0.9821956754 0.1764959395
v -2.887625694 10.07034969 5.776026249
vn -0.1715155393 0.5963318348 0.7842007279
v 0.4606406689 10.60906792 5.469608307
vn 0.03881301731 0.9991816878 0.01138007268
v -2.546343565 10.21282959 5.726723671
vn -0.1850049794 0.7434479594 0.6426961422
v 0.3703869283 10.60652161 5.539067745
vn 0.03006326035 0.9838343263 0.1765396595
v -2.534415722 10.16499138 5.776026249
vn -0.1503474712 0.6052434444 0.7817135453
v 0.09215544909 10.61866379 5.469608307
vn 0.004103119951 0.9999269843 0.01136873383
v -2.188370943 10.29547405 5.726723671
vn -0.1494033039 0.7241737843 0.6732391715
v -9.314135241e-07 10.61298656 5.539067745
vn -0.004258013796 0.9842768908 0.1765809208
v -2.17218256 10.21931553 5.796022415
vn -0.1161316335 0.554276526 0.8241910934
v -0.2764380574 10.61546516 5.469608307
vn -0.03061362356 0.9994667768 0.01135705225
v -1.823449731 10.34129906 5.751374722
vn -0.1246940941 0.702839613 0.7003340721
v -0.3703887761 10.60652161 5.539067745
vn -0.0385729 0.9835223556 0.1766237617
v -1.464864254 10.42304897 5.726723671
vn -0.1085795909 0.7695972323 0.6292301416
v -0.6447017789 10.59947491 5.469608307
vn -0.06529219449 0.9978017211 0.0113441674
v -1.458001852 10.37422562 5.776026249
vn -0.0932886973 0.6412561536 0.7616349459
v -0.7403237224 10.58713531 5.539067745
vn -0.07284260541 0.9815731049 0.1766582876
v -1.100211382 10.46782207 5.726723671
vn -0.07804231346 0.7506861687 0.6560333371
v -3.262052774 -2.581826687 5.726723671
vn 0.5954379439 0.4797661602 0.644420743
v 1.100211978 10.46782207 5.726723671
vn 0.0801872015 0.737342 0.6707434058
v -3.345498323 -2.647870541 5.816018581
vn 0.4309979379 0.3345108628 0.8380591869
v 2.901215553 10.11774254 5.726723671
vn 0.2115050703 0.7363507748 0.6426921487
v -3.529732227 -2.507544041 5.845485687
vn 0.270570904 0.1936545372 0.9430213571
v 4.614067554 9.460240364 5.726723671
vn 0.3361565173 0.6884310246 0.6426986456
v -3.569476128 -2.682286978 5.869608402
vn -0.0002775024041 0.001681352733 0.9999985695
v 6.186722755 8.515293121 5.726723671
vn 0.4505955279 0.6196035743 0.6426936388
v -3.826736689 -2.165785789 5.86353159
vn 0.18888174 0.1146676838 0.9752820134
v 7.571398258 7.311614037 5.726723671
vn 0.5513427258 0.5319445729 0.6426944137
v -3.933154106 -1.965918541 5.86353159
vn 0.1660258621 0.08112026006 0.9827792048
v 8.726019859 5.885774612 5.726723671
vn 0.6479777694 0.4321236312 0.6272112727
v -4.071793556 -1.655962944 5.86353159
vn 0.1640373319 0.06795377284 0.9841107726
v 9.615506172 4.281098843 5.726723671
vn 0.7131718993 0.3130393624 0.6272098422
v -4.278128147 -1.009626389 5.86353159
vn 0.2008349597 0.05170989782 0.9782593846
v 10.16499043 2.534416914 5.776026249
vn 0.6621209979 0.1637466103 0.7312884927
v -4.344725609 -0.6766729951 5.86353159
vn 0.1949910372 0.03245946392 0.9802677631
v -3.137078762 2.757948399 5.744235516
vn 0.5947126746 -0.5062260032 0.6245415211
v -4.424895287 0.2330106199 5.866570473
vn 0.001866135281 -0.001315011294 0.9999973774
v -3.055508852 2.977823734 5.816018581
vn 0.3765035272 -0.3784444332 0.8455914855
v -4.426369667 0.5978636742 5.869608402
vn 0.0003553015995 -0.00285257143 0.9999958873
v -3.032202005 2.709741354 5.469608307
vn 0.7491583228 -0.662381649 0.003513259348
v -3.585708857 -2.029374123 5.669608593
vn 0.7485111952 0.4296190739 0.5051321387
v -2.560853481 3.412565708 5.816018581
vn 0.3084249496 -0.4138723016 0.8564950228
v -4.08366251 -0.4221235216 5.638012886
vn 0.9032467604 0.08599945158 0.4204157293
v -2.859366655 3.089253187 5.776026249
vn 0.4817836583 -0.4987650514 0.720498383
v -3.218018532 -2.756116629 5.796022415
vn 0.4845128953 0.402808845 0.7765257955
v -3.186404705 2.531490803 5.504338264
vn 0.7876216173 -0.6160466075 0.01178298891
v -3.124818563 -2.746329784 5.726723671
vn 0.5275884271 0.4256113172 0.7351907492
v -3.743246794 -1.870997429 5.751374722
vn 0.6315674186 0.325332284 0.7037624121
v -2.957248211 -2.88304472 5.682368279
vn 0.6025019884 0.5848709941 0.5430628657
v 3.207587957 2.538719416 5.606417179
vn -0.7335207462 -0.5688064694 0.3720302582
v -2.747699022 -3.045942068 5.629593849
vn 0.6184331179 0.7426991463 0.2567849159
v 3.727132797 1.984071493 5.786024094
vn -0.525688529 -0.2699624896 0.8067042828
v -9.314135241e-07 -4.26515007 5.816018581
vn 0.001442866866 0.4991441369 0.8665177822
v -3.87291193 -1.935807228 5.845485687
vn 0.3026064038 0.1491280496 0.9413767457
v -0.7458347678 -4.092743874 5.726723671
vn 0.1358381063 0.755535841 0.640869379
v -3.909524918 -1.708562493 5.816018581
vn 0.4978049994 0.2193736881 0.8390859962
v -0.5290219784 -4.08605051 5.669608593
vn 0.1108700037 0.858774066 0.5002148747
v 0.3179743886 -4.107866287 5.669608593
vn -0.06713911891 0.8632951975 0.5002136827
v -1.012185216 10.570714 5.469608307
vn -0.09989064187 0.9949339032 0.01133308746
v -2.822524786 10.23708344 5.469608307
vn -0.2700974345 0.9627882242 0.009283088148
v -4.652427197 9.538888931 5.539067745
vn -0.4309988618 0.8834874034 0.1835483462
v -7.004520893 7.981302261 5.469608307
vn -0.6632299423 0.7483539581 0.00961422734
v -8.363148689 6.534006596 5.539067745
vn -0.7751789093 0.6024183035 0.1902363449
v -9.831824303 3.972315073 5.572742462
vn -0.8895565867 0.3556732535 0.2866804302
v -10.45175171 1.842925668 5.539067745
vn -0.9687911868 0.1751326323 0.1754202247
v -10.55163383 -1.150718808 5.495391846
vn -0.9916337132 -0.1079849899 0.07072385401
v -9.972945213 -3.629855156 5.539067745
vn -0.9166095257 -0.3391949832 0.2115982026
v 10.34957886 -0.3609711826 5.845485687
vn 0.3420026302 -0.01243389305 0.9396167397
v -9.921435356 -3.785449266 5.469608307
vn -0.9287552238 -0.3695591092 0.02897894755
v 10.39368343 -0.7267971635 5.816018581
vn 0.498886168 -0.03532981128 0.8659471273
v -9.722574234 -4.258159161 5.495391846
vn -0.905549109 -0.4171311855 0.07734607905
v 10.33064461 -0.722389102 5.845485687
vn 0.3413204849 -0.02435369976 0.9396314621
v -9.359863281 -4.997350216 5.516833782
vn -0.8839488626 -0.4613871276 0.07587038726
v 10.36198711 -1.089088678 5.816018581
vn 0.4973561764 -0.05273410678 0.8659422398
v -9.191116333 -5.306493282 5.539067745
vn -0.8433653712 -0.5000187159 0.1967640966
v 10.29914093 -1.082483411 5.845485687
vn 0.3402683139 -0.03625727072 0.9396291375
v -9.118620872 -5.441988945 5.469608307
vn -0.8590684533 -0.5117006302 0.01279840805
v 10.31766605 -1.450053453 5.816018581
vn 0.4952098727 -0.07005975395 0.8659439087
v -8.92899704 -5.733225346 5.53012085
vn -0.8294934034 -0.5479736328 0.1080072746
v 10.25508785 -1.441258907 5.845485687
vn 0.3387972414 -0.04811044782 0.9396285415
v -8.652608871 -6.149805069 5.504338264
vn -0.8187234402 -0.5704541802 0.06537558138
v 10.26077366 -1.809251428 5.816018581
vn 0.4924681187 -0.08729978651 0.8659410477
v -8.503508568 -6.360414028 5.469608307
vn -0.7967756987 -0.6038772464 0.02192667313
v 10.19854259 -1.798278213 5.845485687
vn 0.3369117379 -0.05990469083 0.9396286011
v -3.763471842 1.973596334 5.80602026
vn 0.5286030173 -0.2608862221 0.8077853918
v 9.731336594 -3.541916847 5.845485687
vn 0.3213887513 -0.1174982041 0.9396294355
v -3.647464752 2.453141451 5.86353159
vn 0.1793059409 -0.1136694849 0.9772045016
v 8.968448639 -5.177936554 5.845485687
vn 0.2961021066 -0.1715215445 0.939629674
v -3.569476128 2.682286978 5.869608402
vn 0.001496869838 0.0007299236604 0.9999986291
v 7.933058262 -6.656626225 5.845485687
vn 0.2618200779 -0.2203338295 0.9396293163
v -2.986836433 3.226971388 5.86353159
vn 0.1103273258 -0.125613004 0.9859255552
v 6.656626701 -7.933057785 5.845485687
vn 0.2195826173 -0.2624520361 0.9396288395
v -2.727980852 3.446714401 5.86353159
vn 0.1085092872 -0.1340313554 0.9850184321
v 5.177936554 -8.968447685 5.845485687
vn 0.1706731915 -0.2965954244 0.9396285415
v -2.354887962 3.732572317 5.865050793
vn 0.005555825774 -0.002961944323 0.9999801517
v 3.541916609 -9.731336594 5.845485687
vn 0.1165760979 -0.3217252791 0.9396290779
v -1.119444609 4.250712872 5.86353159
vn 0.04819362238 -0.1740747392 0.9835523963
v 1.798277855 -10.19854259 5.845485687
vn 0.05893815309 -0.3370817006 0.9396287799
v -0.9944928288 4.213997841 5.845485687
vn 0.07618904859 -0.3317465484 0.9402868748
v -9.314135241e-07 -10.35587311 5.845485687
vn -0.002905976027 -0.3076554835 0.9514933825
v -0.6764485836 4.343286037 5.86353159
vn 0.02557709999 -0.1584786475 0.9870310426
v 0.7333807945 4.024410248 5.606417179
vn -0.1682516783 -0.9244475365 0.3421813548
v -0.8724454641 4.174966335 5.816018581
vn 0.1108815074 -0.4977349937 0.8602122664
v 0.9463489056 4.009999752 5.669608593
vn -0.1985824704 -0.8428222537 0.50021559
v -0.2994987071 4.454898357 5.869608402
vn 4.886375973e-05 -0.0006994648138 0.9999997616
v 1.162701368 3.9943645 5.726723671
vn -0.2136461437 -0.7354401946 0.6430264711
v 10.11621857 1.446163297 5.869608402
vn 0.00105091033 0.003674563952 0.9999926686
v 0.5229208469 4.038930893 5.539067745
vn -0.1326286197 -0.9763246775 0.1708795875
v 10.05851936 1.804284573 5.869608402
vn 0.0002899106767 -0.00225187256 0.999997437
v 0.9555347562 4.048922539 5.726723671
vn -0.1755034626 -0.7454634309 0.6430262923
v 9.988148689 2.160132408 5.869608402
vn 0.001465226291 0.0003239507496 0.9999988675
v 1.176480174 4.041702271 5.776026249
vn -0.1790850312 -0.6170422435 0.7662815452
v 9.905190468 2.513258696 5.869608402
vn 0.001463439083 0.0003781966516 0.9999988675
v -4.292492867 -0.5557492971 5.845485687
vn 0.37105003 0.04428204149 0.9275564551
v 9.809752464 2.863218069 5.869608402
vn 0.001458460116 0.0004323626054 0.9999988675
v 4.009108067 0.6811748743 5.469608307
vn -0.9817861915 -0.1899834573 0.001456480124
v 9.701953888 3.209569931 5.869608402
vn 8.358099149e-05 0.004167492036 0.9999912977
v 4.018613815 0.8397724032 5.638012886
vn -0.8823972344 -0.1651267856 0.4405772686
v 8.804276466 5.187869072 5.869608402
vn 0.0009886327898 0.0005863361293 0.9999993443
v 4.298548698 0.08297398686 5.832593918
vn -0.426763624 -0.00557312835 0.9043460488
v 7.25796175 7.193834782 5.869608402
vn 0.0009132068371 0.0009078016737 0.9999991655
v 3.93200779 1.061600566 5.516833782
vn -0.9667849541 -0.2548586428 0.01933742501
v 4.951657295 8.939259529 5.869608402
vn 0.0006951167015 0.001254608156 0.9999989867
v 3.636773109 9.550034523 5.869608402
vn 0.0005320798955 0.001393529121 0.9999988675
v -8.277635574 -6.651710987 5.469608307
vn -0.7743030787 -0.6314043403 0.04222862422
v -5.572472572 -9.035687447 5.504338264
vn -0.5155373812 -0.8555418849 0.04763692245
v -3.176118612 -10.13295555 5.469608307
vn -0.2982166409 -0.9544411898 0.01043441985
v -1.060772777 -10.56278038 5.504338264
vn -0.09503091872 -0.9947105646 0.03898669779
v 0.740324378 -10.58713531 5.539067745
vn 0.0699717924 -0.9818111658 0.1764957756
v 2.285888672 -10.37011337 5.469608307
vn 0.2214731872 -0.9749957919 0.0182441324
v 4.348752975 -9.684379578 5.504338264
vn 0.417403698 -0.9075528383 0.0460653156
v 5.985557079 -8.771409035 5.469608307
vn 0.5681928992 -0.8228135109 0.01160884835
v 7.372399807 -7.634343624 5.539067745
vn 0.68436867 -0.7077140212 0.1754434407
v -2.52060008 -10.10957336 5.816018581
vn -0.1214402393 -0.4851785302 0.8659411669
v 7.410431862 -7.605919838 5.469608307
vn 0.7017847896 -0.7122930288 0.01169470511
v -2.505312443 -10.04825783 5.845485687
vn -0.07715447992 -0.2975941896 0.9515696764
v 7.634343147 -7.372400284 5.539067745
vn 0.7125187516 -0.681053102 0.168771252
v -2.871882677 -10.01544666 5.816018581
vn -0.1396573335 -0.4741287827 0.8693087697
v 7.669944286 -7.344145775 5.469608307
vn 0.7273426652 -0.6861960292 0.01037695166
v -2.854465961 -9.954702377 5.845485687
vn -0.08271077275 -0.2922771275 0.952750206
v 7.903600216 -7.087498188 5.504338264
vn 0.7478381395 -0.6623996496 0.04432607815
v -3.209905863 -9.879069328 5.830752373
vn -0.1312844157 -0.4022156596 0.9060832858
v 8.130018234 -6.821896553 5.539067745
vn 0.7550738454 -0.6322981715 0.1733855754
v -3.563529491 -9.790717125 5.816018581
vn -0.1749640405 -0.4845400751 0.8570930362
v 8.160942078 -6.794375896 5.469608307
vn 0.7706571817 -0.6370059848 0.01763178036
v -3.541916132 -9.731336594 5.845485687
vn -0.1166363731 -0.3283611834 0.9373232722
v 8.391836166 -6.507042408 5.469608307
vn 0.7928721309 -0.6089829803 0.02221429348
v -3.903049231 -9.660387993 5.816018581
vn -0.1877828091 -0.4635579288 0.8659397364
v 8.58608532 -6.238157272 5.539067745
vn 0.7938178778 -0.5805956721 0.1810023934
v -3.87937808 -9.601797104 5.845485687
vn -0.1289349049 -0.3100838959 0.9419255853
v -1.550574303 4.113080978 5.86353159
vn 0.06281873584 -0.160548687 0.985026896
v -4.237815857 -9.518288612 5.816018581
vn -0.1927430928 -0.4260397851 0.8839344978
v -1.210104465 4.157215118 5.845485687
vn 0.1031216457 -0.3348986208 0.9365943074
v -6.414615154 -8.210333824 5.816018581
vn -0.3233017921 -0.4135192037 0.8511626124
v -1.382981658 3.975779772 5.776026249
vn 0.2112652659 -0.6073429585 0.7658338547
v -8.16053772 -6.375711441 5.845485687
vn -0.2699550092 -0.210289076 0.9396290779
v -1.467015505 3.891428947 5.726723671
vn 0.2654662728 -0.7154209614 0.646297574
v -9.761025429 -3.552723408 5.830752373
vn -0.4049943089 -0.1484042704 0.9021949768
v -1.151523709 3.955965519 5.669608593
vn 0.2473637462 -0.8422155976 0.4790449739
v -10.26077366 1.809251428 5.816018581
vn -0.4860318005 0.08342145383 0.8699505329
v -1.13824451 3.91034627 5.539067745
vn 0.294518888 -0.9450131655 0.1421572417
v -9.60179615 3.879377842 5.845485687
vn -0.3009979427 0.1242733821 0.9454926848
v -0.9354370236 3.9637568 5.539067745
vn 0.2279264331 -0.9592033625 0.1672674268
v -7.98146534 6.697245121 5.816018581
vn -0.4031448066 0.3368083835 0.8509020805
v -0.6811743975 4.009108067 5.469608307
vn 0.1764723361 -0.9843040705 0.001729017124
v -6.375710487 8.160538673 5.845485687
vn -0.2102887183 0.2699546516 0.9396292567
v -0.4553111792 4.040995121 5.469608307
vn 0.1210325658 -0.9926469922 0.001749918447
v 1.556206465 3.757015705 5.469608307
vn -0.3742860258 -0.9273117781 0.001692985417
v -0.3143087924 4.0604949 5.539067745
vn 0.07316699624 -0.9826337695 0.1705212295
v 1.72645247 3.68860054 5.539067745
vn -0.4131523967 -0.8899250031 0.1932318509
v -0.1053256691 4.08933115 5.606417179
vn 0.02440364286 -0.939317584 0.3421796858
v 1.764416695 3.663848162 5.469608307
vn -0.4256671965 -0.9048781395 0.001723810681
v -8.894963264 5.030792236 5.869608402
vn -0.002452837769 0.001502924948 0.9999958873
v 1.534278035 3.772585392 5.539067745
vn -0.3703819811 -0.909481585 0.1888397038
v -9.067907333 4.711933613 5.869608402
vn -0.0008350235294 0.0004311013909 0.9999995828
v 1.343100548 3.838362694 5.469608307
vn -0.3216274381 -0.9468638301 0.002167817205
v -9.229424477 4.387138367 5.869608402
vn -0.001402022433 0.0006622378714 0.9999988079
v 1.338034987 3.846565962 5.539067745
vn -0.3272263706 -0.9254525304 0.1909463406
v -9.379312515 4.056815147 5.869608402
vn -0.001424377784 0.0006122760242 0.9999988079
v -2.778695107 3.002095699 5.606417179
vn 0.6370520592 -0.6853356361 0.3528169394
v -9.517383575 3.721380234 5.869608402
vn -0.0009719610098 0.0003777436796 0.9999994636
v 3.619285107 1.857696176 5.499864578
vn -0.885163486 -0.4650515616 0.01458298787
v -9.643463135 3.38125658 5.869608402
vn -0.00176773686 -0.002408100758 0.9999955297
v 4.124679565 1.316743016 5.845485687
vn -0.2918131948 -0.09445759654 0.9517997503
v -10.14029121 1.266391039 5.869608402
vn -0.001177673694 -0.0026253697 0.9999958873
v 3.945158958 1.54516542 5.796022415
vn -0.5823438168 -0.2346397489 0.7783443332
v -10.14029121 -1.266391039 5.869608402
vn -0.002181700664 0.002725521335 0.9999939203
v 4.064481735 1.297525525 5.816018581
vn -0.5337240696 -0.1682819277 0.8287459016
v -9.379312515 -4.056815147 5.869608402
vn -0.002381039551 -0.0009047642816 0.9999967813
v -8.71081543 -5.343311787 5.869608402
vn -0.001129955403 -0.005168058444 0.9999859929
v 8.612618446 -6.211868763 5.469608307
vn 0.8142772913 -0.5803564191 0.01178454328
v 9.710967064 -4.296700478 5.469608307
vn 0.9159139395 -0.4009850919 0.01768117025
v 10.38531303 -2.201185465 5.504338264
vn 0.978254199 -0.2026277632 0.04428020865
v 10.34957886 0.3609711826 5.845485687
vn 0.3420026302 0.01243389305 0.9396167397
v 10.12957001 2.153106689 5.845485687
vn 0.3348190784 0.0706660971 0.9396288991
v 9.790718079 3.56352973 5.816018581
vn 0.4701411426 0.1706306636 0.8659402132
v 8.968448639 5.177936554 5.845485687
vn 0.2965931594 0.1706715673 0.9396295547
v 8.210333824 6.414616108 5.816018581
vn 0.3944021463 0.3075595498 0.8659411669
v 6.929430962 7.695912361 5.845485687
vn 0.2293367088 0.2539702952 0.9396295547
v -3.903049231 9.660387993 5.816018581
vn -0.2011848986 0.4926193655 0.8466704488
v 6.971714973 7.742873669 5.816018581
vn 0.3350028694 0.3713741601 0.8659412861
v -3.87937808 9.601797104 5.845485687
vn -0.1277331859 0.3174611032 0.9396290183
v 6.656626701 7.933057785 5.845485687
vn 0.2203335017 0.2618196011 0.9396295547
v -3.563529491 9.790717125 5.816018581
vn -0.1732416004 0.487547338 0.8557364941
v 6.697245598 7.981465816 5.816018581
vn 0.3218382001 0.3828407824 0.8659405708
v -3.541916132 9.731336594 5.845485687
vn -0.1165765598 0.3217257857 0.9396288991
v 6.375710964 8.160538673 5.845485687
vn 0.2110630274 0.2693513632 0.9396287799
v -3.219667673 9.909118652 5.816018581
vn -0.1614144444 0.4995752275 0.8510992527
v 6.414615631 8.210333824 5.816018581
vn 0.3082810044 0.3938390017 0.8659409285
v -3.200141668 9.849019051 5.845485687
vn -0.09827812016 0.3104584515 0.9454929829
v 6.087028503 8.378076553 5.845485687
vn 0.2015350759 0.276553899 0.9396284223
v -2.863174438 9.985074043 5.830752373
vn -0.1160762385 0.4068655372 0.9060831666
v 6.124172211 8.429199219 5.816018581
vn 0.2943484783 0.4043566883 0.8659414649
v -2.52060008 10.10957336 5.816018581
vn -0.1209370717 0.4851562679 0.8660240173
v 5.790929794 8.585407257 5.845485687
vn 0.1917604357 0.2834193707 0.9396283031
v -6.464957714 -8.274766922 5.751374722
vn -0.4453466237 -0.5635374784 0.6957671046
v -6.715601921 -8.003342628 5.796022415
vn -0.3868712485 -0.4646143019 0.7965325713
v -7.042922974 -7.821956635 5.726723671
vn -0.5009146333 -0.5690523386 0.6521226168
v -7.009933472 -7.785317898 5.776026249
vn -0.4384419024 -0.4881670177 0.7546268702
v -7.311614037 -7.571397781 5.726723671
vn -0.5324417353 -0.5508599281 0.6426967382
v -7.277364254 -7.535932541 5.776026249
vn -0.4456409216 -0.4561412632 0.7702852488
v -7.571397781 -7.311614037 5.726723671
vn -0.5675699115 -0.5316484571 0.6286607385
v -7.515388966 -7.257527828 5.796022415
vn -0.409639746 -0.3921922743 0.8236385584
v -8.062986374 -6.765648842 5.726723671
vn -0.5961922407 -0.5002272129 0.6279550195
v -8.003341675 -6.715601444 5.796022415
vn -0.4397354126 -0.3686068356 0.8190004826
v -8.274767876 -6.46495676 5.751374722
vn -0.5763759017 -0.4421415329 0.6872420907
v -8.495351791 -6.172233105 5.751374722
vn -0.5814688802 -0.4224363267 0.6952995658
v -8.66146946 -5.842236042 5.796022415
vn -0.4966354668 -0.3357973695 0.8003707528
v -8.905209541 -5.564591885 5.751374722
vn -0.6184242964 -0.3864347339 0.6842657328
v -9.047905922 -5.223810196 5.796022415
vn -0.4869216084 -0.2820207775 0.8266629577
v -9.271681786 -4.929841518 5.751374722
vn -0.6391146183 -0.3399386108 0.6899088621
v -9.570466042 -4.261045933 5.776026249
vn -0.6244135499 -0.2847898901 0.7273255587
v -9.759056091 -3.942914724 5.726723671
vn -0.7677150369 -0.3140816092 0.5585394502
v -9.71334362 -3.924445629 5.776026249
vn -0.5962396264 -0.2404547483 0.7659502625
v -9.890717506 -3.59992671 5.726723671
vn -0.7382141948 -0.2650178969 0.6203267574
v -9.844387054 -3.583064079 5.776026249
vn -0.6047520041 -0.2113476992 0.7678588033
v -9.963438988 -3.237317324 5.776026249
vn -0.6586807966 -0.2148197889 0.7211048007
v -10.07034874 -2.88762641 5.776026249
vn -0.671784997 -0.1940446496 0.7148787379
v -10.16499138 -2.534416914 5.776026249
vn -0.6204931736 -0.1527760178 0.7691863775
v -10.35114574 -1.825186253 5.737095833
vn -0.7727771997 -0.1362621188 0.6198774576
v -10.42304707 -1.464863896 5.726723671
vn -0.7583043575 -0.1086373404 0.6427848935
v -10.34594727 -1.45402801 5.796022415
vn -0.5574009418 -0.07526407391 0.8268249631
v -10.39038944 -1.092073798 5.796022415
vn -0.594691813 -0.06849620491 0.8010305166
v -10.4506588 -0.7307813168 5.776026249
vn -0.6790913939 -0.02490257286 0.7336311936
v -10.5008316 1.285980879e-15 5.751374722
vn -0.7242525816 -0.01551375072 0.6893602014
v -10.51907063 0.3673340082 5.726723671
vn -0.7308101654 0.0304897204 0.681899488
v -10.44125652 0.3646166921 5.796022415
vn -0.567263186 0.02720711939 0.8230870366
v -10.41878891 1.095058918 5.776026249
vn -0.6289556026 0.07444933802 0.7738682628
v -10.34594727 1.45402801 5.796022415
vn -0.6017660499 0.08219824731 0.7944312692
v -10.36557674 1.827730775 5.726723671
vn -0.7783302665 0.1395181417 0.6121574044
v -10.31702328 1.819169402 5.776026249
vn -0.6384715438 0.1158145219 0.7608817816
v -10.29547405 2.188370705 5.726723671
vn -0.8028316498 0.174439624 0.5701159239
v -10.21931362 2.172182798 5.796022415
vn -0.5355839133 0.1158905774 0.8364922404
v -10.21283054 2.546344519 5.726723671
vn -0.800622642 0.1959946007 0.5662062764
v -10.16499138 2.534416914 5.776026249
vn -0.6368604898 0.1579389423 0.7546283603
v -9.99639225 3.248024702 5.737095833
vn -0.7398338914 0.2369632125 0.6296778917
v -9.890717506 3.59992671 5.726723671
vn -0.7205407619 0.2600804269 0.6427901387
v -9.844387054 3.583064079 5.776026249
vn -0.6286483407 0.2251579165 0.744382441
v -9.71334362 3.924445629 5.776026249
vn -0.6319191456 0.256712079 0.7312845588
v -9.570466042 4.261045933 5.776026249
vn -0.5830132961 0.2616240978 0.7691867948
v -9.460240364 4.614067554 5.726723671
vn -0.6812348962 0.3349756896 0.6509303451
v -9.390258789 4.579935551 5.796022415
vn -0.5218685865 0.25707829 0.8133658171
v -9.293447495 4.941414356 5.726723671
vn -0.6591199636 0.3515832424 0.6647932529
v -8.913686752 5.569890022 5.737095833
vn -0.6496596336 0.4063610435 0.6425053477
v -8.705582619 5.871989727 5.751374722
vn -0.6157161593 0.4144365788 0.6701760292
v -8.515293121 6.186722755 5.726723671
vn -0.6446883082 0.4592458606 0.6111220717
v -8.452301979 6.140958309 5.796022415
vn -0.464209944 0.3375590444 0.8188791275
v -8.294193268 6.480133533 5.726723671
vn -0.5906375647 0.4620459378 0.6615594029
v -8.255342484 6.44977951 5.776026249
vn -0.4712384045 0.3745004237 0.7985510826
v -8.044102669 6.749803066 5.751374722
vn -0.5386724472 0.4585490823 0.7067989111
v -7.803636074 7.026427269 5.751374722
vn -0.5456870198 0.4902510643 0.6796172261
v -7.294490337 7.553665161 5.751374722
vn -0.5420202017 0.5606735945 0.6259865761
v -7.026426792 7.803637505 5.751374722
vn -0.4811426699 0.5325733423 0.6963241696
v -6.765648842 8.062986374 5.726723671
vn -0.5200611353 0.6107147336 0.5971297622
v -6.733958721 8.025218964 5.776026249
vn -0.41334638 0.4799008369 0.7738475204
v -6.480134487 8.294192314 5.726723671
vn -0.4639891386 0.5952640176 0.656029582
v -6.449780464 8.25534153 5.776026249
vn -0.4019813836 0.5210926533 0.7529099584
v -6.157743454 8.475406647 5.776026249
vn -0.3960585594 0.541682303 0.7414296269
v -5.885773659 8.726019859 5.726723671
vn -0.4284395874 0.6288573146 0.6488282084
v -0.4553111792 4.040995121 -5.469608307
vn 0.1027834192 -0.99470222 -0.00174991088
v -0.4553111792 4.040995121 -1.823202848
vn 0.1119652614 -0.9937121272 6.084731983e-17
v -0.9048962593 3.964607477 -5.469608307
vn 0.2134548575 -0.9769514203 -0.001699725399
v -1.12577033 3.907632589 -5.469608307
vn 0.2735535502 -0.9618516564 -0.003143086797
v -1.437422395 3.80752492 -5.521703243
vn 0.327860415 -0.9446946383 -0.007722103968
v -0.2280129492 -4.060167313 5.469608307
vn 0.04687353596 0.998899281 0.001762522035
v -0.3143087924 -4.0604949 5.539067745
vn 0.08137974888 0.9819879532 0.1705199331
v -3.746160984 -1.626581192 5.580377579
vn 0.9197695851 0.3905304968 0.03885611147
v -0.6811743975 4.009108067 -5.469608307
vn 0.1583695114 -0.9873784184 -0.001729018753
v -1.556205869 3.757015705 -5.469608307
vn 0.4018585086 -0.9156966805 -0.00305233011
v -2.163542986 3.443258762 -1.823202848
vn 0.5317810774 -0.8468818665 9.557309386e-05
v -2.875495911 2.875495434 -5.469608307
vn 0.6984160542 -0.7156919837 -0.0001674748055
v -3.316530228 2.35320425 -1.823202848
vn 0.8123095632 -0.5832265615 -9.076209244e-05
v -2.322993517 3.652131557 5.845485687
vn 0.1717870384 -0.2730645537 0.9465331435
v 2.258446932 3.550652981 5.776026249
vn -0.3462670445 -0.5521426201 0.7584442496
v 2.322376251 3.451578379 5.726723671
vn -0.4379454255 -0.662535429 0.607659936
v 3.100764275 3.02192831 5.845485687
vn -0.2202391475 -0.1898984015 0.9567828178
v -0.7307810187 10.45066071 5.776026249
vn -0.04628330469 0.6804980636 0.7312867045
v -0.3656137288 10.46979713 5.776026249
vn -0.02544296905 0.6705499887 0.7414278984
v -9.314135241e-07 10.52548122 5.726723671
vn -0.003331730142 0.7704019547 0.637549758
v -9.314135241e-07 10.47617817 5.776026249
vn 0.0004089479335 0.6429018974 0.7659484148
v 0.3673348129 10.51906967 5.726723671
vn 0.02708261274 0.765648365 0.6426889896
v 0.3656143248 10.46979713 5.776026249
vn 0.02284458093 0.6424969435 0.7659476399
v 0.7342201471 10.49984264 5.726723671
vn 0.05378653109 0.7642375827 0.642688036
v 0.7307816148 10.45066071 5.776026249
vn 0.04817787558 0.6358775496 0.7702847719
v 1.46486485 10.42304897 5.726723671
vn 0.1018396839 0.7461953759 0.6578913927
v 1.458002567 10.37422562 5.776026249
vn 0.09050492942 0.6498821974 0.754627049
v 1.827730775 10.36557579 5.726723671
vn 0.1333773285 0.7544241548 0.6426932812
v 1.819169998 10.31702232 5.776026249
vn 0.1120415106 0.6330602765 0.7659512758
v 2.18837142 10.29547405 5.726723671
vn 0.159624055 0.7493084073 0.6426951289
v 2.178119898 10.24724865 5.776026249
vn 0.1340666115 0.6287665963 0.7659495473
v 2.54634428 10.21282959 5.726723671
vn 0.185677126 0.7432799339 0.6426966786
v 2.534416437 10.16499138 5.776026249
vn 0.155928418 0.6237080097 0.7659469247
v 3.252552271 10.01032734 5.726723671
vn 0.2370749116 0.7285208702 0.6426918507
v 3.23731637 9.963438034 5.776026249
vn 0.1990562826 0.6113095284 0.7659485936
v 3.599926233 9.890717506 5.726723671
vn 0.2623549402 0.7198025584 0.6426928639
v 3.583063364 9.844388008 5.776026249
vn 0.220269978 0.6039904952 0.7659481764
v 3.942914248 9.759056091 5.726723671
vn 0.2873160243 0.7102086544 0.6426920891
v 3.924446344 9.71334362 5.776026249
vn 0.2412141711 0.5959354043 0.765948236
v 4.281099796 9.615506172 5.726723671
vn 0.3119260967 0.6997489929 0.6426923871
v 4.261046886 9.570465088 5.776026249
vn 0.2618644536 0.5871505141 0.7659512162
v 4.941412926 9.293448448 5.726723671
vn 0.3599783778 0.6762846112 0.6426933408
v 4.918268681 9.24991703 5.776026249
vn 0.3021852374 0.5674585104 0.7659471035
v 5.262741089 9.115334511 5.726723671
vn 0.3833622932 0.6633104086 0.6426917315
v 5.238090038 9.072636604 5.776026249
vn 0.3218048513 0.556563735 0.7659493685
v 5.577655315 8.926114082 5.726723671
vn 0.406278044 0.6495277882 0.6426910758
v 5.551529408 8.884303093 5.776026249
vn 0.3410317898 0.5449925065 0.7659507394
v 5.885774136 8.726019859 5.726723671
vn 0.4286973774 0.6349512339 0.6426939368
v 5.858204365 8.685145378 5.776026249
vn 0.3598444462 0.5327608585 0.7659489512
v 6.480133533 8.294192314 5.726723671
vn 0.4719466865 0.6035010219 0.6426918507
v 6.449779987 8.25534153 5.776026249
vn 0.3961308897 0.5063602924 0.7659500837
v 6.765648365 8.062986374 5.726723671
vn 0.492721647 0.5866657495 0.642688632
v 6.733958244 8.025218964 5.776026249
vn 0.4135617614 0.492228508 0.7659489512
v 7.042922497 7.821956635 5.726723671
vn 0.5128943324 0.5691102147 0.6426919699
v 7.009932518 7.785317898 5.776026249
vn 0.4304884672 0.47749421 0.7659497261
v 7.31161356 7.571397781 5.726723671
vn 0.5324432254 0.5508626699 0.642693162
v 7.277364731 7.535932541 5.776026249
vn 0.4468902647 0.4621794224 0.7659499049
v 7.821956635 7.04292202 5.726723671
vn 0.5695716739 0.5123780966 0.6426949501
v 7.785317898 7.009932518 5.776026249
vn 0.4780434966 0.4298829138 0.7659471631
v 8.062986374 6.765648842 5.726723671
vn 0.5871080756 0.4921913445 0.6426910162
v 8.025218964 6.733957767 5.776026249
vn 0.4927546382 0.4129367769 0.7659478188
v 8.294192314 6.480133533 5.726723671
vn 0.6039267778 0.4713994861 0.6426935196
v 8.255342484 6.44977951 5.776026249
vn 0.5068634748 0.3954852521 0.7659509182
v 8.515293121 6.186722755 5.726723671
vn 0.620010972 0.4500366449 0.6426922679
v 8.475406647 6.157743454 5.776026249
vn 0.5203561187 0.3775550723 0.7659515142
v 8.926114082 5.577655315 5.726723671
vn 0.6684883833 0.4201583862 0.6136694551
v 8.884304047 5.551528931 5.776026249
vn 0.5454298854 0.3403411508 0.7659465671
v 9.115334511 5.262740612 5.726723671
vn 0.6636557579 0.3827631176 0.6426923275
v 9.072636604 5.238089085 5.776026249
vn 0.5569736958 0.3210965693 0.7659486532
v 9.293448448 4.941414356 5.726723671
vn 0.6766067743 0.3593660295 0.6426969171
v 9.249916077 4.918268204 5.776026249
vn 0.567841053 0.3014629185 0.765948236
v 9.46023941 4.614067554 5.726723671
vn 0.6887367964 0.3355338275 0.6426964402
v 9.41592598 4.592454433 5.776026249
vn 0.5780165792 0.2814626992 0.7659475207
v 9.759056091 3.942914724 5.726723671
vn 0.7312913537 0.2976927757 0.6136708856
v 9.713342667 3.924445629 5.776026249
vn 0.5962430239 0.2404571623 0.7659468651
v 9.890717506 3.59992671 5.726723671
vn 0.7200400829 0.261705637 0.6426915526
v 9.844388008 3.583064079 5.776026249
vn 0.6042709947 0.2195024192 0.7659472823
v 10.01032734 3.252552748 5.726723671
vn 0.7287361026 0.2364173084 0.6426901221
v 9.963438988 3.237317324 5.776026249
vn 0.6115618348 0.1982786655 0.7659488916
v 10.11774254 2.901215792 5.726723671
vn 0.7257320285 0.2072134316 0.6560301781
v 10.07034969 2.88762641 5.776026249
vn 0.6337347031 0.177506268 0.7529089451
v 2.283599615 3.393949509 5.606417179
vn -0.5252655149 -0.7763285041 0.3484396935
v 2.472975492 3.295461178 5.669608593
vn -0.5134341121 -0.6668763161 0.5400568843
v 2.794020176 3.097472429 5.739048958
vn -0.4911755621 -0.5451570749 0.6793749332
v 2.987567902 3.066090584 5.823385239
vn -0.3149323761 -0.3288172781 0.8903352022
v -1.764416099 -3.663848162 -5.469608307
vn 0.4422127306 0.8969085217 -0.001723810798
v -3.967428923 -1.733867884 5.845485687
vn 0.3325952888 0.1477463096 0.9314243793
v -3.20475173 2.816581726 5.816018581
vn 0.4062168896 -0.3526705801 0.842977643
v -3.55915308 1.967074156 5.469608307
vn 0.8751116395 -0.4839107096 0.003172444878
v 3.252217531 2.858298063 5.845485687
vn -0.2479819059 -0.2169857919 0.9441515207
v 3.395048857 2.687088251 5.845485687
vn -0.2713112235 -0.2114007324 0.9389888048
v 2.904892921 2.904813766 5.645911694
vn -0.6262016296 -0.6506320238 0.4295922518
v 3.088228464 2.858418703 5.776026249
vn -0.4731964171 -0.4332419336 0.7670636177
v -4.13809824 -0.4277504683 5.726723671
vn 0.8611363769 0.0766024515 0.5025696158
v -3.974461079 -1.382524133 5.776026249
vn 0.6272218823 0.2189130634 0.7474421859
v -4.098270893 -1.079298019 5.796022415
vn 0.5971176624 0.169176504 0.7841108441
v -3.713129282 -2.101488113 5.816018581
vn 0.4481434822 0.2370754927 0.8619527817
v -3.816386461 -1.907554507 5.816018581
vn 0.4809025228 0.2483507693 0.8408654332
v 10.12957001 -2.153106689 5.845485687
vn 0.3346131444 -0.07162643969 0.9396295547
v 10.10957336 -2.520599604 5.816018581
vn 0.4851771593 -0.1214401275 0.8659419417
v 10.04825783 -2.505312204 5.845485687
vn 0.3319123089 -0.08326097578 0.9396285415
v 10.01544666 -2.871882915 5.816018581
vn 0.4806422293 -0.1382979155 0.865942657
v 9.954701424 -2.854465008 5.845485687
vn 0.3288042843 -0.09479358792 0.9396286011
v 9.909118652 -3.219667673 5.816018581
vn 0.4755249321 -0.1549880207 0.8659415245
v 9.849019051 -3.200140476 5.845485687
vn 0.3252951801 -0.1062102765 0.9396288991
v 9.790718079 -3.56352973 5.816018581
vn 0.4698294103 -0.1714907885 0.8659394979
v 9.601797104 -3.879377842 5.845485687
vn 0.3170915544 -0.1286427975 0.939629674
v 9.518288612 -4.237814903 5.816018581
vn 0.4567221999 -0.2038466036 0.8659396172
v 9.460559845 -4.212112427 5.845485687
vn 0.3124095798 -0.1396309584 0.9396294355
v 9.364593506 -4.567416668 5.816018581
vn 0.4493294954 -0.2196616083 0.865939796
v 9.307795525 -4.53971529 5.845485687
vn 0.3073458672 -0.1504487693 0.9396295547
v 9.199487686 -4.89145422 5.816018581
vn 0.4413886666 -0.2352086008 0.8659405112
v 9.143692017 -4.861787319 5.845485687
vn 0.3019081652 -0.1610831171 0.9396295547
v 9.023174286 -5.209531784 5.816018581
vn 0.4329110682 -0.2504697144 0.8659405112
v 8.782277107 -5.487775326 5.845485687
vn 0.2899362743 -0.1817510128 0.9396294355
v 8.637795448 -5.826266289 5.816018581
vn 0.4143858254 -0.2800586522 0.8659396768
v 8.585407257 -5.790929794 5.845485687
vn 0.2834180295 -0.1917598993 0.9396288395
v 8.429199219 -6.124172211 5.816018581
vn 0.4043565392 -0.2943484187 0.8659415841
v 8.378076553 -6.087028503 5.845485687
vn 0.2765533924 -0.2015348226 0.9396286011
v 8.210333824 -6.414616108 5.816018581
vn 0.3938385844 -0.3082804978 0.8659412861
v 8.160538673 -6.375711441 5.845485687
vn 0.2693514526 -0.2110628188 0.9396287799
v 7.981465816 -6.697245121 5.816018581
vn 0.38284114 -0.3218385875 0.8659402728
v 7.695911884 -6.929430962 5.845485687
vn 0.2320886254 -0.2115577161 0.9494094253
v 7.494846821 -7.237689972 5.816018581
vn 0.3594566584 -0.3477595747 0.8659412265
v 7.449390411 -7.19379282 5.845485687
vn 0.2373281866 -0.2310510427 0.943552196
v 7.237689972 -7.494847298 5.816018581
vn 0.3471010625 -0.3600919247 0.8659414649
v 7.193792343 -7.449390888 5.845485687
vn 0.2267941833 -0.2324678749 0.9457923174
v 6.971714973 -7.742873669 5.816018581
vn 0.3343218267 -0.3719856441 0.8659420013
v 6.929430962 -7.695912361 5.845485687
vn 0.228607595 -0.2546276152 0.9396293759
v 6.697245598 -7.981465816 5.816018581
vn 0.3211353719 -0.3834268749 0.8659421802
v 6.375710964 -8.160538673 5.845485687
vn 0.210289523 -0.2699555457 0.9396288395
v 6.124172211 -8.429199219 5.816018581
vn 0.2936095595 -0.4048970938 0.865939796
v 6.087028503 -8.378076553 5.845485687
vn 0.2007403076 -0.2771299481 0.9396288395
v 5.826266766 -8.637795448 5.816018581
vn 0.2793003619 -0.4148977995 0.8659394383
v 5.790929794 -8.585407257 5.845485687
vn 0.1909454614 -0.2839669287 0.9396289587
v 5.521261692 -8.835866928 5.816018581
vn 0.2646474838 -0.4243887961 0.8659421802
v 5.487774849 -8.782277107 5.845485687
vn 0.1809200794 -0.2904589176 0.9396284223
v 5.20953083 -9.023174286 5.816018581
vn 0.2496774346 -0.4333676696 0.8659408689
v 4.861787796 -9.143692017 5.845485687
vn 0.1602160335 -0.3023691475 0.9396295547
v 4.567417145 -9.364592552 5.816018581
vn 0.2188375443 -0.4497279823 0.8659416437
v 4.539714336 -9.307795525 5.845485687
vn 0.1495674253 -0.3077780008 0.9396287799
v 4.23781395 -9.518288612 5.816018581
vn 0.2030106485 -0.4570930898 0.8659402728
v 4.212112427 -9.460559845 5.845485687
vn 0.1387355775 -0.312810719 0.9396286011
v 3.903049707 -9.660387993 5.816018581
vn 0.186934486 -0.4639001489 0.8659400344
v 3.879378557 -9.601797104 5.845485687
vn 0.1277331859 -0.3174611032 0.9396290183
v 3.563529968 -9.790717125 5.816018581
vn 0.1706305295 -0.4701411724 0.8659402132
v 3.200139761 -9.849019051 5.845485687
vn 0.1052759364 -0.3255963326 0.9396297336
v 2.871883392 -10.01544666 5.816018581
vn 0.1374180913 -0.4808953702 0.8659421802
v 2.854464054 -9.954702377 5.845485687
vn 0.09384983778 -0.3290731013 0.9396292567
v 2.520600557 -10.10957336 5.816018581
vn 0.1205534413 -0.4854024649 0.8659395576
v 2.505313158 -10.04825783 5.845485687
vn 0.08230818063 -0.3321478367 0.9396292567
v 2.166246176 -10.19138241 5.816018581
vn 0.103538394 -0.4893116355 0.8659410477
v 2.153107405 -10.12957096 5.845485687
vn 0.07066565007 -0.3348180056 0.9396293163
v 1.809250712 -10.26077461 5.816018581
vn 0.08639810234 -0.4926247299 0.8659424186
v 1.441257715 -10.25508881 5.845485687
vn 0.04713815823 -0.338932693 0.9396289587
v 1.089089036 -10.36198711 5.816018581
vn 0.05182461068 -0.4974523783 0.8659418821
v 1.082482696 -10.29914093 5.845485687
vn 0.03528146446 -0.3403725624 0.9396284819
v 0.726796627 -10.39368343 5.816018581
vn 0.0344322212 -0.4989589453 0.8659413457
v 0.7223883271 -10.33064556 5.845485687
vn 0.02338128723 -0.3413967192 0.9396284223
v 0.363620609 -10.41271687 5.816018581
vn 0.01410187315 -0.5172210932 0.8557356596
v 0.3614152074 -10.34956455 5.845485687
vn 0.01145184599 -0.3420030773 0.9396290779
v -9.314135241e-07 -10.41906357 5.816018581
vn -0.001206519664 -0.5447510481 0.83859694
v -0.5252364278 -4.056827545 5.606417179
vn 0.1204390153 0.9318841696 0.3421788812
v -0.3157019317 -4.078487396 5.606417179
vn 0.07230711728 0.9368488193 0.3421782851
v 0.315700084 -4.078487396 5.606417179
vn -0.07272639871 0.9368158579 0.3421797156
v 0.7333807945 -4.024410248 5.606417179
vn -0.1712831557 0.9235496521 0.3431007862
v 3.768121958 -2.132613182 5.845485687
vn -0.4110725224 0.2220359743 0.8841489553
v 0.5290201306 4.08605051 5.669608593
vn -0.1108697504 -0.8587738872 0.5002152324
v 0.7458353639 4.092743874 5.726723671
vn -0.1368951648 -0.753508091 0.6430281997
v 1.401747704 4.029724121 5.816018581
vn -0.1699786484 -0.4611370862 0.8708959818
v -0.1053256691 -4.08933115 5.606417179
vn 0.0239829924 0.9393292069 0.3421775699
v 4.111880302 -1.40039742 5.849996567
vn -0.2901938856 0.09109693021 0.9526221156
v 4.137310982 -0.9760163426 5.80602026
vn -0.5614894032 0.12864694 0.8174225092
v 3.493358612 -2.222003222 5.698165894
vn -0.6968844533 0.4352932572 0.5699753165
v 3.827724218 -1.442998528 5.606417179
vn -0.8779674768 0.3232895434 0.3530679941
v 3.334026337 2.370230675 5.606417179
vn -0.7654864788 -0.5511770248 0.3320154846
v 4.053269863 0.4719082415 5.572742462
vn -0.932682097 -0.1392391175 0.3327409625
v 4.160384178 0.2138803601 5.730933666
vn -0.8003789186 -0.03589604422 0.5984188318
v 4.159259319 0.5653856397 5.766781807
vn -0.6527602077 -0.1054105461 0.7501951456
v -4.567416191 -9.364592552 5.816018581
vn -0.2093621939 -0.4349609613 0.8757718801
v -4.539716244 -9.307795525 5.845485687
vn -0.1554835886 -0.323043555 0.9335243702
v -4.89145422 -9.199487686 5.816018581
vn -0.2352082729 -0.441388756 0.8659405708
v -4.861786842 -9.143692017 5.845485687
vn -0.1610831767 -0.3019082844 0.9396294951
v -5.209532738 -9.023174286 5.816018581
vn -0.244059369 -0.4189635515 0.8745882511
v -5.177936077 -8.968447685 5.845485687
vn -0.1837885082 -0.3106852472 0.9325751662
v -5.487776279 -8.782277107 5.845485687
vn -0.1911269128 -0.2948635221 0.9362297058
v -6.124172688 -8.429199219 5.816018581
vn -0.2935062647 -0.411146462 0.8630253077
v -6.087028027 -8.378076553 5.845485687
vn -0.2092185318 -0.2911370099 0.9335238934
v -6.656627178 -7.933057785 5.845485687
vn -0.2276668996 -0.277846545 0.9332572222
v -6.97171545 -7.742873669 5.816018581
vn -0.3363488317 -0.3779214919 0.8625802994
v -6.929431438 -7.695912361 5.845485687
vn -0.2293367386 -0.2539702356 0.9396296144
v -7.237689495 -7.494847298 5.816018581
vn -0.3381676078 -0.3474756181 0.8745875359
v -7.193793297 -7.449390888 5.845485687
vn -0.2534911036 -0.2569938004 0.9325751662
v -7.449389935 -7.19379282 5.845485687
vn -0.2659954429 -0.2559494674 0.9293741584
v -7.719392776 -6.950572491 5.830752373
vn -0.3140494525 -0.2833794951 0.9061285853
v -7.933057308 -6.656626225 5.845485687
vn -0.2889474928 -0.2469870895 0.9249360561
v -8.210333824 -6.414616108 5.816018581
vn -0.430362463 -0.3369370103 0.837413609
v -8.378076553 -6.087028503 5.845485687
vn -0.2942666709 -0.2090725601 0.9325748086
v -8.585408211 -5.790929794 5.845485687
vn -0.2801247239 -0.1870030463 0.941573143
v -8.835867882 -5.521262646 5.816018581
vn -0.4213207066 -0.2599687874 0.8688527346
v -9.199486732 -4.89145422 5.816018581
vn -0.4477628469 -0.2458551973 0.8596881032
v -9.14369297 -4.861787319 5.845485687
vn -0.3357810974 -0.1759524196 0.9253603816
v -9.307795525 -4.53971529 5.845485687
vn -0.3379993737 -0.1670605987 0.9262003899
v -9.518289566 -4.237814903 5.816018581
vn -0.4609854221 -0.2084448934 0.8625793457
v -9.460560799 -4.212112427 5.845485687
vn -0.3081489801 -0.1334890872 0.9419261217
v -9.660387039 -3.903049946 5.816018581
vn -0.4323579073 -0.1701347083 0.8855059743
v -9.849020004 -3.200140476 5.845485687
vn -0.3305622339 -0.1102488711 0.9373226762
v -10.01544571 -2.871882915 5.816018581
vn -0.4760917425 -0.1328140348 0.8693084121
v -9.954701424 -2.854465008 5.845485687
vn -0.3137013316 -0.08738473803 0.9454921484
v -10.0789175 -2.512955904 5.830752373
vn -0.3961961865 -0.09330411255 0.9134128094
v -10.26077366 -1.809251428 5.816018581
vn -0.4962354898 -0.08926640451 0.8635866046
v -10.3558712 1.268228551e-15 5.845485687
vn -0.3655695021 0.001605315367 0.9307826757
v -10.33064461 0.722389102 5.845485687
vn -0.3400425911 0.02391272597 0.9401059747
v -10.33056355 1.085785985 5.830752373
vn -0.4018580317 0.03991722316 0.9148315191
v -10.25508785 1.441258907 5.845485687
vn -0.3768912256 0.04946363345 0.9249358773
v -10.39368248 -0.7267971635 5.816018581
vn -0.4918753505 -0.03513856605 0.869956255
v -10.33064461 -0.722389102 5.845485687
vn -0.3253656328 -0.01527357567 0.9454649091
v -10.39541054 -0.3630157411 5.820754051
vn -0.5346379876 -0.01853977889 0.8448777795
v -10.41906452 1.275967255e-15 5.816018581
vn -0.5445175767 -0.005800116342 0.8387293816
v -10.10957336 2.520599604 5.816018581
vn -0.4494783878 0.10718555 0.8868373036
v -10.01544571 2.871882915 5.816018581
vn -0.4919982255 0.1449486464 0.8584448695
v -9.954701424 2.854465008 5.845485687
vn -0.345136106 0.09702592343 0.9335240126
v -9.909118652 3.219667673 5.816018581
vn -0.52829808 0.1673631668 0.8324005604
v -9.849020004 3.200140476 5.845485687
vn -0.3252951801 0.1062103659 0.9396288395
v -9.790717125 3.56352973 5.816018581
vn -0.469828099 0.1714907885 0.8659402132
v -9.731336594 3.541916847 5.845485687
vn -0.321390301 0.1174991652 0.9396287799
v -9.660387039 3.903049946 5.816018581
vn -0.4569350779 0.1884526163 0.8693077564
v -9.307795525 4.53971529 5.845485687
vn -0.3533401787 0.1717635989 0.9195911884
v -9.14369297 4.861787319 5.845485687
vn -0.3353352845 0.1845059395 0.9238548875
v -8.835867882 5.521262646 5.816018581
vn -0.4691368639 0.2862468958 0.8354479671
v -8.782276154 5.487775326 5.845485687
vn -0.3050212264 0.1883986145 0.9335244894
v -8.637796402 5.826266289 5.816018581
vn -0.4350663424 0.2936705649 0.8511608839
v -8.585408211 5.790929794 5.845485687
vn -0.2971094549 0.2050139755 0.9325745106
v -8.378076553 6.087028503 5.845485687
vn -0.2982489467 0.2175096273 0.9293745756
v -8.185434341 6.395163536 5.830752373
vn -0.3427574039 0.270663619 0.8995879889
v -7.695911407 6.929430962 5.845485687
vn -0.2801833153 0.2553507388 0.9253611565
v -7.449389935 7.19379282 5.845485687
vn -0.2725895643 0.2604789138 0.9261995554
v -7.237689495 7.494847298 5.816018581
vn -0.3719964921 0.3907247782 0.8419933319
v -7.193793297 7.449390888 5.845485687
vn -0.2244289666 0.2359565049 0.9454925656
v -6.950572014 7.719393253 5.830752373
vn -0.3029020727 0.3348863125 0.8922451735
v -6.697245121 7.981465816 5.816018581
vn -0.332138747 0.3937899768 0.8570958376
v -6.656627178 7.933057785 5.845485687
vn -0.2260518223 0.2651920319 0.9373226762
v -6.414615154 8.210333824 5.816018581
vn -0.3075595796 0.3944018781 0.8659412265
v 2.248687506 9.968584061 5.869608402
vn 0.0003394814848 0.001493366784 0.9999988079
v 1.893476486 10.0421114 5.869608402
vn 0.0002878208179 0.001511005801 0.9999988079
v 0.4532983601 10.20900536 5.869608402
vn 7.288195047e-05 0.001548954984 0.9999988079
v -0.2720371187 10.2154417 5.869608402
vn -2.21643113e-05 0.0009394967929 0.9999995828
v -0.9960016608 10.17041016 5.869608402
vn -0.0001457952021 0.001543277991 0.9999988079
v 2.228927612 3.711963654 5.845485687
vn -0.1860723048 -0.3285731971 0.9259679914
v 1.125768423 3.907632589 5.469608307
vn -0.2678751349 -0.96345222 0.00166210311
v 1.541076422 3.789301872 5.606417179
vn -0.3530931175 -0.87654531 0.327098757
v 1.53588295 10.10298634 5.869608402
vn -0.003503536806 0.00230481429 0.9999911785
v -1.714949846 10.07413578 5.869608402
vn -0.0001710748766 0.001028682338 0.9999994636
v -3.466703653 9.61307621 5.869608402
vn -0.000349035312 0.000982621219 0.9999994636
v -5.109531879 8.84996891 5.869608402
vn -0.004576438572 -6.147367822e-05 0.9999895096
v -6.864803314 7.569923878 5.869608402
vn -0.001046764781 0.001143653993 0.9999988079
v 3.910968065 1.248519421 5.638012886
vn -0.8562681079 -0.3117573261 0.4118401706
v 3.995112658 1.163517952 5.724770546
vn -0.7727558613 -0.2078673095 0.5996995568
v 3.443259716 2.163542747 5.469608307
vn -0.8628835678 -0.5054014921 0.001104678377
v 3.757663727 1.758491278 5.712445259
vn -0.7444297075 -0.3645986021 0.5593677163
v -1.80925262 10.26077461 5.816018581
vn -0.0964890793 0.5261644721 0.8448910117
v -1.798277259 10.19854259 5.845485687
vn -0.05893817171 0.3370810151 0.9396290183
v -1.450054169 10.31766605 5.816018581
vn -0.06915329397 0.4953403771 0.8659421206
v -1.441259623 10.25508881 5.845485687
vn -0.04713829607 0.3389330804 0.9396288395
v -1.08908844 10.36198711 5.816018581
vn -0.05182443932 0.4974524677 0.8659418225
v -1.082484603 10.29914093 5.845485687
vn -0.03528144211 0.3403726518 0.9396284819
v -0.726796031 10.39368343 5.816018581
vn -0.03443226218 0.4989595115 0.8659409881
v -0.3614146113 10.34956455 5.845485687
vn -0.0114518553 0.3420028687 0.9396291375
v -9.314135241e-07 10.41906357 5.816018581
vn 0.0004573741753 0.5001493096 0.8659390807
v -9.314135241e-07 10.35587311 5.845485687
vn 0.0004907731782 0.3421938419 0.9396292567
v 0.363620609 10.41271687 5.816018581
vn 0.01791209728 0.4998263717 0.865940392
v 0.3614152074 10.34956455 5.845485687
vn 0.01243305486 0.3419678807 0.9396293759
v 0.726796627 10.39368343 5.816018581
vn 0.03569776937 0.483550936 0.8745880127
v 1.450052261 10.31766605 5.816018581
vn 0.06751406938 0.5013919473 0.8625821471
v 1.441257715 10.25508881 5.845485687
vn 0.04316585511 0.3224386573 0.9456056356
v 1.809250712 10.26077461 5.816018581
vn 0.08729983121 0.4924686551 0.8659407496
v 1.798277855 10.19854259 5.845485687
vn 0.05990451947 0.3369112015 0.9396287799
v 2.166246176 10.19138241 5.816018581
vn 0.1044338495 0.4891241789 0.8659394383
v 2.505313158 10.04825783 5.845485687
vn 0.08326063305 0.331910193 0.9396293163
v 2.871883392 10.01544666 5.816018581
vn 0.1382984221 0.4806426466 0.865942359
v 2.854464054 9.954702377 5.845485687
vn 0.0947932601 0.3288028836 0.9396291375
v 3.219668388 9.909118652 5.816018581
vn 0.1549883187 0.4755256474 0.8659411073
v 3.541916609 9.731336594 5.845485687
vn 0.1174983606 0.3213895857 0.9396291375
v 3.903049707 9.660387993 5.816018581
vn 0.187782824 0.4635568261 0.8659403324
v 3.879378557 9.601797104 5.845485687
vn 0.1286435723 0.3170936108 0.9396288991
v 4.567417145 9.364592552 5.816018581
vn 0.2196607441 0.4493280649 0.8659408092
v 4.539714336 9.307795525 5.845485687
vn 0.1504492313 0.307346791 0.9396291971
v 5.20953083 9.023174286 5.816018581
vn 0.2504693568 0.4329097569 0.8659412265
v 4.408042908 0.5265782475 5.867329597
vn -0.005297305528 -0.00214649993 0.9999836683
v 7.237689972 7.494847298 5.816018581
vn 0.3477596045 0.3594566882 0.8659411669
v 7.193792343 7.449390888 5.845485687
vn 0.2380602807 0.2458118796 0.9396296144
v 7.494846821 7.237689972 5.816018581
vn 0.3600923419 0.347101301 0.8659412265
v 7.449390411 7.19379282 5.845485687
vn 0.2464940995 0.2373545468 0.9396294355
v 7.742873669 6.971714497 5.816018581
vn 0.3719861805 0.3343225121 0.8659415245
v 7.695911884 6.929430962 5.845485687
vn 0.2546278536 0.2286077589 0.9396292567
v 7.981465816 6.697245121 5.816018581
vn 0.3834267259 0.3211352527 0.8659422994
v 7.933058262 6.656626225 5.845485687
vn 0.2624524236 0.2195830047 0.9396286607
v 4.363910198 0.9520998597 5.869608402
vn -0.0008240212337 0.0006207945989 0.9999994636
v 8.160538673 6.375711441 5.845485687
vn 0.2699556947 0.210289374 0.9396288395
v 8.429199219 6.124172211 5.816018581
vn 0.4048971236 0.2936097085 0.8659397364
v 8.378076553 6.087028503 5.845485687
vn 0.2771295011 0.2007400095 0.9396290183
v 8.637795448 5.826266289 5.816018581
vn 0.4148980677 0.2793011963 0.8659390211
v 8.585407257 5.790929794 5.845485687
vn 0.2839665711 0.1909459084 0.9396290183
v 8.835867882 5.521262646 5.816018581
vn 0.4243906438 0.2646490633 0.8659408092
v 8.782277107 5.487775326 5.845485687
vn 0.290456593 0.1809185147 0.9396294355
v 9.023174286 5.209531784 5.816018581
vn 0.4333690703 0.2496776432 0.8659401536
v 4.153157711 1.541973591 5.866570473
vn -0.0059048892 0.00353117683 0.999976337
v 9.199487686 4.89145422 5.816018581
vn 0.4418195784 0.234401226 0.8659396768
v 9.143692017 4.861787319 5.845485687
vn 0.3023682833 0.160215959 0.9396298528
v 9.364593506 4.567416668 5.816018581
vn 0.4497304261 0.2188391536 0.8659399152
v 9.307795525 4.53971529 5.845485687
vn 0.3077758849 0.149566263 0.939629674
v 9.518288612 4.237814903 5.816018581
vn 0.4570935369 0.2030100226 0.8659402132
v 9.460559845 4.212112427 5.845485687
vn 0.3128094375 0.1387345493 0.9396291971
v 9.660387993 3.903049946 5.816018581
vn 0.4639005363 0.1869346201 0.865939796
v 9.601797104 3.879377842 5.845485687
vn 0.3174607754 0.1277332753 0.9396290779
v 4.013026237 1.837007642 5.865050793
vn -0.006410351954 -0.007636876777 0.9999502897
v 9.731336594 3.541916847 5.845485687
vn 0.321724087 0.1165754944 0.9396296144
v 9.909118652 3.219667673 5.816018581
vn 0.4758071303 0.1541172713 0.8659419417
v 9.849019051 3.200140476 5.845485687
vn 0.325596869 0.1052761003 0.9396294951
v 10.01544666 2.871882915 5.816018581
vn 0.4808958471 0.1374182105 0.8659419417
v 9.954701424 2.854465008 5.845485687
vn 0.3290739954 0.09384988248 0.9396288991
v 10.10957336 2.520599604 5.816018581
vn 0.48540169 0.1205535084 0.8659399748
v 10.04825783 2.505312204 5.845485687
vn 0.3321487606 0.08230844885 0.9396289587
v 10.19138336 2.166245222 5.816018581
vn 0.4893096387 0.1035381109 0.8659422398
v 3.823626041 2.099997997 5.8545084
vn -0.2679686546 -0.1454636008 0.9523828626
v 10.26077366 1.809251428 5.816018581
vn 0.4926246703 0.08639845252 0.8659424186
v 10.19854259 1.798278213 5.845485687
vn 0.3370822072 0.05893848091 0.9396285415
v 10.31766605 1.450053453 5.816018581
vn 0.4953398108 0.06915336847 0.8659424186
v 10.25508785 1.441258907 5.845485687
vn 0.338932246 0.04713790119 0.9396291375
v 10.36198711 1.089088678 5.816018581
vn 0.4974517822 0.05182414874 0.8659422398
v 10.29914093 1.082483411 5.845485687
vn 0.340372175 0.03528123349 0.9396286607
v 10.39368343 0.7267971635 5.816018581
vn 0.473501116 0.03309651092 0.8801711798
v 10.33064461 0.722389102 5.845485687
vn 0.3138466179 0.02194071747 0.9492201805
v 3.421587229 2.871052504 5.869608402
vn 0.0007952688029 -0.006510837469 0.9999784827
v 10.2822628 0.3588439524 5.86353159
vn 0.1734888554 0.006565216463 0.9848139286
v 10.28852272 -2.239965712e-15 5.86353159
vn 0.202389732 5.921240066e-17 0.9793050289
v 10.2822628 -0.3588439524 5.86353159
vn 0.1734888554 -0.006565216463 0.9848139286
v 10.60658455 -0.3685696721 5.539067745
vn 0.9812051058 -0.0288002193 0.1908064932
v 10.59348106 -0.7366625071 5.469608307
vn 0.9970880747 -0.06928603351 0.03185628727
v 10.56153202 -1.103884101 5.469608307
vn 0.9945704341 -0.1001747176 0.02818958275
v 10.51327896 -1.473408937 5.504338264
vn 0.9899623394 -0.1342155635 0.04427974671
v 10.4595108 -1.83389616 5.469608307
vn 0.985583365 -0.1678057164 0.02160224319
v 3.148997307 3.068933964 5.86353159
vn -0.1632130444 -0.1506937146 0.975014329
v 10.30709076 -2.555072069 5.469608307
vn 0.9720668197 -0.2337087989 0.02159355953
v 10.21220207 -2.911258698 5.469608307
vn 0.9633512497 -0.2676497996 0.01783179864
v 10.20185757 -2.925335407 5.539067745
vn 0.9492589235 -0.2720597088 0.1577688158
v 10.10500908 -3.263937235 5.469608307
vn 0.9532636404 -0.3019028306 0.01196420472
v 10.09355068 -3.279593229 5.539067745
vn 0.9365371466 -0.3040617704 0.1744837016
v 9.985641479 -3.612682819 5.469608307
vn 0.9422085881 -0.3348139524 0.01194313541
v 9.972945213 -3.629855156 5.539067745
vn 0.9230284095 -0.3396279812 0.1807522625
v 9.854240417 -3.957075357 5.469608307
vn 0.9294752479 -0.3681916595 0.02259869315
v 2.916729689 3.382733822 5.869608402
vn 0.001901497482 -0.01311001834 0.999912262
v 9.695446014 -4.316690445 5.539067745
vn 0.899928391 -0.400011152 0.1735511124
v 9.547440529 -4.641787529 5.504338264
vn 0.9000990987 -0.4337013662 0.04153041169
v 9.380105972 -4.971255302 5.504338264
vn 0.885618329 -0.4624962509 0.04215884581
v 9.201407433 -5.294699669 5.504338264
vn 0.8699262142 -0.491117239 0.04508072138
v 9.022797585 -5.599431992 5.469608307
vn 0.8535909653 -0.5208410025 0.01035192981
v 9.000323296 -5.624026299 5.539067745
vn 0.8313933015 -0.5172646046 0.2030331939
v 8.823023796 -5.909210682 5.469608307
vn 0.8339337707 -0.5517382622 0.0118038347
v 8.798564911 -5.934706688 5.539067745
vn 0.81552279 -0.5450128317 0.1946372092
v 2.639204502 3.51697731 5.86353159
vn -0.1135566905 -0.1541227698 0.9815044999
v -9.948235512 -2.337063789 5.869608402
vn -0.002564935246 -0.0004869845288 0.9999966025
v -9.859025002 -2.688661814 5.869608402
vn -0.0009069863008 -0.0002459153475 0.9999995828
v -9.757390022 -3.036872387 5.869608402
vn -0.001481131418 -0.0004582794791 0.9999988079
v -9.643463135 -3.38125658 5.869608402
vn -0.001464145142 -0.0005103099975 0.9999988079
v -9.517383575 -3.721380234 5.869608402
vn -0.001574446913 -0.0006829054328 0.9999985099
v -8.093504906 -6.238944054 5.869608402
vn -0.001231512986 -0.0009422275471 0.9999988079
v -8.309832573 -5.947768688 5.869608402
vn -0.003372151405 0.002958297264 0.9999899268
v -8.522628784 -5.701184273 5.866570473
vn -0.003048183396 -0.001963859424 0.9999934435
v -10.23402023 0.6307860017 5.866570473
vn -0.008201339282 0.0005836093915 0.9999662042
v 2.336329699 3.806804895 5.869608402
vn -0.001673993771 0.006289772689 0.9999788404
v -9.757390022 3.036872387 5.869608402
vn -0.0009803526336 0.0003024333855 0.9999994636
v 1.779706836 4.057374954 5.866570473
vn -0.003221030813 -0.007525117137 0.9999665022
v -7.866981983 6.522257805 5.869608402
vn 0.0004445138038 0.002962092636 0.9999955297
v 1.457901597 4.185173512 5.866570473
vn -0.002108033281 -0.0173717346 0.9998468757
v 3.572888136 2.022117376 5.638012886
vn -0.7936626673 -0.4705691934 0.3855699003
v 1.210105062 4.157215118 5.845485687
vn -0.08454433084 -0.3176005483 0.9444480538
v 2.875496626 2.875495434 5.469608307
vn -0.7090922594 -0.7051153779 0.0006990023539
v 0.7649134994 4.197437763 5.816018581
vn -0.08613137156 -0.5240561366 0.8473172784
v 2.353204966 3.316530943 5.469608307
vn -0.5680823326 -0.8229690194 0.002113142749
v 0.5404852629 4.1746068 5.776026249
vn -0.07489558309 -0.64169842 0.7632914186
v 1.914046288 3.594834328 5.539067745
vn -0.4578743279 -0.8610004187 0.2214257419
v 0.3210609555 4.14773941 5.726723671
vn -0.05743255094 -0.7654985189 0.640869379
v 2.096567154 3.491534948 5.539067745
vn -0.5091454387 -0.8353723288 0.2071810067
v 0.1060843766 4.118788719 5.669608593
vn -0.0219820831 -0.8656220436 0.5002151728
v 1.126639724 4.320475101 5.869608402
vn -0.0005382293602 -0.01517876983 0.999884665
v 7.141990185 -7.858530045 5.469608307
vn 0.6766341329 -0.7362267971 0.01167551614
v 7.101474762 -7.886986256 5.539067745
vn 0.659268856 -0.731137991 0.1755045801
v 6.864943027 -8.101670265 5.469608307
vn 0.6506678462 -0.7592729926 0.01165706012
v 6.82189703 -8.130019188 5.539067745
vn 0.6333685517 -0.7536719441 0.1755644232
v 6.57962513 -8.335049629 5.469608307
vn 0.6239187717 -0.7814024687 0.01164145302
v 6.534007072 -8.363147736 5.539067745
vn 0.6066977382 -0.7752888799 0.1756273061
v 6.286377907 -8.558385849 5.469608307
vn 0.596414268 -0.8025925756 0.01162548084
v 6.238157272 -8.586086273 5.539067745
vn 0.5792915225 -0.7959628105 0.1756831408
v 0.438547343 4.242544174 5.816018581
vn -0.04883955419 -0.4917505682 0.8693653345
v 5.934706211 -8.798564911 5.539067745
vn 0.5511810184 -0.8156679869 0.1757418364
v 5.677523136 -8.973864555 5.469608307
vn 0.5392864347 -0.842042625 0.01159221865
v 5.624026775 -9.000323296 5.539067745
vn 0.5224007368 -0.8343809843 0.1758005917
v 5.362650394 -9.165506363 5.469608307
vn 0.5097285509 -0.8602573872 0.01157615893
v 5.306494236 -9.191116333 5.539067745
vn 0.4929846823 -0.8520802855 0.1758558899
v 5.041313171 -9.346104622 5.469608307
vn 0.476464361 -0.8791230321 0.01115492266
v 4.982495785 -9.370711327 5.539067745
vn 0.4621285498 -0.8664125204 0.1891204566
v 4.68316555 -9.527165413 5.504338264
vn 0.4445911348 -0.8948339224 0.04013748467
v 0.1071156859 4.1587677 5.726723671
vn -0.01596750133 -0.7848222852 0.619515121
v 4.042444706 -9.819529533 5.469608307
vn 0.3836698234 -0.9234159589 0.01002159994
v 3.975694656 -9.840189934 5.539067745
vn 0.3749984801 -0.909440577 0.1797052771
v 3.664530039 -9.963429451 5.504338264
vn 0.3513638079 -0.9351891875 0.04432501644
v 3.351509571 -10.07630444 5.469608307
vn 0.3223056495 -0.9465774894 0.01049206778
v 3.279592991 -10.09355068 5.539067745
vn 0.3101041317 -0.9354403615 0.1696665287
v 2.999773979 -10.18655396 5.469608307
vn 0.2877046764 -0.9576504827 0.0114730997
v 2.925334454 -10.20185757 5.539067745
vn 0.2688167989 -0.9459586143 0.1813832372
v 2.644425154 -10.28452873 5.469608307
vn 0.2532002032 -0.9671780467 0.02136065811
v -0.3157019317 4.078487396 5.606417179
vn 0.07272669673 -0.9368159771 0.3421791792
v 2.206563473 -10.38106728 5.539067745
vn 0.2065106481 -0.9649837017 0.1617400795
v 1.924598217 -10.44320011 5.469608307
vn 0.1865683794 -0.982375443 0.0114310272
v 1.842924833 -10.45175171 5.539067745
vn 0.1721247882 -0.9691589475 0.1763631999
v 1.560988903 -10.50370502 5.469608307
vn 0.1523550451 -0.9882598519 0.01141872443
v 1.477041245 -10.50970173 5.539067745
vn 0.13822788 -0.9745628834 0.1764092892
v 1.195499182 -10.55155468 5.469608307
vn 0.1179546192 -0.9929534793 0.01140645705
v 1.10935843 -10.55484772 5.539067745
vn 0.1041640043 -0.9787822962 0.1764513552
v 0.828569591 -10.586689 5.469608307
vn 0.08341173828 -0.9964500666 0.01139246207
v 0.5559328198 4.293917656 5.845485687
vn -0.04806091264 -0.3309772611 0.9424140453
v 0.4606406689 -10.60906792 5.469608307
vn 0.04876869172 -0.9987452626 0.01138003636
v 0.3703869283 -10.60652161 5.539067745
vn 0.03569463268 -0.9836454988 0.1765429527
v 0.09215544909 -10.61866379 5.469608307
vn 0.01406752225 -0.9998364449 0.01136866305
v -9.314135241e-07 -10.61298656 5.539067745
vn 0.001377853099 -0.9842848778 0.1765823513
v -0.2764380574 -10.61546516 5.469608307
vn -0.02065105177 -0.9997222424 0.01135703642
v -0.3703887761 -10.60652161 5.539067745
vn -0.03294219449 -0.9837270975 0.1766232401
v -0.6447017789 -10.59947491 5.469608307
vn -0.05947086588 -0.9981732368 0.01064997632
v -0.7403237224 -10.58713531 5.539067745
vn -0.06667292863 -0.9799451232 0.187782526
v -0.3179737926 4.107866287 5.669608593
vn 0.06713926792 -0.8632953763 0.5002133846
v -1.427746654 -10.51945782 5.504338264
vn -0.1246904135 -0.99108392 0.04695723951
v -1.743056297 -10.47502995 5.469608307
vn -0.1574429572 -0.9874702096 0.01069199853
v -1.842926621 -10.45175171 5.539067745
vn -0.1663735807 -0.964640677 0.20442155
v -2.105560303 -10.40822411 5.469608307
vn -0.1972412616 -0.9802984595 0.01052653044
v -2.206562996 -10.38106728 5.539067745
vn -0.2011956871 -0.9491072297 0.2423133552
v -2.516521454 -10.31330585 5.504338264
vn -0.2291692346 -0.9711689353 0.06566849351
v -2.822524786 -10.23708344 5.469608307
vn -0.2592978179 -0.9657376409 0.01074652188
v -2.925336361 -10.20185757 5.539067745
vn -0.2603711188 -0.9400647879 0.2201932818
v 0.6569994092 4.416352749 5.869608402
vn -0.0007829348906 -0.005536638666 0.9999843836
v -3.279592514 -10.09355068 5.539067745
vn -0.2992345691 -0.9229717255 0.2420369387
v -3.577871799 -9.994781494 5.504338264
vn -0.3282533288 -0.9431740642 0.05169527233
v -3.871408224 -9.88821125 5.469608307
vn -0.3583399057 -0.9335286617 0.01080583129
v -3.97569418 -9.840189934 5.539067745
vn -0.3643804491 -0.9079588652 0.2069725543
v -4.212264538 -9.747889519 5.469608307
vn -0.3985308111 -0.9169327021 0.02018937282
v -4.656714916 -9.540681839 5.486973286
vn -0.4401571453 -0.8971322179 0.03762327507
v -4.982495308 -9.370711327 5.539067745
vn -0.4451283216 -0.8767564893 0.1820957214
v -5.254630089 -9.224158287 5.504338264
vn -0.4821728468 -0.8753777146 0.03497370332
v -0.1083851606 4.208054066 5.776026249
vn 0.0116232885 -0.6570696831 0.7537401915
v -5.832418442 -8.873973846 5.469608307
vn -0.5437276363 -0.8391904831 0.01093428116
v -5.934705734 -8.798564911 5.539067745
vn -0.5497407913 -0.8155936599 0.1805327237
v -6.136892796 -8.666202545 5.469608307
vn -0.5751135945 -0.8179697394 0.01303233765
v -6.36107254 -8.495827675 5.521703243
vn -0.6071534157 -0.7907547355 0.07792083919
v -7.052997589 -7.934144497 5.504338264
vn -0.6600522399 -0.7503483295 0.0361723043
v -7.541324615 -7.476159573 5.469608307
vn -0.6998497248 -0.7136622071 0.02994363941
v -7.796254158 -7.20991993 5.469608307
vn -0.7311023474 -0.6814090014 0.03422113881
v -8.041789055 -6.934993744 5.469608307
vn -0.7541429996 -0.6548117995 0.04989783093
v -0.5290219784 4.08605051 5.669608593
vn 0.1114904881 -0.8586941361 0.5002142191
v 6.452186108 7.924553871 5.869608402
vn 0.0008487951709 0.001044368604 0.9999991059
v 6.166872025 8.148554802 5.869608402
vn 0.000822713424 0.001088633668 0.9999990463
v 5.873789787 8.362288475 5.869608402
vn 0.0007942930679 0.001131982077 0.9999990463
v 5.57330513 8.565485001 5.869608402
vn 0.0007635389338 0.001174222794 0.9999990463
v 5.265798092 8.757889748 5.869608402
vn 0.0007304702885 0.001215160708 0.9999989867
v 2.601063013 9.882496834 5.869608402
vn 0.000389917579 0.001472660457 0.9999988675
v 2.950162411 9.783956528 5.869608402
vn 0.0004389396927 0.001449019415 0.9999988675
v 3.295542717 9.673089027 5.869608402
vn 0.000486373785 0.001422588946 0.9999988675
v 8.414084435 5.799347401 5.869608402
vn 0.0009769496974 0.0006768919411 0.9999992847
v 0.3393489718 4.383991241 5.86353159
vn -0.01405837946 -0.1653305739 0.9861379862
v 9.581933022 3.551877737 5.869608402
vn 0.0007612433401 0.0002883212874 0.9999996424
v -0.3248656392 4.196895123 5.776026249
vn 0.04664657265 -0.641802609 0.7654498816
v 10.2126255 0.3626824021 5.869608402
vn 0.0006923260516 0.0007029288681 0.9999995232
v -0.7386648059 4.053399563 5.669608593
vn 0.1604351699 -0.8490250111 0.5034054518
v 1.801406264 3.8487432 5.80602026
vn -0.2284830958 -0.4921680093 0.8399798274
v 0.1797878146 4.461333275 5.869608402
vn -2.025296197e-07 -8.950934716e-05 1
v 0.9354351759 3.9637568 5.539067745
vn -0.2338559926 -0.9569118023 0.1721372306
v -0.2228145301 4.322582245 5.845485687
vn 0.02136218175 -0.3559302092 0.9342683554
v 1.151524305 3.955965519 5.669608593
vn -0.2417062372 -0.8314815164 0.5002165437
v -0.7458347678 4.092743874 5.726723671
vn 0.147017926 -0.7572985291 0.636305511
v 1.382982254 3.975779772 5.776026249
vn -0.2200711519 -0.6116347909 0.7599155307
v -0.2262826115 4.389819622 5.86353159
vn 0.01236701012 -0.174029246 0.9846628308
v 0.6811749935 4.009108067 5.469608307
vn -0.1583695114 -0.9873784184 0.001729018753
v -0.7546736002 4.141247749 5.776026249
vn 0.1204999834 -0.6312470436 0.7661637664
v -3.892718792 1.467500448 5.726723671
vn 0.717939496 -0.2862989008 0.6345044374
v -10.04683781 -3.438827753 5.469608307
vn -0.946206212 -0.3234212995 0.00961717125
v -10.09354973 -3.279593229 5.539067745
vn -0.9123545885 -0.2868120074 0.2921437323
v -10.18099785 -3.006699324 5.504338264
vn -0.951659143 -0.2897487581 0.1019340605
v -10.26119137 -2.733577013 5.469608307
vn -0.9676048756 -0.252322495 0.008614192717
v -10.29773617 -2.567513943 5.539067745
vn -0.9390044808 -0.2545522451 0.2312438488
v -10.3957901 -2.153167963 5.486973286
vn -0.9763979912 -0.2112776488 0.04481884092
v -10.48976231 -1.652084827 5.469608307
vn -0.9870690703 -0.1592280716 0.01846665516
v -10.50970173 -1.477042317 5.539067745
vn -0.9691812992 -0.1291395426 0.2097871155
v -4.024128914 0.6267411709 5.539067745
vn 0.9521402121 -0.1401684284 0.2716281116
v -10.60466957 -0.5526911616 5.469608307
vn -0.9974024892 -0.06817576289 0.02324645966
v -10.60652065 -0.370387882 5.539067745
vn -0.9590613246 -0.02263236977 0.2822925746
v -10.61746407 -0.1843044162 5.469608307
vn -0.9997693896 -0.0173636619 0.01263456419
v -10.61023426 0.1385943443 5.53012085
vn -0.9917247891 0.01754423976 0.12717776
v -10.60466957 0.5526911616 5.469608307
vn -0.9974165559 0.06012411416 0.03931041062
v -10.54078197 1.287023664 5.469608307
vn -0.9942650795 0.09896190464 0.04054073989
v -10.50076771 1.475786567 5.572742462
vn -0.950334847 0.1230696663 0.2858628333
v -10.48976231 1.652084827 5.469608307
vn -0.9885175228 0.1498309076 0.01959111542
v -4.3268857 -0.1114452407 5.845485687
vn 0.4148600101 0.02099547349 0.9096429944
v -10.42610359 2.015155077 5.469608307
vn -0.9820353389 0.1869137883 0.02588116936
v -10.36503696 2.203156471 5.588540554
vn -0.9177055955 0.2008464038 0.3427493572
v -10.34988499 2.375797272 5.469608307
vn -0.9748607278 0.2192197442 0.03986498341
v -10.2818327 2.563548803 5.588540554
vn -0.9118996859 0.2243534476 0.3436633646
v -10.26119137 2.733577013 5.469608307
vn -0.964684844 0.2589313686 0.04835007712
v -10.12684536 3.183827877 5.504338264
vn -0.9558411241 0.2899323702 0.04803038016
v -10.00989056 3.534341335 5.504338264
vn -0.9453572631 0.3218916357 0.05182108283
v -9.921435356 3.785449266 5.469608307
vn -0.9335466623 0.3578326404 0.02112898603
v -4.416157246 -0.3458892405 5.866570473
vn 0.001648037345 0.001687410404 0.9999971986
v -9.739764214 4.222100258 5.504338264
vn -0.9213372469 0.3864418864 0.04243098572
v -9.634931564 4.464596748 5.469608307
vn -0.9047313929 0.4258980453 0.008482807316
v -9.538888931 4.652427197 5.539067745
vn -0.8888023496 0.4276511967 0.1647568941
v -9.362223625 5.005815983 5.486973286
vn -0.8858114481 0.4622574747 0.04069500417
v -9.191116333 5.306493282 5.539067745
vn -0.8534840345 0.4846374989 0.191550225
v -9.118620872 5.441988945 5.469608307
vn -0.8623167276 0.5061993599 0.01311577298
v -8.920938492 5.750329971 5.513020515
vn -0.8321111798 0.5509710908 0.0634182021
v -8.503508568 6.360414028 5.469608307
vn -0.8124494553 0.5811217427 0.04715287685
v -3.879946709 2.065852165 5.86353159
vn 0.1573020518 -0.08391349018 0.9839789867
v -8.277635574 6.651710987 5.469608307
vn -0.7781006694 0.6280206442 0.01222162228
v -7.98644495 6.989960194 5.521703243
vn -0.7568542957 0.6493503451 0.07426781952
v -7.796254158 7.20991993 5.469608307
vn -0.7396816015 0.6727763414 0.01559238881
v -7.63434267 7.372400284 5.539067745
vn -0.7054857612 0.6714520454 0.2268082201
v -7.541324615 7.476159573 5.469608307
vn -0.7118160725 0.7019194961 0.02503713034
v -7.36101675 7.622553825 5.588540554
vn -0.6455779672 0.6691305041 0.3680943549
v -7.27730751 7.733389854 5.469608307
vn -0.6896096468 0.7236596942 0.02748097852
v -7.101474285 7.886986256 5.539067745
vn -0.6519909501 0.7257413268 0.2195616364
v -3.959023237 1.207657933 5.698165894
vn 0.7970949411 -0.268088758 0.5410804749
v -6.772594929 8.174809456 5.504338264
vn -0.6262642741 0.77609694 0.07393645495
v -6.408601761 8.441292763 5.585238457
vn -0.6046813726 0.7871629596 0.1213875562
v -6.136892796 8.666202545 5.469608307
vn -0.5934920311 0.8037945628 0.04100627825
v -5.929662228 8.79108429 5.572742462
vn -0.5463825464 0.7883850932 0.282692492
v -5.832418442 8.873973846 5.469608307
vn -0.5463426709 0.8372588754 0.02252339199
v -5.593468189 9.010354042 5.555377483
vn -0.5215571523 0.8450030684 0.1181015149
v -5.254630089 9.224158287 5.504338264
vn -0.5039245486 0.862121582 0.0529752709
v -4.930419922 9.401453018 5.504338264
vn -0.4696558118 0.8815845251 0.04724560305
v -3.984299183 1.650466681 5.83811903
vn 0.3694501817 -0.1554533392 0.9161554575
v -4.548042774 9.595822334 5.469608307
vn -0.4291825593 0.9031204581 0.01325831655
v -4.286915302 9.700313568 5.555377483
vn -0.4007777572 0.9098756909 0.1072539613
v -3.97569418 9.840189934 5.539067745
vn -0.3673924804 0.914244771 0.1708194613
v -3.871408224 9.88821125 5.469608307
vn -0.3821747601 0.9239525199 0.01594266854
v -3.577871799 9.994781494 5.504338264
vn -0.338226974 0.9400202632 0.04432169721
v -3.279592514 10.09355068 5.539067745
vn -0.303920716 0.9271971583 0.2189467251
v -3.176118612 10.13295555 5.469608307
vn -0.3074860275 0.9514651895 0.01289640181
v -2.925336361 10.20185757 5.539067745
vn -0.2732292116 0.9411687851 0.1988646537
v -4.029142857 1.760838032 5.86353159
vn 0.185360834 -0.08100657165 0.9793259501
v -2.516521454 10.31330585 5.504338264
vn -0.2385672033 0.9701140523 0.04432226345
v -2.206562996 10.38106728 5.539067745
vn -0.2105255276 0.960909009 0.1798135638
v -2.105560303 10.40822411 5.469608307
vn -0.2067942619 0.9782989025 0.0129387835
v -1.842926621 10.45175171 5.539067745
vn -0.1749474704 0.9685783386 0.1767748743
v -1.743056297 10.47502995 5.469608307
vn -0.1686900556 0.9856042266 0.01131226122
v -1.477043152 10.50970173 5.539067745
vn -0.1410709321 0.9740953445 0.1767406613
v -1.378452659 10.52921581 5.469608307
vn -0.1343725026 0.9908661842 0.01132430695
v -1.109360337 10.55484772 5.539067745
vn -0.1070224717 0.9784289002 0.1767003834
v -4.151640892 1.444156528 5.86353159
vn 0.175899148 -0.06385591626 0.9823349118
v -0.1071150899 -4.1587677 5.726723671
vn 0.01930623874 0.7655996084 0.6430276632
v 0.1071156859 -4.1587677 5.726723671
vn -0.02013122104 0.7655777931 0.6430282593
v 0.3210609555 -4.14773941 5.726723671
vn -0.05951571465 0.7635259032 0.6430288553
v -0.9463483095 -4.009999752 5.669608593
vn 0.203865394 0.8435342312 0.4968791604
v -0.7386648059 -4.053399563 5.669608593
vn 0.1549311578 0.8519294262 0.5002124906
v -0.7333826423 -4.024410248 5.606417179
vn 0.1682510972 0.9244480729 0.3421802521
v -0.9395819902 -3.981320143 5.606417179
vn 0.2156187296 0.9145605564 0.3421805203
v 0.5290201306 -4.08605051 5.669608593
vn -0.111490652 0.8586935997 0.5002150536
v -0.6475791335 -4.157927513 5.776026249
vn 0.1037841812 0.6504138708 0.752456367
v -4.125887394 1.08657074 5.816018581
vn 0.5363830328 -0.1425907463 0.8318420053
v -2.639341831 -3.163785934 5.669608593
vn 0.5647007227 0.6633312702 0.4910241365
v -4.090935707 0.529817462 5.675988197
vn 0.8578358889 -0.1286063045 0.4975720644
v -3.596898317 -2.160204887 5.763700962
vn 0.5821583271 0.3487266898 0.7344939709
v -4.186993599 1.102663994 5.845485687
vn 0.2949432731 -0.0783232972 0.9522992969
v 0.315700084 4.078487396 5.606417179
vn -0.07230724394 -0.9368486404 0.3421786726
v -4.13809824 0.4277504683 5.726723671
vn 0.8440185189 -0.085272111 0.5294916034
v -1.826400995 3.653768063 5.589579105
vn 0.4140504301 -0.852861762 0.3181022406
v -4.258193493 0.7759847641 5.845485687
vn 0.3509266376 -0.05980185419 0.9344914556
v -2.35320425 3.316530943 5.469608307
vn 0.5898523331 -0.8075047731 0.00320748915
v -4.362337112 0.9517567158 5.869608402
vn 0.001119901193 0.00155566039 0.9999981523
v -2.916630507 2.842476368 5.539067745
vn 0.6990126967 -0.6960524321 0.163988471
v -4.183530331 0.08738617599 5.752334118
vn 0.7171592116 0.009547469206 0.6968439817
v -2.766437292 2.988852024 5.539067745
vn 0.6555697322 -0.7299426794 0.1934217513
v -4.306808472 0.4451898932 5.845485687
vn 0.3557060659 -0.03941361979 0.9337664247
v -3.230694771 -2.557006836 5.669608593
vn 0.6722727418 0.5459699035 0.4999662042
v 0.828569591 10.586689 5.469608307
vn 0.07347726077 0.9972318411 0.01139250211
v 1.10935843 10.55484772 5.539067745
vn 0.1026025638 0.978518188 0.1788152158
v 1.195499182 10.55155468 5.469608307
vn 0.1084685996 0.9940587282 0.009044669569
v 1.519015074 10.50670338 5.504338264
vn 0.1405215412 0.9890850186 0.04432302713
v 1.842924833 10.45175171 5.539067745
vn 0.1644455791 0.9697265029 0.1805220097
v 1.924598217 10.44320011 5.469608307
vn 0.1730741411 0.984821558 0.01310887001
v 2.206563473 10.38106728 5.539067745
vn 0.2002982944 0.9637389183 0.1763176024
v 2.285888672 10.37011337 5.469608307
vn 0.2108294219 0.9774558544 0.01144532487
v -3.395240068 -2.238245249 5.486973286
vn 0.8223298192 0.5689623356 0.007450969424
v 2.644425154 10.28452873 5.469608307
vn 0.2446379066 0.9695467949 0.01145782694
v 2.925334454 10.20185757 5.539067745
vn 0.2669813931 0.9474537373 0.1762169003
v 2.999773979 10.18655396 5.469608307
vn 0.2781463563 0.9604701996 0.01147316676
v 3.279592991 10.09355068 5.539067745
vn 0.3034675717 0.9360470176 0.1781106293
v 3.351509571 10.07630444 5.469608307
vn 0.3118575811 0.9500868917 0.008930835873
v 3.664530039 9.963429451 5.504338264
vn 0.3422163129 0.9385751486 0.04432539269
v 3.975694656 9.840189934 5.539067745
vn 0.3661411703 0.9124374986 0.1827523559
v 4.042444706 9.819529533 5.469608307
vn 0.3734800816 0.9275746942 0.01085237972
v -3.016752005 -2.732336044 5.521703243
vn 0.7395087481 0.6729094982 0.01787715033
v 4.65242815 9.538888931 5.539067745
vn 0.4287791848 0.8847429156 0.1826974005
v 4.713903427 9.515441895 5.469608307
vn 0.4370470643 0.8993735909 0.01081785001
v 5.011904716 9.358407974 5.504338264
vn 0.4689604938 0.8821062446 0.04432363808
v 5.306494236 9.191116333 5.539067745
vn 0.4859034717 0.8550642729 0.1810053736
v 5.362650394 9.165506363 5.469608307
vn 0.4981237948 0.8670042753 0.01327805128
v 5.624026775 9.000323296 5.539067745
vn 0.5176151991 0.8373584151 0.175799191
v 5.677523136 8.973864555 5.469608307
vn 0.5308681726 0.8473751545 0.01159230433
v 5.934706211 8.798564911 5.539067745
vn 0.546502471 0.8188099265 0.1757422835
v -2.766437292 -2.988852024 5.539067745
vn 0.6755504012 0.6874542832 0.2665299773
v 6.238157272 8.586086273 5.539067745
vn 0.5747249126 0.799266696 0.1756815761
v 6.286377907 8.558385849 5.469608307
vn 0.5883864164 0.8084962964 0.01162555534
v 6.534007072 8.363147736 5.539067745
vn 0.6022497416 0.7787499428 0.1756240577
v 6.57962513 8.335049629 5.469608307
vn 0.6160997748 0.7875820994 0.01164151356
v 6.82189703 8.130019188 5.539067745
vn 0.6290435791 0.7572864294 0.1755604446
v 6.864943027 8.101670265 5.469608307
vn 0.6430700421 0.7657186389 0.0116571309
v 7.101474762 7.886986256 5.539067745
vn 0.6550725102 0.7349004745 0.1755028963
v 7.141990185 7.858530045 5.469608307
vn 0.6692630053 0.7429338694 0.01167558506
v -2.535461903 -3.179368258 5.469608307
vn 0.6255841255 0.780138433 0.005342894699
v 7.410431862 7.605919838 5.469608307
vn 0.6954656839 0.7183337808 0.01800284907
v 7.62785244 7.366132259 5.572742462
vn 0.6926276088 0.6729020476 0.2597496212
v 7.669944286 7.344145775 5.469608307
vn 0.7186343074 0.6950377226 0.02207490988
v 7.886986256 7.101474762 5.539067745
vn 0.7282880545 0.6647043824 0.1666270941
v 7.920214653 7.073522091 5.469608307
vn 0.7428863049 0.6693148613 0.01172935218
v 8.130018234 6.821896553 5.539067745
vn 0.7526085377 0.6345030665 0.1760292202
v 8.160942078 6.794375896 5.469608307
vn 0.7663881779 0.6421265006 0.01796412095
v 8.356038094 6.528451443 5.572742462
vn 0.7591590881 0.5968812704 0.2596347928
v -2.366929054 -3.329177856 5.589579105
vn 0.5549026728 0.772377193 0.3090574145
v 8.58608532 6.238157272 5.539067745
vn 0.7937059402 0.5850583315 0.1665461808
v 8.612618446 6.211868763 5.469608307
vn 0.8084539175 0.5884414911 0.01178462524
v 8.798564911 5.934706688 5.539067745
vn 0.8150627613 0.5520437956 0.1758416742
v 8.823023796 5.909210682 5.469608307
vn 0.8289892673 0.5591977239 0.008644043468
v 9.01156044 5.611729145 5.504338264
vn 0.8458521962 0.529699564 0.06286875159
v 9.183301926 5.301982403 5.572742462
vn 0.8330318332 0.489005357 0.2587115765
v 9.211699486 5.282906055 5.469608307
vn 0.863474071 0.5038255453 0.02392520756
v 9.370711327 4.982495308 5.539067745
vn 0.86867553 0.4663498104 0.1670949161
v -1.726451874 -3.68860054 5.539067745
vn 0.426568985 0.836153388 0.3447991014
v 9.530778885 4.648471832 5.572742462
vn 0.8672891855 0.4248229563 0.2594897151
v 9.555992126 4.631147861 5.469608307
vn 0.8979157805 0.4392749965 0.02801208198
v 9.687203407 4.313020706 5.572742462
vn 0.8824930191 0.3923307359 0.2593890727
v 9.710967064 4.296700478 5.469608307
vn 0.9129164815 0.4076488614 0.02014799975
v 9.847215652 3.966384888 5.504338264
vn 0.9246447682 0.3768862486 0.05467043817
v 9.972945213 3.629855156 5.539067745
vn 0.9156874418 0.3476197124 0.2016854435
v 9.985641479 3.612682819 5.469608307
vn 0.9378023744 0.3469006121 0.01366064139
v 10.09355068 3.279593229 5.539067745
vn 0.935654819 0.3065457642 0.1748707145
v -1.13824451 -3.91034627 5.539067745
vn 0.2852093279 0.9323301315 0.2222975492
v 10.2070303 2.918297291 5.504338264
vn 0.9593090415 0.2788574994 0.04432409629
v 10.29773617 2.567513943 5.539067745
vn 0.9523594975 0.2450806797 0.1815125197
v 10.30709076 2.555072069 5.469608307
vn 0.9688083529 0.2474308312 0.0137241194
v 10.38106728 2.20656395 5.539067745
vn 0.9620222449 0.2101148665 0.1742554605
v 10.38955975 2.19580698 5.469608307
vn 0.9774340391 0.2108981311 0.01203050185
v 10.45175171 1.842925668 5.539067745
vn 0.9692496061 0.1736167818 0.1743915081
v 10.4595108 1.83389616 5.469608307
vn 0.9844359159 0.1755373925 0.008519691415
v 10.51327896 1.473408937 5.504338264
vn 0.9890140891 0.1414883286 0.04280364513
v -1.143287897 -3.927673101 5.606417179
vn 0.2539654076 0.9107650518 0.3255896568
v -3.316530228 -2.35320425 -1.823202848
vn 0.8139766455 0.5808975101 -0.0004108932626
v -3.115551472 -2.623948336 -5.534198761
vn 0.7664390802 0.6418525577 -0.02442291752
v -3.179367542 -2.535461664 -1.823202848
vn 0.7852938771 0.6191229224 -0.0005747843534
v -3.032202005 -2.709741354 -1.823202848
vn 0.7362295389 0.6767316461 -0.0005936950329
v -2.875495911 -2.875495434 -5.469608307
vn 0.7081359625 0.7060751319 0.001146409777
v -1.96707356 -3.559152842 -1.823202848
vn 0.483718574 0.875223577 -5.359198964e-17
v -1.96707356 -3.559152842 -5.469608307
vn 0.4857107401 0.8741183877 -0.001464327099
v -2.163542986 -3.443258762 -1.823202848
vn 0.5303628445 0.8477707505 -0.0002463382261
v -3.783928394 -1.496419787 -5.504338264
vn 0.9335637093 0.3582690358 -0.01010362431
v -1.382981658 -3.975779772 5.776026249
vn 0.2069719881 0.5859885812 0.7834411263
v -4.06370306 -0.2188343108 -5.504338264
vn 0.9971436262 0.07548950613 -0.002428630833
v -1.401747108 -4.029724121 5.816018581
vn 0.1657518595 0.5045552254 0.8473194838
v -3.757015705 1.556206942 -1.823202848
vn 0.9282341599 -0.371994108 -0.001331763342
v -1.102298617 -4.18560648 5.845485687
vn 0.08469026536 0.3169926703 0.9446392059
v -3.476485252 2.211271286 5.669608593
vn 0.7715318799 -0.4049969316 0.4906282127
v -1.01023829 -4.349165916 5.869608402
vn 0.0001131286845 0.0004902168876 0.9999998808
v -3.345498323 2.647870541 5.816018581
vn 0.4244172871 -0.3249908984 0.8451336622
v -3.323633909 -2.772693157 5.845485687
vn 0.2940678298 0.2510532141 0.9222236276
v -3.323633909 2.772693157 5.845485687
vn 0.2466030717 -0.2037672997 0.9474522471
v -3.035057068 -2.957892179 5.796022415
vn 0.431548357 0.4247736335 0.7958224416
v -3.901375294 1.176913261 5.538276196
vn 0.9529726505 -0.302203089 0.02272585221
v -2.664962292 -3.194495678 5.726723671
vn 0.4721593261 0.5686023235 0.6736148596
v -3.529732227 2.507544041 5.845485687
vn 0.2359350026 -0.1852213293 0.953953743
v -2.020689726 -3.542174578 5.555377483
vn 0.4484357536 0.8937271237 0.01253946871
v -1.808656931 -3.864237309 5.816018581
vn 0.2221728712 0.4651723802 0.8568861485
v 3.757016182 1.556206942 1.823202848
vn -0.9238795042 -0.3826825023 0.0008576971595
v 3.663848162 1.764416337 1.823202848
vn -0.9038581252 -0.427832365 3.253029718e-05
v 3.559153557 1.967074156 1.823202848
vn -0.863509953 -0.5043317676 -0.0002501756244
v 3.379896641 2.25837326 1.823202848
vn -0.8353713155 -0.549685955 0.0003677990462
v 3.179368258 2.535461664 1.823202848
vn -0.7891472578 -0.6142040491 6.683185347e-05
v 3.032202482 2.709741354 1.823202848
vn -0.7418996692 -0.6705108881 -0.0002079319529
v 2.875496626 2.875495434 1.823202848
vn -0.7111519575 -0.7030382752 -0.0002189241204
v 2.709740162 3.032202005 1.823202848
vn -0.6615080237 -0.7499380708 0.0002700412588
v -2.127855539 -3.925307751 5.869608402
vn 0.0009961056057 0.0003804073203 0.999999404
v 2.258375406 3.379894972 1.823202848
vn -0.5555748343 -0.831466496 0.0002883565612
v 1.967074156 3.559152842 1.823202848
vn -0.4942000806 -0.8693481684 0.0002507151512
v 1.764416695 3.663848162 1.823202848
vn -0.4338828623 -0.9009692669 5.516845692e-17
v 1.556206465 3.757015705 1.823202848
vn -0.3826823831 -0.923879981 5.657133208e-17
v 1.343100548 3.838362694 1.823202848
vn -0.3302791417 -0.9438832998 5.779618143e-17
v 1.125768423 3.907632589 1.823202848
vn -0.2768366933 -0.960916996 5.883919662e-17
v 0.9048968554 3.964607477 1.823202848
vn -0.2225207388 -0.9749279618 5.969712188e-17
v 0.6811749935 4.009108067 1.823202848
vn -0.1675062031 -0.985871017 6.036719112e-17
v -1.607333541 -3.952221155 5.816018581
vn 0.191019997 0.4667516053 0.8635127544
v 0.2280135602 4.060167313 1.823202848
vn -0.05606951937 -0.9984268546 6.113601248e-17
v -9.314135241e-07 4.06656456 1.823202848
vn 5.918165402e-10 -1 6.123234263e-17
v -0.2280129492 4.060167313 1.823202848
vn 0.05606982112 -0.9984268546 6.113601248e-17
v -0.4553111792 4.040995121 1.823202848
vn 0.1119652614 -0.9937121272 6.084731983e-17
v -0.6811743975 4.009108067 1.823202848
vn 0.1675062031 -0.985871017 6.036719112e-17
v -0.9048962593 3.964607477 1.823202848
vn 0.2225195765 -0.9749282002 5.969713512e-17
v -1.12577033 3.907632589 1.823202848
vn 0.2830475271 -0.9591058493 0.0002699697216
v -1.343099952 3.838362694 1.823202848
vn 0.3272306323 -0.9449445009 9.78541284e-05
v -1.58788383 -4.116113663 5.865050793
vn 0.001256345888 0.00348324771 0.9999931455
v -1.764416099 3.663848162 1.823202848
vn 0.4339857101 -0.9009196758 -0.0004147894215
v -1.96707356 3.559152842 1.823202848
vn 0.4886079431 -0.8725034595 -0.0001790431124
v -2.163542986 3.443258762 1.823202848
vn 0.5282602906 -0.8490824699 -0.0001733888203
v -2.35320425 3.316530943 1.823202848
vn 0.5923111439 -0.8057093024 4.93354671e-17
v -2.622601986 3.105785131 1.823202848
vn 0.6451072097 -0.7640918493 0.0005658802693
v -2.875495911 2.875495434 1.823202848
vn 0.6985592842 -0.7155521512 0.0002507342142
v -3.032202005 2.709741354 1.823202848
vn 0.7456433177 -0.6663452983 4.080188147e-17
v -3.179367542 2.535461664 1.823202848
vn 0.7804630399 -0.6252018213 0.000274242193
v -0.6764485836 -4.343286037 5.86353159
vn 0.02567852661 0.1596209258 0.9868443608
v -3.443259239 2.163542747 1.823202848
vn 0.8530561924 -0.5218189955 -0.0002507898607
v -3.611499071 1.865745187 1.823202848
vn 0.8930786252 -0.4499006271 -0.0001596927032
v -3.797687531 1.449654102 1.823202848
vn 0.9335457087 -0.3584577441 0.0006356969243
v -3.936120272 1.015332699 1.823202848
vn 0.9668462873 -0.2553577423 0.0008153819363
v -4.009107113 0.6811748743 1.823202848
vn 0.9870964289 -0.160126701 0.0003604296944
v -4.050579071 0.3416624367 1.823202848
vn 0.9960116744 -0.08921753615 0.0009717919747
v -4.066565514 -4.980105861e-16 1.823202848
vn 0.9999567866 0.009275419638 0.0006669061258
v -4.050579071 -0.3416624367 1.823202848
vn 0.9970133305 0.07722947747 0.0001970206795
v -0.2994987071 -4.454898357 5.869608402
vn 5.20165122e-05 0.0007606956642 0.999999702
v -3.964608192 -0.9048957825 1.823202848
vn 0.9710456729 0.2388940006 -1.462803897e-17
v -3.872995615 -1.23443532 1.823202848
vn 0.95283705 0.303476423 0.001898895483
v -3.757015705 -1.556206942 1.823202848
vn 0.9318891168 0.3627402186 0.001497474266
v -3.663847685 -1.764416337 1.823202848
vn 0.8940325379 0.4480011761 0.0009014962125
v -3.55915308 -1.967074156 1.823202848
vn 0.8780969977 0.4784820974 0.0007468345575
v -3.443259239 -2.163542747 1.823202848
vn 0.8439497352 0.5364221334 0.0003469763324
v -3.316530228 -2.35320425 1.823202848
vn 0.8123064041 0.5832308531 -0.000255205814
v -3.179367542 -2.535461664 1.823202848
vn 0.786018014 0.6182035804 -0.0002586842165
v -0.1132168397 -4.395647526 5.86353159
vn 0.001464302652 0.1677078158 0.9858356714
v -2.875495911 -2.875495434 1.823202848
vn 0.6977137327 0.7163766026 0.000348800444
v -2.622601986 -3.105785131 1.823202848
vn 0.6472112536 0.7623106837 0.0001671893406
v -2.35320425 -3.316530943 1.823202848
vn 0.5899532437 0.8074373007 0.00044608803
v -2.163542986 -3.443258762 1.823202848
vn 0.5325042605 0.8464273214 3.470469892e-05
v -1.96707356 -3.559152842 1.823202848
vn 0.491024226 0.871145308 0.001046377351
v -1.764416099 -3.663848162 1.823202848
vn 0.422459811 0.9063815475 0.0004714460229
v -1.556205869 -3.757015705 1.823202848
vn 0.3959494829 0.9182723165 -8.736315067e-05
v -1.343099952 -3.838362694 1.823202848
vn 0.3278786838 0.944719851 0.0001017150062
v 0.2262832075 -4.389819622 5.86353159
vn -0.01043373812 0.1723095477 0.9849876165
v -0.9048962593 -3.964607477 1.823202848
vn 0.2225195765 0.9749282002 -5.969713512e-17
v -0.6811743975 -4.009108067 1.823202848
vn 0.1675062031 0.985871017 -6.036719112e-17
v -0.4553111792 -4.040995121 1.823202848
vn 0.1119652614 0.9937121272 -6.084731983e-17
v -0.2280129492 -4.060167313 1.823202848
vn 0.05606982112 0.9984268546 -6.113601248e-17
v -9.314135241e-07 -4.06656456 1.823202848
vn -5.918167068e-10 1 -6.123234263e-17
v 0.2280135602 -4.060167313 1.823202848
vn -0.05606951937 0.9984268546 -6.113601248e-17
v 0.4553117752 -4.040995121 1.823202848
vn -0.1119652614 0.9937121272 -6.084731983e-17
v 0.6811749935 -4.009108067 1.823202848
vn -0.1675062031 0.985871017 -6.036719112e-17
v 0.5645821095 -4.36070919 5.86353159
vn -0.02877894044 0.1907443702 0.9812178016
v 1.125768423 3.907632589 -1.823202848
vn -0.2768366933 -0.960916996 5.883919662e-17
v 0.9048968554 3.964607477 -5.469608307
vn -0.2313608825 -0.9728665352 -0.001699646935
v 0.9048968554 3.964607477 -1.823202848
vn -0.2225207388 -0.9749279618 5.969712188e-17
v 0.6811749935 4.009108067 -5.469608307
vn -0.1764723361 -0.9843040705 -0.001729017124
v 0.6811749935 4.009108067 -1.823202848
vn -0.1675062031 -0.985871017 6.036719112e-17
v -0.2280129492 4.060167313 -1.823202848
vn 0.05606982112 -0.9984268546 6.113601248e-17
v -0.2280129492 4.060167313 -5.469608307
vn 0.04687353596 -0.998899281 -0.001762522035
v -9.314135241e-07 4.06656456 -1.823202848
vn -5.918166512e-10 -1 6.123234263e-17
v 1.967074156 3.559152842 -1.823202848
vn -0.492040962 -0.8705719113 -0.0004405390646
v 1.356921196 -4.253772736 5.869608402
vn -0.0008218690054 -0.008648717776 0.9999622703
v 2.71288085 3.034301758 -5.521703243
vn -0.6728035808 -0.7397501469 -0.01024664752
v 1.881396055 -3.764050007 5.776026249
vn -0.2873306572 0.5731749535 0.7674057484
v 3.663848162 1.764416337 -5.469608307
vn -0.8853898644 -0.4648432136 -0.002373820404
v 2.141612768 -3.566554785 5.726723671
vn -0.3827286661 0.6622523069 0.6441588998
v -0.1048629284 -4.071291447 5.539067745
vn 0.0298992414 0.984931469 0.1703407913
v 2.620465994 -3.141159058 5.606417179
vn -0.5588498116 0.7259808183 0.4007976651
v 0.3143069446 -4.0604949 5.539067745
vn -0.07316686958 0.9826339483 0.1705203354
v 2.875496626 -2.875495434 5.469608307
vn -0.6932737827 0.7206690907 0.00274793338
v 0.7301465869 -4.00665617 5.539067745
vn -0.1754031032 0.9694573879 0.1714239717
v 3.19343996 -2.527519941 5.539067745
vn -0.751655221 0.6201815009 0.2244757563
v 0.5341570377 -4.125711918 5.726723671
vn -0.0987418294 0.75944978 0.6430288553
v 3.230695248 -2.557006836 5.669608593
vn -0.6901692152 0.5372701883 0.484775424
v -0.1114815697 -4.32832098 5.845485687
vn 0.0134445522 0.3155864477 0.9488015771
v 3.262053251 -2.581826687 5.726723671
vn -0.5892162919 0.4759579599 0.6529074907
v 2.68507719 -3.525697708 5.866570473
vn -0.004802425392 -0.002239095513 0.9999859333
v 2.875496626 -2.875495434 1.823202848
vn -0.707224071 0.7069894671 7.81853596e-05
v 3.032202482 -2.709741354 1.823202848
vn -0.7395100594 0.6731445193 0.00114515028
v 3.179368258 -2.535461664 1.823202848
vn -0.79281497 0.6094623208 0.0002667743247
v 3.379896641 -2.25837326 1.823202848
vn -0.8314378262 0.5556175709 0.00054386392
v 3.559153557 -1.967074156 1.823202848
vn -0.869550705 0.4938436151 0.0002932586067
v 3.663848162 -1.764416337 1.823202848
vn -0.9110008478 0.4124045074 -3.152094359e-05
v 3.79769063 -1.449654102 1.823202848
vn -0.9385212064 0.3452204764 0.000867304334
v 3.936118364 -1.015332699 1.823202848
vn -0.9665883183 0.2563295066 0.001501337276
v 2.87836647 -3.190617561 5.830752373
vn -0.3203034699 0.3546389043 0.8784286976
v 4.050581932 -0.3416624367 1.823202848
vn -0.996684134 0.08136720955 0.0003069297236
v 4.066563606 -6.640140619e-16 1.823202848
vn -0.9999869466 0.005089291837 0.0004243612348
v 4.060166836 0.2280140966 1.823202848
vn -0.9984265566 -0.05606839061 0.0008352834848
v 4.040995121 -0.4553107917 -1.823202848
vn -0.9934248328 0.114483498 -0.0007974009495
v 4.009108067 -0.6811748743 -1.823202848
vn -0.9820334315 0.1887068003 -0.0002280187473
v 4.009108067 -0.6811748743 -5.469608307
vn -0.9802864194 0.1975767463 -0.001396275125
v 3.964606285 -0.9048957825 -5.469608307
vn -0.9749084711 0.2225792557 -0.003464154899
v 3.936118364 -1.015332699 -1.823202848
vn -0.9643712044 0.264552325 -0.0004789052473
v 3.005413055 -3.302015543 5.869608402
vn -0.0007463133079 0.002353701741 0.9999969602
v 3.79769063 -1.449654102 -1.823202848
vn -0.9391373992 0.3435406983 -0.000886860129
v 3.797533035 -1.468674898 -5.516965866
vn -0.9290092587 0.3695350885 -0.01963828318
v 3.663848162 -1.764416337 -1.823202848
vn -0.9062345624 0.4227750599 -0.0004035411985
v 3.663848162 -1.764416337 -5.469608307
vn -0.8983536363 0.4392720461 -0.0008914550417
v 3.559153557 -1.967074156 -1.823202848
vn -0.8669621348 0.4983740449 -3.051660855e-17
v 3.559153557 -1.967074156 -5.469608307
vn -0.879904747 0.4751318991 -0.004156342242
v 3.53515029 -2.04443121 -5.584718704
vn -0.8449529409 0.5318231583 -0.05673346668
v 3.379896641 -2.25837326 -1.823202848
vn -0.8307439685 0.5566533804 -0.00121548376
v 3.25428772 -2.98125577 5.865050793
vn -0.009279574268 0.008626479656 0.9999197125
v 3.25216341 -2.443989992 -5.504338264
vn -0.7956499457 0.605728209 -0.005868711509
v 3.032202482 -2.709741354 -1.823202848
vn -0.7486530542 0.6629620194 0.0001428884862
v 3.032202482 -2.709741354 -5.469608307
vn -0.7460634708 0.6658731699 -0.001500934246
v 2.875496626 -2.875495434 -1.823202848
vn -0.6985569596 0.7155544162 0.0002507022582
v 2.875496626 -2.875495434 -5.469608307
vn -0.6966856122 0.7173736095 -0.002065359382
v 2.738087893 -3.010526896 -5.504338264
vn -0.6690626144 0.7430778146 -0.01380394772
v 2.622600079 -3.105785131 -1.823202848
vn -0.6459312439 0.7633954883 -0.0003483195615
v 2.353204966 -3.316530943 -1.823202848
vn -0.5858905315 0.8103900552 -0.0004827422381
v 4.07638216 -1.75520134 5.867329597
vn -0.003086645156 -0.0005302915815 0.9999951124
v 2.163543701 -3.443258762 -1.823202848
vn -0.5333527923 0.8458929062 -0.0001952226739
v 2.218535662 -3.411117792 -5.504338264
vn -0.5256351233 0.8506780267 -0.007390700281
v 1.967074156 -3.559152842 -1.823202848
vn -0.4846892059 0.87468642 -1.119334229e-05
v 1.967074156 -3.559152842 -5.469608307
vn -0.478222847 0.8782367706 -0.001760549145
v 1.764416695 -3.663848162 -1.823202848
vn -0.4338828623 0.9009692669 -5.516845692e-17
v 1.764416695 -3.663848162 -5.469608307
vn -0.4256671965 0.9048781395 -0.001723810681
v 1.556206465 -3.757015705 -1.823202848
vn -0.3826823831 0.923879981 -5.657133208e-17
v 1.556206465 -3.757015705 -5.469608307
vn -0.3742860258 0.9273117781 -0.001692985417
v 4.252121925 -1.119815707 5.86353159
vn -0.166710645 0.03735649586 0.9852979779
v 1.343100548 -3.838362694 -5.469608307
vn -0.3216274381 0.9468638301 -0.002167817205
v 1.125768423 -3.907632589 -1.823202848
vn -0.2768366933 0.960916996 -5.883919662e-17
v 1.125768423 -3.907632589 -5.469608307
vn -0.2678751349 0.96345222 -0.00166210311
v 0.9048968554 -3.964607477 -1.823202848
vn -0.2225207388 0.9749279618 -5.969712188e-17
v 0.9048968554 -3.964607477 -5.469608307
vn -0.2134556323 0.9769513011 -0.001699636457
v 0.6811749935 -4.009108067 -1.823202848
vn -0.1675062031 0.985871017 -6.036719112e-17
v 0.6811749935 -4.009108067 -5.469608307
vn -0.1583695114 0.9873784184 -0.001729018753
v 0.4553117752 -4.040995121 -1.823202848
vn -0.1119652614 0.9937121272 -6.084731983e-17
v 4.376724243 -0.6965801716 5.866570473
vn -0.006842200179 0.00110600295 0.9999759793
v 0.2280135602 -4.060167313 -1.823202848
vn -0.05606951937 0.9984268546 -6.113601248e-17
v 0.2280135602 -4.060167313 -5.469608307
vn -0.04687320441 0.998899281 -0.001762485015
v -9.314135241e-07 -4.06656456 -1.823202848
vn 5.918165402e-10 1 -6.123234263e-17
v -9.314135241e-07 -4.06656456 -5.469608307
vn 0.009181356058 0.9999563098 -0.00176675478
v -0.2280129492 -4.060167313 -1.823202848
vn 0.05606982112 0.9984268546 -6.113601248e-17
v -0.2280129492 -4.060167313 -5.469608307
vn 0.06520853192 0.9978700876 -0.001762513653
v -0.4553111792 -4.040995121 -1.823202848
vn 0.1119652614 0.9937121272 -6.084731983e-17
v -0.4553111792 -4.040995121 -5.469608307
vn 0.1210325658 0.9926469922 -0.001749918447
v 4.421331882 -0.2894931436 5.866570473
vn -0.01054360438 0.003099790541 0.9999396205
v -0.6811743975 -4.009108067 -5.469608307
vn 0.1764723361 0.9843040705 -0.001729017124
v -0.9048962593 -3.964607477 -1.823202848
vn 0.2225195765 0.9749282002 -5.969713512e-17
v -0.9048962593 -3.964607477 -5.469608307
vn 0.222812131 0.9748606682 -0.001215415192
v -1.12577033 -3.907632589 -1.823202848
vn 0.2887453139 0.9574058652 0.0003755979415
v -1.030603647 -3.935694695 -5.504338264
vn 0.2941974401 0.955722928 -0.006442136597
v -1.343099952 -3.838362694 -5.469608307
vn 0.3219132721 0.9467628002 -0.003462874331
v -1.44965291 -3.797688961 -1.823202848
vn 0.3535411656 0.9354189634 5.685922224e-05
v -1.556205869 -3.757015705 -5.469608307
vn 0.3864112198 0.9223245382 -0.00194838061
v 3.903066874 -1.16515398 5.538540363
vn -0.9510831833 0.3083820641 0.01847369783
v 3.636773109 -9.550034523 5.869608402
vn 0.0005320798955 -0.001393529121 0.9999988675
v 3.973417997 -9.414945602 5.869608402
vn 0.0005759170745 -0.001362013747 0.9999989271
v 4.305058956 -9.267994881 5.869608402
vn 0.0006177649484 -0.001328230835 0.9999989271
v 4.6312747 -9.109366417 5.869608402
vn 0.0006575238658 -0.001292361296 0.9999989271
v 4.951657295 -8.939259529 5.869608402
vn 0.0006951167015 -0.001254608156 0.9999989867
v 7.25796175 -7.193834782 5.869608402
vn 0.003652520245 0.006589840166 0.9999716282
v 6.998075008 -7.446893215 5.869608402
vn 0.00089401484 -0.0009537820006 0.9999991655
v 6.729370117 -7.690568447 5.869608402
vn 0.0008725560619 -0.0009993604617 0.9999991059
v 0.4532983601 -10.20900536 5.869608402
vn -0.003796894103 -0.001637800015 0.9999914765
v 3.783926487 -1.496419787 5.504338264
vn -0.9260631204 0.3772694468 0.008649631403
v -2.4571383 -9.955006599 5.866570473
vn -0.001593045308 -0.006300956476 0.9999789
v 3.620235205 -1.858302832 5.504074097
vn -0.8975765705 0.440662235 0.01315716468
v -4.792221069 -9.025734901 5.869608402
vn -0.0007195634535 -0.001373698353 0.9999988079
v 3.317924023 -2.35648942 5.504338264
vn -0.8153222799 0.5789399743 0.008839068003
v -7.866981983 -6.522257805 5.869608402
vn -0.0007257399848 -0.0005970197381 0.9999995828
v 2.444458008 -3.257458448 5.539067745
vn -0.6015652418 0.7871975303 0.135791555
v 1.162701368 -3.9943645 5.726723671
vn -0.2141558677 0.7357162833 0.6425409317
v 1.567078352 -4.001152039 5.830752373
vn -0.149996534 0.3791536093 0.9130955935
v 1.764416695 -3.663848162 5.469608307
vn -0.4418110251 0.8971073031 0.001211364288
v 2.273527861 -3.378976822 5.539067745
vn -0.5425292253 0.8198215961 0.183179155
v 1.691744566 -3.739530325 5.638012886
vn -0.362259239 0.8174983859 0.4477327764
v 1.763545394 -3.767854452 5.726723671
vn -0.3380604982 0.7116266489 0.6158754826
v 1.922528148 -3.610763073 5.606417179
vn -0.4619216025 0.8282101154 0.3173270226
v 1.297094941 -4.063132763 5.816018581
vn -0.1480654776 0.4825736284 0.8632493019
v 1.382982254 -3.975779772 5.776026249
vn -0.2108983546 0.6224146485 0.7537385821
v -4.051425934 -1.527330756 5.845485687
vn 0.3171808422 0.1207975373 0.9406403303
v 3.204752445 2.816581726 5.816018581
vn -0.3612825572 -0.3208398819 0.8755208254
v -3.992296219 -1.505039573 5.816018581
vn 0.4906587303 0.1810257435 0.8523401022
v 2.979297876 2.903550148 5.726723671
vn -0.5707132816 -0.553096354 0.6069355011
v 3.477371931 2.472137451 5.816018581
vn -0.4837831855 -0.3605515957 0.7974687219
v 3.3454988 2.647870541 5.816018581
vn -0.3910261095 -0.3110999167 0.8662074804
v -4.064480782 -1.297525525 5.816018581
vn 0.4792679548 0.1469017267 0.8652873039
v -4.122820377 -0.771042943 5.758291721
vn 0.6875362992 0.1122599095 0.7174200416
v 3.300711632 2.612424374 5.776026249
vn -0.5207725167 -0.4233655632 0.7413215041
v -4.022977352 -1.059469223 5.726723671
vn 0.7744867206 0.2122687101 0.5959130526
v 3.147697687 2.695501328 5.705305099
vn -0.6371617913 -0.5371816754 0.5526850224
v -3.963104248 -1.265162349 5.726723671
vn 0.7582790256 0.245800972 0.6038168669
v 3.065869331 2.694519281 5.572742462
vn -0.6959881783 -0.6350603104 0.3351101577
v -3.834600687 -1.67581892 5.751374722
vn 0.6995225549 0.3011205494 0.6480699182
v 3.713127375 2.101488113 5.816018581
vn -0.4025274217 -0.2536082864 0.8795763254
v -3.300713539 2.612424374 5.776026249
vn 0.468179673 -0.3602906466 0.8068447113
v -3.443259239 2.163542747 5.469608307
vn 0.8570674658 -0.5152007937 0.001861875178
v -3.020926476 3.099736691 5.845485687
vn 0.2214208841 -0.2304230183 0.9475642443
v -2.815647602 3.20369029 5.816018581
vn 0.3588356376 -0.3989777267 0.8438327909
v -3.424788952 2.209565401 5.559854507
vn 0.7799670696 -0.5229421854 0.3437773287
v -2.82587719 3.053070784 5.726723671
vn 0.4588708282 -0.5316119194 0.7119173408
v -3.527098656 -2.031294107 -5.508415222
vn 0.8666393757 0.4988443255 -0.009515511803
v -2.35320425 -3.316530943 -1.823202848
vn 0.5839173794 0.8118130565 -0.0003223986132
v -2.35320425 -3.316530943 -5.469608307
vn 0.5941944122 0.8043074608 -0.004740805831
v -2.535461903 -3.179368258 -1.823202848
vn 0.6308488846 0.7759056687 -0.0002366234403
v -3.964608192 -0.9048957825 -1.823202848
vn 0.9715045094 0.2370146066 -0.001759555424
v -3.317982435 -2.356408119 -5.504338264
vn 0.823381722 0.5673652887 -0.01179754827
v -3.443259239 -2.163542747 -1.823202848
vn 0.8475089669 0.5307810307 -0.0002551982179
v -3.663847685 -1.764416337 -1.823202848
vn 0.8995393515 0.4368395507 -0.0004037859326
v -3.670382738 -1.75925684 -5.521703243
vn 0.9043442607 0.4266111553 -0.01281909458
v -3.757015705 -1.556206942 -1.823202848
vn 0.9303836226 0.3665871322 -0.0004460804339
v -3.993514538 0.8073613644 -5.527423382
vn 0.9768192768 -0.2135750055 -0.01448631845
v -3.872995615 -1.23443532 -1.823202848
vn 0.9524562955 0.3046732843 -0.00107857096
v -4.009107113 -0.6811748743 -1.823202848
vn 0.9895556569 0.1441397369 -0.001831620815
v -4.021468163 -0.7166603804 -5.583272457
vn 0.9866650105 0.1599511504 -0.03012991697
v -4.050579071 -0.3416624367 -1.823202848
vn 0.9969058037 0.07859702408 -0.001172570861
v -1.746593356 3.731632948 5.669608593
vn 0.3552182913 -0.8082031608 0.4697101116
v -3.907632113 1.125769496 -5.469608307
vn 0.9607471824 -0.2772850394 -0.00882163085
v -3.872995615 1.23443532 -1.823202848
vn 0.9546747208 -0.2976504564 -0.0005983202136
v -3.83836174 1.343101144 -5.469608307
vn 0.9468680024 -0.3215836287 -0.005000589881
v -3.757015705 1.556206942 5.469608307
vn 0.9275001287 -0.3736464083 0.01148374844
v -3.817838669 1.516975522 5.641182899
vn 0.869877398 -0.3530377448 0.3444962502
v -3.552391529 2.388961792 5.823385239
vn 0.407969147 -0.2629082501 0.8743228316
v -3.663847685 1.764416337 5.469608307
vn 0.9067340493 -0.4216678143 0.005444379058
v -3.642925978 1.820852757 5.539067745
vn 0.8622651696 -0.4643684924 0.2021402717
v -3.572887421 2.022117376 5.638012886
vn 0.7624340653 -0.4290013909 0.4844090343
v -3.348082781 2.31016922 -5.495655537
vn 0.8283594847 -0.5600474477 -0.01293679234
v 2.141612768 3.566554785 5.726723671
vn -0.4090171158 -0.6973221302 0.5885973573
v -3.663847685 1.764416337 -1.823202848
vn 0.9022572041 -0.4311971068 -0.0009928980144
v 1.936375856 3.636772871 5.669608593
vn -0.4026925266 -0.7353217006 0.5451061726
v -3.55915308 1.967074156 -1.823202848
vn 0.8739921451 -0.4859399498 -0.000361416227
v -1.935164213 3.871627569 5.845485687
vn 0.1539609134 -0.3050617576 0.9398049712
v -3.443259239 2.163542747 -1.823202848
vn 0.8484537601 -0.5292690992 0.0006181300269
v -3.179367542 2.535461664 -1.823202848
vn 0.7840762138 -0.6206644773 -0.0002246409858
v -3.032202005 2.709741354 -1.823202848
vn 0.7419118285 -0.6704972982 -0.00048808477
v -3.098686218 2.64205718 -5.516833782
vn 0.7592537403 -0.6507027149 -0.01094029937
v -2.875495911 2.875495434 -1.823202848
vn 0.6961346269 -0.717911303 -6.275564374e-05
v -1.12577033 -3.907632589 5.469608307
vn 0.2825284302 0.9592574239 0.001696761232
v -0.9048962593 -3.964607477 5.469608307
vn 0.2134548575 0.9769514203 0.001699725399
v -2.622601986 3.105785131 -1.823202848
vn 0.6456491351 -0.7636341453 -0.0001172116681
v -0.6811743975 -4.009108067 5.469608307
vn 0.1583695114 0.9873784184 0.001729018753
v -1.96707356 3.559152842 -1.823202848
vn 0.4788140357 -0.8779163361 0.0001501259394
v -0.4553111792 -4.040995121 5.469608307
vn 0.1027834192 0.99470222 0.00174991088
v -1.44965291 3.797688961 -1.823202848
vn 0.3586058915 -0.9334890246 -0.0001170227915
v -2.742864847 3.005790472 -5.521439075
vn 0.6440960765 -0.7647004724 -0.0193233341
v -2.35320425 3.316530943 -1.823202848
vn 0.5979744196 -0.801515162 -0.0001889951382
v -2.398830891 3.286994696 -5.504338264
vn 0.584954381 -0.8110202551 -0.008631122299
v -2.068236113 3.501674175 -5.495655537
vn 0.5005108714 -0.8657059073 -0.006492971908
v -1.764416099 3.663848162 -1.823202848
vn 0.4279660285 -0.9037947655 0.0004027468967
v -1.764416099 3.663848162 -5.469608307
vn 0.4261739254 -0.904640317 -0.001315934234
v -1.12577033 3.907632589 -1.823202848
vn 0.2897708118 -0.9570960402 -0.0002970652713
v -0.9048962593 3.964607477 -1.823202848
vn 0.2225195765 -0.9749282002 5.969713512e-17
v -0.6811743975 4.009108067 -1.823202848
vn 0.1675062031 -0.985871017 6.036719112e-17
v 1.556206465 3.757015705 -1.823202848
vn -0.3826823831 -0.923879981 5.657133208e-17
v 0.2280135602 4.060167313 -1.823202848
vn -0.05606951937 -0.9984268546 6.113601248e-17
v 0.2280135602 4.060167313 -5.469608307
vn -0.0652082935 -0.9978701472 -0.00176248292
v 0.4553117752 4.040995121 -1.823202848
vn -0.1119652614 -0.9937121272 6.084731983e-17
v 2.313367605 3.347753763 -5.504338264
vn -0.5656030774 -0.8246093988 -0.01060569752
v 1.125768423 3.907632589 -5.469608307
vn -0.2856268287 -0.9583384395 -0.00216760952
v 1.343100548 3.838362694 -1.823202848
vn -0.3302791417 -0.9438832998 5.779618143e-17
v 1.556206465 3.757015705 -5.469608307
vn -0.3878151178 -0.9217361212 -0.001384975505
v 1.764416695 3.663848162 -1.823202848
vn -0.4315533936 -0.9020873308 -0.0003231452429
v 1.782842636 3.658970833 -5.521703243
vn -0.4473057091 -0.8943259716 -0.00993209146
v 3.379896641 2.25837326 -1.823202848
vn -0.8329613209 -0.5533311963 -0.0002418884978
v 2.163543701 3.443258762 -1.823202848
vn -0.5462033749 -0.8376525044 0.0003932074178
v 2.444332361 3.2479496 -1.823202848
vn -0.5950221419 -0.8037092686 -0.0002237422595
v 2.535462379 3.179368258 -5.469608307
vn -0.6227453947 -0.7824229002 -0.001609553001
v 2.709740162 3.032202005 -1.823202848
vn -0.6556579471 -0.7550578117 -0.0005350484862
v -2.926990509 2.926614761 5.698165894
vn 0.5777903795 -0.6117355227 0.540312767
v 3.443259716 2.163542747 -5.469608307
vn -0.8418378234 -0.5397262573 -0.002155603608
v 3.559153557 1.967074156 -1.823202848
vn -0.8752242327 -0.4837174118 3.160237905e-10
v 3.559153557 1.967074156 -5.469608307
vn -0.8846718669 -0.4662069082 -0.002609895309
v 0.6811749935 -4.009108067 5.469608307
vn -0.1764723361 0.9843040705 0.001729017124
v 0.9354351759 -3.9637568 5.539067745
vn -0.2214288414 0.9533567429 0.2051346302
v 0.3248662353 -4.196895123 5.776026249
vn -0.04664668441 0.641802907 0.7654495835
v 0.2280135602 -4.060167313 5.469608307
vn -0.0652082935 0.9978701472 0.00176248292
v 0.1048610657 -4.071291447 5.539067745
vn -0.02166459151 0.9851471782 0.1703398228
v -9.314135241e-07 -4.06656456 5.469608307
vn -0.009181323461 0.9999563098 0.001766748494
v -1.541075826 3.789301872 5.606417179
vn 0.366199106 -0.8773387671 0.3101207018
v -2.258446217 3.550652981 5.776026249
vn 0.3584704101 -0.560174346 0.7467955947
v -1.585816264 3.899313927 5.776026249
vn 0.2440744191 -0.6079495549 0.7555296421
v -1.90692246 3.815121651 5.816018581
vn 0.2371751666 -0.4613311589 0.8549394608
v 4.040995121 0.4553107917 -5.469608307
vn -0.997456789 -0.07127290219 -0.0004004423972
v -2.220831633 3.492475986 5.698165894
vn 0.4545728266 -0.6992853284 0.5516915321
v 4.050581932 0.3416624367 -1.823202848
vn -0.9970837235 -0.0763149336 -0.0002850344172
v -2.322375536 3.451578379 5.726723671
vn 0.4593206346 -0.6498457789 0.6055782437
v 4.060166836 0.2280140966 -5.469608307
vn -0.9986069798 -0.05266710371 -0.003207246307
v -2.638758421 3.246663094 5.751374722
vn 0.4621947408 -0.5701104403 0.6792275906
v 4.066563606 -3.320070309e-16 -1.823202848
vn -0.9999841452 -0.005608120933 -0.0004680429993
v 1.343100548 -3.838362694 5.469608307
vn -0.3390604258 0.9407631159 0.001653633313
v 0.7546741962 -4.141247749 5.776026249
vn -0.123666279 0.6362816691 0.7614803314
v 4.060166836 -0.2280140966 -1.823202848
vn -0.9985188842 0.05440565571 7.347504288e-05
v 1.343964458 -3.863610268 5.606417179
vn -0.3034047782 0.8965240717 0.3227850199
v 9.988148689 -2.160132408 5.869608402
vn 0.0005581250298 -0.0008138366975 0.9999995232
v 1.556206465 -3.757015705 5.469608307
vn -0.3912499845 0.9202829003 0.001692980877
v 9.449836731 -3.889710188 5.869608402
vn 0.0008082195418 0.003120167181 0.9999948144
v 10.19332027 -0.7249078155 5.869608402
vn 0.0006204278907 -2.362855776e-05 0.9999998212
v 10.16117096 -1.086219907 5.869608402
vn 0.001530470909 -0.0001716470288 0.9999988079
v 10.11621857 -1.446163297 5.869608402
vn 0.0005774199963 -0.001670235302 0.9999984503
v 9.905190468 -2.513258696 5.869608402
vn 0.0004660723498 -0.001316197566 0.9999990463
v 9.809752464 -2.863218069 5.869608402
vn 0.0007734550163 0.004566426389 0.9999892712
v 9.701953888 -3.209569931 5.869608402
vn 0.000575624872 -2.663185296e-05 0.9999998212
v 9.150107384 -4.550252438 5.869608402
vn 0.0006672925665 0.000101995196 0.9999997616
v 8.804276466 -5.187869072 5.869608402
vn 0.0009886327898 -0.0005863361293 0.9999993443
v 8.414084435 -5.799347401 5.869608402
vn 0.0009769496974 -0.0006768919411 0.9999992847
v 1.893476486 -10.0421114 5.869608402
vn 0.0002878208179 -0.001511005801 0.9999988079
v 6.166872025 -8.148554802 5.869608402
vn 0.000822713424 -0.001088633668 0.9999990463
v 5.873789787 -8.362288475 5.869608402
vn 0.0007942930679 -0.001131982077 0.9999990463
v 5.57330513 -8.565485001 5.869608402
vn 0.0007635389338 -0.001174222794 0.9999990463
v -0.9960016608 -10.17041016 5.869608402
vn -0.0001457952021 -0.001543277991 0.9999988079
v 3.295542717 -9.673089027 5.869608402
vn 0.000486373785 -0.001422588946 0.9999988675
v 2.950162411 -9.783956528 5.869608402
vn 0.0004389396927 -0.001449019415 0.9999988675
v 2.601063013 -9.882496834 5.869608402
vn 0.000389917579 -0.001472660457 0.9999988675
v 1.53588295 -10.10298634 5.869608402
vn 0.0002351170988 -0.001525469124 0.9999988079
v 1.176352143 -10.15113068 5.869608402
vn 0.0001815819705 -0.001536653843 0.9999988079
v 0.8153396845 -10.18648529 5.869608402
vn 0.0001274324168 -0.001544496627 0.9999988079
v -3.466703653 -9.61307621 5.869608402
vn -0.0005190459779 -0.00146124349 0.9999988079
v 0.04534253851 -10.25359249 5.866570473
vn -1.71857082e-05 -0.006497070193 0.9999789
v -0.2720371187 -10.2154417 5.869608402
vn 0.00257422612 -0.0008555372478 0.9999963045
v -1.356329799 -10.12865353 5.869608402
vn -0.0001346645004 -0.001034108456 0.9999994636
v -1.714949846 -10.07413578 5.869608402
vn -0.0001710748766 -0.001028682338 0.9999994636
v -2.071408749 -10.00692368 5.869608402
vn -0.004203604534 -0.0007322120946 0.9999908805
v -6.864803314 -7.569923878 5.869608402
vn -0.001046764781 -0.001143653993 0.9999988079
v -2.776049137 -9.834775925 5.869608402
vn 0.002254095394 -0.001398373512 0.9999964833
v -3.805694342 -9.483983994 5.869608402
vn -0.005036867224 0.001178995124 0.9999866486
v -4.139890194 -9.342942238 5.869608402
vn -0.0009879356949 -0.002003604081 0.9999974966
v -4.468872547 -9.190128326 5.869608402
vn 0.002744670724 -0.00242513977 0.9999932647
v -2.105855703 3.507006407 5.606417179
vn 0.4668669105 -0.8126850128 0.3486809134
v -7.1291399 -7.321517467 5.869608402
vn -0.0006585697411 -0.0006704038824 0.9999995828
v -7.384495735 -7.063885689 5.869608402
vn -0.001125034411 -0.001067150733 0.9999988079
v -7.630547047 -6.797354221 5.869608402
vn -0.001161795459 -0.001026600716 0.9999988079
v 1.366783857 -3.929214239 5.726723671
vn -0.252358228 0.7294870615 0.6357389092
v 0.8853658438 -4.236801624 5.845485687
vn -0.06936477125 0.3343112171 0.9399066567
v 1.567243338 -3.853643656 5.726723671
vn -0.2889865041 0.7186845541 0.6324391365
v 1.72645247 -3.68860054 5.539067745
vn -0.4167011082 0.8871734738 0.1982004195
v 1.541076422 -3.789301872 5.606417179
vn -0.3542771041 0.8870161176 0.2961251736
v 1.252583504 -3.923703432 5.669608593
vn -0.2728159428 0.8195014596 0.5039730668
v -10.17884922 -0.9057065248 5.869608402
vn -0.001021928387 -9.017211414e-05 0.9999994636
v -8.894963264 -5.030792236 5.869608402
vn -0.002452837769 -0.001502924948 0.9999958873
v -9.067907333 -4.711933613 5.869608402
vn -0.0008350235294 -0.0004311013909 0.9999995828
v -9.229424477 -4.387138367 5.869608402
vn -0.001402022433 -0.0006622378714 0.9999988079
v -10.08895683 1.625480056 5.869608402
vn -0.001029639971 0.0001649592305 0.9999994636
v -10.02491188 -1.982520819 5.869608402
vn -0.003752081888 -0.0007378026494 0.9999926686
v -10.08895683 -1.625480056 5.869608402
vn -0.00254661846 -0.0004079861101 0.9999966621
v -10.20458031 -0.5438808203 5.869608402
vn -0.001024272526 -5.413730833e-05 0.9999994636
v -10.217453 -0.1813697517 5.869608402
vn -0.0003440631554 -6.633903467e-06 0.9999999404
v -10.217453 0.1813697517 5.869608402
vn -0.002074147807 0.003783405991 0.9999907017
v -8.71081543 5.343311787 5.869608402
vn -0.002186811296 0.001204670407 0.9999969006
v -10.17884922 0.9057065248 5.869608402
vn -0.001191099407 -0.004603925161 0.9999886751
v -10.02491188 1.982520819 5.869608402
vn -0.002687665634 0.0006397234974 0.9999961853
v -9.948235512 2.337063789 5.869608402
vn -0.003723892383 0.0008697969606 0.9999926686
v -9.859025002 2.688661814 5.869608402
vn -0.0007625271101 0.00320830266 0.999994576
v -2.547018051 3.21807456 5.638012886
vn 0.5609400272 -0.7012676001 0.4399659634
v -8.515686989 5.649098873 5.869608402
vn -0.0007847790839 0.0005169587093 0.9999995828
v -8.309832573 5.947768688 5.869608402
vn -0.001263808808 0.0008980376879 0.9999988079
v -8.093504906 6.238944054 5.869608402
vn -0.001231512986 0.0009422275471 0.9999988079
v 2.508323431 3.205396652 5.521703243
vn -0.6093927026 -0.7927800417 0.01184659544
v 2.163543701 3.443258762 5.469608307
vn -0.5287078619 -0.8488014936 0.002006424591
v 1.967074156 3.559152842 5.469608307
vn -0.4757127464 -0.8795989752 0.001746365568
v 3.109302759 2.620615959 5.486973286
vn -0.7611098289 -0.6485983133 0.005663851742
v 3.377159595 2.271130323 5.521703243
vn -0.8098734021 -0.5864973068 0.011224146
v 3.451621056 2.195456505 5.606417179
vn -0.778337419 -0.4995452464 0.3803227246
v -6.591816902 7.808791161 5.869608402
vn -0.001005950384 0.001180130523 0.9999988079
v 4.098268986 1.079298019 5.796022415
vn -0.5662362576 -0.1280586421 0.8142343163
v -7.630547047 6.797354221 5.869608402
vn -0.001498678117 0.001177225146 0.9999982119
v 4.273252964 0.581361413 5.83811903
vn -0.3508917689 -0.04271506891 0.9354412556
v -7.384495735 7.063885689 5.869608402
vn -0.0007458974142 0.0007045269012 0.9999994636
v 3.838165283 1.368469357 5.553602695
vn -0.9285413623 -0.3709596992 0.01413522847
v -7.1291399 7.321517467 5.869608402
vn -0.002229477279 -0.001251942362 0.9999967217
v -6.31052351 8.037820816 5.869608402
vn -0.0006480332231 0.0008169744397 0.9999994636
v -6.021279812 8.25672245 5.869608402
vn -0.0009204917587 0.001248562941 0.9999988079
v -5.724447727 8.465220451 5.869608402
vn 0.005596764386 0.004701098893 0.9999732971
v -5.436244965 8.694108009 5.866570473
vn -0.005852552596 0.001255255309 0.999982059
v 2.417060375 3.592299461 5.845485687
vn -0.1923403144 -0.2804177701 0.9404100776
v 1.978342295 3.715591908 5.776026249
vn -0.3118387759 -0.5692982078 0.7606945038
v -4.792221069 9.025734901 5.869608402
vn -0.001512109418 0.002653930569 0.9999953508
v 1.552177191 3.816597939 5.669608593
vn -0.3283766806 -0.8020128012 0.4989431202
v -3.123344183 9.730055809 5.869608402
vn -0.0004672937503 0.001479107654 0.9999988079
v 1.138245106 3.91034627 5.539067745
vn -0.2835471332 -0.9432167411 0.1730408967
v -1.356329799 10.12865353 5.869608402
vn -0.0001346645004 0.001034108456 0.9999994636
v -4.468872547 9.190128326 5.869608402
vn -0.0004064140958 0.0008473595954 0.9999995828
v -4.139890194 9.342942238 5.869608402
vn -0.000620686973 0.001420642831 0.9999988079
v -3.805694342 9.483983994 5.869608402
vn -0.0005703127827 0.001442048582 0.9999988079
v -2.776049137 9.834775925 5.869608402
vn -0.0002788482234 0.001004803577 0.9999994636
v -2.425256252 9.927103996 5.869608402
vn -0.000361661223 0.001507887268 0.9999988079
v -2.071408749 10.00692368 5.869608402
vn -0.0003081626492 0.001519443351 0.9999988079
v -0.6344181299 10.19935131 5.869608402
vn -9.126442455e-05 0.001547993277 0.9999988079
v 0.09068846703 10.21866131 5.869608402
vn 1.815823816e-05 0.001549996785 0.9999988079
v 0.8153396845 10.18648529 5.869608402
vn 0.004532880615 0.0006270463346 0.9999895096
v 7.508703232 6.931711674 5.869608402
vn 0.0009301732644 0.0008615683764 0.9999992251
v 3.973417997 9.414945602 5.869608402
vn 0.0005759170745 0.001362013747 0.9999989271
v 4.305058956 9.267994881 5.869608402
vn 0.0006177649484 0.001328230835 0.9999989271
v 4.6312747 9.109366417 5.869608402
vn 0.0006575238658 0.001292361296 0.9999989271
v 8.982851028 4.872130394 5.869608402
vn 0.0009918110445 0.0005418432411 0.9999993443
v 6.729370117 7.690568447 5.869608402
vn 0.0008725560619 0.0009993604617 0.9999991059
v 6.998075008 7.446893215 5.869608402
vn 0.00089401484 0.0009537820006 0.9999991655
v 7.749984741 6.660854816 5.869608402
vn 0.0009449702338 0.000815235544 0.9999992251
v 7.981501579 6.381606579 5.869608402
vn 0.000957654207 0.0007689261693 0.9999992251
v 8.202961922 6.094316006 5.869608402
vn 0.0009682911332 0.0007227742462 0.9999992847
v 10.16117096 1.086219907 5.869608402
vn 0.0007345639751 4.969150541e-05 0.999999702
v 8.614607811 5.497071743 5.869608402
vn 0.0009837057441 0.000631380477 0.9999993443
v 9.150107384 4.550252438 5.869608402
vn 0.0003716650826 -0.001384948031 0.9999989867
v 9.30583477 4.222641468 5.869608402
vn 0.0007468261174 0.0003446155461 0.9999996424
v 9.449836731 3.889710188 5.869608402
vn 0.0007548806025 0.0003166602401 0.9999996424
v -2.997710705 2.774795294 5.589579105
vn 0.6838979721 -0.629586935 0.3686514795
v 10.19332027 0.7249078155 5.869608402
vn 0.000775087683 -0.001901477575 0.9999979138
v 10.2126255 -0.3626824021 5.869608402
vn 0.0005374883767 0.001083766227 0.9999992847
v 10.21906376 -2.50294869e-15 5.869608402
vn 0.001787761226 6.121250353e-17 0.9999983907
v 1.366783857 3.929214239 5.726723671
vn -0.2512222826 -0.7234659195 0.643027544
v 0.7301465869 4.00665617 5.539067745
vn -0.1835022569 -0.9679576755 0.1714200377
v 1.935167313 3.871627569 5.845485687
vn -0.1312903166 -0.253602773 0.9583571553
v 1.143288493 3.927673101 5.606417179
vn -0.262411803 -0.9022495151 0.3421781063
v 1.353645086 3.891441584 5.669608593
vn -0.2841893137 -0.8179375529 0.5002145767
v 1.567243338 3.853643656 5.726723671
vn -0.2791384757 -0.6959961057 0.6615671515
v 3.736087084 -1.690425992 5.630114079
vn -0.8229392767 0.3724973202 0.428971678
v 4.06654644 0.166536808 5.504074097
vn -0.9990985394 -0.03759714589 0.01971277222
v 4.066329956 -0.3675223291 5.581161499
vn -0.9539979696 0.0729239583 0.2908091545
v 3.994950056 1.624272943 5.83811903
vn -0.3342732191 -0.1433989555 0.9315031767
v 4.008440971 -0.7691813111 5.568137169
vn -0.9831488729 0.1818359494 0.01881426573
v 3.620513201 2.049072266 5.726723671
vn -0.6866745353 -0.3850437403 0.6166192889
v 3.970338821 -1.155608773 5.690266609
vn -0.7980867624 0.2253384143 0.5588203073
v 4.117871284 -0.5061385036 5.712445259
vn -0.8358991742 0.1030024663 0.5391318202
v 4.033037663 -0.8427861333 5.669608593
vn -0.8522031903 0.1767687201 0.4924454689
v 3.87400794 -1.460446835 5.698165894
vn -0.7272248864 0.2852481306 0.6243215799
v 3.585709333 -2.029374123 5.669608593
vn -0.7855365276 0.4172000587 0.4570300877
v 0.7386654019 4.053399563 5.669608593
vn -0.1549307704 -0.8519288898 0.5002135634
v 0.3143069446 4.0604949 5.539067745
vn -0.0813792944 -0.981988132 0.1705190837
v 4.09631443 -0.8560091853 5.751374722
vn -0.7145808935 0.1295473278 0.6874529719
v 1.422509432 4.089408398 5.845485687
vn -0.1037717089 -0.2881493568 0.9519460797
v 4.02393055 -1.370653868 5.80602026
vn -0.5690962672 0.2058738917 0.7960812449
v 0.9668595195 4.096907139 5.776026249
vn -0.1470833719 -0.6254417896 0.766282618
v 3.920168638 -1.834837675 5.845485687
vn -0.3201033175 0.1417775899 0.9367139339
v 3.812013149 -1.66594708 5.726723671
vn -0.7658765912 0.2894013524 0.5741775632
v 3.791756153 -1.83409071 5.776779652
vn -0.5953485966 0.2917111814 0.7486418486
v 4.205619335 -0.4350997508 5.791023254
vn -0.5850374103 0.05656348541 0.8090313673
v 3.644526482 -2.188005209 5.80602026
vn -0.4795946479 0.3011171818 0.8242071271
v 4.306808949 -0.4451898932 5.845485687
vn -0.3185502589 0.02862020954 0.947473824
v 4.258194447 -0.7759847641 5.845485687
vn -0.3481987417 0.072273314 0.9346305132
v 3.710897446 -2.293305874 5.8545084
vn -0.2169585973 0.1375830323 0.9664366841
v 0.5252370238 -4.056827545 5.606417179
vn -0.1208564341 0.9318301082 0.3421788216
v 0.1053262725 -4.08933115 5.606417179
vn -0.02440373786 0.939317584 0.3421796858
v -0.9555341601 -4.048922539 5.726723671
vn 0.1824303716 0.738038063 0.6496298313
v 0.1060843766 -4.118788719 5.669608593
vn -0.02260815352 0.8656064868 0.5002142787
v -0.1060862392 -4.118788719 5.669608593
vn 0.02198216692 0.8656220436 0.5002151728
v -0.3179737926 -4.107866287 5.669608593
vn 0.06651409715 0.863343358 0.5002140403
v -0.3292739689 -4.253839493 5.816018581
vn 0.03828006983 0.5223852396 0.8518499136
v -0.3210603595 -4.14773941 5.726723671
vn 0.06313808262 0.7649911046 0.6409385204
v -0.5341564417 -4.125711918 5.726723671
vn 0.096578978 0.7790204287 0.619515717
v 0.1083857566 -4.208054066 5.776026249
vn -0.02076447569 0.6637918353 0.7476290464
v -0.1083851606 -4.208054066 5.776026249
vn 0.01493371651 0.6433893442 0.765393436
v -0.3248656392 -4.196895123 5.776026249
vn 0.05842002109 0.6353951097 0.7699741125
v -3.685424089 -1.842095494 5.669608593
vn 0.7851712108 0.4016877711 0.4713312089
v -0.9668589234 -4.096907139 5.776026249
vn 0.143492654 0.658788383 0.7385172844
v -0.6563662291 -4.214343548 5.816018581
vn 0.07912945002 0.4771820903 0.8752347231
v -0.4450423121 -4.305380344 5.845485687
vn 0.03365316242 0.3490424752 0.9365024567
v -0.7762426138 -4.259605408 5.845485687
vn 0.05928476527 0.3158772588 0.9469460845
v -4.124678612 -1.316743016 5.845485687
vn 0.3274859488 0.100728333 0.9394715428
v -3.874009848 -1.460446835 5.698165894
vn 0.7961181402 0.2839050889 0.5344097614
v -4.071074963 -0.6340529323 5.669608593
vn 0.8248522878 0.09928651899 0.5565616488
v -3.51023078 -2.232734919 5.726723671
vn 0.6839225292 0.4546040595 0.5706006885
v -2.278565645 3.386463165 5.572742462
vn 0.5341668725 -0.8032128811 0.2636565566
v -2.709742069 3.032202005 5.469608307
vn 0.6702266335 -0.7421550751 0.001461149775
v -2.875495911 2.875495434 5.469608307
vn 0.7135176659 -0.7006351352 0.001733760932
v -1.49681294 3.782270193 5.495655537
vn 0.3763804436 -0.9264366627 0.007269311231
v -9.314135241e-07 4.06656456 5.469608307
vn 0.009181356058 -0.9999563098 0.00176675478
v 0.1048610657 4.071291447 5.539067745
vn -0.0298992414 -0.9849315882 0.1703404188
v -3.219141006 2.547863245 5.638012886
vn 0.7255774736 -0.5686163902 0.3875728846
v -2.686196566 3.393922329 5.845485687
vn 0.2078109831 -0.2634818852 0.9420148134
v -4.194476128 -0.9334485531 5.830752373
vn 0.4199700058 0.09929721802 0.9020893574
v -4.243952274 -0.4386924207 5.816018581
vn 0.5003956556 0.0404852815 0.8648497462
v -3.653342485 -2.323763847 5.845485687
vn 0.2502137125 0.1670905799 0.9536633492
v -3.684075356 -2.211230993 5.830752373
vn 0.3570710719 0.2179944515 0.9082833529
v 3.59110713 2.416258097 5.845485687
vn -0.2798083127 -0.191071406 0.9408501387
v 3.600022316 2.289849043 5.816018581
vn -0.444650352 -0.2745448053 0.8525908589
v 3.551831007 2.259195566 5.776026249
vn -0.5526915789 -0.3057977557 0.7752546668
v 3.438871145 2.314017773 5.704328537
vn -0.6481512189 -0.4455775023 0.617544055
v -1.849961281 3.702313662 5.698165894
vn 0.3642960191 -0.7351726294 0.571672678
v -2.526571274 3.366883039 5.776026249
vn 0.3240371943 -0.4722145498 0.8197641969
v -1.784446836 3.812508106 5.776026249
vn 0.28420344 -0.5972341299 0.7500265241
v 2.47131896 3.476218224 5.816018581
vn -0.3035336733 -0.4306690097 0.8499361873
v 2.686197042 3.393922329 5.845485687
vn -0.2030671686 -0.2607775033 0.943800211
v 2.511774063 3.347165823 5.751374722
vn -0.4230068624 -0.5628095865 0.7101482749
v 2.455288172 3.271892548 5.606417179
vn -0.5664909482 -0.7566934824 0.3263479173
v 2.639342308 3.163785934 5.669608593
vn -0.5593702793 -0.6575687528 0.5046862364
v 2.620465994 3.141159058 5.606417179
vn -0.6121960282 -0.7130654454 0.3416923881
v 4.040995121 0.4553107917 5.469608307
vn -0.9928212762 -0.1195727959 0.002878336003
v 4.024127483 0.6267411709 5.539067745
vn -0.982060194 -0.1807274818 0.05380873382
v 4.071075439 0.6340529323 5.669608593
vn -0.8474346995 -0.1150053516 0.5182935596
v 3.87400794 1.460446835 5.698165894
vn -0.7671353221 -0.2885939479 0.5729022026
v 3.775368214 1.649931788 5.669608593
vn -0.8477274179 -0.3405857384 0.4066442549
v 4.197137356 0.9909307957 5.83811903
vn -0.3663044274 -0.08327981085 0.9267607927
v 2.841534615 2.915664196 5.539067745
vn -0.6843262911 -0.7030726671 0.1933555305
v 2.709740162 3.032202005 5.469608307
vn -0.6611167789 -0.7502828836 0.0004584635608
v 2.273527861 3.378976822 5.539067745
vn -0.5580055118 -0.8117750287 0.1721950024
v 1.955173373 3.672073364 5.726723671
vn -0.3717572987 -0.6832050681 0.6285119653
v 1.787455201 3.694743395 5.638012886
vn -0.3984060585 -0.8260487914 0.398642689
v 2.196395636 3.657788277 5.816018581
vn -0.2574403584 -0.4350536764 0.862816751
v 1.763545394 3.767854452 5.726723671
vn -0.3229961395 -0.6879645586 0.6499063373
v 1.343964458 3.863610268 5.606417179
vn -0.3085110188 -0.8875440955 0.342178911
v 0.9048968554 3.964607477 5.469608307
vn -0.2134556323 -0.9769513011 0.001699636457
v 1.58581686 3.899313927 5.776026249
vn -0.2514172792 -0.6636850238 0.7044938207
v 0.9395801425 3.981320143 5.606417179
vn -0.2156182081 -0.9145601392 0.3421820104
v 0.4553117752 4.040995121 5.469608307
vn -0.1027834117 -0.99470222 0.001749890158
v 1.63114059 4.010757446 5.845485687
vn -0.1296570003 -0.3180219531 0.9391757846
v 0.5252370238 4.056827545 5.606417179
vn -0.1204385683 -0.931884408 0.3421783745
v 0.2280135602 4.060167313 5.469608307
vn -0.04687320441 -0.998899281 0.001762485015
v 1.192444682 4.096541405 5.816018581
vn -0.1390766352 -0.4798974395 0.8662310243
v -1.891489625 3.599056244 5.495655537
vn 0.4651227295 -0.8852294683 0.005444418639
v -2.163542986 3.443258762 5.469608307
vn 0.5317034125 -0.846927762 0.002190259518
v -2.508320332 3.205396652 5.521703243
vn 0.6232610941 -0.7818578482 0.01561685465
v -3.316530228 2.35320425 5.469608307
vn 0.8237612844 -0.5669355989 0.00116889202
v -3.506289959 2.293783903 5.757537365
vn 0.623778522 -0.4366185963 0.6482781768
v -3.659067631 1.82892108 5.606417179
vn 0.8245728016 -0.3973211944 0.4027599394
v -3.641968489 2.061214209 5.751374722
vn 0.631289959 -0.35109514 0.6915237904
v -3.928603172 -1.149495721 5.600516319
vn 0.9576811194 0.2788174152 0.0714680627
v -3.83836174 -1.343101144 5.469608307
vn 0.9368007183 0.3498293161 0.004888057709
v -0.9354370236 -3.9637568 5.539067745
vn 0.2338559479 0.9569116831 0.1721378863
v -0.7301459312 -4.00665617 5.539067745
vn 0.1835014671 0.9679573178 0.1714230478
v -0.5229202509 -4.038930893 5.539067745
vn 0.1326288432 0.9763243794 0.1708808243
v 0.4553117752 -4.040995121 5.469608307
vn -0.1210325584 0.9926469922 0.001749897725
v 0.5229208469 -4.038930893 5.539067745
vn -0.1244623661 0.9773988128 0.1708820164
v 0.9048968554 -3.964607477 5.469608307
vn -0.2313608825 0.9728665352 0.001699646935
v 0.329274565 -4.253839493 5.816018581
vn -0.03425429761 0.4934803247 0.8690821528
v 0.5404852629 -4.1746068 5.776026249
vn -0.08299846202 0.6371222138 0.7662810087
v 0.5478201509 -4.231248856 5.816018581
vn -0.07001509517 0.5176083446 0.8527482152
v 0.9555347562 -4.048922539 5.726723671
vn -0.1913086325 0.7650051713 0.6149536967
v 1.534278035 -3.772585392 5.539067745
vn -0.3636913896 0.9154444933 0.1723078489
v 0.9799786806 -4.152495384 5.816018581
vn -0.1250583678 0.4955419004 0.8595339656
v 1.071669817 -4.069304943 5.776026249
vn -0.1656860411 0.6212044358 0.765932858
v 2.018563747 -3.534264326 5.521703243
vn -0.4916898906 0.870670259 0.01320319902
# mm_gid 0
g mmGroup0
f 3518//3518 1279//1279 773//773 
f 3503//3503 1279//1279 3518//3518 
f 3503//3503 458//458 1279//1279 
f 3190//3190 458//458 3503//3503 
f 3190//3190 845//845 458//458 
f 3188//3188 845//845 3190//3190 
f 3188//3188 847//847 845//845 
f 3186//3186 847//847 3188//3188 
f 3186//3186 446//446 847//847 
f 3184//3184 446//446 3186//3186 
f 3184//3184 851//851 446//446 
f 3182//3182 851//851 3184//3184 
f 3182//3182 434//434 851//851 
f 2876//2876 434//434 3182//3182 
f 3858//3858 434//434 2876//2876 
f 3858//3858 428//428 434//434 
f 3859//3859 428//428 3858//3858 
f 3859//3859 858//858 428//428 
f 3860//3860 858//858 3859//3859 
f 3860//3860 861//861 858//858 
f 3861//3861 861//861 3860//3860 
f 3861//3861 620//620 861//861 
f 3862//3862 620//620 3861//3861 
f 3863//3863 620//620 3862//3862 
f 3863//3863 863//863 620//620 
f 3864//3864 863//863 3863//3863 
f 3864//3864 864//864 863//863 
f 3181//3181 864//864 3864//3864 
f 2875//2875 864//864 3181//3181 
f 2875//2875 865//865 864//864 
f 3865//3865 865//865 2875//2875 
f 3865//3865 866//866 865//865 
f 3866//3866 866//866 3865//3865 
f 3866//3866 867//867 866//866 
f 3867//3867 867//867 3866//3866 
f 3867//3867 406//406 867//867 
f 3868//3868 406//406 3867//3867 
f 3868//3868 286//286 406//406 
f 3869//3869 286//286 3868//3868 
f 3869//3869 288//288 286//286 
f 3870//3870 288//288 3869//3869 
f 3870//3870 290//290 288//288 
f 3871//3871 290//290 3870//3870 
f 3871//3871 294//294 290//290 
f 3180//3180 294//294 3871//3871 
f 2874//2874 294//294 3180//3180 
f 2874//2874 298//298 294//294 
f 3872//3872 298//298 2874//2874 
f 3872//3872 302//302 298//298 
f 3873//3873 302//302 3872//3872 
f 3874//3874 302//302 3873//3873 
f 3874//3874 306//306 302//302 
f 3875//3875 306//306 3874//3874 
f 3875//3875 310//310 306//306 
f 3876//3876 310//310 3875//3875 
f 3876//3876 312//312 310//310 
f 3877//3877 312//312 3876//3876 
f 3877//3877 314//314 312//312 
f 3878//3878 314//314 3877//3877 
f 3179//3179 314//314 3878//3878 
f 3179//3179 868//868 314//314 
f 2873//2873 868//868 3179//3179 
f 2873//2873 872//872 868//868 
f 3879//3879 872//872 2873//2873 
f 3879//3879 876//876 872//872 
f 3880//3880 876//876 3879//3879 
f 3880//3880 756//756 876//876 
f 3881//3881 756//756 3880//3880 
f 3881//3881 373//373 756//756 
f 3882//3882 373//373 3881//3881 
f 3882//3882 367//367 373//373 
f 3883//3883 367//367 3882//3882 
f 3883//3883 359//359 367//367 
f 3884//3884 359//359 3883//3883 
f 3885//3885 359//359 3884//3884 
f 3885//3885 351//351 359//359 
f 3178//3178 351//351 3885//3885 
f 3178//3178 737//737 351//351 
f 2872//2872 737//737 3178//3178 
f 2872//2872 733//733 737//737 
f 3886//3886 733//733 2872//2872 
f 3886//3886 732//732 733//733 
f 3887//3887 732//732 3886//3886 
f 3888//3888 732//732 3887//3887 
f 3888//3888 731//731 732//732 
f 3889//3889 731//731 3888//3888 
f 3889//3889 331//331 731//731 
f 3890//3890 331//331 3889//3889 
f 3891//3891 331//331 3890//3890 
f 3891//3891 730//730 331//331 
f 3892//3892 730//730 3891//3891 
f 3892//3892 329//329 730//730 
f 3177//3177 329//329 3892//3892 
f 3177//3177 729//729 329//329 
f 2871//2871 729//729 3177//3177 
f 2871//2871 380//380 729//729 
f 3893//3893 380//380 2871//2871 
f 3893//3893 382//382 380//380 
f 3894//3894 382//382 3893//3893 
f 3895//3895 382//382 3894//3894 
f 3895//3895 2264//2264 382//382 
f 3896//3896 2264//2264 3895//3895 
f 3896//3896 1296//1296 2264//2264 
f 3897//3897 1296//1296 3896//3896 
f 3898//3898 1296//1296 3897//3897 
f 3898//3898 2266//2266 1296//1296 
f 3899//3899 2266//2266 3898//3898 
f 3899//3899 2268//2268 2266//2266 
f 3176//3176 2268//2268 3899//3899 
f 3176//3176 148//148 2268//2268 
f 2870//2870 148//148 3176//3176 
f 2870//2870 1292//1292 148//148 
f 3900//3900 1292//1292 2870//2870 
f 3900//3900 2270//2270 1292//1292 
f 3901//3901 2270//2270 3900//3900 
f 3901//3901 1290//1290 2270//2270 
f 3902//3902 1290//1290 3901//3901 
f 3903//3903 1290//1290 3902//3902 
f 3904//3904 1290//1290 3903//3903 
f 3904//3904 325//325 1290//1290 
f 3905//3905 325//325 3904//3904 
f 3905//3905 321//321 325//325 
f 3906//3906 321//321 3905//3905 
f 3175//3175 321//321 3906//3906 
f 3175//3175 722//722 321//321 
f 2869//2869 722//722 3175//3175 
f 2869//2869 720//720 722//722 
f 3907//3907 720//720 2869//2869 
f 3907//3907 307//307 720//720 
f 3908//3908 307//307 3907//3907 
f 3909//3909 307//307 3908//3908 
f 3910//3910 307//307 3909//3909 
f 3910//3910 301//301 307//307 
f 3911//3911 301//301 3910//3910 
f 3911//3911 507//507 301//301 
f 3912//3912 507//507 3911//3911 
f 3912//3912 297//297 507//507 
f 3913//3913 297//297 3912//3912 
f 3913//3913 713//713 297//297 
f 3174//3174 713//713 3913//3913 
f 3174//3174 651//651 713//713 
f 2868//2868 651//651 3174//3174 
f 2868//2868 295//295 651//651 
f 3914//3914 295//295 2868//2868 
f 3915//3915 295//295 3914//3914 
f 3916//3916 295//295 3915//3915 
f 3916//3916 712//712 295//295 
f 3917//3917 712//712 3916//3916 
f 3917//3917 293//293 712//712 
f 3918//3918 293//293 3917//3917 
f 3918//3918 2286//2286 293//293 
f 3919//3919 2286//2286 3918//3918 
f 3919//3919 1274//1274 2286//2286 
f 3920//3920 1274//1274 3919//3919 
f 3173//3173 1274//1274 3920//3920 
f 3173//3173 2288//2288 1274//1274 
f 2867//2867 2288//2288 3173//3173 
f 3921//3921 2288//2288 2867//2867 
f 3921//3921 1272//1272 2288//2288 
f 3922//3922 1272//1272 3921//3921 
f 3922//3922 2290//2290 1272//1272 
f 3923//3923 2290//2290 3922//3922 
f 3924//3924 2290//2290 3923//3923 
f 3924//3924 178//178 2290//2290 
f 3925//3925 178//178 3924//3924 
f 3925//3925 179//179 178//178 
f 3926//3926 179//179 3925//3925 
f 3926//3926 711//711 179//179 
f 3927//3927 711//711 3926//3926 
f 3172//3172 711//711 3927//3927 
f 2866//2866 711//711 3172//3172 
f 2866//2866 287//287 711//711 
f 3928//3928 287//287 2866//2866 
f 3929//3929 287//287 3928//3928 
f 3929//3929 706//706 287//287 
f 3930//3930 706//706 3929//3929 
f 3930//3930 277//277 706//706 
f 3931//3931 277//277 3930//3930 
f 3931//3931 275//275 277//277 
f 3932//3932 275//275 3931//3931 
f 3932//3932 700//700 275//275 
f 3933//3933 700//700 3932//3932 
f 3933//3933 265//265 700//700 
f 3934//3934 265//265 3933//3933 
f 3934//3934 263//263 265//265 
f 3171//3171 263//263 3934//3934 
f 3171//3171 257//257 263//263 
f 2865//2865 257//257 3171//3171 
f 3935//3935 257//257 2865//2865 
f 3935//3935 696//696 257//257 
f 3936//3936 696//696 3935//3935 
f 3936//3936 691//691 696//696 
f 3937//3937 691//691 3936//3936 
f 3937//3937 251//251 691//691 
f 3938//3938 251//251 3937//3937 
f 3938//3938 249//249 251//251 
f 3939//3939 249//249 3938//3938 
f 3939//3939 689//689 249//249 
f 3940//3940 689//689 3939//3939 
f 3940//3940 247//247 689//689 
f 3941//3941 247//247 3940//3940 
f 3941//3941 688//688 247//247 
f 3154//3154 688//688 3941//3941 
f 2864//2864 688//688 3154//3154 
f 2864//2864 1258//1258 688//688 
f 3942//3942 1258//1258 2864//2864 
f 3942//3942 2304//2304 1258//1258 
f 3943//3943 2304//2304 3942//3942 
f 3943//3943 1256//1256 2304//2304 
f 3944//3944 1256//1256 3943//3943 
f 3944//3944 2306//2306 1256//1256 
f 3945//3945 2306//2306 3944//3944 
f 3945//3945 1254//1254 2306//2306 
f 3946//3946 1254//1254 3945//3945 
f 3946//3946 2308//2308 1254//1254 
f 3947//3947 2308//2308 3946//3946 
f 3947//3947 1252//1252 2308//2308 
f 3948//3948 1252//1252 3947//3947 
f 3155//3155 1252//1252 3948//3948 
f 3155//3155 2310//2310 1252//1252 
f 2863//2863 2310//2310 3155//3155 
f 2863//2863 1250//1250 2310//2310 
f 3949//3949 1250//1250 2863//2863 
f 3949//3949 208//208 1250//1250 
f 3950//3950 208//208 3949//3949 
f 3950//3950 2312//2312 208//208 
f 3951//3951 2312//2312 3950//3950 
f 3951//3951 1248//1248 2312//2312 
f 3952//3952 1248//1248 3951//3951 
f 3952//3952 245//245 1248//1248 
f 3953//3953 245//245 3952//3952 
f 3953//3953 237//237 245//245 
f 3954//3954 237//237 3953//3953 
f 3954//3954 231//231 237//237 
f 3157//3157 231//231 3954//3954 
f 2862//2862 231//231 3157//3157 
f 2862//2862 223//223 231//231 
f 3955//3955 223//223 2862//2862 
f 3955//3955 215//215 223//223 
f 3956//3956 215//215 3955//3955 
f 3956//3956 207//207 215//215 
f 3957//3957 207//207 3956//3956 
f 3957//3957 815//815 207//207 
f 3958//3958 815//815 3957//3957 
f 3958//3958 811//811 815//815 
f 3959//3959 811//811 3958//3958 
f 3959//3959 538//538 811//811 
f 3159//3159 538//538 3959//3959 
f 3159//3159 542//542 538//538 
f 2861//2861 542//542 3159//3159 
f 3960//3960 542//542 2861//2861 
f 3960//3960 802//802 542//542 
f 3961//3961 802//802 3960//3960 
f 3961//3961 801//801 802//802 
f 3962//3962 801//801 3961//3961 
f 3962//3962 544//544 801//801 
f 3963//3963 544//544 3962//3962 
f 3963//3963 545//545 544//544 
f 3161//3161 545//545 3963//3963 
f 3161//3161 799//799 545//545 
f 2860//2860 799//799 3161//3161 
f 2860//2860 798//798 799//799 
f 3964//3964 798//798 2860//2860 
f 3964//3964 547//547 798//798 
f 3965//3965 547//547 3964//3964 
f 3966//3966 547//547 3965//3965 
f 3966//3966 1612//1612 547//547 
f 3163//3163 1612//1612 3966//3966 
f 3163//3163 1614//1614 1612//1612 
f 2859//2859 1614//1614 3163//3163 
f 2859//2859 1616//1616 1614//1614 
f 3967//3967 1616//1616 2859//2859 
f 3968//3968 1616//1616 3967//3967 
f 3968//3968 2348//2348 1616//1616 
f 3165//3165 2348//2348 3968//3968 
f 3165//3165 1259//1259 2348//2348 
f 2858//2858 1259//1259 3165//3165 
f 2858//2858 1261//1261 1259//1259 
f 2857//2857 1261//1261 2858//2858 
f 3969//3969 1261//1261 2857//2857 
f 3969//3969 1620//1620 1261//1261 
f 3169//3169 1620//1620 3969//3969 
f 3169//3169 1263//1263 1620//1620 
f 3167//3167 1263//1263 3169//3169 
f 3167//3167 1622//1622 1263//1263 
f 3517//3517 1622//1622 3167//3167 
f 3517//3517 1624//1624 1622//1622 
f 3516//3516 1624//1624 3517//3517 
f 3516//3516 1626//1626 1624//1624 
f 3515//3515 1626//1626 3516//3516 
f 3515//3515 794//794 1626//1626 
f 3514//3514 794//794 3515//3515 
f 3514//3514 792//792 794//794 
f 3513//3513 792//792 3514//3514 
f 3513//3513 790//790 792//792 
f 3512//3512 790//790 3513//3513 
f 3511//3511 790//790 3512//3512 
f 3511//3511 556//556 790//790 
f 3510//3510 556//556 3511//3511 
f 3510//3510 559//559 556//556 
f 3509//3509 559//559 3510//3510 
f 3509//3509 561//561 559//559 
f 3508//3508 561//561 3509//3509 
f 3508//3508 564//564 561//561 
f 3502//3502 564//564 3508//3508 
f 3502//3502 779//779 564//564 
f 3971//3971 779//779 3502//3502 
f 3971//3971 568//568 779//779 
f 3972//3972 568//568 3971//3971 
f 3972//3972 776//776 568//568 
f 3973//3973 776//776 3972//3972 
f 3974//3974 776//776 3973//3973 
f 3974//3974 614//614 776//776 
f 3975//3975 614//614 3974//3974 
f 3975//3975 569//569 614//614 
f 3976//3976 569//569 3975//3975 
f 3976//3976 775//775 569//569 
f 3977//3977 775//775 3976//3976 
f 3977//3977 774//774 775//775 
f 3978//3978 774//774 3977//3977 
f 3978//3978 571//571 774//774 
f 3979//3979 571//571 3978//3978 
f 3979//3979 773//773 571//571 
f 3980//3980 773//773 3979//3979 
f 773//773 3970//3970 3518//3518 
f 773//773 3980//3980 3970//3970 
f 571//571 773//773 617//617 
f 526//526 571//571 617//617 
f 570//570 571//571 526//526 
f 447//447 526//526 617//617 
f 445//445 570//570 526//526 
f 569//569 570//570 445//445 
f 427//427 1224//1224 2338//2338 
f 427//427 667//667 1224//1224 
f 606//606 525//525 667//667 
f 423//423 525//525 606//606 
f 423//423 1249//1249 525//525 
f 667//667 2336//2336 1224//1224 
f 667//667 666//666 2336//2336 
f 667//667 524//524 666//666 
f 525//525 524//524 667//667 
f 525//525 1251//1251 524//524 
f 1249//1249 1251//1251 525//525 
f 666//666 1257//1257 2336//2336 
f 666//666 1255//1255 1257//1257 
f 524//524 1255//1255 666//666 
f 524//524 1253//1253 1255//1255 
f 1251//1251 1253//1253 524//524 
f 798//798 411//411 546//546 
f 665//665 411//411 599//599 
f 665//665 546//546 411//411 
f 800//800 546//546 665//665 
f 523//523 599//599 409//409 
f 523//523 665//665 599//599 
f 800//800 665//665 523//523 
f 600//600 523//523 409//409 
f 413//413 523//523 600//600 
f 413//413 800//800 523//523 
f 601//601 800//800 413//413 
f 544//544 800//800 601//601 
f 585//585 195//195 193//193 
f 585//585 664//664 195//195 
f 763//763 664//664 585//585 
f 763//763 2302//2302 664//664 
f 763//763 1260//1260 2302//2302 
f 664//664 2306//2306 195//195 
f 664//664 2302//2302 2306//2306 
f 2302//2302 1256//1256 2306//2306 
f 2302//2302 1258//1258 1256//1256 
f 688//688 581//581 579//579 
f 522//522 689//689 688//688 
f 249//249 689//689 522//522 
f 522//522 688//688 579//579 
f 690//690 249//249 522//522 
f 653//653 770//770 162//162 
f 653//653 663//663 770//770 
f 653//653 293//293 663//663 
f 1276//1276 293//293 653//653 
f 663//663 575//575 770//770 
f 663//663 293//293 575//575 
f 293//293 2286//2286 575//575 
f 712//712 652//652 510//510 
f 295//295 712//712 510//510 
f 508//508 510//510 511//511 
f 508//508 295//295 510//510 
f 651//651 295//295 508//508 
f 501//501 130//130 131//131 
f 501//501 521//521 130//130 
f 643//643 521//521 501//501 
f 643//643 378//378 521//521 
f 374//374 378//378 643//643 
f 521//521 382//382 130//130 
f 521//521 378//378 382//382 
f 378//378 380//380 382//382 
f 520//520 729//729 493//493 
f 520//520 329//329 729//729 
f 331//331 329//329 520//520 
f 662//662 493//493 640//640 
f 662//662 520//520 493//493 
f 731//731 331//331 520//520 
f 641//641 520//520 662//662 
f 641//641 731//731 520//520 
f 333//333 731//731 641//641 
f 467//467 661//661 833//833 
f 624//624 661//661 467//467 
f 624//624 282//282 661//661 
f 465//465 282//282 624//624 
f 465//465 280//280 282//282 
f 276//276 280//280 465//465 
f 661//661 282//282 519//519 
f 519//519 290//290 661//661 
f 519//519 288//288 290//290 
f 282//282 288//288 519//519 
f 282//282 286//286 288//288 
f 660//660 457//457 622//622 
f 660//660 408//408 457//457 
f 410//410 408//408 660//660 
f 518//518 622//622 621//621 
f 518//518 660//660 622//622 
f 659//659 660//660 518//518 
f 659//659 410//410 660//660 
f 412//412 410//410 659//659 
f 623//623 518//518 621//621 
f 459//459 518//518 623//623 
f 459//459 659//659 518//518 
f 455//455 659//659 459//459 
f 455//455 412//412 659//659 
f 414//414 412//412 455//455 
f 262//262 266//266 1658//1658 
f 517//517 266//266 270//270 
f 517//517 1658//1658 266//266 
f 835//835 1658//1658 517//517 
f 658//658 517//517 270//270 
f 658//658 835//835 517//517 
f 472//472 835//835 658//658 
f 625//625 658//658 270//270 
f 463//463 658//658 625//625 
f 463//463 472//472 658//658 
f 834//834 472//472 463//463 
f 358//358 362//362 1321//1321 
f 516//516 362//362 366//366 
f 516//516 1321//1321 362//362 
f 127//127 1321//1321 516//516 
f 642//642 516//516 366//366 
f 497//497 516//516 642//642 
f 497//497 127//127 516//516 
f 128//128 127//127 497//497 
f 1276//1276 513//513 2284//2284 
f 1276//1276 653//653 513//513 
f 653//653 654//654 513//513 
f 653//653 574//574 654//654 
f 512//512 771//771 1696//1696 
f 574//574 771//771 512//512 
f 1339//1339 573//573 160//160 
f 657//657 160//160 573//573 
f 161//161 160//160 657//657 
f 164//164 657//657 772//772 
f 165//165 657//657 164//164 
f 165//165 161//161 657//657 
f 1353//1353 1264//1264 1712//1712 
f 515//515 1264//1264 2298//2298 
f 515//515 1712//1712 1264//1264 
f 189//189 1712//1712 515//515 
f 515//515 2298//2298 1262//1262 
f 583//583 189//189 515//515 
f 582//582 515//515 1262//1262 
f 1730//1730 417//417 2332//2332 
f 656//656 417//417 602//602 
f 656//656 2332//2332 417//417 
f 1228//1228 2332//2332 656//656 
f 514//514 602//602 415//415 
f 514//514 656//656 602//602 
f 655//655 656//656 514//514 
f 655//655 1228//1228 656//656 
f 1375//1375 1228//1228 655//655 
f 419//419 514//514 415//415 
f 421//421 514//514 419//419 
f 421//421 655//655 514//514 
f 421//421 1375//1375 655//655 
f 605//605 1375//1375 421//421 
f 409//409 405//405 600//600 
f 415//415 1604//1604 419//419 
f 617//617 441//441 447//447 
f 640//640 638//638 662//662 
f 510//510 649//649 511//511 
f 162//162 163//163 572//572 
f 574//574 1696//1696 654//654 
f 512//512 1696//1696 574//574 
f 771//771 572//572 1696//1696 
f 2284//2284 513//513 2282//2282 
f 574//574 162//162 771//771 
f 574//574 653//653 162//162 
f 511//511 649//649 508//508 
f 293//293 652//652 712//712 
f 293//293 510//510 652//652 
f 1276//1276 510//510 293//293 
f 1276//1276 649//649 510//510 
f 713//713 509//509 507//507 
f 651//651 509//509 713//713 
f 651//651 650//650 509//509 
f 651//651 508//508 650//650 
f 649//649 1276//1276 2284//2284 
f 509//509 299//299 507//507 
f 650//650 299//299 509//509 
f 650//650 714//714 299//299 
f 508//508 714//714 650//650 
f 506//506 2284//2284 1278//1278 
f 506//506 649//649 2284//2284 
f 648//648 649//649 506//506 
f 508//508 649//649 648//648 
f 508//508 648//648 506//506 
f 1280//1280 506//506 1278//1278 
f 716//716 506//506 1280//1280 
f 716//716 508//508 506//506 
f 646//646 134//134 647//647 
f 646//646 133//133 134//134 
f 505//505 133//133 646//646 
f 505//505 132//132 133//133 
f 645//645 132//132 505//505 
f 503//503 505//505 646//646 
f 645//645 505//505 503//503 
f 1682//1682 646//646 647//647 
f 129//129 646//646 1682//1682 
f 503//503 646//646 129//129 
f 644//644 645//645 503//503 
f 499//499 645//645 644//644 
f 499//499 501//501 645//645 
f 643//643 501//501 499//499 
f 645//645 131//131 132//132 
f 645//645 501//501 131//131 
f 495//495 374//374 643//643 
f 370//370 374//374 495//495 
f 128//128 503//503 129//129 
f 497//497 503//503 128//128 
f 497//497 644//644 503//503 
f 497//497 499//499 644//644 
f 642//642 499//499 497//497 
f 642//642 643//643 499//499 
f 495//495 643//643 642//642 
f 366//366 495//495 642//642 
f 370//370 495//495 366//366 
f 333//333 491//491 732//732 
f 641//641 491//491 333//333 
f 641//641 639//639 491//491 
f 662//662 639//639 641//641 
f 662//662 489//489 639//639 
f 662//662 483//483 489//489 
f 638//638 483//483 662//662 
f 376//376 493//493 729//729 
f 372//372 493//493 376//376 
f 372//372 640//640 493//493 
f 368//368 640//640 372//372 
f 368//368 638//638 640//640 
f 364//364 638//638 368//368 
f 732//732 487//487 335//335 
f 491//491 487//487 732//732 
f 491//491 637//637 487//487 
f 639//639 637//637 491//491 
f 639//639 485//485 637//637 
f 489//489 485//485 639//639 
f 489//489 479//479 485//485 
f 483//483 479//479 489//489 
f 636//636 364//364 634//634 
f 636//636 638//638 364//364 
f 483//483 638//638 636//636 
f 335//335 635//635 733//733 
f 487//487 635//635 335//335 
f 487//487 481//481 635//635 
f 637//637 481//481 487//487 
f 637//637 735//735 481//481 
f 485//485 735//735 637//637 
f 479//479 735//735 485//485 
f 477//477 636//636 634//634 
f 477//477 483//483 636//636 
f 479//479 483//483 477//477 
f 733//733 343//343 737//737 
f 635//635 343//343 733//733 
f 635//635 736//736 343//343 
f 481//481 736//736 635//635 
f 481//481 341//341 736//736 
f 735//735 341//341 481//481 
f 337//337 360//360 356//356 
f 337//337 634//634 360//360 
f 633//633 634//634 337//337 
f 633//633 477//477 634//634 
f 735//735 479//479 477//477 
f 734//734 633//633 337//337 
f 734//734 477//477 633//633 
f 339//339 477//477 734//734 
f 339//339 735//735 477//477 
f 631//631 832//832 475//475 
f 628//628 832//832 631//631 
f 473//473 475//475 632//632 
f 630//630 475//475 473//473 
f 630//630 631//631 475//475 
f 471//471 631//631 630//630 
f 471//471 628//628 631//631 
f 467//467 628//628 471//471 
f 474//474 473//473 632//632 
f 626//626 473//473 474//474 
f 626//626 630//630 473//473 
f 629//629 630//630 626//626 
f 629//629 471//471 630//630 
f 469//469 471//471 629//629 
f 469//469 467//467 471//471 
f 627//627 467//467 469//469 
f 463//463 629//629 626//626 
f 463//463 469//469 629//629 
f 627//627 469//469 463//463 
f 628//628 833//833 832//832 
f 628//628 467//467 833//833 
f 627//627 624//624 467//467 
f 624//624 276//276 465//465 
f 272//272 276//276 624//624 
f 461//461 627//627 463//463 
f 461//461 624//624 627//627 
f 834//834 463//463 626//626 
f 625//625 461//461 463//463 
f 270//270 461//461 625//625 
f 270//270 624//624 461//461 
f 272//272 624//624 270//270 
f 414//414 455//455 863//863 
f 459//459 619//619 455//455 
f 623//623 619//619 459//459 
f 623//623 453//453 619//619 
f 621//621 453//453 623//623 
f 278//278 457//457 284//284 
f 278//278 622//622 457//457 
f 274//274 622//622 278//278 
f 274//274 621//621 622//622 
f 863//863 451//451 620//620 
f 455//455 451//451 863//863 
f 453//453 621//621 268//268 
f 455//455 416//416 451//451 
f 619//619 416//416 455//455 
f 619//619 422//422 416//416 
f 416//416 862//862 451//451 
f 449//449 264//264 260//260 
f 449//449 268//268 264//264 
f 618//618 268//268 449//449 
f 618//618 453//453 268//268 
f 860//860 453//453 618//618 
f 860//860 619//619 453//453 
f 422//422 619//619 860//860 
f 526//526 616//616 445//445 
f 447//447 616//616 526//526 
f 447//447 441//441 616//616 
f 1285//1285 441//441 617//617 
f 569//569 439//439 614//614 
f 445//445 439//439 569//569 
f 616//616 443//443 445//445 
f 616//616 433//433 443//443 
f 441//441 433//433 616//616 
f 615//615 1285//1285 1644//1644 
f 615//615 441//441 1285//1285 
f 445//445 613//613 439//439 
f 443//443 613//613 445//445 
f 443//443 433//433 613//613 
f 435//435 615//615 1644//1644 
f 611//611 615//615 435//435 
f 611//611 441//441 615//615 
f 433//433 441//441 611//611 
f 614//614 777//777 776//776 
f 614//614 437//437 777//777 
f 439//439 437//437 614//614 
f 439//439 612//612 437//437 
f 613//613 612//612 439//439 
f 613//613 778//778 612//612 
f 433//433 778//778 613//613 
f 612//612 566//566 437//437 
f 612//612 778//778 566//566 
f 567//567 435//435 1636//1636 
f 567//567 611//611 435//435 
f 565//565 611//611 567//567 
f 565//565 433//433 611//611 
f 778//778 433//433 565//565 
f 1226//1226 2346//2346 1734//1734 
f 431//431 2346//2346 1226//1226 
f 431//431 1220//1220 2346//2346 
f 610//610 1220//1220 431//431 
f 610//610 2340//2340 1220//1220 
f 609//609 2340//2340 610//610 
f 609//609 1222//1222 2340//2340 
f 608//608 1222//1222 609//609 
f 609//609 610//610 431//431 
f 607//607 608//608 609//609 
f 429//429 431//431 2334//2334 
f 429//429 609//609 431//431 
f 604//604 607//607 609//609 
f 425//425 607//607 604//604 
f 605//605 429//429 2334//2334 
f 605//605 609//609 429//429 
f 421//421 609//609 605//605 
f 421//421 604//604 609//609 
f 603//603 425//425 604//604 
f 608//608 2338//2338 1222//1222 
f 608//608 427//427 2338//2338 
f 607//607 427//427 608//608 
f 607//607 667//667 427//427 
f 425//425 667//667 607//607 
f 425//425 606//606 667//667 
f 603//603 606//606 425//425 
f 603//603 423//423 606//606 
f 1604//1604 423//423 603//603 
f 1604//1604 1249//1249 423//423 
f 419//419 604//604 421//421 
f 419//419 603//603 604//604 
f 1604//1604 603//603 419//419 
f 2378//2378 417//417 1730//1730 
f 2380//2380 417//417 2378//2378 
f 2380//2380 602//602 417//417 
f 1243//1243 602//602 2380//2380 
f 1243//1243 415//415 602//602 
f 1604//1604 415//415 1243//1243 
f 544//544 598//598 543//543 
f 601//601 598//598 544//544 
f 601//601 407//407 598//598 
f 413//413 407//407 601//601 
f 413//413 597//597 407//407 
f 600//600 597//597 413//413 
f 600//600 594//594 597//597 
f 405//405 594//594 600//600 
f 1608//1608 798//798 1610//1610 
f 1608//1608 411//411 798//798 
f 1606//1606 411//411 1608//1608 
f 1606//1606 599//599 411//411 
f 1247//1247 599//599 1606//1606 
f 1247//1247 409//409 599//599 
f 1245//1245 409//409 1247//1247 
f 1245//1245 405//405 409//409 
f 1602//1602 405//405 1245//1245 
f 543//543 596//596 542//542 
f 598//598 596//596 543//543 
f 598//598 403//403 596//596 
f 407//407 403//403 598//598 
f 407//407 595//595 403//403 
f 597//597 595//595 407//407 
f 597//597 591//591 595//595 
f 594//594 591//591 597//597 
f 401//401 1602//1602 1180//1180 
f 401//401 405//405 1602//1602 
f 594//594 405//405 401//401 
f 542//542 399//399 803//803 
f 596//596 399//399 542//542 
f 596//596 593//593 399//399 
f 403//403 593//593 596//596 
f 403//403 397//397 593//593 
f 595//595 397//397 403//403 
f 595//595 589//589 397//397 
f 591//591 589//589 595//595 
f 592//592 1180//1180 1182//1182 
f 592//592 401//401 1180//1180 
f 395//395 401//401 592//592 
f 395//395 594//594 401//401 
f 591//591 594//594 395//395 
f 803//803 806//806 538//538 
f 399//399 806//806 803//803 
f 399//399 539//539 806//806 
f 593//593 539//539 399//399 
f 593//593 805//805 539//539 
f 397//397 805//805 593//593 
f 397//397 540//540 805//805 
f 589//589 540//540 397//397 
f 393//393 1182//1182 1184//1184 
f 393//393 592//592 1182//1182 
f 590//590 592//592 393//393 
f 590//590 395//395 592//592 
f 391//391 395//395 590//590 
f 391//391 591//591 395//395 
f 589//589 591//591 391//391 
f 1230//1230 393//393 1184//1184 
f 541//541 393//393 1230//1230 
f 541//541 590//590 393//393 
f 804//804 590//590 541//541 
f 804//804 391//391 590//590 
f 808//808 391//391 804//804 
f 808//808 589//589 391//391 
f 540//540 589//589 808//808 
f 389//389 194//194 1716//1716 
f 389//389 588//588 194//194 
f 387//387 196//196 588//588 
f 387//387 759//759 196//196 
f 587//587 387//387 588//588 
f 587//587 759//759 387//387 
f 585//585 759//759 587//587 
f 192//192 588//588 389//389 
f 386//386 588//588 192//192 
f 386//386 587//587 588//588 
f 586//586 585//585 587//587 
f 191//191 386//386 192//192 
f 760//760 386//386 191//191 
f 760//760 587//587 386//386 
f 584//584 587//587 760//760 
f 584//584 586//586 587//587 
f 761//761 586//586 584//584 
f 761//761 585//585 586//586 
f 763//763 585//585 761//761 
f 759//759 585//585 193//193 
f 1262//1262 1260//1260 763//763 
f 190//190 760//760 191//191 
f 583//583 760//760 190//190 
f 583//583 584//584 760//760 
f 761//761 584//584 583//583 
f 762//762 763//763 761//761 
f 515//515 761//761 583//583 
f 515//515 762//762 761//761 
f 582//582 762//762 515//515 
f 582//582 763//763 762//762 
f 1262//1262 763//763 582//582 
f 690//690 764//764 691//691 
f 522//522 764//764 690//690 
f 579//579 769//769 522//522 
f 2300//2300 688//688 1258//1258 
f 2300//2300 581//581 688//688 
f 2300//2300 579//579 581//581 
f 1262//1262 579//579 2300//2300 
f 764//764 580//580 691//691 
f 764//764 765//765 580//580 
f 522//522 765//765 764//764 
f 522//522 769//769 765//765 
f 579//579 1262//1262 767//767 
f 691//691 255//255 696//696 
f 580//580 255//255 691//691 
f 580//580 766//766 255//255 
f 765//765 766//766 580//580 
f 765//765 578//578 766//766 
f 769//769 578//578 765//765 
f 577//577 579//579 767//767 
f 769//769 579//579 577//577 
f 766//766 692//692 255//255 
f 578//578 692//692 766//766 
f 769//769 692//692 578//578 
f 768//768 577//577 767//767 
f 576//576 577//577 768//768 
f 576//576 769//769 577//577 
f 1266//1266 767//767 2296//2296 
f 253//253 767//767 1266//1266 
f 253//253 768//768 767//767 
f 576//576 768//768 253//253 
f 772//772 168//168 164//164 
f 1274//1274 575//575 2286//2286 
f 1274//1274 770//770 575//575 
f 162//162 770//770 1274//1274 
f 572//572 771//771 162//162 
f 1696//1696 573//573 1339//1339 
f 1696//1696 657//657 573//573 
f 572//572 657//657 1696//1696 
f 572//572 772//772 657//657 
f 572//572 168//168 772//772 
f 163//163 168//168 572//572 
f 570//570 774//774 571//571 
f 570//570 775//775 774//774 
f 569//569 775//775 570//570 
f 777//777 568//568 776//776 
f 777//777 779//779 568//568 
f 565//565 567//567 1636//1636 
f 563//563 566//566 778//778 
f 437//437 566//566 563//563 
f 780//780 777//777 437//437 
f 779//779 777//777 780//780 
f 1277//1277 565//565 1636//1636 
f 784//784 565//565 1277//1277 
f 781//781 565//565 784//784 
f 781//781 778//778 565//565 
f 563//563 778//778 781//781 
f 782//782 437//437 563//563 
f 782//782 780//780 437//437 
f 562//562 780//780 782//782 
f 562//562 779//779 780//780 
f 785//785 779//779 562//562 
f 785//785 564//564 779//779 
f 783//783 564//564 785//785 
f 561//561 564//564 783//783 
f 560//560 781//781 784//784 
f 560//560 563//563 781//781 
f 782//782 563//563 560//560 
f 559//559 783//783 785//785 
f 559//559 561//561 783//783 
f 786//786 784//784 1634//1634 
f 786//786 560//560 784//784 
f 555//555 782//782 560//560 
f 558//558 782//782 555//555 
f 558//558 562//562 782//782 
f 558//558 785//785 562//562 
f 787//787 785//785 558//558 
f 557//557 785//785 787//787 
f 557//557 559//559 785//785 
f 788//788 559//559 557//557 
f 556//556 559//559 788//788 
f 789//789 555//555 560//560 
f 554//554 787//787 558//558 
f 557//557 787//787 554//554 
f 553//553 788//788 557//557 
f 790//790 788//788 553//553 
f 790//790 556//556 788//788 
f 1387//1387 560//560 786//786 
f 789//789 560//560 1387//1387 
f 795//795 558//558 555//555 
f 793//793 558//558 795//795 
f 793//793 554//554 558//558 
f 791//791 557//557 554//554 
f 791//791 553//553 557//557 
f 792//792 790//790 553//553 
f 1275//1275 789//789 1387//1387 
f 795//795 555//555 789//789 
f 552//552 793//793 795//795 
f 791//791 554//554 793//793 
f 551//551 792//792 553//553 
f 794//794 792//792 551//551 
f 550//550 795//795 789//789 
f 549//549 552//552 795//795 
f 549//549 793//793 552//552 
f 796//796 793//793 549//549 
f 796//796 791//791 793//793 
f 548//548 791//791 796//796 
f 548//548 553//553 791//791 
f 797//797 553//553 548//548 
f 797//797 551//551 553//553 
f 1269//1269 551//551 797//797 
f 1269//1269 794//794 551//551 
f 1385//1385 550//550 789//789 
f 1632//1632 550//550 1385//1385 
f 1632//1632 795//795 550//550 
f 1273//1273 795//795 1632//1632 
f 1273//1273 549//549 795//795 
f 1630//1630 549//549 1273//1273 
f 1630//1630 796//796 549//549 
f 1630//1630 548//548 796//796 
f 1271//1271 548//548 1630//1630 
f 1271//1271 797//797 548//548 
f 1628//1628 797//797 1271//1271 
f 1628//1628 1269//1269 797//797 
f 1626//1626 794//794 1269//1269 
f 1610//1610 547//547 1612//1612 
f 798//798 547//547 1610//1610 
f 546//546 799//799 798//798 
f 800//800 799//799 546//546 
f 800//800 545//545 799//799 
f 800//800 544//544 545//545 
f 543//543 801//801 544//544 
f 543//543 802//802 801//801 
f 542//542 802//802 543//543 
f 803//803 538//538 542//542 
f 2330//2330 541//541 1230//1230 
f 807//807 541//541 2330//2330 
f 807//807 804//804 541//541 
f 537//537 804//804 807//807 
f 537//537 808//808 804//804 
f 536//536 540//540 808//808 
f 536//536 805//805 540//540 
f 809//809 805//805 536//536 
f 809//809 539//539 805//805 
f 535//535 539//539 809//809 
f 535//535 806//806 539//539 
f 810//810 806//806 535//535 
f 810//810 538//538 806//806 
f 534//534 538//538 810//810 
f 811//811 538//538 534//534 
f 1232//1232 807//807 2330//2330 
f 533//533 807//807 1232//1232 
f 533//533 537//537 807//807 
f 812//812 537//537 533//533 
f 812//812 808//808 537//537 
f 532//532 808//808 812//812 
f 532//532 536//536 808//808 
f 813//813 536//536 532//532 
f 813//813 809//809 536//536 
f 531//531 809//809 813//813 
f 531//531 535//535 809//809 
f 814//814 535//535 531//531 
f 814//814 810//810 535//535 
f 530//530 810//810 814//814 
f 530//530 534//534 810//810 
f 815//815 534//534 530//530 
f 815//815 811//811 534//534 
f 2328//2328 533//533 1232//1232 
f 529//529 533//533 2328//2328 
f 529//529 812//812 533//533 
f 209//209 812//812 529//529 
f 209//209 532//532 812//812 
f 816//816 532//532 209//209 
f 816//816 813//813 532//532 
f 528//528 813//813 816//816 
f 528//528 531//531 813//813 
f 817//817 531//531 528//528 
f 817//817 814//814 531//531 
f 527//527 814//814 817//817 
f 527//527 530//530 814//814 
f 668//668 530//530 527//527 
f 668//668 815//815 530//530 
f 207//207 815//815 668//668 
f 1234//1234 529//529 2328//2328 
f 669//669 529//529 1234//1234 
f 669//669 209//209 529//529 
f 670//670 816//816 209//209 
f 670//670 528//528 816//816 
f 211//211 528//528 670//670 
f 211//211 817//817 528//528 
f 671//671 817//817 211//211 
f 671//671 527//527 817//817 
f 213//213 527//527 671//671 
f 213//213 668//668 527//527 
f 676//676 668//668 213//213 
f 676//676 207//207 668//668 
f 672//672 207//207 676//676 
f 215//215 207//207 672//672 
f 2326//2326 669//669 1234//1234 
f 673//673 669//669 2326//2326 
f 673//673 209//209 669//669 
f 217//217 209//209 673//673 
f 217//217 670//670 209//209 
f 674//674 670//670 217//217 
f 674//674 211//211 670//670 
f 219//219 211//211 674//674 
f 219//219 671//671 211//211 
f 675//675 671//671 219//219 
f 675//675 213//213 671//671 
f 221//221 213//213 675//675 
f 221//221 676//676 213//213 
f 215//215 672//672 676//676 
f 1369//1369 673//673 2326//2326 
f 677//677 673//673 1369//1369 
f 677//677 217//217 673//673 
f 225//225 217//217 677//677 
f 225//225 674//674 217//217 
f 678//678 674//674 225//225 
f 678//678 219//219 674//674 
f 227//227 219//219 678//678 
f 227//227 675//675 219//219 
f 679//679 675//675 227//227 
f 679//679 221//221 675//675 
f 229//229 221//221 679//679 
f 229//229 676//676 221//221 
f 680//680 676//676 229//229 
f 680//680 215//215 676//676 
f 231//231 215//215 680//680 
f 231//231 223//223 215//215 
f 1236//1236 677//677 1369//1369 
f 681//681 677//677 1236//1236 
f 681//681 225//225 677//677 
f 233//233 225//225 681//681 
f 233//233 678//678 225//225 
f 685//685 678//678 233//233 
f 685//685 227//227 678//678 
f 682//682 227//227 685//685 
f 682//682 679//679 227//227 
f 235//235 679//679 682//682 
f 235//235 229//229 679//679 
f 243//243 229//229 235//235 
f 243//243 680//680 229//229 
f 683//683 680//680 243//243 
f 683//683 231//231 680//680 
f 1367//1367 681//681 1236//1236 
f 684//684 681//681 1367//1367 
f 684//684 233//233 681//681 
f 239//239 233//233 684//684 
f 239//239 685//685 233//233 
f 241//241 682//682 685//685 
f 241//241 235//235 682//682 
f 686//686 235//235 241//241 
f 686//686 243//243 235//235 
f 687//687 683//683 243//243 
f 687//687 231//231 683//683 
f 237//237 231//231 687//687 
f 1724//1724 684//684 1367//1367 
f 2324//2324 684//684 1724//1724 
f 2324//2324 239//239 684//684 
f 2322//2322 239//239 2324//2324 
f 2322//2322 685//685 239//239 
f 2320//2320 685//685 2322//2322 
f 2320//2320 241//241 685//685 
f 1242//1242 241//241 2320//2320 
f 1242//1242 686//686 241//241 
f 1244//1244 686//686 1242//1242 
f 1244//1244 243//243 686//686 
f 2316//2316 243//243 1244//1244 
f 2316//2316 687//687 243//243 
f 2316//2316 237//237 687//687 
f 245//245 237//237 2316//2316 
f 689//689 247//247 688//688 
f 690//690 251//251 249//249 
f 691//691 251//251 690//690 
f 693//693 257//257 696//696 
f 694//694 769//769 576//576 
f 259//259 769//769 694//694 
f 259//259 692//692 769//769 
f 695//695 255//255 692//692 
f 261//261 255//255 695//695 
f 261//261 696//696 255//255 
f 263//263 693//693 696//696 
f 263//263 257//257 693//693 
f 2294//2294 576//576 253//253 
f 694//694 576//576 2294//2294 
f 699//699 695//695 692//692 
f 261//261 695//695 699//699 
f 697//697 263//263 696//696 
f 265//265 263//263 697//697 
f 698//698 694//694 2294//2294 
f 698//698 259//259 694//694 
f 267//267 259//259 698//698 
f 267//267 692//692 259//259 
f 701//701 692//692 267//267 
f 701//701 699//699 692//692 
f 269//269 261//261 699//699 
f 269//269 696//696 261//261 
f 697//697 696//696 269//269 
f 703//703 265//265 697//697 
f 700//700 265//265 703//703 
f 1351//1351 698//698 2294//2294 
f 271//271 698//698 1351//1351 
f 271//271 267//267 698//698 
f 701//701 267//267 271//271 
f 273//273 699//699 701//701 
f 273//273 269//269 699//699 
f 697//697 269//269 273//273 
f 702//702 700//700 703//703 
f 275//275 700//700 702//702 
f 279//279 697//697 273//273 
f 703//703 697//697 279//279 
f 275//275 702//702 703//703 
f 1268//1268 701//701 271//271 
f 283//283 273//273 701//701 
f 704//704 273//273 283//283 
f 704//704 279//279 273//273 
f 705//705 275//275 703//703 
f 281//281 277//277 275//275 
f 706//706 277//277 281//281 
f 1708//1708 701//701 1268//1268 
f 283//283 701//701 1708//1708 
f 279//279 704//704 283//283 
f 707//707 703//703 279//279 
f 705//705 703//703 707//707 
f 289//289 275//275 705//705 
f 285//285 275//275 289//289 
f 285//285 281//281 275//275 
f 708//708 281//281 285//285 
f 708//708 706//706 281//281 
f 287//287 706//706 708//708 
f 709//709 279//279 283//283 
f 2292//2292 279//279 709//709 
f 2292//2292 707//707 279//279 
f 2292//2292 705//705 707//707 
f 289//289 705//705 2292//2292 
f 710//710 285//285 289//289 
f 710//710 708//708 285//285 
f 291//291 708//708 710//710 
f 291//291 287//287 708//708 
f 711//711 287//287 291//291 
f 709//709 283//283 1349//1349 
f 188//188 289//289 2292//2292 
f 187//187 710//710 289//289 
f 291//291 710//710 187//187 
f 507//507 297//297 713//713 
f 715//715 301//301 507//507 
f 303//303 508//508 716//716 
f 303//303 714//714 508//508 
f 719//719 714//714 303//303 
f 719//719 299//299 714//714 
f 717//717 299//299 719//719 
f 507//507 299//299 717//717 
f 305//305 715//715 507//507 
f 307//307 715//715 305//305 
f 307//307 301//301 715//715 
f 718//718 507//507 717//717 
f 309//309 507//507 718//718 
f 309//309 305//305 507//507 
f 307//307 305//305 309//309 
f 309//309 718//718 717//717 
f 2280//2280 303//303 716//716 
f 719//719 303//303 2280//2280 
f 721//721 309//309 311//311 
f 721//721 307//307 309//309 
f 313//313 307//307 721//721 
f 313//313 720//720 307//307 
f 722//722 720//720 313//313 
f 1282//1282 719//719 2280//2280 
f 315//315 719//719 1282//1282 
f 723//723 719//719 315//315 
f 723//723 717//717 719//719 
f 311//311 717//717 723//723 
f 311//311 309//309 717//717 
f 317//317 313//313 721//721 
f 722//722 313//313 317//317 
f 321//321 722//722 724//724 
f 1692//1692 315//315 1282//1282 
f 723//723 315//315 1692//1692 
f 726//726 311//311 723//723 
f 319//319 721//721 311//311 
f 319//319 317//317 721//721 
f 725//725 317//317 319//319 
f 725//725 722//722 317//317 
f 724//724 722//722 725//725 
f 2278//2278 723//723 1692//1692 
f 726//726 723//723 2278//2278 
f 319//319 311//311 726//726 
f 323//323 725//725 319//319 
f 323//323 724//724 725//725 
f 727//727 724//724 323//323 
f 727//727 321//321 724//724 
f 1284//1284 726//726 2278//2278 
f 728//728 319//319 726//726 
f 327//327 323//323 319//319 
f 1331//1331 728//728 726//726 
f 159//159 728//728 1331//1331 
f 159//159 319//319 728//728 
f 327//327 319//319 159//159 
f 1286//1286 323//323 327//327 
f 1288//1288 323//323 1286//1286 
f 1288//1288 727//727 323//323 
f 1288//1288 321//321 727//727 
f 325//325 321//321 1288//1288 
f 331//331 730//730 329//329 
f 333//333 732//732 731//731 
f 335//335 733//733 732//732 
f 345//345 734//734 337//337 
f 339//339 734//734 345//345 
f 738//738 735//735 339//339 
f 347//347 735//735 738//738 
f 347//347 341//341 735//735 
f 739//739 341//341 347//347 
f 739//739 736//736 341//341 
f 349//349 736//736 739//739 
f 349//349 343//343 736//736 
f 740//740 343//343 349//349 
f 740//740 737//737 343//343 
f 351//351 737//737 740//740 
f 741//741 345//345 354//354 
f 741//741 339//339 345//345 
f 738//738 339//339 741//741 
f 353//353 347//347 738//738 
f 742//742 347//347 353//353 
f 742//742 739//739 347//347 
f 355//355 739//739 742//742 
f 355//355 349//349 739//739 
f 743//743 349//349 355//355 
f 743//743 740//740 349//349 
f 357//357 740//740 743//743 
f 357//357 351//351 740//740 
f 744//744 351//351 357//357 
f 359//359 351//351 744//744 
f 352//352 741//741 354//354 
f 745//745 741//741 352//352 
f 745//745 738//738 741//741 
f 361//361 738//738 745//745 
f 361//361 353//353 738//738 
f 746//746 353//353 361//361 
f 746//746 742//742 353//353 
f 363//363 742//742 746//746 
f 363//363 355//355 742//742 
f 747//747 355//355 363//363 
f 747//747 743//743 355//355 
f 365//365 743//743 747//747 
f 365//365 357//357 743//743 
f 748//748 357//357 365//365 
f 748//748 744//744 357//357 
f 367//367 744//744 748//748 
f 367//367 359//359 744//744 
f 350//350 745//745 352//352 
f 752//752 745//745 350//350 
f 752//752 361//361 745//745 
f 749//749 361//361 752//752 
f 749//749 746//746 361//361 
f 753//753 746//746 749//749 
f 753//753 363//363 746//746 
f 369//369 363//363 753//753 
f 369//369 747//747 363//363 
f 750//750 747//747 369//369 
f 750//750 365//365 747//747 
f 371//371 365//365 750//750 
f 371//371 748//748 365//365 
f 751//751 748//748 371//371 
f 751//751 367//367 748//748 
f 373//373 367//367 751//751 
f 1676//1676 752//752 350//350 
f 375//375 749//749 752//752 
f 375//375 753//753 749//749 
f 377//377 369//369 753//753 
f 377//377 750//750 369//369 
f 754//754 750//750 377//377 
f 754//754 371//371 750//750 
f 379//379 371//371 754//754 
f 379//379 751//751 371//371 
f 755//755 751//751 379//379 
f 755//755 373//373 751//751 
f 381//381 373//373 755//755 
f 756//756 373//373 381//381 
f 1317//1317 752//752 1676//1676 
f 383//383 752//752 1317//1317 
f 383//383 375//375 752//752 
f 757//757 375//375 383//383 
f 757//757 753//753 375//375 
f 385//385 753//753 757//757 
f 385//385 377//377 753//753 
f 758//758 377//377 385//385 
f 758//758 754//754 377//377 
f 115//115 754//754 758//758 
f 115//115 379//379 754//754 
f 117//117 379//379 115//115 
f 117//117 755//755 379//379 
f 388//388 755//755 117//117 
f 388//388 381//381 755//755 
f 756//756 381//381 388//388 
f 1674//1674 383//383 1317//1317 
f 390//390 383//383 1674//1674 
f 390//390 757//757 383//383 
f 875//875 757//757 390//390 
f 875//875 385//385 757//757 
f 392//392 385//385 875//875 
f 392//392 758//758 385//385 
f 874//874 758//758 392//392 
f 874//874 115//115 758//758 
f 394//394 115//115 874//874 
f 394//394 117//117 115//115 
f 873//873 117//117 394//394 
f 873//873 388//388 117//117 
f 396//396 388//388 873//873 
f 396//396 756//756 388//388 
f 872//872 756//756 396//396 
f 872//872 876//876 756//756 
f 348//348 390//390 1674//1674 
f 398//398 390//390 348//348 
f 398//398 875//875 390//390 
f 871//871 875//875 398//398 
f 871//871 392//392 875//875 
f 400//400 392//392 871//871 
f 400//400 874//874 392//392 
f 870//870 874//874 400//400 
f 870//870 394//394 874//874 
f 402//402 394//394 870//870 
f 402//402 873//873 394//394 
f 869//869 873//873 402//402 
f 869//869 396//396 873//873 
f 404//404 396//396 869//869 
f 404//404 872//872 396//396 
f 346//346 398//398 348//348 
f 342//342 398//398 346//346 
f 342//342 871//871 398//398 
f 338//338 871//871 342//342 
f 338//338 400//400 871//871 
f 334//334 400//400 338//338 
f 334//334 870//870 400//400 
f 330//330 870//870 334//334 
f 330//330 402//402 870//870 
f 326//326 402//402 330//330 
f 326//326 869//869 402//402 
f 322//322 869//869 326//326 
f 322//322 404//404 869//869 
f 318//318 404//404 322//322 
f 318//318 872//872 404//404 
f 314//314 872//872 318//318 
f 314//314 868//868 872//872 
f 284//284 406//406 286//286 
f 457//457 406//406 284//284 
f 457//457 867//867 406//406 
f 408//408 867//867 457//457 
f 408//408 866//866 867//867 
f 410//410 866//866 408//408 
f 410//410 865//865 866//866 
f 412//412 865//865 410//410 
f 412//412 864//864 865//865 
f 414//414 864//864 412//412 
f 414//414 863//863 864//864 
f 418//418 861//861 620//620 
f 258//258 618//618 449//449 
f 420//420 618//618 258//258 
f 420//420 860//860 618//618 
f 859//859 416//416 422//422 
f 859//859 862//862 416//416 
f 424//424 862//862 859//859 
f 424//424 451//451 862//862 
f 424//424 620//620 451//451 
f 418//418 620//620 424//424 
f 858//858 861//861 418//418 
f 256//256 420//420 258//258 
f 426//426 420//420 256//256 
f 426//426 860//860 420//420 
f 856//856 860//860 426//426 
f 856//856 422//422 860//860 
f 859//859 422//422 856//856 
f 855//855 424//424 859//859 
f 857//857 418//418 424//424 
f 432//432 418//418 857//857 
f 432//432 858//858 418//418 
f 254//254 426//426 256//256 
f 856//856 426//426 254//254 
f 430//430 859//859 856//856 
f 430//430 855//855 859//859 
f 436//436 424//424 855//855 
f 436//436 857//857 424//424 
f 432//432 857//857 436//436 
f 854//854 858//858 432//432 
f 854//854 428//428 858//858 
f 434//434 428//428 854//854 
f 1654//1654 856//856 254//254 
f 853//853 856//856 1654//1654 
f 430//430 856//856 853//853 
f 852//852 854//854 432//432 
f 438//438 854//854 852//852 
f 438//438 434//434 854//854 
f 851//851 434//434 438//438 
f 442//442 853//853 1654//1654 
f 442//442 430//430 853//853 
f 440//440 430//430 442//442 
f 440//440 855//855 430//430 
f 849//849 855//855 440//440 
f 849//849 436//436 855//855 
f 850//850 432//432 436//436 
f 850//850 852//852 432//432 
f 438//438 852//852 850//850 
f 446//446 851//851 438//438 
f 849//849 440//440 442//442 
f 444//444 436//436 849//849 
f 444//444 850//850 436//436 
f 848//848 438//438 850//850 
f 446//446 438//438 848//848 
f 448//448 442//442 252//252 
f 448//448 849//849 442//442 
f 846//846 850//850 444//444 
f 846//846 848//848 850//850 
f 843//843 848//848 846//846 
f 843//843 446//446 848//848 
f 450//450 446//446 843//843 
f 847//847 446//446 450//450 
f 1652//1652 448//448 252//252 
f 452//452 448//448 1652//1652 
f 452//452 849//849 448//448 
f 844//844 849//849 452//452 
f 844//844 444//444 849//849 
f 454//454 444//444 844//844 
f 454//454 846//846 444//444 
f 456//456 450//450 843//843 
f 456//456 847//847 450//450 
f 842//842 847//847 456//456 
f 842//842 845//845 847//847 
f 458//458 845//845 842//842 
f 248//248 454//454 844//844 
f 246//246 454//454 248//248 
f 246//246 846//846 454//454 
f 246//246 843//843 846//846 
f 244//244 842//842 456//456 
f 244//244 458//458 842//842 
f 1279//1279 458//458 244//244 
f 841//841 1287//1287 460//460 
f 1646//1646 1287//1287 841//841 
f 840//840 841//841 460//460 
f 840//840 1646//1646 841//841 
f 1289//1289 1646//1646 840//840 
f 462//462 840//840 460//460 
f 839//839 840//840 462//462 
f 839//839 1289//1289 840//840 
f 1648//1648 1289//1289 839//839 
f 838//838 460//460 1642//1642 
f 462//462 460//460 838//838 
f 1291//1291 839//839 462//462 
f 1291//1291 1648//1648 839//839 
f 464//464 1642//1642 1283//1283 
f 464//464 838//838 1642//1642 
f 466//466 462//462 838//838 
f 466//466 1291//1291 462//462 
f 464//464 1283//1283 1640//1640 
f 1650//1650 1291//1291 837//837 
f 468//468 1640//1640 1281//1281 
f 468//468 464//464 1640//1640 
f 468//468 838//838 464//464 
f 836//836 838//838 468//468 
f 836//836 466//466 838//838 
f 470//470 466//466 836//836 
f 470//470 1291//1291 466//466 
f 837//837 1291//1291 470//470 
f 244//244 1281//1281 1638//1638 
f 244//244 468//468 1281//1281 
f 246//246 837//837 470//470 
f 246//246 1650//1650 837//837 
f 250//250 1650//1650 246//246 
f 250//250 1293//1293 1650//1650 
f 452//452 1293//1293 250//250 
f 262//262 1299//1299 1656//1656 
f 1658//1658 1299//1299 262//262 
f 835//835 1301//1301 1658//1658 
f 472//472 1301//1301 835//835 
f 472//472 1660//1660 1301//1301 
f 834//834 1660//1660 472//472 
f 834//834 1303//1303 1660//1660 
f 626//626 1303//1303 834//834 
f 626//626 1662//1662 1303//1303 
f 474//474 1662//1662 626//626 
f 476//476 1305//1305 632//632 
f 292//292 661//661 290//290 
f 830//830 661//661 292//292 
f 830//830 833//833 661//661 
f 478//478 475//475 832//832 
f 829//829 475//475 478//478 
f 829//829 632//632 475//475 
f 831//831 632//632 829//829 
f 831//831 476//476 632//632 
f 480//480 476//476 831//831 
f 480//480 1305//1305 476//476 
f 1664//1664 1305//1305 480//480 
f 296//296 830//830 292//292 
f 484//484 833//833 830//830 
f 484//484 832//832 833//833 
f 482//482 829//829 478//478 
f 827//827 831//831 829//829 
f 827//827 480//480 831//831 
f 1307//1307 480//480 827//827 
f 1307//1307 1664//1664 480//480 
f 300//300 830//830 296//296 
f 484//484 830//830 300//300 
f 492//492 832//832 484//484 
f 492//492 478//478 832//832 
f 824//824 478//478 492//492 
f 824//824 482//482 478//478 
f 828//828 482//482 824//824 
f 828//828 829//829 482//482 
f 486//486 829//829 828//828 
f 486//486 827//827 829//829 
f 1666//1666 1307//1307 827//827 
f 302//302 484//484 300//300 
f 490//490 484//484 302//302 
f 825//825 484//484 490//490 
f 825//825 492//492 484//484 
f 823//823 828//828 824//824 
f 823//823 486//486 828//828 
f 488//488 486//486 823//823 
f 488//488 827//827 486//486 
f 826//826 827//827 488//488 
f 826//826 1666//1666 827//827 
f 822//822 1666//1666 826//826 
f 1309//1309 1666//1666 822//822 
f 494//494 823//823 824//824 
f 496//496 488//488 823//823 
f 496//496 826//826 488//488 
f 822//822 826//826 496//496 
f 1668//1668 1309//1309 822//822 
f 304//304 490//490 302//302 
f 498//498 490//490 304//304 
f 498//498 825//825 490//490 
f 492//492 825//825 498//498 
f 821//821 824//824 492//492 
f 500//500 824//824 821//821 
f 500//500 494//494 824//824 
f 820//820 494//494 500//500 
f 820//820 823//823 494//494 
f 502//502 823//823 820//820 
f 502//502 496//496 823//823 
f 818//818 496//496 502//502 
f 818//818 822//822 496//496 
f 819//819 822//822 818//818 
f 1668//1668 822//822 819//819 
f 308//308 498//498 304//304 
f 504//504 498//498 308//308 
f 504//504 492//492 498//498 
f 120//120 492//492 504//504 
f 120//120 821//821 492//492 
f 114//114 821//821 120//120 
f 114//114 500//500 821//821 
f 113//113 500//500 114//114 
f 113//113 820//820 500//500 
f 384//384 820//820 113//113 
f 384//384 502//502 820//820 
f 116//116 502//502 384//384 
f 116//116 818//818 502//502 
f 118//118 818//818 116//116 
f 118//118 819//819 818//818 
f 119//119 819//819 118//118 
f 119//119 1668//1668 819//819 
f 1311//1311 1668//1668 119//119 
f 310//310 504//504 308//308 
f 120//120 504//504 310//310 
f 121//121 114//114 120//120 
f 121//121 113//113 114//114 
f 122//122 113//113 121//121 
f 122//122 384//384 113//113 
f 123//123 384//384 122//122 
f 123//123 116//116 384//384 
f 124//124 116//116 123//123 
f 124//124 118//118 116//116 
f 125//125 118//118 124//124 
f 125//125 119//119 118//118 
f 126//126 119//119 125//125 
f 126//126 1311//1311 119//119 
f 1670//1670 1311//1311 126//126 
f 312//312 120//120 310//310 
f 314//314 120//120 312//312 
f 316//316 120//120 314//314 
f 316//316 121//121 120//120 
f 320//320 121//121 316//316 
f 320//320 122//122 121//121 
f 324//324 122//122 320//320 
f 324//324 123//123 122//122 
f 328//328 123//123 324//324 
f 328//328 124//124 123//123 
f 332//332 124//124 328//328 
f 332//332 125//125 124//124 
f 336//336 125//125 332//332 
f 336//336 126//126 125//125 
f 340//340 126//126 336//336 
f 340//340 1670//1670 126//126 
f 344//344 1670//1670 340//340 
f 344//344 1313//1313 1670//1670 
f 1672//1672 1313//1313 344//344 
f 358//358 1678//1678 1319//1319 
f 1321//1321 1678//1678 358//358 
f 128//128 1680//1680 127//127 
f 1682//1682 1323//1323 129//129 
f 2264//2264 130//130 382//382 
f 135//135 131//131 130//130 
f 136//136 131//131 135//135 
f 136//136 132//132 131//131 
f 133//133 132//132 136//136 
f 137//137 134//134 133//133 
f 138//138 134//134 137//137 
f 138//138 647//647 134//134 
f 1325//1325 647//647 138//138 
f 1296//1296 130//130 2264//2264 
f 139//139 130//130 1296//1296 
f 139//139 135//135 130//130 
f 140//140 135//135 139//139 
f 140//140 136//136 135//135 
f 141//141 136//136 140//140 
f 141//141 133//133 136//136 
f 144//144 137//137 133//133 
f 144//144 138//138 137//137 
f 145//145 138//138 144//144 
f 145//145 1325//1325 138//138 
f 2266//2266 139//139 1296//1296 
f 142//142 139//139 2266//2266 
f 142//142 140//140 139//139 
f 141//141 140//140 142//142 
f 143//143 133//133 141//141 
f 143//143 144//144 133//133 
f 1684//1684 1325//1325 145//145 
f 1294//1294 142//142 2266//2266 
f 146//146 142//142 1294//1294 
f 146//146 141//141 142//142 
f 148//148 141//141 146//146 
f 148//148 143//143 141//141 
f 147//147 1684//1684 145//145 
f 2268//2268 146//146 1294//1294 
f 148//148 146//146 2268//2268 
f 144//144 143//143 148//148 
f 152//152 145//145 144//144 
f 149//149 145//145 152//152 
f 149//149 147//147 145//145 
f 150//150 147//147 149//149 
f 150//150 1684//1684 147//147 
f 1327//1327 1684//1684 150//150 
f 151//151 144//144 148//148 
f 152//152 144//144 151//151 
f 157//157 1327//1327 150//150 
f 151//151 148//148 1292//1292 
f 153//153 149//149 152//152 
f 153//153 150//150 149//149 
f 157//157 150//150 153//153 
f 154//154 1327//1327 157//157 
f 155//155 1327//1327 154//154 
f 155//155 1686//1686 1327//1327 
f 1688//1688 1686//1686 155//155 
f 1688//1688 1329//1329 1686//1686 
f 2270//2270 151//151 1292//1292 
f 1290//1290 151//151 2270//2270 
f 1290//1290 152//152 151//151 
f 156//156 152//152 1290//1290 
f 153//153 152//152 156//156 
f 1288//1288 157//157 153//153 
f 158//158 154//154 157//157 
f 158//158 155//155 154//154 
f 159//159 155//155 158//158 
f 159//159 1688//1688 155//155 
f 2272//2272 153//153 156//156 
f 1288//1288 153//153 2272//2272 
f 2274//2274 157//157 1288//1288 
f 2276//2276 157//157 2274//2274 
f 2276//2276 158//158 157//157 
f 159//159 158//158 2276//2276 
f 1331//1331 1688//1688 159//159 
f 2282//2282 1337//1337 1694//1694 
f 513//513 1337//1337 2282//2282 
f 160//160 1698//1698 1339//1339 
f 161//161 1698//1698 160//160 
f 161//161 1341//1341 1698//1698 
f 161//161 1700//1700 1341//1341 
f 166//166 1700//1700 161//161 
f 1272//1272 162//162 1274//1274 
f 167//167 162//162 1272//1272 
f 167//167 163//163 162//162 
f 168//168 163//163 167//167 
f 169//169 164//164 168//168 
f 169//169 165//165 164//164 
f 170//170 165//165 169//169 
f 170//170 161//161 165//165 
f 175//175 161//161 170//170 
f 175//175 166//166 161//161 
f 171//171 166//166 175//175 
f 171//171 1700//1700 166//166 
f 1343//1343 1700//1700 171//171 
f 172//172 167//167 1272//1272 
f 168//168 167//167 172//172 
f 173//173 169//169 168//168 
f 174//174 169//169 173//173 
f 174//174 170//170 169//169 
f 175//175 170//170 174//174 
f 1343//1343 171//171 175//175 
f 2290//2290 172//172 1272//1272 
f 2290//2290 168//168 172//172 
f 176//176 173//173 168//168 
f 174//174 173//173 176//176 
f 177//177 1343//1343 175//175 
f 1702//1702 1343//1343 177//177 
f 176//176 168//168 2290//2290 
f 181//181 177//177 175//175 
f 1702//1702 177//177 181//181 
f 178//178 176//176 2290//2290 
f 179//179 176//176 178//178 
f 179//179 174//174 176//176 
f 180//180 175//175 174//174 
f 181//181 175//175 180//180 
f 182//182 1702//1702 181//181 
f 1345//1345 1702//1702 182//182 
f 183//183 174//174 179//179 
f 184//184 174//174 183//183 
f 184//184 180//180 174//174 
f 181//181 180//180 184//184 
f 711//711 183//183 179//179 
f 185//185 183//183 711//711 
f 185//185 184//184 183//183 
f 181//181 184//184 185//185 
f 1347//1347 1704//1704 1345//1345 
f 1270//1270 185//185 711//711 
f 1270//1270 181//181 185//185 
f 186//186 181//181 1270//1270 
f 187//187 181//181 186//186 
f 187//187 182//182 181//181 
f 188//188 182//182 187//187 
f 188//188 1345//1345 182//182 
f 1347//1347 1345//1345 188//188 
f 187//187 186//186 1270//1270 
f 2292//2292 1347//1347 188//188 
f 189//189 1355//1355 1712//1712 
f 583//583 1355//1355 189//189 
f 190//190 1714//1714 583//583 
f 190//190 1357//1357 1714//1714 
f 191//191 1357//1357 190//190 
f 191//191 192//192 1357//1357 
f 759//759 193//193 195//195 
f 200//200 588//588 196//196 
f 200//200 194//194 588//588 
f 197//197 194//194 200//200 
f 197//197 1716//1716 194//194 
f 1359//1359 1716//1716 197//197 
f 198//198 759//759 195//195 
f 199//199 759//759 198//198 
f 199//199 196//196 759//759 
f 201//201 197//197 200//200 
f 201//201 1359//1359 197//197 
f 1718//1718 1359//1359 201//201 
f 202//202 195//195 1252//1252 
f 202//202 198//198 195//195 
f 202//202 199//199 198//198 
f 205//205 199//199 202//202 
f 205//205 196//196 199//199 
f 203//203 196//196 205//205 
f 203//203 200//200 196//196 
f 204//204 201//201 200//200 
f 1718//1718 201//201 204//204 
f 210//210 203//203 205//205 
f 210//210 200//200 203//203 
f 206//206 200//200 210//210 
f 206//206 204//204 200//200 
f 212//212 204//204 206//206 
f 212//212 1718//1718 204//204 
f 2310//2310 202//202 1252//1252 
f 208//208 202//202 2310//2310 
f 208//208 205//205 202//202 
f 212//212 206//206 210//210 
f 1361//1361 1718//1718 212//212 
f 214//214 205//205 208//208 
f 216//216 205//205 214//214 
f 216//216 210//210 205//205 
f 224//224 210//210 216//216 
f 218//218 210//210 224//224 
f 218//218 212//212 210//210 
f 220//220 1361//1361 212//212 
f 222//222 1361//1361 220//220 
f 1363//1363 1361//1361 222//222 
f 1363//1363 1720//1720 1361//1361 
f 234//234 214//214 208//208 
f 234//234 216//216 214//214 
f 224//224 216//216 234//234 
f 226//226 218//218 224//224 
f 226//226 212//212 218//218 
f 228//228 212//212 226//226 
f 228//228 220//220 212//212 
f 230//230 220//220 228//228 
f 230//230 222//222 220//220 
f 232//232 222//222 230//230 
f 232//232 1363//1363 222//222 
f 2312//2312 234//234 208//208 
f 2318//2318 228//228 226//226 
f 236//236 228//228 2318//2318 
f 236//236 230//230 228//228 
f 238//238 230//230 236//236 
f 238//238 232//232 230//230 
f 240//240 232//232 238//238 
f 240//240 1363//1363 232//232 
f 242//242 1363//1363 240//240 
f 242//242 1722//1722 1363//1363 
f 1365//1365 1722//1722 242//242 
f 2314//2314 234//234 2312//2312 
f 1246//1246 234//234 2314//2314 
f 1246//1246 224//224 234//234 
f 2316//2316 224//224 1246//1246 
f 2316//2316 226//226 224//224 
f 1242//1242 236//236 2318//2318 
f 1242//1242 238//238 236//236 
f 1240//1240 238//238 1242//1242 
f 1240//1240 240//240 238//238 
f 1238//1238 240//240 1240//1240 
f 1238//1238 242//242 240//240 
f 1365//1365 242//242 1238//1238 
f 244//244 1638//1638 1279//1279 
f 456//456 468//468 244//244 
f 456//456 836//836 468//468 
f 843//843 836//836 456//456 
f 843//843 470//470 836//836 
f 246//246 470//470 843//843 
f 248//248 250//250 246//246 
f 844//844 250//250 248//248 
f 844//844 452//452 250//250 
f 252//252 1295//1295 1652//1652 
f 442//442 1295//1295 252//252 
f 254//254 256//256 1654//1654 
f 258//258 1297//1297 256//256 
f 258//258 449//449 1297//1297 
f 260//260 1656//1656 449//449 
f 260//260 262//262 1656//1656 
f 264//264 262//262 260//260 
f 264//264 266//266 262//262 
f 268//268 266//266 264//264 
f 268//268 270//270 266//266 
f 621//621 270//270 268//268 
f 621//621 272//272 270//270 
f 274//274 272//272 621//621 
f 274//274 276//276 272//272 
f 278//278 276//276 274//274 
f 278//278 280//280 276//276 
f 284//284 280//280 278//278 
f 284//284 282//282 280//280 
f 284//284 286//286 282//282 
f 294//294 292//292 290//290 
f 294//294 296//296 292//292 
f 298//298 296//296 294//294 
f 298//298 300//300 296//296 
f 302//302 300//300 298//298 
f 306//306 304//304 302//302 
f 306//306 308//308 304//304 
f 310//310 308//308 306//306 
f 318//318 316//316 314//314 
f 318//318 320//320 316//316 
f 322//322 320//320 318//318 
f 322//322 324//324 320//320 
f 326//326 324//324 322//322 
f 326//326 328//328 324//324 
f 330//330 328//328 326//326 
f 330//330 332//332 328//328 
f 334//334 332//332 330//330 
f 334//334 336//336 332//332 
f 338//338 336//336 334//334 
f 338//338 340//340 336//336 
f 342//342 340//340 338//338 
f 342//342 344//344 340//340 
f 346//346 344//344 342//342 
f 346//346 1672//1672 344//344 
f 348//348 1672//1672 346//346 
f 348//348 1315//1315 1672//1672 
f 1674//1674 1315//1315 348//348 
f 350//350 352//352 1676//1676 
f 356//356 1319//1319 337//337 
f 356//356 358//358 1319//1319 
f 360//360 358//358 356//356 
f 360//360 362//362 358//358 
f 634//634 362//362 360//360 
f 634//634 366//366 362//362 
f 364//364 366//366 634//634 
f 368//368 366//366 364//364 
f 368//368 370//370 366//366 
f 372//372 370//370 368//368 
f 372//372 374//374 370//370 
f 376//376 374//374 372//372 
f 376//376 378//378 374//374 
f 729//729 378//378 376//376 
f 729//729 380//380 378//378 
f 2268//2268 1294//1294 2266//2266 
f 325//325 156//156 1290//1290 
f 325//325 2272//2272 156//156 
f 1288//1288 2272//2272 325//325 
f 1286//1286 2274//2274 1288//1288 
f 1286//1286 2276//2276 2274//2274 
f 327//327 2276//2276 1286//1286 
f 327//327 159//159 2276//2276 
f 1284//1284 1690//1690 726//726 
f 2278//2278 1690//1690 1284//1284 
f 2278//2278 1333//1333 1690//1690 
f 1692//1692 1333//1333 2278//2278 
f 1282//1282 2280//2280 1692//1692 
f 716//716 1335//1335 2280//2280 
f 1278//1278 1694//1694 1280//1280 
f 1278//1278 2282//2282 1694//1694 
f 1278//1278 2284//2284 2282//2282 
f 2288//2288 1272//1272 1274//1274 
f 291//291 1270//1270 711//711 
f 187//187 1270//1270 291//291 
f 289//289 188//188 187//187 
f 709//709 1347//1347 2292//2292 
f 709//709 1706//1706 1347//1347 
f 1349//1349 1706//1706 709//709 
f 1268//1268 271//271 1708//1708 
f 1266//1266 1710//1710 253//253 
f 1266//1266 2296//2296 1710//1710 
f 2296//2296 1264//1264 1353//1353 
f 767//767 1264//1264 2296//2296 
f 767//767 2298//2298 1264//1264 
f 1262//1262 2298//2298 767//767 
f 2300//2300 1260//1260 1262//1262 
f 1258//1258 1260//1260 2300//2300 
f 1258//1258 2302//2302 1260//1260 
f 2304//2304 1256//1256 1258//1258 
f 1254//1254 195//195 2306//2306 
f 2308//2308 195//195 1254//1254 
f 2308//2308 1252//1252 195//195 
f 1250//1250 208//208 2310//2310 
f 1248//1248 2314//2314 2312//2312 
f 245//245 2314//2314 1248//1248 
f 245//245 1246//1246 2314//2314 
f 2316//2316 1246//1246 245//245 
f 1244//1244 226//226 2316//2316 
f 1244//1244 2318//2318 226//226 
f 1242//1242 2318//2318 1244//1244 
f 2320//2320 1240//1240 1242//1242 
f 2322//2322 1240//1240 2320//2320 
f 2322//2322 1238//1238 1240//1240 
f 2324//2324 1238//1238 2322//2322 
f 2324//2324 1365//1365 1238//1238 
f 1724//1724 1365//1365 2324//2324 
f 1236//1236 1726//1726 1367//1367 
f 1369//1369 1726//1726 1236//1236 
f 2326//2326 1234//1234 1369//1369 
f 2328//2328 1728//1728 1234//1234 
f 2328//2328 1371//1371 1728//1728 
f 1232//1232 1371//1371 2328//2328 
f 1232//1232 2330//2330 1371//1371 
f 2332//2332 1373//1373 1730//1730 
f 1228//1228 1373//1373 2332//2332 
f 1228//1228 1732//1732 1373//1373 
f 1375//1375 1732//1732 1228//1228 
f 605//605 2334//2334 1375//1375 
f 1616//1616 2336//2336 1257//1257 
f 2348//2348 2336//2336 1616//1616 
f 2348//2348 1224//1224 2336//2336 
f 2342//2342 1224//1224 2348//2348 
f 2342//2342 2338//2338 1224//1224 
f 1218//1218 2338//2338 2342//2342 
f 1218//1218 1222//1222 2338//2338 
f 2344//2344 1222//1222 1218//1218 
f 2344//2344 2340//2340 1222//1222 
f 1216//1216 2340//2340 2344//2344 
f 1216//1216 1220//1220 2340//2340 
f 2346//2346 1220//1220 1216//1216 
f 1214//1214 1734//1734 2346//2346 
f 1377//1377 1734//1734 1214//1214 
f 1208//1208 2342//2342 2348//2348 
f 1208//1208 1218//1218 2342//2342 
f 2344//2344 1218//1218 1208//1208 
f 1212//1212 1216//1216 2344//2344 
f 2350//2350 1216//1216 1212//1212 
f 2350//2350 2346//2346 1216//1216 
f 1210//1210 2346//2346 2350//2350 
f 1214//1214 2346//2346 1210//1210 
f 2352//2352 1377//1377 1214//1214 
f 1736//1736 1377//1377 2352//2352 
f 2354//2354 2344//2344 1208//1208 
f 2354//2354 1212//1212 2344//2344 
f 1206//1206 1212//1212 2354//2354 
f 1206//1206 2350//2350 1212//1212 
f 1206//1206 1210//1210 2350//2350 
f 2356//2356 1210//1210 1206//1206 
f 2356//2356 1214//1214 1210//1210 
f 2352//2352 1214//1214 2356//2356 
f 1379//1379 1736//1736 2352//2352 
f 1618//1618 1208//1208 2348//2348 
f 1204//1204 2354//2354 1208//1208 
f 1200//1200 2354//2354 1204//1204 
f 1200//1200 1206//1206 2354//2354 
f 2358//2358 2356//2356 1206//1206 
f 2362//2362 2356//2356 2358//2358 
f 2362//2362 2352//2352 2356//2356 
f 1202//1202 2352//2352 2362//2362 
f 1202//1202 1379//1379 2352//2352 
f 1198//1198 1379//1379 1202//1202 
f 1738//1738 1379//1379 1198//1198 
f 1261//1261 1208//1208 1618//1618 
f 2360//2360 1208//1208 1261//1261 
f 2360//2360 1204//1204 1208//1208 
f 1200//1200 1204//1204 2360//2360 
f 1196//1196 1206//1206 1200//1200 
f 1196//1196 2358//2358 1206//1206 
f 2362//2362 2358//2358 1196//1196 
f 1198//1198 1202//1202 2362//2362 
f 1381//1381 1738//1738 1198//1198 
f 2368//2368 1200//1200 2360//2360 
f 2364//2364 1196//1196 1200//1200 
f 2370//2370 2362//2362 1196//1196 
f 2366//2366 2362//2362 2370//2370 
f 2366//2366 1198//1198 2362//2362 
f 1194//1194 1381//1381 1198//1198 
f 1740//1740 1381//1381 1194//1194 
f 1263//1263 2368//2368 2360//2360 
f 1192//1192 1200//1200 2368//2368 
f 1192//1192 2364//2364 1200//1200 
f 2374//2374 2364//2364 1192//1192 
f 2374//2374 1196//1196 2364//2364 
f 2370//2370 1196//1196 2374//2374 
f 1186//1186 2366//2366 2370//2370 
f 1186//1186 1198//1198 2366//2366 
f 1190//1190 1198//1198 1186//1186 
f 1190//1190 1194//1194 1198//1198 
f 2372//2372 1194//1194 1190//1190 
f 2372//2372 1740//1740 1194//1194 
f 1383//1383 1740//1740 2372//2372 
f 1265//1265 2368//2368 1263//1263 
f 1188//1188 2368//2368 1265//1265 
f 1188//1188 1192//1192 2368//2368 
f 2374//2374 1192//1192 1188//1188 
f 2376//2376 1190//1190 1186//1186 
f 2376//2376 2372//2372 1190//1190 
f 1742//1742 2372//2372 2376//2376 
f 1742//1742 1383//1383 2372//2372 
f 1267//1267 1188//1188 1265//1265 
f 1626//1626 1188//1188 1267//1267 
f 1626//1626 2374//2374 1188//1188 
f 1269//1269 2374//2374 1626//1626 
f 1628//1628 2374//2374 1269//1269 
f 1628//1628 2370//2370 2374//2374 
f 1271//1271 2370//2370 1628//1628 
f 1271//1271 1186//1186 2370//2370 
f 1630//1630 1186//1186 1271//1271 
f 2376//2376 1186//1186 1630//1630 
f 1182//1182 2378//2378 1184//1184 
f 1182//1182 2380//2380 2378//2378 
f 1180//1180 2380//2380 1182//1182 
f 1180//1180 1243//1243 2380//2380 
f 1602//1602 1243//1243 1180//1180 
f 1602//1602 1604//1604 1243//1243 
f 1245//1245 1604//1604 1602//1602 
f 1247//1247 1604//1604 1245//1245 
f 1247//1247 1249//1249 1604//1604 
f 1606//1606 1249//1249 1247//1247 
f 1608//1608 1249//1249 1606//1606 
f 1608//1608 1251//1251 1249//1249 
f 1610//1610 1251//1251 1608//1608 
f 1610//1610 1253//1253 1251//1251 
f 1612//1612 1253//1253 1610//1610 
f 1612//1612 1255//1255 1253//1253 
f 1614//1614 1255//1255 1612//1612 
f 1614//1614 1257//1257 1255//1255 
f 1616//1616 1257//1257 1614//1614 
f 1259//1259 1618//1618 2348//2348 
f 1261//1261 1618//1618 1259//1259 
f 1620//1620 2360//2360 1261//1261 
f 1263//1263 2360//2360 1620//1620 
f 1622//1622 1265//1265 1263//1263 
f 1624//1624 1265//1265 1622//1622 
f 1624//1624 1267//1267 1265//1265 
f 1626//1626 1267//1267 1624//1624 
f 1273//1273 2376//2376 1630//1630 
f 1273//1273 1742//1742 2376//2376 
f 1632//1632 1742//1742 1273//1273 
f 1385//1385 1742//1742 1632//1632 
f 789//789 1744//1744 1385//1385 
f 1275//1275 1744//1744 789//789 
f 1275//1275 1387//1387 1744//1744 
f 786//786 1746//1746 1387//1387 
f 1634//1634 1746//1746 786//786 
f 1634//1634 1389//1389 1746//1746 
f 784//784 1389//1389 1634//1634 
f 784//784 1277//1277 1389//1389 
f 1636//1636 1748//1748 1277//1277 
f 435//435 1391//1391 1636//1636 
f 1638//1638 773//773 1279//1279 
f 1281//1281 773//773 1638//1638 
f 1640//1640 773//773 1281//1281 
f 1640//1640 617//617 773//773 
f 1283//1283 617//617 1640//1640 
f 1642//1642 617//617 1283//1283 
f 1642//1642 1285//1285 617//617 
f 460//460 1285//1285 1642//1642 
f 460//460 1644//1644 1285//1285 
f 460//460 435//435 1644//1644 
f 1287//1287 435//435 460//460 
f 1750//1750 435//435 1287//1287 
f 1391//1391 435//435 1750//1750 
f 1287//1287 2837//2837 1750//1750 
f 1287//1287 2833//2833 2837//2837 
f 1646//1646 2833//2833 1287//1287 
f 1646//1646 2117//2117 2833//2833 
f 1289//1289 2117//2117 1646//1646 
f 1289//1289 2831//2831 2117//2117 
f 1648//1648 2831//2831 1289//1289 
f 1648//1648 2115//2115 2831//2831 
f 1291//1291 2115//2115 1648//1648 
f 1291//1291 2829//2829 2115//2115 
f 1650//1650 2829//2829 1291//1291 
f 1650//1650 2113//2113 2829//2829 
f 1293//1293 2113//2113 1650//1650 
f 1293//1293 2827//2827 2113//2113 
f 1293//1293 2111//2111 2827//2827 
f 452//452 2111//2111 1293//1293 
f 452//452 2825//2825 2111//2111 
f 452//452 2109//2109 2825//2825 
f 1652//1652 2109//2109 452//452 
f 1652//1652 2823//2823 2109//2109 
f 1295//1295 2823//2823 1652//1652 
f 1295//1295 2107//2107 2823//2823 
f 442//442 2107//2107 1295//1295 
f 442//442 2821//2821 2107//2107 
f 1654//1654 2821//2821 442//442 
f 1654//1654 2105//2105 2821//2821 
f 1654//1654 2819//2819 2105//2105 
f 1654//1654 2103//2103 2819//2819 
f 256//256 2103//2103 1654//1654 
f 256//256 2817//2817 2103//2103 
f 1297//1297 2817//2817 256//256 
f 1297//1297 2101//2101 2817//2817 
f 449//449 2101//2101 1297//1297 
f 449//449 2815//2815 2101//2101 
f 1656//1656 2815//2815 449//449 
f 1656//1656 2099//2099 2815//2815 
f 1299//1299 2099//2099 1656//1656 
f 1299//1299 2813//2813 2099//2099 
f 1658//1658 2813//2813 1299//1299 
f 1658//1658 2097//2097 2813//2813 
f 1301//1301 2097//2097 1658//1658 
f 1301//1301 2811//2811 2097//2097 
f 1660//1660 2811//2811 1301//1301 
f 1660//1660 2095//2095 2811//2811 
f 1660//1660 2809//2809 2095//2095 
f 1303//1303 2809//2809 1660//1660 
f 1303//1303 2093//2093 2809//2809 
f 1662//1662 2093//2093 1303//1303 
f 1662//1662 2807//2807 2093//2093 
f 474//474 2807//2807 1662//1662 
f 474//474 2091//2091 2807//2807 
f 632//632 2091//2091 474//474 
f 632//632 2805//2805 2091//2091 
f 632//632 2089//2089 2805//2805 
f 1305//1305 2089//2089 632//632 
f 1305//1305 2803//2803 2089//2089 
f 1664//1664 2803//2803 1305//1305 
f 1664//1664 2087//2087 2803//2803 
f 1664//1664 2801//2801 2087//2087 
f 1307//1307 2801//2801 1664//1664 
f 1307//1307 2085//2085 2801//2801 
f 1666//1666 2085//2085 1307//1307 
f 1666//1666 2799//2799 2085//2085 
f 1309//1309 2799//2799 1666//1666 
f 1309//1309 2083//2083 2799//2799 
f 1668//1668 2083//2083 1309//1309 
f 1668//1668 2797//2797 2083//2083 
f 1311//1311 2797//2797 1668//1668 
f 1311//1311 2081//2081 2797//2797 
f 1670//1670 2081//2081 1311//1311 
f 1670//1670 2795//2795 2081//2081 
f 1313//1313 2795//2795 1670//1670 
f 1313//1313 2079//2079 2795//2795 
f 1313//1313 2793//2793 2079//2079 
f 1672//1672 2793//2793 1313//1313 
f 1672//1672 2077//2077 2793//2793 
f 1315//1315 2077//2077 1672//1672 
f 1315//1315 2791//2791 2077//2077 
f 1674//1674 2791//2791 1315//1315 
f 1674//1674 2075//2075 2791//2791 
f 1317//1317 2075//2075 1674//1674 
f 1317//1317 2789//2789 2075//2075 
f 1676//1676 2789//2789 1317//1317 
f 1676//1676 2073//2073 2789//2789 
f 352//352 2073//2073 1676//1676 
f 352//352 2787//2787 2073//2073 
f 354//354 2787//2787 352//352 
f 354//354 2071//2071 2787//2787 
f 354//354 2785//2785 2071//2071 
f 345//345 2785//2785 354//354 
f 345//345 2069//2069 2785//2785 
f 337//337 2069//2069 345//345 
f 337//337 2783//2783 2069//2069 
f 1319//1319 2783//2783 337//337 
f 1319//1319 2067//2067 2783//2783 
f 1678//1678 2067//2067 1319//1319 
f 1678//1678 2781//2781 2067//2067 
f 1321//1321 2781//2781 1678//1678 
f 1321//1321 2065//2065 2781//2781 
f 127//127 2065//2065 1321//1321 
f 127//127 2779//2779 2065//2065 
f 1680//1680 2779//2779 127//127 
f 1680//1680 2063//2063 2779//2779 
f 128//128 2063//2063 1680//1680 
f 128//128 2777//2777 2063//2063 
f 128//128 2061//2061 2777//2777 
f 129//129 2061//2061 128//128 
f 129//129 2775//2775 2061//2061 
f 1323//1323 2775//2775 129//129 
f 1323//1323 2059//2059 2775//2775 
f 1682//1682 2059//2059 1323//1323 
f 1682//1682 2773//2773 2059//2059 
f 647//647 2773//2773 1682//1682 
f 647//647 2057//2057 2773//2773 
f 1325//1325 2057//2057 647//647 
f 1325//1325 2771//2771 2057//2057 
f 1325//1325 2055//2055 2771//2771 
f 1684//1684 2055//2055 1325//1325 
f 1684//1684 2769//2769 2055//2055 
f 1684//1684 2053//2053 2769//2769 
f 1684//1684 2767//2767 2053//2053 
f 1327//1327 2767//2767 1684//1684 
f 1327//1327 2051//2051 2767//2767 
f 1686//1686 2051//2051 1327//1327 
f 1686//1686 2765//2765 2051//2051 
f 1329//1329 2765//2765 1686//1686 
f 1329//1329 2049//2049 2765//2765 
f 1688//1688 2049//2049 1329//1329 
f 1688//1688 2763//2763 2049//2049 
f 1331//1331 2763//2763 1688//1688 
f 1331//1331 2047//2047 2763//2763 
f 726//726 2047//2047 1331//1331 
f 726//726 2761//2761 2047//2047 
f 726//726 2045//2045 2761//2761 
f 1690//1690 2045//2045 726//726 
f 1690//1690 2759//2759 2045//2045 
f 1333//1333 2759//2759 1690//1690 
f 1333//1333 2043//2043 2759//2759 
f 1692//1692 2043//2043 1333//1333 
f 1692//1692 2757//2757 2043//2043 
f 2280//2280 2757//2757 1692//1692 
f 2280//2280 2041//2041 2757//2757 
f 1335//1335 2041//2041 2280//2280 
f 1335//1335 2755//2755 2041//2041 
f 716//716 2755//2755 1335//1335 
f 716//716 2039//2039 2755//2755 
f 716//716 2753//2753 2039//2039 
f 716//716 2037//2037 2753//2753 
f 1280//1280 2037//2037 716//716 
f 1280//1280 2751//2751 2037//2037 
f 1694//1694 2751//2751 1280//1280 
f 1694//1694 2035//2035 2751//2751 
f 1337//1337 2035//2035 1694//1694 
f 1337//1337 2749//2749 2035//2035 
f 513//513 2749//2749 1337//1337 
f 513//513 2033//2033 2749//2749 
f 654//654 2033//2033 513//513 
f 654//654 2747//2747 2033//2033 
f 654//654 2031//2031 2747//2747 
f 1696//1696 2031//2031 654//654 
f 1696//1696 2745//2745 2031//2031 
f 1696//1696 2029//2029 2745//2745 
f 1696//1696 2743//2743 2029//2029 
f 1339//1339 2743//2743 1696//1696 
f 1339//1339 2027//2027 2743//2743 
f 1698//1698 2027//2027 1339//1339 
f 1698//1698 2741//2741 2027//2027 
f 1341//1341 2741//2741 1698//1698 
f 1341//1341 2025//2025 2741//2741 
f 1700//1700 2025//2025 1341//1341 
f 1700//1700 2739//2739 2025//2025 
f 1343//1343 2739//2739 1700//1700 
f 1343//1343 2023//2023 2739//2739 
f 1343//1343 2737//2737 2023//2023 
f 1702//1702 2737//2737 1343//1343 
f 1702//1702 2021//2021 2737//2737 
f 1702//1702 2735//2735 2021//2021 
f 1702//1702 2019//2019 2735//2735 
f 1345//1345 2019//2019 1702//1702 
f 1345//1345 2733//2733 2019//2019 
f 1704//1704 2733//2733 1345//1345 
f 1704//1704 2017//2017 2733//2733 
f 1347//1347 2017//2017 1704//1704 
f 1347//1347 2731//2731 2017//2017 
f 1706//1706 2731//2731 1347//1347 
f 1706//1706 2015//2015 2731//2731 
f 1349//1349 2015//2015 1706//1706 
f 1349//1349 2729//2729 2015//2015 
f 283//283 2729//2729 1349//1349 
f 283//283 2013//2013 2729//2729 
f 283//283 2727//2727 2013//2013 
f 1708//1708 2727//2727 283//283 
f 1708//1708 2011//2011 2727//2727 
f 271//271 2011//2011 1708//1708 
f 271//271 2725//2725 2011//2011 
f 271//271 2009//2009 2725//2725 
f 1351//1351 2009//2009 271//271 
f 1351//1351 2723//2723 2009//2009 
f 2294//2294 2723//2723 1351//1351 
f 2294//2294 2007//2007 2723//2723 
f 253//253 2007//2007 2294//2294 
f 253//253 2721//2721 2007//2007 
f 1710//1710 2721//2721 253//253 
f 1710//1710 2005//2005 2721//2721 
f 1710//1710 2719//2719 2005//2005 
f 2296//2296 2719//2719 1710//1710 
f 2296//2296 2003//2003 2719//2719 
f 1353//1353 2003//2003 2296//2296 
f 1353//1353 2717//2717 2003//2003 
f 1712//1712 2717//2717 1353//1353 
f 1712//1712 2001//2001 2717//2717 
f 1355//1355 2001//2001 1712//1712 
f 1355//1355 2715//2715 2001//2001 
f 583//583 2715//2715 1355//1355 
f 583//583 1999//1999 2715//2715 
f 1714//1714 1999//1999 583//583 
f 1714//1714 2713//2713 1999//1999 
f 1357//1357 2713//2713 1714//1714 
f 1357//1357 1997//1997 2713//2713 
f 1357//1357 2711//2711 1997//1997 
f 192//192 2711//2711 1357//1357 
f 192//192 1995//1995 2711//2711 
f 389//389 1995//1995 192//192 
f 389//389 2709//2709 1995//1995 
f 389//389 1993//1993 2709//2709 
f 1716//1716 1993//1993 389//389 
f 1716//1716 2707//2707 1993//1993 
f 1359//1359 2707//2707 1716//1716 
f 1359//1359 1991//1991 2707//2707 
f 1718//1718 1991//1991 1359//1359 
f 1718//1718 2705//2705 1991//1991 
f 1718//1718 1989//1989 2705//2705 
f 1361//1361 1989//1989 1718//1718 
f 1361//1361 2703//2703 1989//1989 
f 1361//1361 1987//1987 2703//2703 
f 1720//1720 1987//1987 1361//1361 
f 1720//1720 2701//2701 1987//1987 
f 1363//1363 2701//2701 1720//1720 
f 1363//1363 1985//1985 2701//2701 
f 1722//1722 1985//1985 1363//1363 
f 1722//1722 2699//2699 1985//1985 
f 1365//1365 2699//2699 1722//1722 
f 1365//1365 1983//1983 2699//2699 
f 1724//1724 1983//1983 1365//1365 
f 1724//1724 2697//2697 1983//1983 
f 1367//1367 2697//2697 1724//1724 
f 1367//1367 1981//1981 2697//2697 
f 1726//1726 1981//1981 1367//1367 
f 1726//1726 2695//2695 1981//1981 
f 1726//1726 1979//1979 2695//2695 
f 1369//1369 1979//1979 1726//1726 
f 1369//1369 2693//2693 1979//1979 
f 1234//1234 2693//2693 1369//1369 
f 1234//1234 1977//1977 2693//2693 
f 1728//1728 1977//1977 1234//1234 
f 1728//1728 2691//2691 1977//1977 
f 1371//1371 2691//2691 1728//1728 
f 1371//1371 1975//1975 2691//2691 
f 2330//2330 1975//1975 1371//1371 
f 2330//2330 2689//2689 1975//1975 
f 1230//1230 2689//2689 2330//2330 
f 1230//1230 1973//1973 2689//2689 
f 1184//1184 1973//1973 1230//1230 
f 1184//1184 2687//2687 1973//1973 
f 1184//1184 1971//1971 2687//2687 
f 2378//2378 1971//1971 1184//1184 
f 2378//2378 2685//2685 1971//1971 
f 1730//1730 2685//2685 2378//2378 
f 1730//1730 1969//1969 2685//2685 
f 1373//1373 1969//1969 1730//1730 
f 1373//1373 2683//2683 1969//1969 
f 1732//1732 2683//2683 1373//1373 
f 1732//1732 1967//1967 2683//2683 
f 1375//1375 1967//1967 1732//1732 
f 1375//1375 2681//2681 1967//1967 
f 2334//2334 2681//2681 1375//1375 
f 2334//2334 1965//1965 2681//2681 
f 2334//2334 2679//2679 1965//1965 
f 2334//2334 1963//1963 2679//2679 
f 431//431 1963//1963 2334//2334 
f 431//431 2677//2677 1963//1963 
f 1226//1226 2677//2677 431//431 
f 1226//1226 1961//1961 2677//2677 
f 1734//1734 1961//1961 1226//1226 
f 1734//1734 2675//2675 1961//1961 
f 1377//1377 2675//2675 1734//1734 
f 1377//1377 1959//1959 2675//2675 
f 1736//1736 1959//1959 1377//1377 
f 1736//1736 2673//2673 1959//1959 
f 1379//1379 2673//2673 1736//1736 
f 1379//1379 1957//1957 2673//2673 
f 1738//1738 1957//1957 1379//1379 
f 1738//1738 2671//2671 1957//1957 
f 1381//1381 2671//2671 1738//1738 
f 1381//1381 1955//1955 2671//2671 
f 1381//1381 2669//2669 1955//1955 
f 1740//1740 2669//2669 1381//1381 
f 1740//1740 1953//1953 2669//2669 
f 1383//1383 1953//1953 1740//1740 
f 1383//1383 2667//2667 1953//1953 
f 1742//1742 2667//2667 1383//1383 
f 1742//1742 1951//1951 2667//2667 
f 1385//1385 1951//1951 1742//1742 
f 1385//1385 2665//2665 1951//1951 
f 1744//1744 2665//2665 1385//1385 
f 1744//1744 1949//1949 2665//2665 
f 1387//1387 1949//1949 1744//1744 
f 1387//1387 2663//2663 1949//1949 
f 1387//1387 1947//1947 2663//2663 
f 1387//1387 2661//2661 1947//1947 
f 1746//1746 2661//2661 1387//1387 
f 1746//1746 1945//1945 2661//2661 
f 1389//1389 1945//1945 1746//1746 
f 1389//1389 2659//2659 1945//1945 
f 1277//1277 2659//2659 1389//1389 
f 1277//1277 1943//1943 2659//2659 
f 1748//1748 1943//1943 1277//1277 
f 1748//1748 2657//2657 1943//1943 
f 1636//1636 2657//2657 1748//1748 
f 1636//1636 2119//2119 2657//2657 
f 1391//1391 2119//2119 1636//1636 
f 1391//1391 2835//2835 2119//2119 
f 1750//1750 2835//2835 1391//1391 
f 1750//1750 2121//2121 2835//2835 
f 2837//2837 2121//2121 1750//1750 
f 2527//2527 1813//1813 1635//1635 
f 1635//1635 1395//1395 1637//1637 
f 1813//1813 1395//1395 1635//1635 
f 1395//1395 1393//1393 1637//1637 
f 1393//1393 1397//1397 5609//5609 
f 1752//1752 5609//5609 1397//1397 
f 5612//5612 5609//5609 1752//1752 
f 1754//1754 1393//1393 1395//1395 
f 1754//1754 1397//1397 1393//1393 
f 1756//1756 1752//1752 1397//1397 
f 1756//1756 5612//5612 1752//1752 
f 1639//1639 5612//5612 1756//1756 
f 1399//1399 1756//1756 1397//1397 
f 1639//1639 1756//1756 1399//1399 
f 1758//1758 1754//1754 1395//1395 
f 1758//1758 1397//1397 1754//1754 
f 1401//1401 1397//1397 1758//1758 
f 1760//1760 1397//1397 1401//1401 
f 1760//1760 1399//1399 1397//1397 
f 1403//1403 1399//1399 1760//1760 
f 1403//1403 1639//1639 1399//1399 
f 1766//1766 1639//1639 1403//1403 
f 5617//5617 1639//1639 1766//1766 
f 2531//2531 1758//1758 1395//1395 
f 1762//1762 1758//1758 2531//2531 
f 1762//1762 1401//1401 1758//1758 
f 1760//1760 1401//1401 1762//1762 
f 1405//1405 1403//1403 1760//1760 
f 1766//1766 1403//1403 1405//1405 
f 1764//1764 5617//5617 1766//1766 
f 1998//1998 5617//5617 1764//1764 
f 1407//1407 1762//1762 2531//2531 
f 1407//1407 1760//1760 1762//1762 
f 1770//1770 1405//1405 1760//1760 
f 1770//1770 1766//1766 1405//1405 
f 1409//1409 1764//1764 1766//1766 
f 1409//1409 1998//1998 1764//1764 
f 1768//1768 1760//1760 1407//1407 
f 1411//1411 1760//1760 1768//1768 
f 1411//1411 1770//1770 1760//1760 
f 1413//1413 1766//1766 1770//1770 
f 1413//1413 1409//1409 1766//1766 
f 1772//1772 1409//1409 1413//1413 
f 1772//1772 1998//1998 1409//1409 
f 5622//5622 1998//1998 1772//1772 
f 2533//2533 1768//1768 1407//1407 
f 1415//1415 1768//1768 2533//2533 
f 1415//1415 1411//1411 1768//1768 
f 1770//1770 1411//1411 1415//1415 
f 1774//1774 1413//1413 1770//1770 
f 1774//1774 1772//1772 1413//1413 
f 1417//1417 1772//1772 1774//1774 
f 1417//1417 5622//5622 1772//1772 
f 1641//1641 5622//5622 1417//1417 
f 2535//2535 1415//1415 2533//2533 
f 1776//1776 1415//1415 2535//2535 
f 1776//1776 1770//1770 1415//1415 
f 1419//1419 1770//1770 1776//1776 
f 1419//1419 1774//1774 1770//1770 
f 1778//1778 1417//1417 1774//1774 
f 1421//1421 1417//1417 1778//1778 
f 1421//1421 1641//1641 1417//1417 
f 2000//2000 1641//1641 1421//1421 
f 1821//1821 1776//1776 2535//2535 
f 1780//1780 1776//1776 1821//1821 
f 1780//1780 1419//1419 1776//1776 
f 1423//1423 1419//1419 1780//1780 
f 1423//1423 1774//1774 1419//1419 
f 2008//2008 1774//1774 1423//1423 
f 2008//2008 1778//1778 1774//1774 
f 1782//1782 1778//1778 2008//2008 
f 1782//1782 1421//1421 1778//1778 
f 1782//1782 2000//2000 1421//1421 
f 1643//1643 2000//2000 1782//1782 
f 1823//1823 1780//1780 1821//1821 
f 1425//1425 1780//1780 1823//1823 
f 1425//1425 1423//1423 1780//1780 
f 2008//2008 1423//1423 1425//1425 
f 1784//1784 1643//1643 1782//1782 
f 2002//2002 1643//1643 1784//1784 
f 2539//2539 1425//1425 1823//1823 
f 1645//1645 1425//1425 2539//2539 
f 1645//1645 2008//2008 1425//1425 
f 2004//2004 1782//1782 2008//2008 
f 2004//2004 1784//1784 1782//1782 
f 1647//1647 1784//1784 2004//2004 
f 1647//1647 2002//2002 1784//1784 
f 2006//2006 2002//2002 1647//1647 
f 2553//2553 2555//2555 1707//1707 
f 1707//1707 1427//1427 1709//1709 
f 2555//2555 1427//1427 1707//1707 
f 1709//1709 1786//1786 1711//1711 
f 1427//1427 1786//1786 1709//1709 
f 1711//1711 1429//1429 1713//1713 
f 1786//1786 1429//1429 1711//1711 
f 1717//1717 2074//2074 1788//1788 
f 1713//1713 1792//1792 1715//1715 
f 1429//1429 1792//1792 1713//1713 
f 1788//1788 1715//1715 1792//1792 
f 2074//2074 1715//1715 1788//1788 
f 2557//2557 1427//1427 2555//2555 
f 1431//1431 1427//1427 2557//2557 
f 1431//1431 1786//1786 1427//1427 
f 1790//1790 1786//1786 1431//1431 
f 1790//1790 1429//1429 1786//1786 
f 1433//1433 1429//1429 1790//1790 
f 1433//1433 1792//1792 1429//1429 
f 1435//1435 1788//1788 1792//1792 
f 1435//1435 1717//1717 1788//1788 
f 2076//2076 1717//1717 1435//1435 
f 2559//2559 1431//1431 2557//2557 
f 1798//1798 1431//1431 2559//2559 
f 1798//1798 1790//1790 1431//1431 
f 1794//1794 1790//1790 1798//1798 
f 1794//1794 1433//1433 1790//1790 
f 1437//1437 1433//1433 1794//1794 
f 1437//1437 1792//1792 1433//1433 
f 1796//1796 1792//1792 1437//1437 
f 1796//1796 1435//1435 1792//1792 
f 1439//1439 1435//1435 1796//1796 
f 1439//1439 2076//2076 1435//1435 
f 1719//1719 2076//2076 1439//1439 
f 1441//1441 1794//1794 1798//1798 
f 1441//1441 1437//1437 1794//1794 
f 1445//1445 1437//1437 1441//1441 
f 1445//1445 1796//1796 1437//1437 
f 1800//1800 1796//1796 1445//1445 
f 1800//1800 1439//1439 1796//1796 
f 1447//1447 1439//1439 1800//1800 
f 1447//1447 1719//1719 1439//1439 
f 2078//2078 1719//1719 1447//1447 
f 2561//2561 1798//1798 2559//2559 
f 1443//1443 1798//1798 2561//2561 
f 1443//1443 1441//1441 1798//1798 
f 1802//1802 1441//1441 1443//1443 
f 1802//1802 1445//1445 1441//1441 
f 1804//1804 1800//1800 1445//1445 
f 1804//1804 1447//1447 1800//1800 
f 4523//4523 2078//2078 1447//1447 
f 1806//1806 1443//1443 2561//2561 
f 1806//1806 1802//1802 1443//1443 
f 1449//1449 1802//1802 1806//1806 
f 1449//1449 1445//1445 1802//1802 
f 1808//1808 1445//1445 1449//1449 
f 1808//1808 1804//1804 1445//1445 
f 1447//1447 1804//1804 1808//1808 
f 1721//1721 4523//4523 1447//1447 
f 2563//2563 1806//1806 2561//2561 
f 1451//1451 1806//1806 2563//2563 
f 1451//1451 1449//1449 1806//1806 
f 1810//1810 1449//1449 1451//1451 
f 1810//1810 1808//1808 1449//1449 
f 1453//1453 1808//1808 1810//1810 
f 1453//1453 1447//1447 1808//1808 
f 1721//1721 1447//1447 1453//1453 
f 1812//1812 1451//1451 2563//2563 
f 1812//1812 1810//1810 1451//1451 
f 1455//1455 1810//1810 1812//1812 
f 1455//1455 1453//1453 1810//1810 
f 1814//1814 1453//1453 1455//1455 
f 1814//1814 1721//1721 1453//1453 
f 2565//2565 1812//1812 2563//2563 
f 1816//1816 1812//1812 2565//2565 
f 1816//1816 1455//1455 1812//1812 
f 1814//1814 1455//1455 1816//1816 
f 1457//1457 1721//1721 1814//1814 
f 1818//1818 2080//2080 1721//1721 
f 1459//1459 1814//1814 1816//1816 
f 1459//1459 1457//1457 1814//1814 
f 1820//1820 1457//1457 1459//1459 
f 1820//1820 1721//1721 1457//1457 
f 1818//1818 1721//1721 1820//1820 
f 5464//5464 2080//2080 1818//1818 
f 2567//2567 1816//1816 2565//2565 
f 1723//1723 1816//1816 2567//2567 
f 1723//1723 1459//1459 1816//1816 
f 1461//1461 1459//1459 1723//1723 
f 1461//1461 1820//1820 1459//1459 
f 1463//1463 1818//1818 1820//1820 
f 1463//1463 5464//5464 1818//1818 
f 2569//2569 1723//1723 2567//2567 
f 1820//1820 1461//1461 1723//1723 
f 2082//2082 1463//1463 1820//1820 
f 1871//1871 1873//1873 1822//1822 
f 1749//1749 1873//1873 1875//1875 
f 1749//1749 1822//1822 1873//1873 
f 1749//1749 1747//1747 1822//1822 
f 1465//1465 1749//1749 1875//1875 
f 1832//1832 1465//1465 1877//1877 
f 1834//1834 1465//1465 1832//1832 
f 1834//1834 1749//1749 1465//1465 
f 1477//1477 1749//1749 1834//1834 
f 2108//2108 1749//1749 1477//1477 
f 2108//2108 5716//5716 1749//1749 
f 1824//1824 1887//1887 2112//2112 
f 1824//1824 2599//2599 1887//1887 
f 1467//1467 2599//2599 1824//1824 
f 1467//1467 2597//2597 2599//2599 
f 1828//1828 2597//2597 1467//1467 
f 1828//1828 1879//1879 2597//2597 
f 1826//1826 2112//2112 1755//1755 
f 1826//1826 1824//1824 2112//2112 
f 1830//1830 1824//1824 1826//1826 
f 1830//1830 1467//1467 1824//1824 
f 1469//1469 1467//1467 1830//1830 
f 1469//1469 1828//1828 1467//1467 
f 1475//1475 1879//1879 1828//1828 
f 1836//1836 1755//1755 2118//2118 
f 1836//1836 1826//1826 1755//1755 
f 1471//1471 1826//1826 1836//1836 
f 1471//1471 1830//1830 1826//1826 
f 1838//1838 1469//1469 1830//1830 
f 1838//1838 1828//1828 1469//1469 
f 1473//1473 1828//1828 1838//1838 
f 1473//1473 1475//1475 1828//1828 
f 1840//1840 1475//1475 1473//1473 
f 1477//1477 1475//1475 1840//1840 
f 1481//1481 2118//2118 2114//2114 
f 1481//1481 1836//1836 2118//2118 
f 1479//1479 1471//1471 1836//1836 
f 1479//1479 1830//1830 1471//1471 
f 1479//1479 1838//1838 1830//1830 
f 1751//1751 1473//1473 1838//1838 
f 1751//1751 1840//1840 1473//1473 
f 2108//2108 1477//1477 1840//1840 
f 1879//1879 1832//1832 1877//1877 
f 1475//1475 1832//1832 1879//1879 
f 1475//1475 1834//1834 1832//1832 
f 1477//1477 1834//1834 1475//1475 
f 1753//1753 1481//1481 2114//2114 
f 2110//2110 1836//1836 1481//1481 
f 2110//2110 1479//1479 1836//1836 
f 5713//5713 1838//1838 1479//1479 
f 5713//5713 1751//1751 1838//1838 
f 1753//1753 2114//2114 5728//5728 
f 2110//2110 1481//1481 1753//1753 
f 2108//2108 1840//1840 1751//1751 
f 1842//1842 1193//1193 1483//1483 
f 1846//1846 1193//1193 1842//1842 
f 1552//1552 1193//1193 1846//1846 
f 1487//1487 1483//1483 1485//1485 
f 1487//1487 1842//1842 1483//1483 
f 1846//1846 1842//1842 1487//1487 
f 1487//1487 1485//1485 1844//1844 
f 1489//1489 1552//1552 1846//1846 
f 1489//1489 1195//1195 1552//1552 
f 1848//1848 1844//1844 1493//1493 
f 1491//1491 1844//1844 1848//1848 
f 1491//1491 1487//1487 1844//1844 
f 1850//1850 1846//1846 1487//1487 
f 1852//1852 1846//1846 1850//1850 
f 1852//1852 1489//1489 1846//1846 
f 1495//1495 1489//1489 1852//1852 
f 1495//1495 1195//1195 1489//1489 
f 1554//1554 1195//1195 1495//1495 
f 1854//1854 1848//1848 1493//1493 
f 1854//1854 1491//1491 1848//1848 
f 1497//1497 1491//1491 1854//1854 
f 1497//1497 1487//1487 1491//1491 
f 1850//1850 1487//1487 1497//1497 
f 1197//1197 1554//1554 1495//1495 
f 1856//1856 1850//1850 1497//1497 
f 1856//1856 1852//1852 1850//1850 
f 1499//1499 1495//1495 1852//1852 
f 1858//1858 1495//1495 1499//1499 
f 1858//1858 1197//1197 1495//1495 
f 1556//1556 1197//1197 1858//1858 
f 1939//1939 1854//1854 1493//1493 
f 1497//1497 1854//1854 1939//1939 
f 1501//1501 1856//1856 1497//1497 
f 1860//1860 1856//1856 1501//1501 
f 1860//1860 1852//1852 1856//1856 
f 1860//1860 1499//1499 1852//1852 
f 1503//1503 1499//1499 1860//1860 
f 1503//1503 1858//1858 1499//1499 
f 1199//1199 1858//1858 1503//1503 
f 1199//1199 1556//1556 1858//1858 
f 1505//1505 1497//1497 1939//1939 
f 1505//1505 1501//1501 1497//1497 
f 1862//1862 1501//1501 1505//1505 
f 1862//1862 1860//1860 1501//1501 
f 1507//1507 1503//1503 1860//1860 
f 1507//1507 1199//1199 1503//1503 
f 1509//1509 1862//1862 1505//1505 
f 1509//1509 1860//1860 1862//1862 
f 1864//1864 1860//1860 1509//1509 
f 1864//1864 1507//1507 1860//1860 
f 1866//1866 1199//1199 1507//1507 
f 1866//1866 1558//1558 1199//1199 
f 1201//1201 1558//1558 1866//1866 
f 1870//1870 1864//1864 1509//1509 
f 1870//1870 1507//1507 1864//1864 
f 1513//1513 1507//1507 1870//1870 
f 1868//1868 1507//1507 1513//1513 
f 1868//1868 1866//1866 1507//1507 
f 1515//1515 1866//1866 1868//1868 
f 1515//1515 1201//1201 1866//1866 
f 1511//1511 1509//1509 1505//1505 
f 1519//1519 1870//1870 1509//1509 
f 1872//1872 1868//1868 1513//1513 
f 1872//1872 1515//1515 1868//1868 
f 1560//1560 1201//1201 1515//1515 
f 1876//1876 1511//1511 1505//1505 
f 1876//1876 1509//1509 1511//1511 
f 1519//1519 1509//1509 1876//1876 
f 1874//1874 1872//1872 1513//1513 
f 1517//1517 1872//1872 1874//1874 
f 1517//1517 1515//1515 1872//1872 
f 1203//1203 1515//1515 1517//1517 
f 1203//1203 1560//1560 1515//1515 
f 1878//1878 1870//1870 1519//1519 
f 1878//1878 1513//1513 1870//1870 
f 1874//1874 1513//1513 1878//1878 
f 1521//1521 1517//1517 1874//1874 
f 1525//1525 1517//1517 1521//1521 
f 1525//1525 1203//1203 1517//1517 
f 1880//1880 1519//1519 1876//1876 
f 1878//1878 1519//1519 1880//1880 
f 1523//1523 1874//1874 1878//1878 
f 1882//1882 1874//1874 1523//1523 
f 1882//1882 1521//1521 1874//1874 
f 1884//1884 1521//1521 1882//1882 
f 1884//1884 1525//1525 1521//1521 
f 1886//1886 1203//1203 1525//1525 
f 1886//1886 1562//1562 1203//1203 
f 1523//1523 1878//1878 1880//1880 
f 1527//1527 1525//1525 1884//1884 
f 1527//1527 1886//1886 1525//1525 
f 1205//1205 1562//1562 1886//1886 
f 1890//1890 1523//1523 1880//1880 
f 1890//1890 1882//1882 1523//1523 
f 1529//1529 1882//1882 1890//1890 
f 1529//1529 1884//1884 1882//1882 
f 1888//1888 1886//1886 1527//1527 
f 1531//1531 1886//1886 1888//1888 
f 1531//1531 1205//1205 1886//1886 
f 1564//1564 1205//1205 1531//1531 
f 4359//4359 1890//1890 1880//1880 
f 1937//1937 1529//1529 1890//1890 
f 1937//1937 1884//1884 1529//1529 
f 1533//1533 1884//1884 1937//1937 
f 1533//1533 1527//1527 1884//1884 
f 1892//1892 1888//1888 1527//1527 
f 1892//1892 1531//1531 1888//1888 
f 1564//1564 1531//1531 1892//1892 
f 1935//1935 1533//1533 1937//1937 
f 1935//1935 1527//1527 1533//1533 
f 2649//2649 1527//1527 1935//1935 
f 2649//2649 1892//1892 1527//1527 
f 2649//2649 1564//1564 1892//1892 
f 1933//1933 1564//1564 2649//2649 
f 1933//1933 1207//1207 1564//1564 
f 1566//1566 1207//1207 1933//1933 
f 1535//1535 2645//2645 1929//1929 
f 1535//1535 1568//1568 2645//2645 
f 1211//1211 1568//1568 1535//1535 
f 1894//1894 1929//1929 1927//1927 
f 1894//1894 1535//1535 1929//1929 
f 1570//1570 1211//1211 1535//1535 
f 1539//1539 1927//1927 1896//1896 
f 1539//1539 1894//1894 1927//1927 
f 1537//1537 1535//1535 1894//1894 
f 1537//1537 1570//1570 1535//1535 
f 1543//1543 1894//1894 1539//1539 
f 1543//1543 1537//1537 1894//1894 
f 1902//1902 1537//1537 1543//1543 
f 1902//1902 1570//1570 1537//1537 
f 1213//1213 1570//1570 1902//1902 
f 1541//1541 1896//1896 1898//1898 
f 1541//1541 1539//1539 1896//1896 
f 1900//1900 1539//1539 1541//1541 
f 1900//1900 1543//1543 1539//1539 
f 1572//1572 1213//1213 1902//1902 
f 1545//1545 1923//1923 1921//1921 
f 1545//1545 1898//1898 1923//1923 
f 1904//1904 1898//1898 1545//1545 
f 1904//1904 1541//1541 1898//1898 
f 1547//1547 1541//1541 1904//1904 
f 1547//1547 1900//1900 1541//1541 
f 1906//1906 1900//1900 1547//1547 
f 1906//1906 1543//1543 1900//1900 
f 1549//1549 1543//1543 1906//1906 
f 1549//1549 1902//1902 1543//1543 
f 1914//1914 1902//1902 1549//1549 
f 1914//1914 1572//1572 1902//1902 
f 1215//1215 1572//1572 1914//1914 
f 1908//1908 1921//1921 1919//1919 
f 1908//1908 1545//1545 1921//1921 
f 1551//1551 1545//1545 1908//1908 
f 1551//1551 1904//1904 1545//1545 
f 1910//1910 1904//1904 1551//1551 
f 1910//1910 1547//1547 1904//1904 
f 1553//1553 1547//1547 1910//1910 
f 1553//1553 1906//1906 1547//1547 
f 1912//1912 1906//1906 1553//1553 
f 1912//1912 1549//1549 1906//1906 
f 1555//1555 1549//1549 1912//1912 
f 1555//1555 1914//1914 1549//1549 
f 1574//1574 1215//1215 1914//1914 
f 2633//2633 1908//1908 1919//1919 
f 1557//1557 1908//1908 2633//2633 
f 1557//1557 1551//1551 1908//1908 
f 1916//1916 1551//1551 1557//1557 
f 1916//1916 1910//1910 1551//1551 
f 1559//1559 1910//1910 1916//1916 
f 1559//1559 1553//1553 1910//1910 
f 1918//1918 1553//1553 1559//1559 
f 1918//1918 1912//1912 1553//1553 
f 1561//1561 1912//1912 1918//1918 
f 1561//1561 1555//1555 1912//1912 
f 1920//1920 1555//1555 1561//1561 
f 1920//1920 1914//1914 1555//1555 
f 1567//1567 1914//1914 1920//1920 
f 1567//1567 1574//1574 1914//1914 
f 1917//1917 1557//1557 2633//2633 
f 1563//1563 1557//1557 1917//1917 
f 1563//1563 1916//1916 1557//1557 
f 1922//1922 1916//1916 1563//1563 
f 1922//1922 1559//1559 1916//1916 
f 1565//1565 1559//1559 1922//1922 
f 1565//1565 1918//1918 1559//1559 
f 1924//1924 1918//1918 1565//1565 
f 1924//1924 1561//1561 1918//1918 
f 1930//1930 1561//1561 1924//1924 
f 1930//1930 1920//1920 1561//1561 
f 1573//1573 1920//1920 1930//1930 
f 1573//1573 1567//1567 1920//1920 
f 1217//1217 1574//1574 1567//1567 
f 2631//2631 1563//1563 1917//1917 
f 1926//1926 1563//1563 2631//2631 
f 1926//1926 1922//1922 1563//1563 
f 1569//1569 1922//1922 1926//1926 
f 1569//1569 1565//1565 1922//1922 
f 1928//1928 1565//1565 1569//1569 
f 1928//1928 1924//1924 1565//1565 
f 1571//1571 1924//1924 1928//1928 
f 1571//1571 1930//1930 1924//1924 
f 1938//1938 1567//1567 1573//1573 
f 1938//1938 1217//1217 1567//1567 
f 1915//1915 1926//1926 2631//2631 
f 1932//1932 1926//1926 1915//1915 
f 1932//1932 1569//1569 1926//1926 
f 1575//1575 1569//1569 1932//1932 
f 1575//1575 1928//1928 1569//1569 
f 1934//1934 1928//1928 1575//1575 
f 1934//1934 1571//1571 1928//1928 
f 1577//1577 1571//1571 1934//1934 
f 1577//1577 1930//1930 1571//1571 
f 1936//1936 1930//1930 1577//1577 
f 1936//1936 1573//1573 1930//1930 
f 1579//1579 1573//1573 1936//1936 
f 1579//1579 1938//1938 1573//1573 
f 1576//1576 1217//1217 1938//1938 
f 2629//2629 1932//1932 1915//1915 
f 1581//1581 1932//1932 2629//2629 
f 1581//1581 1575//1575 1932//1932 
f 1940//1940 1575//1575 1581//1581 
f 1940//1940 1934//1934 1575//1575 
f 1583//1583 1934//1934 1940//1940 
f 1583//1583 1577//1577 1934//1934 
f 1946//1946 1577//1577 1583//1583 
f 1946//1946 1936//1936 1577//1577 
f 1942//1942 1936//1936 1946//1946 
f 1942//1942 1579//1579 1936//1936 
f 1589//1589 1579//1579 1942//1942 
f 1589//1589 1938//1938 1579//1579 
f 1948//1948 1938//1938 1589//1589 
f 1948//1948 1576//1576 1938//1938 
f 1219//1219 1576//1576 1948//1948 
f 1913//1913 1581//1581 2629//2629 
f 1585//1585 1581//1581 1913//1913 
f 1585//1585 1940//1940 1581//1581 
f 1944//1944 1940//1940 1585//1585 
f 1944//1944 1583//1583 1940//1940 
f 1587//1587 1583//1583 1944//1944 
f 1587//1587 1946//1946 1583//1583 
f 1595//1595 1942//1942 1946//1946 
f 1595//1595 1589//1589 1942//1942 
f 2627//2627 1585//1585 1913//1913 
f 1591//1591 1585//1585 2627//2627 
f 1591//1591 1944//1944 1585//1585 
f 1950//1950 1944//1944 1591//1591 
f 1950//1950 1587//1587 1944//1944 
f 1593//1593 1587//1587 1950//1950 
f 1593//1593 1946//1946 1587//1587 
f 1952//1952 1946//1946 1593//1593 
f 1952//1952 1595//1595 1946//1946 
f 1954//1954 1589//1589 1595//1595 
f 1954//1954 1948//1948 1589//1589 
f 1597//1597 1948//1948 1954//1954 
f 1597//1597 1219//1219 1948//1948 
f 1578//1578 1219//1219 1597//1597 
f 1911//1911 1591//1591 2627//2627 
f 1956//1956 1591//1591 1911//1911 
f 1956//1956 1950//1950 1591//1591 
f 1599//1599 1950//1950 1956//1956 
f 1599//1599 1593//1593 1950//1950 
f 1958//1958 1593//1593 1599//1599 
f 1958//1958 1952//1952 1593//1593 
f 1601//1601 1952//1952 1958//1958 
f 1601//1601 1595//1595 1952//1952 
f 1960//1960 1595//1595 1601//1601 
f 1960//1960 1954//1954 1595//1595 
f 1609//1609 1954//1954 1960//1960 
f 1609//1609 1597//1597 1954//1954 
f 1603//1603 1597//1597 1609//1609 
f 1603//1603 1578//1578 1597//1597 
f 2625//2625 1956//1956 1911//1911 
f 1962//1962 1956//1956 2625//2625 
f 1962//1962 1599//1599 1956//1956 
f 1605//1605 1599//1599 1962//1962 
f 1605//1605 1958//1958 1599//1599 
f 1964//1964 1958//1958 1605//1605 
f 1964//1964 1601//1601 1958//1958 
f 1607//1607 1601//1601 1964//1964 
f 1607//1607 1960//1960 1601//1601 
f 1966//1966 1960//1960 1607//1607 
f 1966//1966 1609//1609 1960//1960 
f 1615//1615 1603//1603 1609//1609 
f 1615//1615 1578//1578 1603//1603 
f 1221//1221 1578//1578 1615//1615 
f 1909//1909 1962//1962 2625//2625 
f 1968//1968 1962//1962 1909//1909 
f 1968//1968 1605//1605 1962//1962 
f 1611//1611 1605//1605 1968//1968 
f 1611//1611 1964//1964 1605//1605 
f 1970//1970 1964//1964 1611//1611 
f 1970//1970 1607//1607 1964//1964 
f 1613//1613 1607//1607 1970//1970 
f 1613//1613 1966//1966 1607//1607 
f 1976//1976 1966//1966 1613//1613 
f 1976//1976 1609//1609 1966//1966 
f 1972//1972 1609//1609 1976//1976 
f 1972//1972 1615//1615 1609//1609 
f 1974//1974 1968//1968 1909//1909 
f 1974//1974 1611//1611 1968//1968 
f 2621//2621 1611//1611 1974//1974 
f 2621//2621 1970//1970 1611//1611 
f 1905//1905 1970//1970 2621//2621 
f 1905//1905 1613//1613 1970//1970 
f 1617//1617 1613//1613 1905//1905 
f 1617//1617 1976//1976 1613//1613 
f 1899//1899 1972//1972 1976//1976 
f 1899//1899 1615//1615 1972//1972 
f 1897//1897 1615//1615 1899//1899 
f 1897//1897 1221//1221 1615//1615 
f 1580//1580 1221//1221 1897//1897 
f 2623//2623 1974//1974 4815//4815 
f 2623//2623 2621//2621 1974//1974 
f 1903//1903 1617//1617 1905//1905 
f 1903//1903 1976//1976 1617//1617 
f 1901//1901 1976//1976 1903//1903 
f 1901//1901 1899//1899 1976//1976 
f 2607//2607 1584//1584 1225//1225 
f 2607//2607 1227//1227 1584//1584 
f 2605//2605 1227//1227 2607//2607 
f 2605//2605 2601//2601 1227//1227 
f 2603//2603 2601//2601 2605//2605 
f 1885//1885 1586//1586 2601//2601 
f 1885//1885 1229//1229 1586//1586 
f 1883//1883 1229//1229 1885//1885 
f 1881//1881 1229//1229 1883//1883 
f 1881//1881 1588//1588 1229//1229 
f 2595//2595 1588//1588 1881//1881 
f 2595//2595 1231//1231 1588//1588 
f 2593//2593 1231//1231 2595//2595 
f 2591//2591 1231//1231 2593//2593 
f 2591//2591 1590//1590 1231//1231 
f 2589//2589 1590//1590 2591//2591 
f 2589//2589 1233//1233 1590//1590 
f 2587//2587 1233//1233 2589//2589 
f 2587//2587 1592//1592 1233//1233 
f 2585//2585 1592//1592 2587//2587 
f 2585//2585 1235//1235 1592//1592 
f 1867//1867 1235//1235 2585//2585 
f 1867//1867 1594//1594 1235//1235 
f 2581//2581 1594//1594 1867//1867 
f 2579//2579 1594//1594 2581//2581 
f 2579//2579 1237//1237 1594//1594 
f 2577//2577 1237//1237 2579//2579 
f 2575//2575 1237//1237 2577//2577 
f 1596//1596 1237//1237 2575//2575 
f 1857//1857 1596//1596 2575//2575 
f 1239//1239 1596//1596 1857//1857 
f 2571//2571 1239//1239 1857//1857 
f 1598//1598 1239//1239 2571//2571 
f 1853//1853 1598//1598 2571//2571 
f 1241//1241 1598//1598 1853//1853 
f 1600//1600 1241//1241 1853//1853 
f 1851//1851 1600//1600 1853//1853 
f 2143//2143 1600//1600 1851//1851 
f 1849//1849 2143//2143 1851//1851 
f 2501//2501 2143//2143 1849//1849 
f 1847//1847 2501//2501 1849//1849 
f 2141//2141 2501//2501 1847//1847 
f 1845//1845 2141//2141 1847//1847 
f 2855//2855 2141//2141 1845//1845 
f 1843//1843 2855//2855 1845//1845 
f 2139//2139 2855//2855 1843//1843 
f 1841//1841 2139//2139 1843//1843 
f 2853//2853 2139//2139 1841//1841 
f 1839//1839 2853//2853 1841//1841 
f 2137//2137 2853//2853 1839//1839 
f 2551//2551 2137//2137 1839//1839 
f 2851//2851 2137//2137 2551//2551 
f 2135//2135 2851//2851 2551//2551 
f 1833//1833 2135//2135 2551//2551 
f 2849//2849 2135//2135 1833//1833 
f 2547//2547 2849//2849 1833//1833 
f 2133//2133 2849//2849 2547//2547 
f 1829//1829 2847//2847 2133//2133 
f 1825//1825 2131//2131 1827//1827 
f 1825//1825 2845//2845 2131//2131 
f 2537//2537 2845//2845 1825//1825 
f 2537//2537 1819//1819 2845//2845 
f 1815//1815 2129//2129 1817//1817 
f 1815//1815 2843//2843 2129//2129 
f 2529//2529 2843//2843 1815//1815 
f 1811//1811 2841//2841 2127//2127 
f 1811//1811 2125//2125 2841//2841 
f 2839//2839 2125//2125 1811//1811 
f 2655//2655 2123//2123 2839//2839 
f 2655//2655 1550//1550 2123//2123 
f 1978//1978 1619//1619 1941//1941 
f 1621//1621 1619//1619 1978//1978 
f 1980//1980 1619//1619 1621//1621 
f 1980//1980 5599//5599 1619//1619 
f 5600//5600 5599//5599 1980//1980 
f 1978//1978 1941//1941 1986//1986 
f 1623//1623 1621//1621 1978//1978 
f 1982//1982 1621//1621 1623//1623 
f 1982//1982 1980//1980 1621//1621 
f 1625//1625 1980//1980 1982//1982 
f 1625//1625 5600//5600 1980//1980 
f 4317//4317 5600//5600 1625//1625 
f 1986//1986 1623//1623 1978//1978 
f 1982//1982 1623//1623 1986//1986 
f 1984//1984 1625//1625 1982//1982 
f 1627//1627 1625//1625 1984//1984 
f 1627//1627 4317//4317 1625//1625 
f 5604//5604 4317//4317 1627//1627 
f 1629//1629 1982//1982 1986//1986 
f 1629//1629 1984//1984 1982//1982 
f 1988//1988 1984//1984 1629//1629 
f 1988//1988 1627//1627 1984//1984 
f 5604//5604 1627//1627 1988//1988 
f 2655//2655 1986//1986 1483//1483 
f 1809//1809 1986//1986 2655//2655 
f 2525//2525 1986//1986 1809//1809 
f 1631//1631 1986//1986 2525//2525 
f 1631//1631 1629//1629 1986//1986 
f 1994//1994 1629//1629 1631//1631 
f 1994//1994 1988//1988 1629//1629 
f 1990//1990 1988//1988 1994//1994 
f 1990//1990 5604//5604 1988//1988 
f 5609//5609 5606//5606 5604//5604 
f 5608//5608 5606//5606 5609//5609 
f 1633//1633 5604//5604 1990//1990 
f 5609//5609 5604//5604 1633//1633 
f 1992//1992 1631//1631 2525//2525 
f 1992//1992 1994//1994 1631//1631 
f 1637//1637 1990//1990 1994//1994 
f 1637//1637 1633//1633 1990//1990 
f 1996//1996 1633//1633 1637//1637 
f 1996//1996 5609//5609 1633//1633 
f 2527//2527 1992//1992 2525//2525 
f 1635//1635 1992//1992 2527//2527 
f 1635//1635 1994//1994 1992//1992 
f 1637//1637 1994//1994 1635//1635 
f 1393//1393 1996//1996 1637//1637 
f 5609//5609 1996//1996 1393//1393 
f 1639//1639 5614//5614 5612//5612 
f 1639//1639 5616//5616 5614//5614 
f 5617//5617 5616//5616 1639//1639 
f 5622//5622 4315//4315 1998//1998 
f 1641//1641 5624//5624 5622//5622 
f 2000//2000 5624//5624 1641//1641 
f 2000//2000 5626//5626 5624//5624 
f 1643//1643 5626//5626 2000//2000 
f 1643//1643 5628//5628 5626//5626 
f 2002//2002 5628//5628 1643//1643 
f 2002//2002 5630//5630 5628//5628 
f 2006//2006 5630//5630 2002//2002 
f 2541//2541 1645//1645 2539//2539 
f 1649//1649 1645//1645 2541//2541 
f 1649//1649 2008//2008 1645//1645 
f 1651//1651 2004//2004 2008//2008 
f 2010//2010 2004//2004 1651//1651 
f 2010//2010 1647//1647 2004//2004 
f 1653//1653 1647//1647 2010//2010 
f 1653//1653 2006//2006 1647//1647 
f 2012//2012 2006//2006 1653//1653 
f 2012//2012 5630//5630 2006//2006 
f 5632//5632 5630//5630 2012//2012 
f 1655//1655 1649//1649 2541//2541 
f 1655//1655 2008//2008 1649//1649 
f 2014//2014 2008//2008 1655//1655 
f 2014//2014 1651//1651 2008//2008 
f 1657//1657 1651//1651 2014//2014 
f 1657//1657 2010//2010 1651//1651 
f 2016//2016 2010//2010 1657//1657 
f 2016//2016 1653//1653 2010//2010 
f 1659//1659 1653//1653 2016//2016 
f 1659//1659 2012//2012 1653//1653 
f 2018//2018 2012//2012 1659//1659 
f 2018//2018 5632//5632 2012//2012 
f 5634//5634 5632//5632 2018//2018 
f 2024//2024 2014//2014 1655//1655 
f 1661//1661 2014//2014 2024//2024 
f 1661//1661 1657//1657 2014//2014 
f 2020//2020 1657//1657 1661//1661 
f 2020//2020 2016//2016 1657//1657 
f 1663//1663 2016//2016 2020//2020 
f 1663//1663 1659//1659 2016//2016 
f 2022//2022 1659//1659 1663//1663 
f 2022//2022 2018//2018 1659//1659 
f 1665//1665 2018//2018 2022//2022 
f 1665//1665 5634//5634 2018//2018 
f 5636//5636 5634//5634 1665//1665 
f 1667//1667 1661//1661 2024//2024 
f 1667//1667 2020//2020 1661//1661 
f 2026//2026 2020//2020 1667//1667 
f 2026//2026 1663//1663 2020//2020 
f 1669//1669 1663//1663 2026//2026 
f 1669//1669 2022//2022 1663//1663 
f 2028//2028 2022//2022 1669//1669 
f 2028//2028 1665//1665 2022//2022 
f 1671//1671 1665//1665 2028//2028 
f 1671//1671 5636//5636 1665//1665 
f 4313//4313 5636//5636 1671//1671 
f 2543//2543 2024//2024 1655//1655 
f 2030//2030 2024//2024 2543//2543 
f 2030//2030 1667//1667 2024//2024 
f 1673//1673 1667//1667 2030//2030 
f 1673//1673 2026//2026 1667//1667 
f 2032//2032 2026//2026 1673//1673 
f 2032//2032 1669//1669 2026//2026 
f 1675//1675 1669//1669 2032//2032 
f 1675//1675 2028//2028 1669//1669 
f 2034//2034 2028//2028 1675//1675 
f 2034//2034 1671//1671 2028//2028 
f 1677//1677 1671//1671 2034//2034 
f 1677//1677 4313//4313 1671//1671 
f 5640//5640 4313//4313 1677//1677 
f 2545//2545 2030//2030 2543//2543 
f 2036//2036 2030//2030 2545//2545 
f 2036//2036 1673//1673 2030//2030 
f 1679//1679 1673//1673 2036//2036 
f 1679//1679 2032//2032 1673//1673 
f 2038//2038 2032//2032 1679//1679 
f 2038//2038 1675//1675 2032//2032 
f 1681//1681 1675//1675 2038//2038 
f 1681//1681 2034//2034 1675//1675 
f 2040//2040 2034//2034 1681//1681 
f 2040//2040 1677//1677 2034//2034 
f 1683//1683 1677//1677 2040//2040 
f 1683//1683 5640//5640 1677//1677 
f 5642//5642 5640//5640 1683//1683 
f 1831//1831 2036//2036 2545//2545 
f 2042//2042 2036//2036 1831//1831 
f 2042//2042 1679//1679 2036//2036 
f 1685//1685 1679//1679 2042//2042 
f 1685//1685 2038//2038 1679//1679 
f 2044//2044 2038//2038 1685//1685 
f 2044//2044 1681//1681 2038//2038 
f 1687//1687 1681//1681 2044//2044 
f 1687//1687 2040//2040 1681//1681 
f 2046//2046 2040//2040 1687//1687 
f 2046//2046 1683//1683 2040//2040 
f 1689//1689 1683//1683 2046//2046 
f 1689//1689 5642//5642 1683//1683 
f 5644//5644 5642//5642 1689//1689 
f 2549//2549 2042//2042 1831//1831 
f 2048//2048 2042//2042 2549//2549 
f 2048//2048 1685//1685 2042//2042 
f 1691//1691 1685//1685 2048//2048 
f 1691//1691 2044//2044 1685//1685 
f 2050//2050 2044//2044 1691//1691 
f 2050//2050 1687//1687 2044//2044 
f 1693//1693 1687//1687 2050//2050 
f 1693//1693 2046//2046 1687//1687 
f 2052//2052 2046//2046 1693//1693 
f 2052//2052 1689//1689 2046//2046 
f 1695//1695 1689//1689 2052//2052 
f 1695//1695 5644//5644 1689//1689 
f 5646//5646 5644//5644 1695//1695 
f 1701//1701 2048//2048 2549//2549 
f 1701//1701 1691//1691 2048//2048 
f 2054//2054 1691//1691 1701//1701 
f 2054//2054 2050//2050 1691//1691 
f 1697//1697 2050//2050 2054//2054 
f 1697//1697 1693//1693 2050//2050 
f 2056//2056 1693//1693 1697//1697 
f 2056//2056 2052//2052 1693//1693 
f 1699//1699 2052//2052 2056//2056 
f 1699//1699 1695//1695 2052//2052 
f 2058//2058 1695//1695 1699//1699 
f 2058//2058 5646//5646 1695//1695 
f 5648//5648 5646//5646 2058//2058 
f 1835//1835 1701//1701 2549//2549 
f 2060//2060 2054//2054 1701//1701 
f 2060//2060 1697//1697 2054//2054 
f 1703//1703 1697//1697 2060//2060 
f 1703//1703 2056//2056 1697//1697 
f 2062//2062 2056//2056 1703//1703 
f 2062//2062 1699//1699 2056//2056 
f 1705//1705 1699//1699 2062//2062 
f 1705//1705 2058//2058 1699//1699 
f 2064//2064 2058//2058 1705//1705 
f 2064//2064 5648//5648 2058//2058 
f 5650//5650 5648//5648 2064//2064 
f 1837//1837 1701//1701 1835//1835 
f 1707//1707 1701//1701 1837//1837 
f 1707//1707 2060//2060 1701//1701 
f 2066//2066 2060//2060 1707//1707 
f 2066//2066 1703//1703 2060//2060 
f 2068//2068 1703//1703 2066//2066 
f 2068//2068 2062//2062 1703//1703 
f 2070//2070 2062//2062 2068//2068 
f 2070//2070 1705//1705 2062//2062 
f 2072//2072 1705//1705 2070//2070 
f 2072//2072 2064//2064 1705//1705 
f 5652//5652 2064//2064 2072//2072 
f 5652//5652 5650//5650 2064//2064 
f 2553//2553 1707//1707 1837//1837 
f 1709//1709 2066//2066 1707//1707 
f 1709//1709 2068//2068 2066//2066 
f 1711//1711 2068//2068 1709//1709 
f 1711//1711 2070//2070 2068//2068 
f 1713//1713 2070//2070 1711//1711 
f 1713//1713 2072//2072 2070//2070 
f 1715//1715 2072//2072 1713//1713 
f 1715//1715 5652//5652 2072//2072 
f 2074//2074 5652//5652 1715//1715 
f 1717//1717 5652//5652 2074//2074 
f 1717//1717 5653//5653 5652//5652 
f 2076//2076 5653//5653 1717//1717 
f 2076//2076 5655//5655 5653//5653 
f 1719//1719 5655//5655 2076//2076 
f 1719//1719 4896//4896 5655//5655 
f 2078//2078 4896//4896 1719//1719 
f 2078//2078 5469//5469 4896//4896 
f 4523//4523 5469//5469 2078//2078 
f 1721//1721 5705//5705 4523//4523 
f 1721//1721 2080//2080 5705//5705 
f 5464//5464 5467//5467 2080//2080 
f 2084//2084 1723//1723 2569//2569 
f 2084//2084 1820//1820 1723//1723 
f 2082//2082 1820//1820 2084//2084 
f 2086//2086 1463//1463 2082//2082 
f 2086//2086 5464//5464 1463//1463 
f 1725//1725 5464//5464 2086//2086 
f 5708//5708 5464//5464 1725//1725 
f 1855//1855 2084//2084 2569//2569 
f 2086//2086 2082//2082 2084//2084 
f 1731//1731 5708//5708 1725//1725 
f 5703//5703 5708//5708 1731//1731 
f 2573//2573 2084//2084 1855//1855 
f 1727//1727 2084//2084 2573//2573 
f 1727//1727 2086//2086 2084//2084 
f 1731//1731 1725//1725 2086//2086 
f 1729//1729 1727//1727 2573//2573 
f 1729//1729 2086//2086 1727//1727 
f 2088//2088 2086//2086 1729//1729 
f 2092//2092 2086//2086 2088//2088 
f 2092//2092 1731//1731 2086//2086 
f 2090//2090 5703//5703 1731//1731 
f 5711//5711 5703//5703 2090//2090 
f 1859//1859 1729//1729 2573//2573 
f 1733//1733 1729//1729 1859//1859 
f 1733//1733 2088//2088 1729//1729 
f 2092//2092 2088//2088 1733//1733 
f 2090//2090 1731//1731 2092//2092 
f 1735//1735 5711//5711 2090//2090 
f 1861//1861 1733//1733 1859//1859 
f 2094//2094 1733//1733 1861//1861 
f 2094//2094 2092//2092 1733//1733 
f 1737//1737 2092//2092 2094//2094 
f 1737//1737 2090//2090 2092//2092 
f 1741//1741 2090//2090 1737//1737 
f 1741//1741 1735//1735 2090//2090 
f 2096//2096 1735//1735 1741//1741 
f 2096//2096 5711//5711 1735//1735 
f 5471//5471 5711//5711 2096//2096 
f 1863//1863 2094//2094 1861//1861 
f 4518//4518 5471//5471 2096//2096 
f 1865//1865 2094//2094 1863//1863 
f 1739//1739 2094//2094 1865//1865 
f 1739//1739 1737//1737 2094//2094 
f 2098//2098 1737//1737 1739//1739 
f 2098//2098 1741//1741 1737//1737 
f 2100//2100 1739//1739 1865//1865 
f 2100//2100 2098//2098 1739//1739 
f 1743//1743 2098//2098 2100//2100 
f 1743//1743 1741//1741 2098//2098 
f 2096//2096 1741//1741 1743//1743 
f 2102//2102 4518//4518 2096//2096 
f 2583//2583 2100//2100 1865//1865 
f 1745//1745 2100//2100 2583//2583 
f 1745//1745 1743//1743 2100//2100 
f 2106//2106 1743//1743 1745//1745 
f 2106//2106 2096//2096 1743//1743 
f 2104//2104 2096//2096 2106//2106 
f 2104//2104 2102//2102 2096//2096 
f 1747//1747 2102//2102 2104//2104 
f 1747//1747 4518//4518 2102//2102 
f 5716//5716 4518//4518 1747//1747 
f 2106//2106 1745//1745 2583//2583 
f 1869//1869 2106//2106 2583//2583 
f 1822//1822 2104//2104 2106//2106 
f 1822//1822 1747//1747 2104//2104 
f 1871//1871 2106//2106 1869//1869 
f 1822//1822 2106//2106 1871//1871 
f 1749//1749 5716//5716 1747//1747 
f 2108//2108 5473//5473 5716//5716 
f 1751//1751 4514//4514 2108//2108 
f 1751//1751 4510//4510 4514//4514 
f 5713//5713 4510//4510 1751//1751 
f 1479//1479 5719//5719 5713//5713 
f 1479//1479 5721//5721 5719//5719 
f 2110//2110 5721//5721 1479//1479 
f 1757//1757 2112//2112 1887//1887 
f 1757//1757 1755//1755 2112//2112 
f 2118//2118 1755//1755 1757//1757 
f 2116//2116 5728//5728 2114//2114 
f 5737//5737 5728//5728 2116//2116 
f 1889//1889 1757//1757 1887//1887 
f 1759//1759 1757//1757 1889//1889 
f 1759//1759 2118//2118 1757//1757 
f 1761//1761 5737//5737 2116//2116 
f 5746//5746 5737//5737 1761//1761 
f 4822//4822 5737//5737 5746//5746 
f 2120//2120 1759//1759 1889//1889 
f 2120//2120 2118//2118 1759//1759 
f 1763//1763 2118//2118 2120//2120 
f 1763//1763 2114//2114 2118//2118 
f 2122//2122 2114//2114 1763//1763 
f 2122//2122 2116//2116 2114//2114 
f 1767//1767 2116//2116 2122//2122 
f 1767//1767 1761//1761 2116//2116 
f 1765//1765 1763//1763 2120//2120 
f 2124//2124 1763//1763 1765//1765 
f 2124//2124 2122//2122 1763//1763 
f 1767//1767 2122//2122 2124//2124 
f 2130//2130 1761//1761 1767//1767 
f 2130//2130 5746//5746 1761//1761 
f 2126//2126 5746//5746 2130//2130 
f 1891//1891 1765//1765 2120//2120 
f 1769//1769 1765//1765 1891//1891 
f 1769//1769 2124//2124 1765//1765 
f 2128//2128 2124//2124 1769//1769 
f 2128//2128 1767//1767 2124//2124 
f 1771//1771 2130//2130 1767//1767 
f 1775//1775 2126//2126 2130//2130 
f 1775//1775 5746//5746 2126//2126 
f 5748//5748 5746//5746 1775//1775 
f 1777//1777 2128//2128 1769//1769 
f 1773//1773 2128//2128 1777//1777 
f 1773//1773 1767//1767 2128//2128 
f 2132//2132 1767//1767 1773//1773 
f 2132//2132 1771//1771 1767//1767 
f 1779//1779 1771//1771 2132//2132 
f 1779//1779 2130//2130 1771//1771 
f 1775//1775 2130//2130 1779//1779 
f 2134//2134 5748//5748 1775//1775 
f 5749//5749 5748//5748 2134//2134 
f 2609//2609 1769//1769 1893//1893 
f 2609//2609 1777//1777 1769//1769 
f 2136//2136 1773//1773 1777//1777 
f 2136//2136 2132//2132 1773//1773 
f 2138//2138 2132//2132 2136//2136 
f 2138//2138 1779//1779 2132//2132 
f 1895//1895 1777//1777 2609//2609 
f 2140//2140 1777//1777 1895//1895 
f 2140//2140 2136//2136 1777//1777 
f 2138//2138 2136//2136 2140//2140 
f 1781//1781 1779//1779 2138//2138 
f 1781//1781 1775//1775 1779//1779 
f 1781//1781 2134//2134 1775//1775 
f 2142//2142 2134//2134 1781//1781 
f 2142//2142 5749//5749 2134//2134 
f 1783//1783 1781//1781 2138//2138 
f 1785//1785 5749//5749 2142//2142 
f 1785//1785 5751//5751 5749//5749 
f 4820//4820 5751//5751 1785//1785 
f 2611//2611 2140//2140 1895//1895 
f 2613//2613 2140//2140 2611//2611 
f 2613//2613 2138//2138 2140//2140 
f 2615//2615 2138//2138 2613//2613 
f 2615//2615 1783//1783 2138//2138 
f 2617//2617 1783//1783 2615//2615 
f 2617//2617 1781//1781 1783//1783 
f 2619//2619 1781//1781 2617//2617 
f 2619//2619 2142//2142 1781//1781 
f 1907//1907 1785//1785 2142//2142 
f 4815//4815 1785//1785 1907//1907 
f 4815//4815 4820//4820 1785//1785 
f 4373//4373 5760//5760 2635//2635 
f 2144//2144 2635//2635 2637//2637 
f 2144//2144 4373//4373 2635//2635 
f 5762//5762 4373//4373 2144//2144 
f 1787//1787 2637//2637 2639//2639 
f 1787//1787 2144//2144 2637//2637 
f 5764//5764 2144//2144 1787//1787 
f 5764//5764 5762//5762 2144//2144 
f 2503//2503 2639//2639 1925//1925 
f 2503//2503 1787//1787 2639//2639 
f 2503//2503 5764//5764 1787//1787 
f 1789//1789 1925//1925 2641//2641 
f 1789//1789 2503//2503 1925//1925 
f 2505//2505 5764//5764 2503//2503 
f 4371//4371 5764//5764 2505//2505 
f 1791//1791 2641//2641 2643//2643 
f 1791//1791 1789//1789 2641//2641 
f 2507//2507 1789//1789 1791//1791 
f 2507//2507 2503//2503 1789//1789 
f 1793//1793 2503//2503 2507//2507 
f 1793//1793 2505//2505 2503//2503 
f 2511//2511 2505//2505 1793//1793 
f 2511//2511 4371//4371 2505//2505 
f 5759//5759 4371//4371 2511//2511 
f 2509//2509 1791//1791 2643//2643 
f 1799//1799 1791//1791 2509//2509 
f 1799//1799 2507//2507 1791//1791 
f 1795//1795 2507//2507 1799//1799 
f 1795//1795 1793//1793 2507//2507 
f 2511//2511 1793//1793 1795//1795 
f 1797//1797 5759//5759 2511//2511 
f 5768//5768 5759//5759 1797//1797 
f 2513//2513 1799//1799 2509//2509 
f 2515//2515 1795//1795 1799//1799 
f 2515//2515 2511//2511 1795//1795 
f 1801//1801 2511//2511 2515//2515 
f 1805//1805 2511//2511 1801//1801 
f 1805//1805 1797//1797 2511//2511 
f 5570//5570 1797//1797 1805//1805 
f 5570//5570 5768//5768 1797//1797 
f 1931//1931 2509//2509 2645//2645 
f 2521//2521 2509//2509 1931//1931 
f 2521//2521 2513//2513 2509//2509 
f 1807//1807 2513//2513 2521//2521 
f 1807//1807 1799//1799 2513//2513 
f 2517//2517 1799//1799 1807//1807 
f 2517//2517 2515//2515 1799//1799 
f 1803//1803 2515//2515 2517//2517 
f 1803//1803 1801//1801 2515//2515 
f 2519//2519 1801//1801 1803//1803 
f 2519//2519 1805//1805 1801//1801 
f 2647//2647 2521//2521 1931//1931 
f 1803//1803 2517//2517 1807//1807 
f 2523//2523 5570//5570 1805//1805 
f 4363//4363 5570//5570 2523//2523 
f 4363//4363 4367//4367 5570//5570 
f 1933//1933 2521//2521 2647//2647 
f 1807//1807 2521//2521 1933//1933 
f 2649//2649 1803//1803 1807//1807 
f 1935//1935 1803//1803 2649//2649 
f 1935//1935 2519//2519 1803//1803 
f 1935//1935 1805//1805 2519//2519 
f 2651//2651 1805//1805 1935//1935 
f 2651//2651 2523//2523 1805//1805 
f 2653//2653 2523//2523 2651//2651 
f 2653//2653 4363//4363 2523//2523 
f 2839//2839 1809//1809 2655//2655 
f 2839//2839 2525//2525 1809//1809 
f 1811//1811 2525//2525 2839//2839 
f 1811//1811 2527//2527 2525//2525 
f 2127//2127 2527//2527 1811//1811 
f 2127//2127 1813//1813 2527//2527 
f 2127//2127 1395//1395 1813//1813 
f 2529//2529 1395//1395 2127//2127 
f 2529//2529 2531//2531 1395//1395 
f 1815//1815 2531//2531 2529//2529 
f 1817//1817 2531//2531 1815//1815 
f 1817//1817 1407//1407 2531//2531 
f 1817//1817 2533//2533 1407//1407 
f 1819//1819 2533//2533 1817//1817 
f 1819//1819 2535//2535 2533//2533 
f 2537//2537 2535//2535 1819//1819 
f 2537//2537 1821//1821 2535//2535 
f 2537//2537 1823//1823 1821//1821 
f 1825//1825 1823//1823 2537//2537 
f 1825//1825 2539//2539 1823//1823 
f 1825//1825 2541//2541 2539//2539 
f 1827//1827 2541//2541 1825//1825 
f 1827//1827 1655//1655 2541//2541 
f 1829//1829 1655//1655 1827//1827 
f 1829//1829 2543//2543 1655//1655 
f 1829//1829 2545//2545 2543//2543 
f 2133//2133 2545//2545 1829//1829 
f 2133//2133 1831//1831 2545//2545 
f 2547//2547 1831//1831 2133//2133 
f 2547//2547 2549//2549 1831//1831 
f 1833//1833 2549//2549 2547//2547 
f 2551//2551 2549//2549 1833//1833 
f 2551//2551 1835//1835 2549//2549 
f 2551//2551 1837//1837 1835//1835 
f 1839//1839 1837//1837 2551//2551 
f 1839//1839 2553//2553 1837//1837 
f 1839//1839 2555//2555 2553//2553 
f 1841//1841 2555//2555 1839//1839 
f 1841//1841 2557//2557 2555//2555 
f 1843//1843 2557//2557 1841//1841 
f 1843//1843 2559//2559 2557//2557 
f 1845//1845 2559//2559 1843//1843 
f 1845//1845 2561//2561 2559//2559 
f 1847//1847 2561//2561 1845//1845 
f 1847//1847 2563//2563 2561//2561 
f 1849//1849 2563//2563 1847//1847 
f 1849//1849 2565//2565 2563//2563 
f 1851//1851 2565//2565 1849//1849 
f 1851//1851 2567//2567 2565//2565 
f 1853//1853 2567//2567 1851//1851 
f 1853//1853 2569//2569 2567//2567 
f 2571//2571 2569//2569 1853//1853 
f 2571//2571 1855//1855 2569//2569 
f 2571//2571 2573//2573 1855//1855 
f 1857//1857 2573//2573 2571//2571 
f 2575//2575 2573//2573 1857//1857 
f 2575//2575 1859//1859 2573//2573 
f 2575//2575 1861//1861 1859//1859 
f 2577//2577 1861//1861 2575//2575 
f 2577//2577 1863//1863 1861//1861 
f 2579//2579 1863//1863 2577//2577 
f 2579//2579 1865//1865 1863//1863 
f 2581//2581 1865//1865 2579//2579 
f 2581//2581 2583//2583 1865//1865 
f 1867//1867 2583//2583 2581//2581 
f 2585//2585 2583//2583 1867//1867 
f 2585//2585 1869//1869 2583//2583 
f 2585//2585 1871//1871 1869//1869 
f 2587//2587 1871//1871 2585//2585 
f 2587//2587 1873//1873 1871//1871 
f 2589//2589 1873//1873 2587//2587 
f 2589//2589 1875//1875 1873//1873 
f 2591//2591 1875//1875 2589//2589 
f 2591//2591 1465//1465 1875//1875 
f 2591//2591 1877//1877 1465//1465 
f 2593//2593 1877//1877 2591//2591 
f 2593//2593 1879//1879 1877//1877 
f 2595//2595 1879//1879 2593//2593 
f 2595//2595 2597//2597 1879//1879 
f 1881//1881 2597//2597 2595//2595 
f 1883//1883 2597//2597 1881//1881 
f 1883//1883 2599//2599 2597//2597 
f 1885//1885 2599//2599 1883//1883 
f 1885//1885 1887//1887 2599//2599 
f 2601//2601 1887//1887 1885//1885 
f 2603//2603 1887//1887 2601//2601 
f 2603//2603 1889//1889 1887//1887 
f 2605//2605 1889//1889 2603//2603 
f 2605//2605 2120//2120 1889//1889 
f 2607//2607 2120//2120 2605//2605 
f 2607//2607 1891//1891 2120//2120 
f 2607//2607 1769//1769 1891//1891 
f 1225//1225 1769//1769 2607//2607 
f 1225//1225 1893//1893 1769//1769 
f 1582//1582 1893//1893 1225//1225 
f 1582//1582 2609//2609 1893//1893 
f 1582//1582 1895//1895 2609//2609 
f 1223//1223 1895//1895 1582//1582 
f 1223//1223 2611//2611 1895//1895 
f 1580//1580 2611//2611 1223//1223 
f 1897//1897 2611//2611 1580//1580 
f 1897//1897 2613//2613 2611//2611 
f 1899//1899 2613//2613 1897//1897 
f 1899//1899 2615//2615 2613//2613 
f 1901//1901 2615//2615 1899//1899 
f 1901//1901 2617//2617 2615//2615 
f 1903//1903 2617//2617 1901//1901 
f 1903//1903 2619//2619 2617//2617 
f 1905//1905 2619//2619 1903//1903 
f 1905//1905 2142//2142 2619//2619 
f 2621//2621 2142//2142 1905//1905 
f 2621//2621 1907//1907 2142//2142 
f 2623//2623 1907//1907 2621//2621 
f 2623//2623 4815//4815 1907//1907 
f 1974//1974 4814//4814 4815//4815 
f 1909//1909 4814//4814 1974//1974 
f 1909//1909 4813//4813 4814//4814 
f 2625//2625 4813//4813 1909//1909 
f 2625//2625 4819//4819 4813//4813 
f 1911//1911 4819//4819 2625//2625 
f 1911//1911 4811//4811 4819//4819 
f 2627//2627 4811//4811 1911//1911 
f 2627//2627 5566//5566 4811//4811 
f 1913//1913 5566//5566 2627//2627 
f 1913//1913 4457//4457 5566//5566 
f 2629//2629 4457//4457 1913//1913 
f 2629//2629 5757//5757 4457//4457 
f 1915//1915 5757//5757 2629//2629 
f 1915//1915 4375//4375 5757//5757 
f 2631//2631 4375//4375 1915//1915 
f 2631//2631 5563//5563 4375//4375 
f 1917//1917 5563//5563 2631//2631 
f 1917//1917 5561//5561 5563//5563 
f 2633//2633 5561//5561 1917//1917 
f 2633//2633 5760//5760 5561//5561 
f 1919//1919 5760//5760 2633//2633 
f 1919//1919 2635//2635 5760//5760 
f 1921//1921 2635//2635 1919//1919 
f 1921//1921 2637//2637 2635//2635 
f 1923//1923 2637//2637 1921//1921 
f 1923//1923 2639//2639 2637//2637 
f 1898//1898 2639//2639 1923//1923 
f 1898//1898 1925//1925 2639//2639 
f 1896//1896 1925//1925 1898//1898 
f 1896//1896 2641//2641 1925//1925 
f 1927//1927 2641//2641 1896//1896 
f 1927//1927 2643//2643 2641//2641 
f 1929//1929 2643//2643 1927//1927 
f 1929//1929 2509//2509 2643//2643 
f 2645//2645 2509//2509 1929//1929 
f 1568//1568 1931//1931 2645//2645 
f 1209//1209 1931//1931 1568//1568 
f 1209//1209 2647//2647 1931//1931 
f 1566//1566 2647//2647 1209//1209 
f 1566//1566 1933//1933 2647//2647 
f 2649//2649 1807//1807 1933//1933 
f 1937//1937 2651//2651 1935//1935 
f 1937//1937 2653//2653 2651//2651 
f 1890//1890 2653//2653 1937//1937 
f 1890//1890 4363//4363 2653//2653 
f 4359//4359 4363//4363 1890//1890 
f 1880//1880 5771//5771 4359//4359 
f 1880//1880 5773//5773 5771//5771 
f 1876//1876 5773//5773 1880//1880 
f 1876//1876 5572//5572 5773//5773 
f 1505//1505 1939//1939 4372//4372 
f 1939//1939 5788//5788 5784//5784 
f 1493//1493 5788//5788 1939//1939 
f 2655//2655 1193//1193 1550//1550 
f 1483//1483 1193//1193 2655//2655 
f 1986//1986 1485//1485 1483//1483 
f 1941//1941 1485//1485 1986//1986 
f 1941//1941 1844//1844 1485//1485 
f 1619//1619 1844//1844 1941//1941 
f 1619//1619 1493//1493 1844//1844 
f 4451//4451 1493//1493 1619//1619 
f 5788//5788 1493//1493 4451//4451 
f 1189//1189 2657//2657 2119//2119 
f 1546//1546 2657//2657 1189//1189 
f 1546//1546 1943//1943 2657//2657 
f 1187//1187 1943//1943 1546//1546 
f 1187//1187 2659//2659 1943//1943 
f 1544//1544 2659//2659 1187//1187 
f 1544//1544 1945//1945 2659//2659 
f 1185//1185 1945//1945 1544//1544 
f 1185//1185 2661//2661 1945//1945 
f 1542//1542 2661//2661 1185//1185 
f 1542//1542 1947//1947 2661//2661 
f 1540//1540 1947//1947 1542//1542 
f 1540//1540 2663//2663 1947//1947 
f 1538//1538 2663//2663 1540//1540 
f 1538//1538 1949//1949 2663//2663 
f 1536//1536 1949//1949 1538//1538 
f 1536//1536 2665//2665 1949//1949 
f 1177//1177 2665//2665 1536//1536 
f 1177//1177 1951//1951 2665//2665 
f 1175//1175 1951//1951 1177//1177 
f 1175//1175 2667//2667 1951//1951 
f 1532//1532 2667//2667 1175//1175 
f 1532//1532 1953//1953 2667//2667 
f 1173//1173 1953//1953 1532//1532 
f 1173//1173 2669//2669 1953//1953 
f 1530//1530 2669//2669 1173//1173 
f 1530//1530 1955//1955 2669//2669 
f 1528//1528 1955//1955 1530//1530 
f 1528//1528 2671//2671 1955//1955 
f 1526//1526 2671//2671 1528//1528 
f 1526//1526 1957//1957 2671//2671 
f 1524//1524 1957//1957 1526//1526 
f 1524//1524 2673//2673 1957//1957 
f 1165//1165 2673//2673 1524//1524 
f 1165//1165 1959//1959 2673//2673 
f 1163//1163 1959//1959 1165//1165 
f 1163//1163 2675//2675 1959//1959 
f 1520//1520 2675//2675 1163//1163 
f 1520//1520 1961//1961 2675//2675 
f 1518//1518 1961//1961 1520//1520 
f 1518//1518 2677//2677 1961//1961 
f 1516//1516 2677//2677 1518//1518 
f 1516//1516 1963//1963 2677//2677 
f 1514//1514 1963//1963 1516//1516 
f 1514//1514 2679//2679 1963//1963 
f 1512//1512 2679//2679 1514//1514 
f 1512//1512 1965//1965 2679//2679 
f 1510//1510 1965//1965 1512//1512 
f 1510//1510 2681//2681 1965//1965 
f 1508//1508 2681//2681 1510//1510 
f 1508//1508 1967//1967 2681//2681 
f 1506//1506 1967//1967 1508//1508 
f 1506//1506 2683//2683 1967//1967 
f 1504//1504 2683//2683 1506//1506 
f 1504//1504 1969//1969 2683//2683 
f 1502//1502 1969//1969 1504//1504 
f 1502//1502 2685//2685 1969//1969 
f 1500//1500 2685//2685 1502//1502 
f 1500//1500 1971//1971 2685//2685 
f 1141//1141 1971//1971 1500//1500 
f 1141//1141 2687//2687 1971//1971 
f 1498//1498 2687//2687 1141//1141 
f 1498//1498 1973//1973 2687//2687 
f 1496//1496 1973//1973 1498//1498 
f 1496//1496 2689//2689 1973//1973 
f 1137//1137 2689//2689 1496//1496 
f 1137//1137 1975//1975 2689//2689 
f 1135//1135 1975//1975 1137//1137 
f 1135//1135 2691//2691 1975//1975 
f 1133//1133 2691//2691 1135//1135 
f 1133//1133 1977//1977 2691//2691 
f 1490//1490 1977//1977 1133//1133 
f 1490//1490 2693//2693 1977//1977 
f 1488//1488 2693//2693 1490//1490 
f 1488//1488 1979//1979 2693//2693 
f 1486//1486 1979//1979 1488//1488 
f 1486//1486 2695//2695 1979//1979 
f 1484//1484 2695//2695 1486//1486 
f 1484//1484 1981//1981 2695//2695 
f 1482//1482 1981//1981 1484//1484 
f 1482//1482 2697//2697 1981//1981 
f 1480//1480 2697//2697 1482//1482 
f 1480//1480 1983//1983 2697//2697 
f 1478//1478 1983//1983 1480//1480 
f 1478//1478 2699//2699 1983//1983 
f 1476//1476 2699//2699 1478//1478 
f 1476//1476 1985//1985 2699//2699 
f 1474//1474 1985//1985 1476//1476 
f 1474//1474 2701//2701 1985//1985 
f 1472//1472 2701//2701 1474//1474 
f 1472//1472 1987//1987 2701//2701 
f 1113//1113 1987//1987 1472//1472 
f 1113//1113 2703//2703 1987//1987 
f 1470//1470 2703//2703 1113//1113 
f 1470//1470 1989//1989 2703//2703 
f 1468//1468 1989//1989 1470//1470 
f 1468//1468 2705//2705 1989//1989 
f 1466//1466 2705//2705 1468//1468 
f 1466//1466 1991//1991 2705//2705 
f 1107//1107 1991//1991 1466//1466 
f 1107//1107 2707//2707 1991//1991 
f 1105//1105 2707//2707 1107//1107 
f 1105//1105 1993//1993 2707//2707 
f 1103//1103 1993//1993 1105//1105 
f 1103//1103 2709//2709 1993//1993 
f 1460//1460 2709//2709 1103//1103 
f 1460//1460 1995//1995 2709//2709 
f 1458//1458 1995//1995 1460//1460 
f 1458//1458 2711//2711 1995//1995 
f 1099//1099 2711//2711 1458//1458 
f 1099//1099 1997//1997 2711//2711 
f 1456//1456 1997//1997 1099//1099 
f 1456//1456 2713//2713 1997//1997 
f 1454//1454 2713//2713 1456//1456 
f 1454//1454 1999//1999 2713//2713 
f 1095//1095 1999//1999 1454//1454 
f 1095//1095 2715//2715 1999//1999 
f 1452//1452 2715//2715 1095//1095 
f 1452//1452 2001//2001 2715//2715 
f 1450//1450 2001//2001 1452//1452 
f 1450//1450 2717//2717 2001//2001 
f 1091//1091 2717//2717 1450//1450 
f 1091//1091 2003//2003 2717//2717 
f 2784//2784 2003//2003 1091//1091 
f 2784//2784 2719//2719 2003//2003 
f 1448//1448 2719//2719 2784//2784 
f 1448//1448 2005//2005 2719//2719 
f 2790//2790 2005//2005 1448//1448 
f 2790//2790 2721//2721 2005//2005 
f 1089//1089 2721//2721 2790//2790 
f 1089//1089 2007//2007 2721//2721 
f 1089//1089 2723//2723 2007//2007 
f 2800//2800 2723//2723 1089//1089 
f 2800//2800 2009//2009 2723//2723 
f 2800//2800 2725//2725 2009//2009 
f 1446//1446 2725//2725 2800//2800 
f 1446//1446 2011//2011 2725//2725 
f 1087//1087 2011//2011 1446//1446 
f 1087//1087 2727//2727 2011//2011 
f 1444//1444 2727//2727 1087//1087 
f 1444//1444 2013//2013 2727//2727 
f 1085//1085 2013//2013 1444//1444 
f 1085//1085 2729//2729 2013//2013 
f 1083//1083 2729//2729 1085//1085 
f 1083//1083 2015//2015 2729//2729 
f 1440//1440 2015//2015 1083//1083 
f 1440//1440 2731//2731 2015//2015 
f 1081//1081 2731//2731 1440//1440 
f 1081//1081 2017//2017 2731//2731 
f 1081//1081 2733//2733 2017//2017 
f 1438//1438 2733//2733 1081//1081 
f 1438//1438 2019//2019 2733//2733 
f 1436//1436 2019//2019 1438//1438 
f 1436//1436 2735//2735 2019//2019 
f 1077//1077 2735//2735 1436//1436 
f 1077//1077 2021//2021 2735//2735 
f 1434//1434 2021//2021 1077//1077 
f 1434//1434 2737//2737 2021//2021 
f 1432//1432 2737//2737 1434//1434 
f 1432//1432 2023//2023 2737//2737 
f 1432//1432 2739//2739 2023//2023 
f 1073//1073 2739//2739 1432//1432 
f 1073//1073 2025//2025 2739//2739 
f 1071//1071 2025//2025 1073//1073 
f 1071//1071 2741//2741 2025//2025 
f 1071//1071 2027//2027 2741//2741 
f 1428//1428 2027//2027 1071//1071 
f 1428//1428 2743//2743 2027//2027 
f 1426//1426 2743//2743 1428//1428 
f 1426//1426 2029//2029 2743//2743 
f 1424//1424 2029//2029 1426//1426 
f 1424//1424 2745//2745 2029//2029 
f 1422//1422 2745//2745 1424//1424 
f 1422//1422 2031//2031 2745//2745 
f 1063//1063 2031//2031 1422//1422 
f 1063//1063 2747//2747 2031//2031 
f 1061//1061 2747//2747 1063//1063 
f 1061//1061 2033//2033 2747//2747 
f 1418//1418 2033//2033 1061//1061 
f 1418//1418 2749//2749 2033//2033 
f 1416//1416 2749//2749 1418//1418 
f 1416//1416 2035//2035 2749//2749 
f 2147//2147 2035//2035 1416//1416 
f 2147//2147 2751//2751 2035//2035 
f 1414//1414 2751//2751 2147//2147 
f 1414//1414 2037//2037 2751//2751 
f 2149//2149 2037//2037 1414//1414 
f 2149//2149 2753//2753 2037//2037 
f 1412//1412 2753//2753 2149//2149 
f 1412//1412 2039//2039 2753//2753 
f 1412//1412 2755//2755 2039//2039 
f 2850//2850 2755//2755 1412//1412 
f 2850//2850 2041//2041 2755//2755 
f 2151//2151 2041//2041 2850//2850 
f 2151//2151 2757//2757 2041//2041 
f 1410//1410 2757//2757 2151//2151 
f 1410//1410 2043//2043 2757//2757 
f 2153//2153 2043//2043 1410//1410 
f 2153//2153 2759//2759 2043//2043 
f 2153//2153 2045//2045 2759//2759 
f 1408//1408 2045//2045 2153//2153 
f 1408//1408 2761//2761 2045//2045 
f 2155//2155 2761//2761 1408//1408 
f 2155//2155 2047//2047 2761//2761 
f 2155//2155 2763//2763 2047//2047 
f 1406//1406 2763//2763 2155//2155 
f 1406//1406 2049//2049 2763//2763 
f 1406//1406 2765//2765 2049//2049 
f 1404//1404 2765//2765 1406//1406 
f 1404//1404 2051//2051 2765//2765 
f 2159//2159 2051//2051 1404//1404 
f 2159//2159 2767//2767 2051//2051 
f 1402//1402 2767//2767 2159//2159 
f 1402//1402 2053//2053 2767//2767 
f 2161//2161 2053//2053 1402//1402 
f 2161//2161 2769//2769 2053//2053 
f 1400//1400 2769//2769 2161//2161 
f 1400//1400 2055//2055 2769//2769 
f 2163//2163 2055//2055 1400//1400 
f 2163//2163 2771//2771 2055//2055 
f 2163//2163 2057//2057 2771//2771 
f 1398//1398 2057//2057 2163//2163 
f 1398//1398 2773//2773 2057//2057 
f 31//31 2773//2773 1398//1398 
f 31//31 2059//2059 2773//2773 
f 1396//1396 2059//2059 31//31 
f 1396//1396 2775//2775 2059//2059 
f 2167//2167 2775//2775 1396//1396 
f 2167//2167 2061//2061 2775//2775 
f 2169//2169 2061//2061 2167//2167 
f 2169//2169 2777//2777 2061//2061 
f 1392//1392 2777//2777 2169//2169 
f 1392//1392 2063//2063 2777//2777 
f 1390//1390 2063//2063 1392//1392 
f 1390//1390 2779//2779 2063//2063 
f 2173//2173 2779//2779 1390//1390 
f 2173//2173 2065//2065 2779//2779 
f 2175//2175 2065//2065 2173//2173 
f 2175//2175 2781//2781 2065//2065 
f 2177//2177 2781//2781 2175//2175 
f 2177//2177 2067//2067 2781//2781 
f 2179//2179 2067//2067 2177//2177 
f 2179//2179 2783//2783 2067//2067 
f 2181//2181 2783//2783 2179//2179 
f 2181//2181 2069//2069 2783//2783 
f 2183//2183 2069//2069 2181//2181 
f 2183//2183 2785//2785 2069//2069 
f 2185//2185 2785//2785 2183//2183 
f 2185//2185 2071//2071 2785//2785 
f 1376//1376 2071//2071 2185//2185 
f 1376//1376 2787//2787 2071//2071 
f 1374//1374 2787//2787 1376//1376 
f 1374//1374 2073//2073 2787//2787 
f 1372//1372 2073//2073 1374//1374 
f 1372//1372 2789//2789 2073//2073 
f 1370//1370 2789//2789 1372//1372 
f 1370//1370 2075//2075 2789//2789 
f 1368//1368 2075//2075 1370//1370 
f 1368//1368 2791//2791 2075//2075 
f 2195//2195 2791//2791 1368//1368 
f 2195//2195 2077//2077 2791//2791 
f 2197//2197 2077//2077 2195//2195 
f 2197//2197 2793//2793 2077//2077 
f 2199//2199 2793//2793 2197//2197 
f 2199//2199 2079//2079 2793//2793 
f 2201//2201 2079//2079 2199//2199 
f 2201//2201 2795//2795 2079//2079 
f 1360//1360 2795//2795 2201//2201 
f 1360//1360 2081//2081 2795//2795 
f 1358//1358 2081//2081 1360//1360 
f 1358//1358 2797//2797 2081//2081 
f 1356//1356 2797//2797 1358//1358 
f 1356//1356 2083//2083 2797//2797 
f 1354//1354 2083//2083 1356//1356 
f 1354//1354 2799//2799 2083//2083 
f 2209//2209 2799//2799 1354//1354 
f 2209//2209 2085//2085 2799//2799 
f 2211//2211 2085//2085 2209//2209 
f 2211//2211 2801//2801 2085//2085 
f 1350//1350 2801//2801 2211//2211 
f 1350//1350 2087//2087 2801//2801 
f 1348//1348 2087//2087 1350//1350 
f 1348//1348 2803//2803 2087//2087 
f 2215//2215 2803//2803 1348//1348 
f 2215//2215 2089//2089 2803//2803 
f 2217//2217 2089//2089 2215//2215 
f 2217//2217 2805//2805 2089//2089 
f 2219//2219 2805//2805 2217//2217 
f 2219//2219 2091//2091 2805//2805 
f 2221//2221 2091//2091 2219//2219 
f 2221//2221 2807//2807 2091//2091 
f 2223//2223 2807//2807 2221//2221 
f 2223//2223 2093//2093 2807//2807 
f 2225//2225 2093//2093 2223//2223 
f 2225//2225 2809//2809 2093//2093 
f 2227//2227 2809//2809 2225//2225 
f 2227//2227 2095//2095 2809//2809 
f 2229//2229 2095//2095 2227//2227 
f 2229//2229 2811//2811 2095//2095 
f 1332//1332 2811//2811 2229//2229 
f 1332//1332 2097//2097 2811//2811 
f 1330//1330 2097//2097 1332//1332 
f 1330//1330 2813//2813 2097//2097 
f 2233//2233 2813//2813 1330//1330 
f 2233//2233 2099//2099 2813//2813 
f 2235//2235 2099//2099 2233//2233 
f 2235//2235 2815//2815 2099//2099 
f 1326//1326 2815//2815 2235//2235 
f 1326//1326 2101//2101 2815//2815 
f 2237//2237 2101//2101 1326//1326 
f 2237//2237 2817//2817 2101//2101 
f 2239//2239 2817//2817 2237//2237 
f 2239//2239 2103//2103 2817//2817 
f 1322//1322 2103//2103 2239//2239 
f 1322//1322 2819//2819 2103//2103 
f 2241//2241 2819//2819 1322//1322 
f 2241//2241 2105//2105 2819//2819 
f 2243//2243 2105//2105 2241//2241 
f 2243//2243 2821//2821 2105//2105 
f 2245//2245 2821//2821 2243//2243 
f 2245//2245 2107//2107 2821//2821 
f 1316//1316 2107//2107 2245//2245 
f 1316//1316 2823//2823 2107//2107 
f 2247//2247 2823//2823 1316//1316 
f 2247//2247 2109//2109 2823//2823 
f 2249//2249 2109//2109 2247//2247 
f 2249//2249 2825//2825 2109//2109 
f 2251//2251 2825//2825 2249//2249 
f 2251//2251 2111//2111 2825//2825 
f 1310//1310 2111//2111 2251//2251 
f 1310//1310 2827//2827 2111//2111 
f 1308//1308 2827//2827 1310//1310 
f 1308//1308 2113//2113 2827//2827 
f 1306//1306 2113//2113 1308//1308 
f 1306//1306 2829//2829 2113//2113 
f 2257//2257 2829//2829 1306//1306 
f 2257//2257 2115//2115 2829//2829 
f 1304//1304 2115//2115 2257//2257 
f 1304//1304 2831//2831 2115//2115 
f 2554//2554 2831//2831 1304//1304 
f 2554//2554 2117//2117 2831//2831 
f 2556//2556 2117//2117 2554//2554 
f 2556//2556 2833//2833 2117//2117 
f 2556//2556 2837//2837 2833//2833 
f 2259//2259 2837//2837 2556//2556 
f 2119//2119 1548//1548 1189//1189 
f 2119//2119 2261//2261 1548//1548 
f 2835//2835 2261//2261 2119//2119 
f 2835//2835 1302//1302 2261//2261 
f 2121//2121 1302//1302 2835//2835 
f 2121//2121 2259//2259 1302//1302 
f 2837//2837 2259//2259 2121//2121 
f 1300//1300 1550//1550 3196//3196 
f 1300//1300 2123//2123 1550//1550 
f 1298//1298 2123//2123 1300//1300 
f 1298//1298 2839//2839 2123//2123 
f 1298//1298 2125//2125 2839//2839 
f 2382//2382 2125//2125 1298//1298 
f 2382//2382 2841//2841 2125//2125 
f 2383//2383 2841//2841 2382//2382 
f 2383//2383 2127//2127 2841//2841 
f 2385//2385 2127//2127 2383//2383 
f 2385//2385 2529//2529 2127//2127 
f 2387//2387 2529//2529 2385//2385 
f 2387//2387 2843//2843 2529//2529 
f 2389//2389 2843//2843 2387//2387 
f 2389//2389 2129//2129 2843//2843 
f 2389//2389 1817//1817 2129//2129 
f 2391//2391 1817//1817 2389//2389 
f 2391//2391 1819//1819 1817//1817 
f 2393//2393 1819//1819 2391//2391 
f 2393//2393 2845//2845 1819//1819 
f 2395//2395 2845//2845 2393//2393 
f 2395//2395 2131//2131 2845//2845 
f 2397//2397 2131//2131 2395//2395 
f 2397//2397 1827//1827 2131//2131 
f 2399//2399 1827//1827 2397//2397 
f 2399//2399 1829//1829 1827//1827 
f 2847//2847 1829//1829 2399//2399 
f 2399//2399 2133//2133 2847//2847 
f 2399//2399 2849//2849 2133//2133 
f 2401//2401 2849//2849 2399//2399 
f 2401//2401 2135//2135 2849//2849 
f 2401//2401 2851//2851 2135//2135 
f 2137//2137 2851//2851 2401//2401 
f 2401//2401 2853//2853 2137//2137 
f 1156//1156 2853//2853 2401//2401 
f 1154//1154 2853//2853 1156//1156 
f 1152//1152 2853//2853 1154//1154 
f 1150//1150 2853//2853 1152//1152 
f 1148//1148 2853//2853 1150//1150 
f 1146//1146 2853//2853 1148//1148 
f 1144//1144 2853//2853 1146//1146 
f 1142//1142 2853//2853 1144//1144 
f 1140//1140 2853//2853 1142//1142 
f 1138//1138 2853//2853 1140//1140 
f 1136//1136 2853//2853 1138//1138 
f 1134//1134 2853//2853 1136//1136 
f 1132//1132 2853//2853 1134//1134 
f 2427//2427 2853//2853 1132//1132 
f 2429//2429 2853//2853 2427//2427 
f 2431//2431 2853//2853 2429//2429 
f 2433//2433 2853//2853 2431//2431 
f 2435//2435 2853//2853 2433//2433 
f 2437//2437 2853//2853 2435//2435 
f 2439//2439 2853//2853 2437//2437 
f 2441//2441 2853//2853 2439//2439 
f 1116//1116 2853//2853 2441//2441 
f 1114//1114 2853//2853 1116//1116 
f 1112//1112 2853//2853 1114//1114 
f 1110//1110 2853//2853 1112//1112 
f 1108//1108 2853//2853 1110//1110 
f 1106//1106 2853//2853 1108//1108 
f 1104//1104 2853//2853 1106//1106 
f 1102//1102 2853//2853 1104//1104 
f 1100//1100 2853//2853 1102//1102 
f 1098//1098 2853//2853 1100//1100 
f 1096//1096 2853//2853 1098//1098 
f 1096//1096 2139//2139 2853//2853 
f 1094//1094 2139//2139 1096//1096 
f 1094//1094 2855//2855 2139//2139 
f 1092//1092 2855//2855 1094//1094 
f 1090//1090 2855//2855 1092//1092 
f 1088//1088 2855//2855 1090//1090 
f 1088//1088 2141//2141 2855//2855 
f 1086//1086 2141//2141 1088//1088 
f 1084//1084 2141//2141 1086//1086 
f 1082//1082 2141//2141 1084//1084 
f 1082//1082 2501//2501 2141//2141 
f 1080//1080 2501//2501 1082//1082 
f 2479//2479 2501//2501 1080//1080 
f 2479//2479 2143//2143 2501//2501 
f 2481//2481 2143//2143 2479//2479 
f 2483//2483 2143//2143 2481//2481 
f 2485//2485 2143//2143 2483//2483 
f 2485//2485 1600//1600 2143//2143 
f 2487//2487 1600//1600 2485//2485 
f 2489//2489 1600//1600 2487//2487 
f 2491//2491 1600//1600 2489//2489 
f 2491//2491 1241//1241 1600//1600 
f 2493//2493 1241//1241 2491//2491 
f 2493//2493 1598//1598 1241//1241 
f 2497//2497 1598//1598 2493//2493 
f 2495//2495 1598//1598 2497//2497 
f 2495//2495 1239//1239 1598//1598 
f 2148//2148 1239//1239 2495//2495 
f 2152//2152 1239//1239 2148//2148 
f 2154//2154 1239//1239 2152//2152 
f 2154//2154 1596//1596 1239//1239 
f 2158//2158 1596//1596 2154//2154 
f 2162//2162 1596//1596 2158//2158 
f 2166//2166 1596//1596 2162//2162 
f 2166//2166 1237//1237 1596//1596 
f 2170//2170 1237//1237 2166//2166 
f 2174//2174 1237//1237 2170//2170 
f 2178//2178 1237//1237 2174//2174 
f 2178//2178 1594//1594 1237//1237 
f 2180//2180 1594//1594 2178//2178 
f 2184//2184 1594//1594 2180//2180 
f 2186//2186 1594//1594 2184//2184 
f 2186//2186 1235//1235 1594//1594 
f 2190//2190 1235//1235 2186//2186 
f 2194//2194 1235//1235 2190//2190 
f 2198//2198 1235//1235 2194//2194 
f 2198//2198 1592//1592 1235//1235 
f 2202//2202 1592//1592 2198//2198 
f 2202//2202 1233//1233 1592//1592 
f 2206//2206 1233//1233 2202//2202 
f 2210//2210 1233//1233 2206//2206 
f 2214//2214 1233//1233 2210//2210 
f 2214//2214 1590//1590 1233//1233 
f 2218//2218 1590//1590 2214//2214 
f 2222//2222 1590//1590 2218//2218 
f 2226//2226 1590//1590 2222//2222 
f 2226//2226 1231//1231 1590//1590 
f 2230//2230 1231//1231 2226//2226 
f 2234//2234 1231//1231 2230//2230 
f 2234//2234 1588//1588 1231//1231 
f 2238//2238 1588//1588 2234//2234 
f 2242//2242 1588//1588 2238//2238 
f 2244//2244 1588//1588 2242//2242 
f 2246//2246 1588//1588 2244//2244 
f 2246//2246 1229//1229 1588//1588 
f 2250//2250 1229//1229 2246//2246 
f 2254//2254 1229//1229 2250//2250 
f 2258//2258 1229//1229 2254//2254 
f 2258//2258 1586//1586 1229//1229 
f 2262//2262 1586//1586 2258//2258 
f 2262//2262 2601//2601 1586//1586 
f 2267//2267 2601//2601 2262//2262 
f 2271//2271 2601//2601 2267//2267 
f 2273//2273 2601//2601 2271//2271 
f 2273//2273 1227//1227 2601//2601 
f 2277//2277 1227//1227 2273//2273 
f 2281//2281 1227//1227 2277//2277 
f 2285//2285 1227//1227 2281//2281 
f 2285//2285 1584//1584 1227//1227 
f 2289//2289 1584//1584 2285//2285 
f 2293//2293 1584//1584 2289//2289 
f 2293//2293 1225//1225 1584//1584 
f 2297//2297 1225//1225 2293//2293 
f 2297//2297 1582//1582 1225//1225 
f 2299//2299 1582//1582 2297//2297 
f 2303//2303 1582//1582 2299//2299 
f 2307//2307 1582//1582 2303//2303 
f 2307//2307 1223//1223 1582//1582 
f 2311//2311 1223//1223 2307//2307 
f 2315//2315 1223//1223 2311//2311 
f 2319//2319 1223//1223 2315//2315 
f 2319//2319 1580//1580 1223//1223 
f 2323//2323 1580//1580 2319//2319 
f 2327//2327 1580//1580 2323//2323 
f 2331//2331 1580//1580 2327//2327 
f 2331//2331 1221//1221 1580//1580 
f 2333//2333 1221//1221 2331//2331 
f 2337//2337 1221//1221 2333//2333 
f 2341//2341 1221//1221 2337//2337 
f 2341//2341 1578//1578 1221//1221 
f 2345//2345 1578//1578 2341//2341 
f 2349//2349 1578//1578 2345//2345 
f 2353//2353 1578//1578 2349//2349 
f 2353//2353 1219//1219 1578//1578 
f 2355//2355 1219//1219 2353//2353 
f 2359//2359 1219//1219 2355//2355 
f 2361//2361 1219//1219 2359//2359 
f 2361//2361 1576//1576 1219//1219 
f 2365//2365 1576//1576 2361//2361 
f 2369//2369 1576//1576 2365//2365 
f 2369//2369 1217//1217 1576//1576 
f 2371//2371 1217//1217 2369//2369 
f 2375//2375 1217//1217 2371//2371 
f 2379//2379 1217//1217 2375//2375 
f 2379//2379 1574//1574 1217//1217 
f 2384//2384 1574//1574 2379//2379 
f 2388//2388 1574//1574 2384//2384 
f 2392//2392 1574//1574 2388//2388 
f 2392//2392 1215//1215 1574//1574 
f 2396//2396 1215//1215 2392//2392 
f 2396//2396 1572//1572 1215//1215 
f 2400//2400 1572//1572 2396//2396 
f 2404//2404 1572//1572 2400//2400 
f 2408//2408 1572//1572 2404//2404 
f 2412//2412 1572//1572 2408//2408 
f 2416//2416 1572//1572 2412//2412 
f 2420//2420 1572//1572 2416//2416 
f 2424//2424 1572//1572 2420//2420 
f 2428//2428 1572//1572 2424//2424 
f 2432//2432 1572//1572 2428//2428 
f 2436//2436 1572//1572 2432//2432 
f 2440//2440 1572//1572 2436//2436 
f 2444//2444 1572//1572 2440//2440 
f 2448//2448 1572//1572 2444//2444 
f 2452//2452 1572//1572 2448//2448 
f 2456//2456 1572//1572 2452//2452 
f 2460//2460 1572//1572 2456//2456 
f 2464//2464 1572//1572 2460//2460 
f 2468//2468 1572//1572 2464//2464 
f 2472//2472 1572//1572 2468//2468 
f 2476//2476 1572//1572 2472//2472 
f 2480//2480 1572//1572 2476//2476 
f 2484//2484 1572//1572 2480//2480 
f 2486//2486 1572//1572 2484//2484 
f 2488//2488 1572//1572 2486//2486 
f 2492//2492 1572//1572 2488//2488 
f 2496//2496 1572//1572 2492//2492 
f 1060//1060 1572//1572 2496//2496 
f 2499//2499 1572//1572 1060//1060 
f 2502//2502 1572//1572 2499//2499 
f 2146//2146 1572//1572 2502//2502 
f 2506//2506 1572//1572 2146//2146 
f 1213//1213 1572//1572 2506//2506 
f 2506//2506 1570//1570 1213//1213 
f 1211//1211 1570//1570 2506//2506 
f 2506//2506 1568//1568 1211//1211 
f 1209//1209 1568//1568 2506//2506 
f 2506//2506 1566//1566 1209//1209 
f 1207//1207 1566//1566 2506//2506 
f 2506//2506 1564//1564 1207//1207 
f 2506//2506 1205//1205 1564//1564 
f 1562//1562 1205//1205 2506//2506 
f 2506//2506 1203//1203 1562//1562 
f 1560//1560 1203//1203 2506//2506 
f 2506//2506 1201//1201 1560//1560 
f 2510//2510 1201//1201 2506//2506 
f 2514//2514 1201//1201 2510//2510 
f 2518//2518 1201//1201 2514//2514 
f 2522//2522 1201//1201 2518//2518 
f 2522//2522 1558//1558 1201//1201 
f 2526//2526 1558//1558 2522//2522 
f 2530//2530 1558//1558 2526//2526 
f 2534//2534 1558//1558 2530//2530 
f 2534//2534 1199//1199 1558//1558 
f 2538//2538 1199//1199 2534//2534 
f 2538//2538 1556//1556 1199//1199 
f 2538//2538 1197//1197 1556//1556 
f 2542//2542 1197//1197 2538//2538 
f 2542//2542 1554//1554 1197//1197 
f 2546//2546 1554//1554 2542//2542 
f 2546//2546 1195//1195 1554//1554 
f 2550//2550 1195//1195 2546//2546 
f 2550//2550 1552//1552 1195//1195 
f 3192//3192 1552//1552 2550//2550 
f 3192//3192 1193//1193 1552//1552 
f 3196//3196 1193//1193 3192//3192 
f 3196//3196 1550//1550 1193//1193 
f 2263//2263 2881//2881 1178//1178 
f 3201//3201 2881//2881 2263//2263 
f 1178//1178 3857//3857 1176//1176 
f 2881//2881 3857//3857 1178//1178 
f 1176//1176 3205//3205 1174//1174 
f 3857//3857 3205//3205 1176//1176 
f 1174//1174 3855//3855 1172//1172 
f 3205//3205 3855//3855 1174//1174 
f 1172//1172 3207//3207 1170//1170 
f 3855//3855 3207//3207 1172//1172 
f 1170//1170 3853//3853 1168//1168 
f 3207//3207 3853//3853 1170//1170 
f 1168//1168 2884//2884 1166//1166 
f 3853//3853 2884//2884 1168//1168 
f 1166//1166 3851//3851 1164//1164 
f 2884//2884 3851//3851 1166//1166 
f 1164//1164 3849//3849 1162//1162 
f 3851//3851 3849//3849 1164//1164 
f 1162//1162 2885//2885 1160//1160 
f 3849//3849 2885//2885 1162//1162 
f 1160//1160 3847//3847 1158//1158 
f 2885//2885 3847//3847 1160//1160 
f 1158//1158 3845//3845 1156//1156 
f 3847//3847 3845//3845 1158//1158 
f 1156//1156 3843//3843 2403//2403 
f 3845//3845 3843//3843 1156//1156 
f 2403//2403 3213//3213 2405//2405 
f 3843//3843 3213//3213 2403//2403 
f 2405//2405 3841//3841 2407//2407 
f 3213//3213 3841//3841 2405//2405 
f 2407//2407 3839//3839 2409//2409 
f 3841//3841 3839//3839 2407//2407 
f 2409//2409 3837//3837 2411//2411 
f 3839//3839 3837//3837 2409//2409 
f 2411//2411 3215//3215 2413//2413 
f 3837//3837 3215//3215 2411//2411 
f 2413//2413 3835//3835 2415//2415 
f 3215//3215 3835//3835 2413//2413 
f 2415//2415 3833//3833 2417//2417 
f 3835//3835 3833//3833 2415//2415 
f 2417//2417 3831//3831 2419//2419 
f 3833//3833 3831//3831 2417//2417 
f 2419//2419 2888//2888 2421//2421 
f 3831//3831 2888//2888 2419//2419 
f 2421//2421 3829//3829 2423//2423 
f 2888//2888 3829//3829 2421//2421 
f 2423//2423 3827//3827 2425//2425 
f 3829//3829 3827//3827 2423//2423 
f 2425//2425 3825//3825 1132//1132 
f 3827//3827 3825//3825 2425//2425 
f 1132//1132 3823//3823 1130//1130 
f 3825//3825 3823//3823 1132//1132 
f 1130//1130 3217//3217 1128//1128 
f 3823//3823 3217//3217 1130//1130 
f 1128//1128 3821//3821 1126//1126 
f 3217//3217 3821//3821 1128//1128 
f 1126//1126 3819//3819 1124//1124 
f 3821//3821 3819//3819 1126//1126 
f 1124//1124 3817//3817 1122//1122 
f 3819//3819 3817//3817 1124//1124 
f 1122//1122 2890//2890 1120//1120 
f 3817//3817 2890//2890 1122//1122 
f 1120//1120 3815//3815 1118//1118 
f 2890//2890 3815//3815 1120//1120 
f 1118//1118 3813//3813 2441//2441 
f 3815//3815 3813//3813 1118//1118 
f 2441//2441 3811//3811 2443//2443 
f 3813//3813 3811//3811 2441//2441 
f 2443//2443 3809//3809 2445//2445 
f 3811//3811 3809//3809 2443//2443 
f 2445//2445 3219//3219 2447//2447 
f 3809//3809 3219//3219 2445//2445 
f 2447//2447 3807//3807 2449//2449 
f 3219//3219 3807//3807 2447//2447 
f 2449//2449 3805//3805 2451//2451 
f 3807//3807 3805//3805 2449//2449 
f 2451//2451 3803//3803 2453//2453 
f 3805//3805 3803//3803 2451//2451 
f 2453//2453 2892//2892 2455//2455 
f 3803//3803 2892//2892 2453//2453 
f 2455//2455 3801//3801 2457//2457 
f 2892//2892 3801//3801 2455//2455 
f 2457//2457 3800//3800 2459//2459 
f 3801//3801 3800//3800 2457//2457 
f 2459//2459 3798//3798 2461//2461 
f 3800//3800 3798//3798 2459//2459 
f 2461//2461 3796//3796 2463//2463 
f 3798//3798 3796//3796 2461//2461 
f 2463//2463 2893//2893 2465//2465 
f 3796//3796 2893//2893 2463//2463 
f 2465//2465 3794//3794 2467//2467 
f 2893//2893 3794//3794 2465//2465 
f 2467//2467 3792//3792 2469//2469 
f 3794//3794 3792//3792 2467//2467 
f 2469//2469 3791//3791 2471//2471 
f 3792//3792 3791//3791 2469//2469 
f 2471//2471 3789//3789 2473//2473 
f 3791//3791 3789//3789 2471//2471 
f 2473//2473 2894//2894 2475//2475 
f 3789//3789 2894//2894 2473//2473 
f 2475//2475 3222//3222 2477//2477 
f 2894//2894 3222//3222 2475//2475 
f 2477//2477 3786//3786 1080//1080 
f 3222//3222 3786//3786 2477//2477 
f 1080//1080 3785//3785 1078//1078 
f 3786//3786 3785//3785 1080//1080 
f 1078//1078 3783//3783 1076//1076 
f 3785//3785 3783//3783 1078//1078 
f 1076//1076 3781//3781 1074//1074 
f 3783//3783 3781//3781 1076//1076 
f 1074//1074 3223//3223 1072//1072 
f 3781//3781 3223//3223 1074//1074 
f 1072//1072 3779//3779 3777//3777 
f 3223//3223 3779//3779 1072//1072 
f 3295//3295 2343//2343 2927//2927 
f 3295//3295 2347//2347 2343//2343 
f 2928//2928 2347//2347 3295//3295 
f 2928//2928 2351//2351 2347//2347 
f 2929//2929 2351//2351 2928//2928 
f 2929//2929 2930//2930 2351//2351 
f 2931//2931 2357//2357 2930//2930 
f 2931//2931 2361//2361 2357//2357 
f 3303//3303 2361//2361 2931//2931 
f 3303//3303 2363//2363 2361//2361 
f 3305//3305 2363//2363 3303//3303 
f 3305//3305 2367//2367 2363//2363 
f 3307//3307 2367//2367 3305//3305 
f 3307//3307 2371//2371 2367//2367 
f 3309//3309 2371//2371 3307//3307 
f 3309//3309 2373//2373 2371//2371 
f 3311//3311 2373//2373 3309//3309 
f 3311//3311 2377//2377 2373//2373 
f 3313//3313 2377//2377 3311//3311 
f 3313//3313 2381//2381 2377//2377 
f 3315//3315 2381//2381 3313//3313 
f 3315//3315 2386//2386 2381//2381 
f 3317//3317 2386//2386 3315//3315 
f 3317//3317 2390//2390 2386//2386 
f 3319//3319 2390//2390 3317//3317 
f 3319//3319 2394//2394 2390//2390 
f 3321//3321 2394//2394 3319//3319 
f 3321//3321 2398//2398 2394//2394 
f 3323//3323 2398//2398 3321//3321 
f 3323//3323 2402//2402 2398//2398 
f 3325//3325 2402//2402 3323//3323 
f 3325//3325 2406//2406 2402//2402 
f 3327//3327 2406//2406 3325//3325 
f 3327//3327 2410//2410 2406//2406 
f 3329//3329 2410//2410 3327//3327 
f 3329//3329 2412//2412 2410//2410 
f 3331//3331 2412//2412 3329//3329 
f 3331//3331 2414//2414 2412//2412 
f 3333//3333 2414//2414 3331//3331 
f 3333//3333 2418//2418 2414//2414 
f 3335//3335 2418//2418 3333//3333 
f 3335//3335 2422//2422 2418//2418 
f 3337//3337 2422//2422 3335//3335 
f 3337//3337 2426//2426 2422//2422 
f 3339//3339 2426//2426 3337//3337 
f 3339//3339 2430//2430 2426//2426 
f 3341//3341 2430//2430 3339//3339 
f 3341//3341 2434//2434 2430//2430 
f 3343//3343 2434//2434 3341//3341 
f 3343//3343 2438//2438 2434//2434 
f 2952//2952 2438//2438 3343//3343 
f 2952//2952 2442//2442 2438//2438 
f 2953//2953 2442//2442 2952//2952 
f 2953//2953 2446//2446 2442//2442 
f 2954//2954 2446//2446 2953//2953 
f 2954//2954 2450//2450 2446//2446 
f 2955//2955 2450//2450 2954//2954 
f 2955//2955 2454//2454 2450//2450 
f 2956//2956 2454//2454 2955//2955 
f 2956//2956 2458//2458 2454//2454 
f 2957//2957 2458//2458 2956//2956 
f 2957//2957 2462//2462 2458//2458 
f 2958//2958 2462//2462 2957//2957 
f 2958//2958 2466//2466 2462//2462 
f 2959//2959 2466//2466 2958//2958 
f 2959//2959 2470//2470 2466//2466 
f 2960//2960 2470//2470 2959//2959 
f 2960//2960 2474//2474 2470//2470 
f 2961//2961 2474//2474 2960//2960 
f 2961//2961 2478//2478 2474//2474 
f 2962//2962 2478//2478 2961//2961 
f 2962//2962 2482//2482 2478//2478 
f 2963//2963 2482//2482 2962//2962 
f 2963//2963 2486//2486 2482//2482 
f 2964//2964 2486//2486 2963//2963 
f 2965//2965 2486//2486 2964//2964 
f 2965//2965 2490//2490 2486//2486 
f 2966//2966 2490//2490 2965//2965 
f 2966//2966 2494//2494 2490//2490 
f 2967//2967 2494//2494 2966//2966 
f 2967//2967 2498//2498 2494//2494 
f 2968//2968 2498//2498 2967//2967 
f 2968//2968 2500//2500 2498//2498 
f 2969//2969 2500//2500 2968//2968 
f 2969//2969 2854//2854 2500//2500 
f 2970//2970 2854//2854 2969//2969 
f 2970//2970 2145//2145 2854//2854 
f 2971//2971 2145//2145 2970//2970 
f 2971//2971 2504//2504 2145//2145 
f 2972//2972 2504//2504 2971//2971 
f 2972//2972 2508//2508 2504//2504 
f 2856//2856 2508//2508 2972//2972 
f 2856//2856 2512//2512 2508//2508 
f 3156//3156 2512//2512 2856//2856 
f 3156//3156 2516//2516 2512//2512 
f 1//1 2516//2516 3156//3156 
f 1//1 2520//2520 2516//2516 
f 3752//3752 2520//2520 1//1 
f 3752//3752 2524//2524 2520//2520 
f 3160//3160 2524//2524 3752//3752 
f 3160//3160 2528//2528 2524//2524 
f 3750//3750 2528//2528 3160//3160 
f 3750//3750 2532//2532 2528//2528 
f 3162//3162 2532//2532 3750//3750 
f 3162//3162 2536//2536 2532//2532 
f 3748//3748 2536//2536 3162//3162 
f 3748//3748 2540//2540 2536//2536 
f 110//110 2540//2540 3748//3748 
f 110//110 2544//2544 2540//2540 
f 3746//3746 2544//2544 110//110 
f 3746//3746 2548//2548 2544//2544 
f 3744//3744 2548//2548 3746//3746 
f 3744//3744 2552//2552 2548//2548 
f 109//109 2552//2552 3744//3744 
f 109//109 3194//3194 2552//2552 
f 3742//3742 3194//3194 109//109 
f 3742//3742 2877//2877 3194//3194 
f 3740//3740 2877//2877 3742//3742 
f 3740//3740 2880//2880 2877//2877 
f 3738//3738 2880//2880 3740//3740 
f 3738//3738 3203//3203 2880//2880 
f 3168//3168 3203//3203 3738//3738 
f 3168//3168 2882//2882 3203//3203 
f 3736//3736 2882//2882 3168//3168 
f 3736//3736 3856//3856 2882//2882 
f 3734//3734 3856//3856 3736//3736 
f 3734//3734 2883//2883 3856//3856 
f 3732//3732 2883//2883 3734//3734 
f 3732//3732 3854//3854 2883//2883 
f 3388//3388 3854//3854 3732//3732 
f 3388//3388 3852//3852 3854//3854 
f 3731//3731 3852//3852 3388//3388 
f 3731//3731 3209//3209 3852//3852 
f 3729//3729 3209//3209 3731//3731 
f 3729//3729 3850//3850 3209//3209 
f 3727//3727 3850//3850 3729//3729 
f 3727//3727 3848//3848 3850//3850 
f 106//106 3848//3848 3727//3727 
f 106//106 3211//3211 3848//3848 
f 3725//3725 3211//3211 106//106 
f 3725//3725 3846//3846 3211//3211 
f 3723//3723 3846//3846 3725//3725 
f 3723//3723 3844//3844 3846//3846 
f 3721//3721 3844//3844 3723//3723 
f 3721//3721 2886//2886 3844//3844 
f 105//105 2886//2886 3721//3721 
f 105//105 3842//3842 2886//2886 
f 3719//3719 3842//3842 105//105 
f 3719//3719 3840//3840 3842//3842 
f 3717//3717 3840//3840 3719//3719 
f 3717//3717 3838//3838 3840//3840 
f 3715//3715 3838//3838 3717//3717 
f 3715//3715 2887//2887 3838//3838 
f 104//104 2887//2887 3715//3715 
f 104//104 3836//3836 2887//2887 
f 3713//3713 3836//3836 104//104 
f 3713//3713 3834//3834 3836//3836 
f 3709//3709 3834//3834 3713//3713 
f 3709//3709 3832//3832 3834//3834 
f 3705//3705 3832//3832 3709//3709 
f 3705//3705 3830//3830 3832//3832 
f 103//103 3830//3830 3705//3705 
f 103//103 3216//3216 3830//3830 
f 101//101 3216//3216 103//103 
f 101//101 3828//3828 3216//3216 
f 99//99 3828//3828 101//101 
f 99//99 3826//3826 3828//3828 
f 97//97 3826//3826 99//99 
f 97//97 3824//3824 3826//3826 
f 95//95 3824//3824 97//97 
f 95//95 2889//2889 3824//3824 
f 93//93 2889//2889 95//95 
f 93//93 3822//3822 2889//2889 
f 3354//3354 3822//3822 93//93 
f 3354//3354 3820//3820 3822//3822 
f 3683//3683 3820//3820 3354//3354 
f 3683//3683 3818//3818 3820//3820 
f 3681//3681 3818//3818 3683//3683 
f 3681//3681 3816//3816 3818//3818 
f 3679//3679 3816//3816 3681//3681 
f 3679//3679 3218//3218 3816//3816 
f 3352//3352 3218//3218 3679//3679 
f 3352//3352 3814//3814 3218//3218 
f 3677//3677 3814//3814 3352//3352 
f 3677//3677 3812//3812 3814//3814 
f 3675//3675 3812//3812 3677//3677 
f 3675//3675 3810//3810 3812//3812 
f 3673//3673 3810//3810 3675//3675 
f 3673//3673 2891//2891 3810//3810 
f 3350//3350 2891//2891 3673//3673 
f 3350//3350 3808//3808 2891//2891 
f 3671//3671 3808//3808 3350//3350 
f 3671//3671 3806//3806 3808//3808 
f 3669//3669 3806//3806 3671//3671 
f 3669//3669 3804//3804 3806//3806 
f 3667//3667 3804//3804 3669//3669 
f 3667//3667 3802//3802 3804//3804 
f 3348//3348 3802//3802 3667//3667 
f 3348//3348 3220//3220 3802//3802 
f 3665//3665 3220//3220 3348//3348 
f 3665//3665 3663//3663 3220//3220 
f 3661//3661 3799//3799 3663//3663 
f 3661//3661 3797//3797 3799//3799 
f 3346//3346 3797//3797 3661//3661 
f 3346//3346 3795//3795 3797//3797 
f 3659//3659 3795//3795 3346//3346 
f 3659//3659 3221//3221 3795//3795 
f 3657//3657 3221//3221 3659//3659 
f 3657//3657 3793//3793 3221//3221 
f 3655//3655 3793//3793 3657//3657 
f 3655//3655 3792//3792 3793//3793 
f 3344//3344 3792//3792 3655//3655 
f 3344//3344 3790//3790 3792//3792 
f 3654//3654 3790//3790 3344//3344 
f 3654//3654 3788//3788 3790//3790 
f 3652//3652 3788//3788 3654//3654 
f 3652//3652 3651//3651 3788//3788 
f 3649//3649 3787//3787 3651//3651 
f 3649//3649 3786//3786 3787//3787 
f 3342//3342 3786//3786 3649//3649 
f 3342//3342 3784//3784 3786//3786 
f 3647//3647 3784//3784 3342//3342 
f 3647//3647 3782//3782 3784//3784 
f 3646//3646 3782//3782 3647//3647 
f 3646//3646 2895//2895 3782//3782 
f 3644//3644 2895//2895 3646//3646 
f 3644//3644 3780//3780 2895//2895 
f 3643//3643 3780//3780 3644//3644 
f 3643//3643 3778//3778 3780//3780 
f 3340//3340 3778//3778 3643//3643 
f 3340//3340 3641//3641 3778//3778 
f 3639//3639 3775//3775 3641//3641 
f 3639//3639 2896//2896 3775//3775 
f 3638//3638 2896//2896 3639//3639 
f 3638//3638 3773//3773 2896//2896 
f 84//84 3773//3773 3638//3638 
f 84//84 3771//3771 3773//3773 
f 3636//3636 3771//3771 84//84 
f 3636//3636 3769//3769 3771//3771 
f 3634//3634 3769//3769 3636//3636 
f 3634//3634 3767//3767 3769//3769 
f 3632//3632 3767//3767 3634//3634 
f 3632//3632 83//83 3767//3767 
f 3630//3630 3766//3766 83//83 
f 3630//3630 3629//3629 3766//3766 
f 3626//3626 3763//3763 3627//3627 
f 3626//3626 3762//3762 3763//3763 
f 3625//3625 3762//3762 3626//3626 
f 3625//3625 3334//3334 3762//3762 
f 3622//3622 2898//2898 3334//3334 
f 3622//3622 3759//3759 2898//2898 
f 3618//3618 3759//3759 3622//3622 
f 3618//3618 3614//3614 3759//3759 
f 76//76 3756//3756 78//78 
f 76//76 3754//3754 3756//3756 
f 74//74 3754//3754 76//76 
f 74//74 2899//2899 3754//3754 
f 73//73 2899//2899 74//74 
f 73//73 3229//3229 2899//2899 
f 71//71 3229//3229 73//73 
f 71//71 3233//3233 3229//3229 
f 3306//3306 3233//3233 71//71 
f 3306//3306 3235//3235 3233//3233 
f 3594//3594 3235//3235 3306//3306 
f 3594//3594 3592//3592 3235//3235 
f 3590//3590 3239//3239 3592//3592 
f 3590//3590 3304//3304 3239//3239 
f 3588//3588 2900//2900 3304//3304 
f 3588//3588 3586//3586 2900//2900 
f 2564//2564 1302//1302 2560//2560 
f 2564//2564 1191//1191 1302//1302 
f 2568//2568 1191//1191 2564//2564 
f 2568//2568 2572//2572 1191//1191 
f 2580//2580 1546//1546 2576//2576 
f 2580//2580 2584//2584 1546//1546 
f 2588//2588 1544//1544 2584//2584 
f 2588//2588 2590//2590 1544//1544 
f 2594//2594 1183//1183 2590//2590 
f 2594//2594 1181//1181 1183//1183 
f 2598//2598 1181//1181 2594//2594 
f 2598//2598 1179//1179 1181//1181 
f 2600//2600 1179//1179 2598//2598 
f 2600//2600 2604//2604 1179//1179 
f 2608//2608 1534//1534 2604//2604 
f 2608//2608 1175//1175 1534//1534 
f 2612//2612 1175//1175 2608//2608 
f 2612//2612 1532//1532 1175//1175 
f 2616//2616 1532//1532 2612//2612 
f 2616//2616 1173//1173 1532//1532 
f 2620//2620 1173//1173 2616//2616 
f 2620//2620 1171//1171 1173//1173 
f 2624//2624 1171//1171 2620//2620 
f 2624//2624 1169//1169 1171//1171 
f 2626//2626 1169//1169 2624//2624 
f 2626//2626 1167//1167 1169//1169 
f 2630//2630 1167//1167 2626//2626 
f 2630//2630 2632//2632 1167//1167 
f 2636//2636 1522//1522 2632//2632 
f 2636//2636 1163//1163 1522//1522 
f 2640//2640 1163//1163 2636//2636 
f 2640//2640 1161//1161 1163//1163 
f 2644//2644 1161//1161 2640//2640 
f 2644//2644 1159//1159 1161//1161 
f 2648//2648 1159//1159 2644//2644 
f 2648//2648 1157//1157 1159//1159 
f 2652//2652 1157//1157 2648//2648 
f 2652//2652 1155//1155 1157//1157 
f 2656//2656 1155//1155 2652//2652 
f 2656//2656 1153//1153 1155//1155 
f 2660//2660 1153//1153 2656//2656 
f 2660//2660 1151//1151 1153//1153 
f 2664//2664 1151//1151 2660//2660 
f 2664//2664 1149//1149 1151//1151 
f 2666//2666 1149//1149 2664//2664 
f 2666//2666 1147//1147 1149//1149 
f 2670//2670 1147//1147 2666//2666 
f 2670//2670 1145//1145 1147//1147 
f 2674//2674 1145//1145 2670//2670 
f 2674//2674 1143//1143 1145//1145 
f 2678//2678 1143//1143 2674//2674 
f 2678//2678 1500//1500 1143//1143 
f 2682//2682 1500//1500 2678//2678 
f 2682//2682 1141//1141 1500//1500 
f 2686//2686 1141//1141 2682//2682 
f 2686//2686 1139//1139 1141//1141 
f 2690//2690 1139//1139 2686//2686 
f 2690//2690 1496//1496 1139//1139 
f 2694//2694 1496//1496 2690//2690 
f 2694//2694 1494//1494 1496//1496 
f 2698//2698 1494//1494 2694//2694 
f 2698//2698 1492//1492 1494//1494 
f 2702//2702 1492//1492 2698//2698 
f 2702//2702 2706//2706 1492//1492 
f 2710//2710 1131//1131 2706//2706 
f 2710//2710 1129//1129 1131//1131 
f 2714//2714 1129//1129 2710//2710 
f 2714//2714 1127//1127 1129//1129 
f 2718//2718 1127//1127 2714//2714 
f 2718//2718 1125//1125 1127//1127 
f 2722//2722 1125//1125 2718//2718 
f 2722//2722 1123//1123 1125//1125 
f 2726//2726 1123//1123 2722//2722 
f 2726//2726 1121//1121 1123//1123 
f 2728//2728 1121//1121 2726//2726 
f 2728//2728 1119//1119 1121//1121 
f 2732//2732 1119//1119 2728//2728 
f 2732//2732 1117//1117 1119//1119 
f 2736//2736 1117//1117 2732//2732 
f 2736//2736 1115//1115 1117//1117 
f 2740//2740 1115//1115 2736//2736 
f 2740//2740 1472//1472 1115//1115 
f 2742//2742 1472//1472 2740//2740 
f 2742//2742 1113//1113 1472//1472 
f 2746//2746 1113//1113 2742//2742 
f 2746//2746 1111//1111 1113//1113 
f 2750//2750 1111//1111 2746//2746 
f 2750//2750 1109//1109 1111//1111 
f 2752//2752 1109//1109 2750//2750 
f 2752//2752 1466//1466 1109//1109 
f 2754//2754 1466//1466 2752//2752 
f 2754//2754 1464//1464 1466//1466 
f 2756//2756 1464//1464 2754//2754 
f 2756//2756 1462//1462 1464//1464 
f 2758//2758 1462//1462 2756//2756 
f 2758//2758 1103//1103 1462//1462 
f 2760//2760 1103//1103 2758//2758 
f 2760//2760 1101//1101 1103//1103 
f 2762//2762 1101//1101 2760//2760 
f 2762//2762 2764//2764 1101//1101 
f 2772//2772 1097//1097 2768//2768 
f 2772//2772 1454//1454 1097//1097 
f 2774//2774 1454//1454 2772//2772 
f 2774//2774 1095//1095 1454//1454 
f 2776//2776 1095//1095 2774//2774 
f 2776//2776 1093//1093 1095//1095 
f 2778//2778 1093//1093 2776//2776 
f 2778//2778 1091//1091 1093//1093 
f 2780//2780 1091//1091 2778//2778 
f 2782//2782 1091//1091 2780//2780 
f 2782//2782 2784//2784 1091//1091 
f 2788//2788 1448//1448 2784//2784 
f 2788//2788 2790//2790 1448//1448 
f 2794//2794 1089//1089 2790//2790 
f 2794//2794 2796//2796 1089//1089 
f 2798//2798 2800//2800 2796//2796 
f 2804//2804 1087//1087 2800//2800 
f 2804//2804 1444//1444 1087//1087 
f 2808//2808 1442//1442 1444//1444 
f 3567//3567 1442//1442 2808//2808 
f 3567//3567 1440//1440 1442//1442 
f 2810//2810 1440//1440 3567//3567 
f 2812//2812 1440//1440 2810//2810 
f 2812//2812 1081//1081 1440//1440 
f 2816//2816 1079//1079 2814//2814 
f 2816//2816 2818//2818 1079//1079 
f 3575//3575 1077//1077 2818//2818 
f 3575//3575 1075//1075 1077//1077 
f 3577//3577 1075//1075 3575//3575 
f 3577//3577 1432//1432 1075//1075 
f 2820//2820 1432//1432 3577//3577 
f 2820//2820 2822//2822 1432//1432 
f 2824//2824 1430//1430 2822//2822 
f 2824//2824 1071//1071 1430//1430 
f 2830//2830 1069//1069 2826//2826 
f 2830//2830 1067//1067 1069//1069 
f 3302//3302 1067//1067 2830//2830 
f 3302//3302 1065//1065 1067//1067 
f 68//68 1065//1065 3302//3302 
f 68//68 1063//1063 1065//1065 
f 3587//3587 1420//1420 1063//1063 
f 3587//3587 2834//2834 1420//1420 
f 2836//2836 1059//1059 2834//2834 
f 2836//2836 2840//2840 1059//1059 
f 2846//2846 2149//2149 2844//2844 
f 2846//2846 1412//1412 2149//2149 
f 77//77 1410//1410 2850//2850 
f 2852//2852 1410//1410 77//77 
f 2852//2852 2153//2153 1410//1410 
f 7//7 2155//2155 5//5 
f 7//7 1406//1406 2155//2155 
f 8//8 1406//1406 7//7 
f 9//9 1406//1406 8//8 
f 9//9 2157//2157 1406//1406 
f 11//11 2157//2157 9//9 
f 11//11 1404//1404 2157//2157 
f 13//13 1404//1404 11//11 
f 13//13 1402//1402 1404//1404 
f 2878//2878 1402//1402 13//13 
f 2879//2879 1402//1402 2878//2878 
f 2879//2879 1400//1400 1402//1402 
f 26//26 1400//1400 2879//2879 
f 26//26 2163//2163 1400//1400 
f 27//27 2163//2163 26//26 
f 28//28 2163//2163 27//27 
f 28//28 29//29 2163//2163 
f 32//32 2165//2165 31//31 
f 32//32 2167//2167 2165//2165 
f 33//33 2167//2167 32//32 
f 33//33 1394//1394 2167//2167 
f 35//35 1394//1394 33//33 
f 35//35 2902//2902 1394//1394 
f 2903//2903 2171//2171 2902//2902 
f 2903//2903 2173//2173 2171//2171 
f 14//14 2173//2173 2903//2903 
f 14//14 1388//1388 2173//2173 
f 3183//3183 1388//1388 14//14 
f 3183//3183 1386//1386 1388//1388 
f 3187//3187 1386//1386 3183//3183 
f 3187//3187 1384//1384 1386//1386 
f 3191//3191 1384//1384 3187//3187 
f 3191//3191 1382//1382 1384//1384 
f 3193//3193 1382//1382 3191//3191 
f 3193//3193 1380//1380 1382//1382 
f 3195//3195 1380//1380 3193//3193 
f 3195//3195 1378//1378 1380//1380 
f 15//15 1378//1378 3195//3195 
f 15//15 1376//1376 1378//1378 
f 3390//3390 1376//1376 15//15 
f 3390//3390 2187//2187 1376//1376 
f 3392//3392 2187//2187 3390//3390 
f 3392//3392 2189//2189 2187//2187 
f 3394//3394 2189//2189 3392//3392 
f 3394//3394 2191//2191 2189//2189 
f 3198//3198 2191//2191 3394//3394 
f 3198//3198 2193//2193 2191//2191 
f 3396//3396 2193//2193 3198//3198 
f 3396//3396 2195//2195 2193//2193 
f 3398//3398 2195//2195 3396//3396 
f 3398//3398 1366//1366 2195//2195 
f 3400//3400 1366//1366 3398//3398 
f 3400//3400 1364//1364 1366//1366 
f 3402//3402 1364//1364 3400//3400 
f 3402//3402 1362//1362 1364//1364 
f 17//17 1362//1362 3402//3402 
f 17//17 3404//3404 1362//1362 
f 3406//3406 2203//2203 3404//3404 
f 3406//3406 2205//2205 2203//2203 
f 3408//3408 2205//2205 3406//3406 
f 3408//3408 2207//2207 2205//2205 
f 3200//3200 2207//2207 3408//3408 
f 3200//3200 2209//2209 2207//2207 
f 3410//3410 2209//2209 3200//3200 
f 3410//3410 1352//1352 2209//2209 
f 3412//3412 1352//1352 3410//3410 
f 3412//3412 1350//1350 1352//1352 
f 3414//3414 1350//1350 3412//3412 
f 3414//3414 2213//2213 1350//1350 
f 3202//3202 2213//2213 3414//3414 
f 3202//3202 2215//2215 2213//2213 
f 3416//3416 2215//2215 3202//3202 
f 3416//3416 1346//1346 2215//2215 
f 3418//3418 1346//1346 3416//3416 
f 3418//3418 1344//1344 1346//1346 
f 3420//3420 1344//1344 3418//3418 
f 3420//3420 1342//1342 1344//1344 
f 20//20 1342//1342 3420//3420 
f 20//20 1340//1340 1342//1342 
f 3422//3422 1340//1340 20//20 
f 3422//3422 1338//1338 1340//1340 
f 3423//3423 1338//1338 3422//3422 
f 3423//3423 1336//1336 1338//1338 
f 3206//3206 1336//1336 3423//3423 
f 3206//3206 1334//1334 1336//1336 
f 3425//3425 1334//1334 3206//3206 
f 3425//3425 3427//3427 1334//1334 
f 22//22 2231//2231 3427//3427 
f 22//22 3429//3429 2231//2231 
f 23//23 1328//1328 3429//3429 
f 23//23 3212//3212 1328//1328 
f 36//36 1324//1324 25//25 
f 36//36 1322//1322 1324//1324 
f 3230//3230 1322//1322 36//36 
f 3230//3230 3234//3234 1322//1322 
f 3238//3238 1320//1320 3234//3234 
f 3238//3238 1318//1318 1320//1320 
f 3242//3242 1318//1318 3238//3238 
f 3242//3242 3431//3431 1318//1318 
f 3435//3435 1314//1314 3433//3433 
f 3435//3435 1312//1312 1314//1314 
f 3437//3437 1312//1312 3435//3435 
f 3437//3437 38//38 1312//1312 
f 3439//3439 2253//2253 38//38 
f 3439//3439 2255//2255 2253//2253 
f 3440//3440 2255//2255 3439//3439 
f 3440//3440 3442//3442 2255//2255 
f 3444//3444 1304//1304 3442//3442 
f 3444//3444 2554//2554 1304//1304 
f 39//39 2554//2554 3444//3444 
f 39//39 2558//2558 2554//2554 
f 3445//3445 2558//2558 39//39 
f 3445//3445 2562//2562 2558//2558 
f 3447//3447 2562//2562 3445//3445 
f 3447//3447 2566//2566 2562//2562 
f 3449//3449 2566//2566 3447//3447 
f 3449//3449 2570//2570 2566//2566 
f 3451//3451 2570//2570 3449//3449 
f 3451//3451 2574//2574 2570//2570 
f 3246//3246 2574//2574 3451//3451 
f 3246//3246 2578//2578 2574//2574 
f 3452//3452 2578//2578 3246//3246 
f 3452//3452 2582//2582 2578//2578 
f 3454//3454 2582//2582 3452//3452 
f 3454//3454 2586//2586 2582//2582 
f 3456//3456 2586//2586 3454//3454 
f 3456//3456 3458//3458 2586//2586 
f 3248//3248 2592//2592 3458//3458 
f 3248//3248 2596//2596 2592//2592 
f 3460//3460 2596//2596 3248//3248 
f 3460//3460 3461//3461 2596//2596 
f 3463//3463 2602//2602 3461//3461 
f 3463//3463 2606//2606 2602//2602 
f 3465//3465 2606//2606 3463//3463 
f 3465//3465 2610//2610 2606//2606 
f 3467//3467 2610//2610 3465//3465 
f 3467//3467 2614//2614 2610//2610 
f 42//42 2614//2614 3467//3467 
f 42//42 2618//2618 2614//2614 
f 3469//3469 2618//2618 42//42 
f 3469//3469 2622//2622 2618//2618 
f 3471//3471 2622//2622 3469//3469 
f 3471//3471 2624//2624 2622//2622 
f 3473//3473 2624//2624 3471//3471 
f 3473//3473 2628//2628 2624//2624 
f 3475//3475 2628//2628 3473//3473 
f 3475//3475 43//43 2628//2628 
f 3477//3477 2634//2634 43//43 
f 3477//3477 2638//2638 2634//2634 
f 3479//3479 2638//2638 3477//3477 
f 3479//3479 2642//2642 2638//2638 
f 3481//3481 2642//2642 3479//3479 
f 3481//3481 2646//2646 2642//2642 
f 3483//3483 2646//2646 3481//3481 
f 3483//3483 2650//2650 2646//2646 
f 44//44 2650//2650 3483//3483 
f 44//44 2654//2654 2650//2650 
f 3485//3485 2654//2654 44//44 
f 3485//3485 2658//2658 2654//2654 
f 3487//3487 2658//2658 3485//3485 
f 3487//3487 2662//2662 2658//2658 
f 3489//3489 2662//2662 3487//3487 
f 3489//3489 3491//3491 2662//2662 
f 45//45 2668//2668 3491//3491 
f 45//45 2672//2672 2668//2668 
f 3493//3493 2672//2672 45//45 
f 3493//3493 2676//2676 2672//2672 
f 3495//3495 2676//2676 3493//3493 
f 3495//3495 2680//2680 2676//2676 
f 3497//3497 2680//2680 3495//3495 
f 3497//3497 2684//2684 2680//2680 
f 3499//3499 2684//2684 3497//3497 
f 3499//3499 2688//2688 2684//2684 
f 46//46 2688//2688 3499//3499 
f 46//46 2692//2692 2688//2688 
f 3501//3501 2692//2692 46//46 
f 3501//3501 2696//2696 2692//2692 
f 48//48 2696//2696 3501//3501 
f 48//48 2700//2700 2696//2696 
f 50//50 2700//2700 48//48 
f 50//50 2704//2704 2700//2700 
f 52//52 2704//2704 50//50 
f 52//52 2708//2708 2704//2704 
f 54//54 2708//2708 52//52 
f 54//54 2712//2712 2708//2708 
f 56//56 2712//2712 54//54 
f 56//56 2716//2716 2712//2712 
f 58//58 2716//2716 56//56 
f 58//58 2720//2720 2716//2716 
f 3521//3521 2720//2720 58//58 
f 3521//3521 2724//2724 2720//2720 
f 3525//3525 2724//2724 3521//3521 
f 3525//3525 3529//3529 2724//2724 
f 59//59 2730//2730 3529//3529 
f 59//59 2734//2734 2730//2730 
f 3531//3531 2734//2734 59//59 
f 3531//3531 2738//2738 2734//2734 
f 3532//3532 2738//2738 3531//3531 
f 3532//3532 3534//3534 2738//2738 
f 3286//3286 2744//2744 3534//3534 
f 3286//3286 2748//2748 2744//2744 
f 3536//3536 2748//2748 3286//3286 
f 3536//3536 2750//2750 2748//2748 
f 3538//3538 2750//2750 3536//3536 
f 3538//3538 2752//2752 2750//2750 
f 3539//3539 2752//2752 3538//3538 
f 3539//3539 2754//2754 2752//2752 
f 3540//3540 2754//2754 3539//3539 
f 3540//3540 2756//2756 2754//2754 
f 3541//3541 2756//2756 3540//3540 
f 3541//3541 2758//2758 2756//2756 
f 3288//3288 2758//2758 3541//3541 
f 3288//3288 3542//3542 2758//2758 
f 3544//3544 2762//2762 3542//3542 
f 3544//3544 2766//2766 2762//2762 
f 3546//3546 2766//2766 3544//3544 
f 3546//3546 2770//2770 2766//2766 
f 3290//3290 2770//2770 3546//3546 
f 3290//3290 62//62 2770//2770 
f 63//63 2780//2780 3553//3553 
f 63//63 2782//2782 2780//2780 
f 3555//3555 2782//2782 63//63 
f 3555//3555 2786//2786 2782//2782 
f 3556//3556 2786//2786 3555//3555 
f 3556//3556 3557//3557 2786//2786 
f 3559//3559 2792//2792 3557//3557 
f 3559//3559 2794//2794 2792//2792 
f 64//64 2794//2794 3559//3559 
f 64//64 2796//2796 2794//2794 
f 3560//3560 2796//2796 64//64 
f 3560//3560 2798//2798 2796//2796 
f 3562//3562 2798//2798 3560//3560 
f 3562//3562 2802//2802 2798//2798 
f 3563//3563 2802//2802 3562//3562 
f 3563//3563 2806//2806 2802//2802 
f 3565//3565 2806//2806 3563//3563 
f 3565//3565 3296//3296 2806//2806 
f 65//65 2808//2808 3296//3296 
f 65//65 3567//3567 2808//2808 
f 3568//3568 2810//2810 3567//3567 
f 3568//3568 2812//2812 2810//2810 
f 3570//3570 2812//2812 3568//3568 
f 3570//3570 3571//3571 2812//2812 
f 66//66 2814//2814 3571//3571 
f 66//66 2816//2816 2814//2814 
f 3572//3572 2816//2816 66//66 
f 3572//3572 2818//2818 2816//2816 
f 3573//3573 2818//2818 3572//3572 
f 3573//3573 3575//3575 2818//2818 
f 3300//3300 2820//2820 3577//3577 
f 3300//3300 67//67 2820//2820 
f 3581//3581 2828//2828 3579//3579 
f 3581//3581 2832//2832 2828//2828 
f 3583//3583 2832//2832 3581//3581 
f 3583//3583 3302//3302 2832//2832 
f 3589//3589 2834//2834 3587//3587 
f 3589//3589 2838//2838 2834//2834 
f 69//69 2838//2838 3589//3589 
f 69//69 2840//2840 2838//2838 
f 3591//3591 2840//2840 69//69 
f 3591//3591 2842//2842 2840//2840 
f 3593//3593 2842//2842 3591//3591 
f 3593//3593 2844//2844 2842//2842 
f 3595//3595 2844//2844 3593//3593 
f 3595//3595 2848//2848 2844//2844 
f 70//70 2848//2848 3595//3595 
f 70//70 72//72 2848//2848 
f 79//79 2852//2852 77//77 
f 79//79 81//81 2852//2852 
f 3616//3616 4//4 81//81 
f 3616//3616 6//6 4//4 
f 3620//3620 6//6 3616//3616 
f 3620//3620 7//7 6//6 
f 3624//3624 7//7 3620//3620 
f 3624//3624 82//82 7//7 
f 3626//3626 10//10 82//82 
f 3626//3626 12//12 10//10 
f 3627//3627 12//12 3626//3626 
f 3627//3627 13//13 12//12 
f 3628//3628 13//13 3627//3627 
f 3628//3628 2878//2878 13//13 
f 3630//3630 2878//2878 3628//3628 
f 3630//3630 2879//2879 2878//2878 
f 3336//3336 2879//2879 3630//3630 
f 3336//3336 26//26 2879//2879 
f 3631//3631 26//26 3336//3336 
f 3631//3631 27//27 26//26 
f 3633//3633 27//27 3631//3631 
f 3633//3633 3635//3635 27//27 
f 3338//3338 30//30 3635//3635 
f 3338//3338 3637//3637 30//30 
f 3639//3639 32//32 3637//3637 
f 3639//3639 34//34 32//32 
f 3640//3640 34//34 3639//3639 
f 3640//3640 2901//2901 34//34 
f 3642//3642 2901//2901 3640//3640 
f 3642//3642 85//85 2901//2901 
f 3644//3644 2903//2903 85//85 
f 3644//3644 3645//3645 2903//2903 
f 3647//3647 3185//3185 3645//3645 
f 3647//3647 3189//3189 3185//3185 
f 3648//3648 3189//3189 3647//3647 
f 3648//3648 86//86 3189//3189 
f 3650//3650 3193//3193 86//86 
f 3650//3650 3197//3197 3193//3193 
f 3652//3652 3197//3197 3650//3650 
f 3652//3652 3389//3389 3197//3197 
f 3653//3653 3389//3389 3652//3652 
f 3653//3653 3391//3391 3389//3389 
f 3344//3344 3391//3391 3653//3653 
f 3344//3344 3393//3393 3391//3391 
f 87//87 3393//3393 3344//3344 
f 87//87 3395//3395 3393//3393 
f 3656//3656 3395//3395 87//87 
f 3656//3656 16//16 3395//3395 
f 3658//3658 16//16 3656//3656 
f 3658//3658 3397//3397 16//16 
f 3660//3660 3397//3397 3658//3658 
f 3660//3660 3399//3399 3397//3397 
f 88//88 3399//3399 3660//3660 
f 88//88 3401//3401 3399//3399 
f 3662//3662 3401//3401 88//88 
f 3662//3662 3199//3199 3401//3401 
f 3664//3664 3199//3199 3662//3662 
f 3664//3664 3403//3403 3199//3199 
f 3666//3666 3403//3403 3664//3664 
f 3666//3666 3405//3405 3403//3403 
f 89//89 3405//3405 3666//3666 
f 89//89 3407//3407 3405//3405 
f 3668//3668 3407//3407 89//89 
f 3668//3668 3409//3409 3407//3407 
f 3670//3670 3409//3409 3668//3668 
f 3670//3670 18//18 3409//3409 
f 3672//3672 18//18 3670//3670 
f 3672//3672 3411//3411 18//18 
f 90//90 3411//3411 3672//3672 
f 90//90 3413//3413 3411//3411 
f 3674//3674 3413//3413 90//90 
f 3674//3674 3415//3415 3413//3413 
f 3676//3676 3415//3415 3674//3674 
f 3676//3676 19//19 3415//3415 
f 3678//3678 19//19 3676//3676 
f 3678//3678 3417//3417 19//19 
f 91//91 3417//3417 3678//3678 
f 91//91 3419//3419 3417//3417 
f 3680//3680 3419//3419 91//91 
f 3680//3680 3204//3204 3419//3419 
f 3682//3682 3204//3204 3680//3680 
f 3682//3682 3421//3421 3204//3204 
f 3684//3684 3421//3421 3682//3682 
f 3684//3684 3422//3422 3421//3421 
f 92//92 3422//3422 3684//3684 
f 92//92 3424//3424 3422//3422 
f 94//94 3424//3424 92//92 
f 94//94 21//21 3424//3424 
f 96//96 21//21 94//94 
f 96//96 3426//3426 21//21 
f 98//98 3426//3426 96//96 
f 98//98 3208//3208 3426//3426 
f 100//100 3208//3208 98//98 
f 100//100 3428//3428 3208//3208 
f 102//102 3428//3428 100//100 
f 102//102 3210//3210 3428//3428 
f 3703//3703 3210//3210 102//102 
f 3703//3703 3430//3430 3210//3210 
f 3707//3707 3430//3430 3703//3703 
f 3707//3707 24//24 3430//3430 
f 3711//3711 24//24 3707//3707 
f 3711//3711 3214//3214 24//24 
f 3382//3382 3214//3214 3711//3711 
f 3382//3382 3228//3228 3214//3214 
f 3714//3714 3228//3228 3382//3382 
f 3714//3714 3232//3232 3228//3228 
f 3716//3716 3232//3232 3714//3714 
f 3716//3716 3236//3236 3232//3232 
f 3718//3718 3236//3236 3716//3716 
f 3718//3718 3240//3240 3236//3236 
f 3384//3384 3240//3240 3718//3718 
f 3384//3384 37//37 3240//3240 
f 3720//3720 37//37 3384//3384 
f 3720//3720 3432//3432 37//37 
f 3722//3722 3432//3432 3720//3720 
f 3722//3722 3434//3434 3432//3432 
f 3724//3724 3434//3434 3722//3722 
f 3724//3724 3436//3436 3434//3434 
f 3386//3386 3436//3436 3724//3724 
f 3386//3386 3243//3243 3436//3436 
f 3726//3726 3243//3243 3386//3386 
f 3726//3726 3438//3438 3243//3243 
f 3728//3728 3438//3438 3726//3726 
f 3728//3728 3730//3730 3438//3438 
f 3388//3388 3441//3441 3730//3730 
f 3388//3388 3443//3443 3441//3441 
f 107//107 3443//3443 3388//3388 
f 107//107 3244//3244 3443//3443 
f 3733//3733 3244//3244 107//107 
f 3733//3733 39//39 3244//3244 
f 3735//3735 39//39 3733//3733 
f 3735//3735 3446//3446 39//39 
f 3737//3737 3446//3446 3735//3735 
f 3737//3737 3448//3448 3446//3446 
f 108//108 3448//3448 3737//3737 
f 108//108 3450//3450 3448//3448 
f 3739//3739 3450//3450 108//108 
f 3739//3739 3245//3245 3450//3450 
f 3741//3741 3245//3245 3739//3739 
f 3741//3741 40//40 3245//3245 
f 3166//3166 40//40 3741//3741 
f 3166//3166 3453//3453 40//40 
f 3743//3743 3453//3453 3166//3166 
f 3743//3743 3455//3455 3453//3453 
f 3745//3745 3455//3455 3743//3743 
f 3745//3745 3457//3457 3455//3455 
f 3164//3164 3457//3457 3745//3745 
f 3164//3164 3459//3459 3457//3457 
f 3747//3747 3459//3459 3164//3164 
f 3747//3747 41//41 3459//3459 
f 3749//3749 41//41 3747//3747 
f 3749//3749 3460//3460 41//41 
f 111//111 3460//3460 3749//3749 
f 111//111 3462//3462 3460//3460 
f 3751//3751 3462//3462 111//111 
f 3751//3751 3464//3464 3462//3462 
f 112//112 3464//3464 3751//3751 
f 112//112 3466//3466 3464//3464 
f 3158//3158 3466//3466 112//112 
f 3158//3158 3250//3250 3466//3466 
f 2//2 3250//3250 3158//3158 
f 2//2 3468//3468 3250//3250 
f 3170//3170 3468//3468 2//2 
f 3170//3170 3470//3470 3468//3468 
f 3387//3387 3470//3470 3170//3170 
f 3387//3387 3472//3472 3470//3470 
f 3385//3385 3472//3472 3387//3387 
f 3385//3385 3474//3474 3472//3472 
f 3383//3383 3474//3474 3385//3385 
f 3383//3383 3252//3252 3474//3474 
f 3381//3381 3252//3252 3383//3383 
f 3381//3381 3476//3476 3252//3252 
f 3379//3379 3476//3476 3381//3381 
f 3379//3379 3478//3478 3476//3476 
f 3377//3377 3478//3478 3379//3379 
f 3377//3377 3480//3480 3478//3478 
f 3375//3375 3480//3480 3377//3377 
f 3375//3375 3482//3482 3480//3480 
f 3373//3373 3482//3482 3375//3375 
f 3373//3373 3254//3254 3482//3482 
f 3371//3371 3254//3254 3373//3373 
f 3371//3371 3484//3484 3254//3254 
f 3369//3369 3484//3484 3371//3371 
f 3369//3369 3486//3486 3484//3484 
f 3367//3367 3486//3486 3369//3369 
f 3367//3367 3488//3488 3486//3486 
f 3365//3365 3488//3488 3367//3367 
f 3365//3365 3490//3490 3488//3488 
f 3363//3363 3490//3490 3365//3365 
f 3363//3363 3256//3256 3490//3490 
f 3361//3361 3256//3256 3363//3363 
f 3361//3361 3492//3492 3256//3256 
f 3359//3359 3492//3492 3361//3361 
f 3359//3359 3494//3494 3492//3492 
f 3357//3357 3494//3494 3359//3359 
f 3357//3357 3496//3496 3494//3494 
f 3355//3355 3496//3496 3357//3357 
f 3355//3355 3498//3498 3496//3496 
f 3353//3353 3498//3498 3355//3355 
f 3353//3353 3258//3258 3498//3498 
f 3351//3351 3258//3258 3353//3353 
f 3351//3351 3500//3500 3258//3258 
f 3349//3349 3500//3500 3351//3351 
f 3349//3349 47//47 3500//3500 
f 3347//3347 47//47 3349//3349 
f 3347//3347 49//49 47//47 
f 3345//3345 49//49 3347//3347 
f 3345//3345 51//51 49//49 
f 2951//2951 51//51 3345//3345 
f 2951//2951 53//53 51//51 
f 2950//2950 53//53 2951//2951 
f 2950//2950 55//55 53//53 
f 2949//2949 55//55 2950//2950 
f 2949//2949 57//57 55//55 
f 2948//2948 57//57 2949//2949 
f 2948//2948 3519//3519 57//57 
f 2947//2947 3519//3519 2948//2948 
f 2947//2947 3523//3523 3519//3519 
f 2946//2946 3523//3523 2947//2947 
f 2946//2946 3527//3527 3523//3523 
f 2945//2945 3527//3527 2946//2946 
f 2945//2945 3284//3284 3527//3527 
f 2944//2944 3284//3284 2945//2945 
f 2944//2944 3530//3530 3284//3284 
f 2943//2943 3530//3530 2944//2944 
f 2943//2943 2942//2942 3530//3530 
f 2941//2941 3533//3533 2942//2942 
f 2941//2941 3535//3535 3533//3533 
f 2940//2940 3535//3535 2941//2941 
f 2940//2940 60//60 3535//3535 
f 2939//2939 60//60 2940//2940 
f 2939//2939 3537//3537 60//60 
f 2938//2938 3537//3537 2939//2939 
f 2938//2938 2937//2937 3537//3537 
f 2936//2936 3539//3539 2937//2937 
f 2936//2936 3540//3540 3539//3539 
f 2935//2935 3540//3540 2936//2936 
f 2935//2935 3541//3541 3540//3540 
f 2934//2934 3541//3541 2935//2935 
f 2934//2934 61//61 3541//3541 
f 2933//2933 61//61 2934//2934 
f 2933//2933 3543//3543 61//61 
f 2932//2932 3543//3543 2933//2933 
f 2932//2932 3545//3545 3543//3543 
f 2931//2931 3545//3545 2932//2932 
f 2931//2931 3547//3547 3545//3545 
f 3301//3301 3547//3547 2931//2931 
f 3301//3301 3299//3299 3547//3547 
f 3297//3297 3548//3548 3299//3299 
f 3297//3297 3550//3550 3548//3548 
f 3295//3295 3550//3550 3297//3297 
f 3295//3295 3552//3552 3550//3550 
f 3293//3293 3552//3552 3295//3295 
f 3293//3293 3292//3292 3552//3552 
f 3291//3291 3292//3292 3293//3293 
f 3291//3291 3554//3554 3292//3292 
f 2926//2926 3554//3554 3291//3291 
f 2926//2926 3555//3555 3554//3554 
f 2925//2925 3555//3555 2926//2926 
f 2925//2925 3287//3287 3555//3555 
f 3285//3285 3558//3558 3287//3287 
f 3285//3285 3294//3294 3558//3558 
f 3283//3283 3294//3294 3285//3285 
f 3283//3283 3281//3281 3294//3294 
f 3279//3279 3561//3561 3281//3281 
f 3279//3279 2920//2920 3561//3561 
f 2919//2919 3564//3564 2920//2920 
f 2919//2919 3565//3565 3564//3564 
f 3275//3275 3565//3565 2919//2919 
f 3275//3275 3273//3273 3565//3565 
f 3271//3271 3566//3566 3273//3273 
f 3271//3271 2916//2916 3566//3566 
f 3269//3269 3569//3569 2916//2916 
f 3269//3269 3267//3267 3569//3569 
f 3265//3265 3298//3298 3267//3267 
f 3265//3265 66//66 3298//3298 
f 3263//3263 66//66 3265//3265 
f 3263//3263 3572//3572 66//66 
f 2912//2912 3572//3572 3263//3263 
f 2912//2912 3574//3574 3572//3572 
f 2911//2911 3574//3574 2912//2912 
f 2911//2911 3576//3576 3574//3574 
f 3259//3259 3576//3576 2911//2911 
f 3259//3259 3257//3257 3576//3576 
f 3255//3255 3300//3300 3257//3257 
f 3255//3255 2908//2908 3300//3300 
f 2907//2907 3580//3580 3253//3253 
f 2907//2907 3582//3582 3580//3580 
f 3251//3251 3582//3582 2907//2907 
f 3251//3251 3583//3583 3582//3582 
f 2906//2906 3583//3583 3251//3251 
f 2906//2906 3247//3247 3583//3583 
f 1191//1191 2261//2261 1302//1302 
f 1191//1191 1548//1548 2261//2261 
f 2572//2572 1548//1548 1191//1191 
f 2572//2572 1189//1189 1548//1548 
f 2576//2576 1189//1189 2572//2572 
f 2576//2576 1546//1546 1189//1189 
f 2584//2584 1187//1187 1546//1546 
f 2584//2584 1544//1544 1187//1187 
f 2590//2590 1185//1185 1544//1544 
f 2590//2590 1542//1542 1185//1185 
f 1183//1183 1542//1542 2590//2590 
f 1183//1183 1540//1540 1542//1542 
f 1181//1181 1540//1540 1183//1183 
f 1181//1181 1538//1538 1540//1540 
f 1179//1179 1538//1538 1181//1181 
f 1179//1179 1536//1536 1538//1538 
f 2604//2604 1536//1536 1179//1179 
f 2604//2604 1177//1177 1536//1536 
f 1534//1534 1177//1177 2604//2604 
f 1534//1534 1175//1175 1177//1177 
f 1171//1171 1530//1530 1173//1173 
f 1171//1171 1528//1528 1530//1530 
f 1169//1169 1528//1528 1171//1171 
f 1169//1169 1526//1526 1528//1528 
f 1167//1167 1526//1526 1169//1169 
f 1167//1167 1524//1524 1526//1526 
f 2632//2632 1524//1524 1167//1167 
f 2632//2632 1165//1165 1524//1524 
f 1522//1522 1165//1165 2632//2632 
f 1522//1522 1163//1163 1165//1165 
f 1161//1161 1520//1520 1163//1163 
f 1161//1161 1518//1518 1520//1520 
f 1159//1159 1518//1518 1161//1161 
f 1159//1159 1516//1516 1518//1518 
f 1157//1157 1516//1516 1159//1159 
f 1157//1157 1514//1514 1516//1516 
f 1155//1155 1514//1514 1157//1157 
f 1155//1155 1512//1512 1514//1514 
f 1153//1153 1512//1512 1155//1155 
f 1153//1153 1510//1510 1512//1512 
f 1151//1151 1510//1510 1153//1153 
f 1151//1151 1508//1508 1510//1510 
f 1149//1149 1508//1508 1151//1151 
f 1149//1149 1506//1506 1508//1508 
f 1147//1147 1506//1506 1149//1149 
f 1147//1147 1504//1504 1506//1506 
f 1145//1145 1504//1504 1147//1147 
f 1145//1145 1502//1502 1504//1504 
f 1143//1143 1502//1502 1145//1145 
f 1143//1143 1500//1500 1502//1502 
f 1139//1139 1498//1498 1141//1141 
f 1139//1139 1496//1496 1498//1498 
f 1494//1494 1137//1137 1496//1496 
f 1494//1494 1135//1135 1137//1137 
f 1492//1492 1135//1135 1494//1494 
f 1492//1492 1133//1133 1135//1135 
f 2706//2706 1133//1133 1492//1492 
f 2706//2706 1490//1490 1133//1133 
f 1131//1131 1490//1490 2706//2706 
f 1131//1131 1488//1488 1490//1490 
f 1129//1129 1488//1488 1131//1131 
f 1129//1129 1486//1486 1488//1488 
f 1127//1127 1486//1486 1129//1129 
f 1127//1127 1484//1484 1486//1486 
f 1125//1125 1484//1484 1127//1127 
f 1125//1125 1482//1482 1484//1484 
f 1123//1123 1482//1482 1125//1125 
f 1123//1123 1480//1480 1482//1482 
f 1121//1121 1480//1480 1123//1123 
f 1121//1121 1478//1478 1480//1480 
f 1119//1119 1478//1478 1121//1121 
f 1119//1119 1476//1476 1478//1478 
f 1117//1117 1476//1476 1119//1119 
f 1117//1117 1474//1474 1476//1476 
f 1115//1115 1474//1474 1117//1117 
f 1115//1115 1472//1472 1474//1474 
f 1111//1111 1470//1470 1113//1113 
f 1111//1111 1468//1468 1470//1470 
f 1109//1109 1468//1468 1111//1111 
f 1109//1109 1466//1466 1468//1468 
f 1464//1464 1107//1107 1466//1466 
f 1464//1464 1105//1105 1107//1107 
f 1462//1462 1105//1105 1464//1464 
f 1462//1462 1103//1103 1105//1105 
f 1101//1101 1460//1460 1103//1103 
f 1101//1101 1458//1458 1460//1460 
f 2764//2764 1458//1458 1101//1101 
f 2764//2764 1099//1099 1458//1458 
f 2768//2768 1099//1099 2764//2764 
f 2768//2768 1456//1456 1099//1099 
f 1097//1097 1456//1456 2768//2768 
f 1097//1097 1454//1454 1456//1456 
f 1093//1093 1452//1452 1095//1095 
f 1093//1093 1450//1450 1452//1452 
f 1091//1091 1450//1450 1093//1093 
f 2796//2796 2800//2800 1089//1089 
f 1087//1087 1446//1446 2800//2800 
f 1442//1442 1085//1085 1444//1444 
f 1442//1442 1083//1083 1085//1085 
f 1440//1440 1083//1083 1442//1442 
f 2814//2814 1438//1438 1081//1081 
f 1079//1079 1438//1438 2814//2814 
f 1079//1079 1436//1436 1438//1438 
f 2818//2818 1436//1436 1079//1079 
f 2818//2818 1077//1077 1436//1436 
f 1075//1075 1434//1434 1077//1077 
f 1075//1075 1432//1432 1434//1434 
f 2822//2822 1073//1073 1432//1432 
f 1430//1430 1073//1073 2822//2822 
f 1430//1430 1071//1071 1073//1073 
f 2826//2826 1428//1428 1071//1071 
f 1069//1069 1428//1428 2826//2826 
f 1069//1069 1426//1426 1428//1428 
f 1067//1067 1426//1426 1069//1069 
f 1067//1067 1424//1424 1426//1426 
f 1065//1065 1424//1424 1067//1067 
f 1065//1065 1422//1422 1424//1424 
f 1063//1063 1422//1422 1065//1065 
f 1420//1420 1061//1061 1063//1063 
f 2834//2834 1061//1061 1420//1420 
f 2834//2834 1418//1418 1061//1061 
f 1059//1059 1418//1418 2834//2834 
f 1059//1059 1416//1416 1418//1418 
f 2840//2840 1416//1416 1059//1059 
f 2840//2840 2147//2147 1416//1416 
f 2842//2842 2147//2147 2840//2840 
f 2842//2842 1414//1414 2147//2147 
f 2844//2844 1414//1414 2842//2842 
f 2844//2844 2149//2149 1414//1414 
f 1410//1410 2151//2151 2850//2850 
f 3//3 1408//1408 2153//2153 
f 5//5 1408//1408 3//3 
f 5//5 2155//2155 1408//1408 
f 2157//2157 1404//1404 1406//1406 
f 1402//1402 2159//2159 1404//1404 
f 1400//1400 2161//2161 1402//1402 
f 29//29 1398//1398 2163//2163 
f 31//31 1398//1398 29//29 
f 2165//2165 1396//1396 31//31 
f 2167//2167 1396//1396 2165//2165 
f 1394//1394 2169//2169 2167//2167 
f 2902//2902 2169//2169 1394//1394 
f 2902//2902 1392//1392 2169//2169 
f 2171//2171 1392//1392 2902//2902 
f 2171//2171 1390//1390 1392//1392 
f 2173//2173 1390//1390 2171//2171 
f 1388//1388 2175//2175 2173//2173 
f 1386//1386 2175//2175 1388//1388 
f 1386//1386 2177//2177 2175//2175 
f 1384//1384 2177//2177 1386//1386 
f 1384//1384 2179//2179 2177//2177 
f 1382//1382 2179//2179 1384//1384 
f 1382//1382 2181//2181 2179//2179 
f 1380//1380 2181//2181 1382//1382 
f 1380//1380 2183//2183 2181//2181 
f 1378//1378 2183//2183 1380//1380 
f 1378//1378 2185//2185 2183//2183 
f 1376//1376 2185//2185 1378//1378 
f 2187//2187 1374//1374 1376//1376 
f 2189//2189 1374//1374 2187//2187 
f 2189//2189 1372//1372 1374//1374 
f 2191//2191 1372//1372 2189//2189 
f 2191//2191 1370//1370 1372//1372 
f 2193//2193 1370//1370 2191//2191 
f 2193//2193 1368//1368 1370//1370 
f 2195//2195 1368//1368 2193//2193 
f 1366//1366 2197//2197 2195//2195 
f 1364//1364 2197//2197 1366//1366 
f 1364//1364 2199//2199 2197//2197 
f 1362//1362 2199//2199 1364//1364 
f 1362//1362 2201//2201 2199//2199 
f 3404//3404 2201//2201 1362//1362 
f 3404//3404 1360//1360 2201//2201 
f 2203//2203 1360//1360 3404//3404 
f 2203//2203 1358//1358 1360//1360 
f 2205//2205 1358//1358 2203//2203 
f 2205//2205 1356//1356 1358//1358 
f 2207//2207 1356//1356 2205//2205 
f 2207//2207 1354//1354 1356//1356 
f 2209//2209 1354//1354 2207//2207 
f 1352//1352 2211//2211 2209//2209 
f 1350//1350 2211//2211 1352//1352 
f 2213//2213 1348//1348 1350//1350 
f 2215//2215 1348//1348 2213//2213 
f 1346//1346 2217//2217 2215//2215 
f 1344//1344 2217//2217 1346//1346 
f 1344//1344 2219//2219 2217//2217 
f 1342//1342 2219//2219 1344//1344 
f 1342//1342 2221//2221 2219//2219 
f 1340//1340 2221//2221 1342//1342 
f 1340//1340 2223//2223 2221//2221 
f 1338//1338 2223//2223 1340//1340 
f 1338//1338 2225//2225 2223//2223 
f 1336//1336 2225//2225 1338//1338 
f 1336//1336 2227//2227 2225//2225 
f 1334//1334 2227//2227 1336//1336 
f 1334//1334 2229//2229 2227//2227 
f 3427//3427 2229//2229 1334//1334 
f 3427//3427 1332//1332 2229//2229 
f 2231//2231 1332//1332 3427//3427 
f 2231//2231 1330//1330 1332//1332 
f 3429//3429 1330//1330 2231//2231 
f 3429//3429 2233//2233 1330//1330 
f 1328//1328 2233//2233 3429//3429 
f 1328//1328 2235//2235 2233//2233 
f 3212//3212 2235//2235 1328//1328 
f 3212//3212 1326//1326 2235//2235 
f 25//25 1326//1326 3212//3212 
f 25//25 2237//2237 1326//1326 
f 1324//1324 2237//2237 25//25 
f 1324//1324 2239//2239 2237//2237 
f 1322//1322 2239//2239 1324//1324 
f 3234//3234 2241//2241 1322//1322 
f 1320//1320 2241//2241 3234//3234 
f 1320//1320 2243//2243 2241//2241 
f 1318//1318 2243//2243 1320//1320 
f 1318//1318 2245//2245 2243//2243 
f 3431//3431 2245//2245 1318//1318 
f 3431//3431 1316//1316 2245//2245 
f 3433//3433 1316//1316 3431//3431 
f 3433//3433 2247//2247 1316//1316 
f 1314//1314 2247//2247 3433//3433 
f 1314//1314 2249//2249 2247//2247 
f 1312//1312 2249//2249 1314//1314 
f 1312//1312 2251//2251 2249//2249 
f 38//38 2251//2251 1312//1312 
f 38//38 1310//1310 2251//2251 
f 2253//2253 1310//1310 38//38 
f 2253//2253 1308//1308 1310//1310 
f 2255//2255 1308//1308 2253//2253 
f 2255//2255 1306//1306 1308//1308 
f 3442//3442 1306//1306 2255//2255 
f 3442//3442 2257//2257 1306//1306 
f 1304//1304 2257//2257 3442//3442 
f 2560//2560 2259//2259 2556//2556 
f 1302//1302 2259//2259 2560//2560 
f 3201//3201 1300//1300 3196//3196 
f 2263//2263 1300//1300 3201//3201 
f 2263//2263 1298//1298 1300//1300 
f 1178//1178 1298//1298 2263//2263 
f 1178//1178 2382//2382 1298//1298 
f 1176//1176 2382//2382 1178//1178 
f 1176//1176 2383//2383 2382//2382 
f 1174//1174 2383//2383 1176//1176 
f 1174//1174 2385//2385 2383//2383 
f 1172//1172 2385//2385 1174//1174 
f 1172//1172 2387//2387 2385//2385 
f 1170//1170 2387//2387 1172//1172 
f 1170//1170 2389//2389 2387//2387 
f 1168//1168 2389//2389 1170//1170 
f 1168//1168 2391//2391 2389//2389 
f 1166//1166 2391//2391 1168//1168 
f 1166//1166 2393//2393 2391//2391 
f 1164//1164 2393//2393 1166//1166 
f 1164//1164 2395//2395 2393//2393 
f 1162//1162 2395//2395 1164//1164 
f 1162//1162 2397//2397 2395//2395 
f 1160//1160 2397//2397 1162//1162 
f 1160//1160 2399//2399 2397//2397 
f 1158//1158 2399//2399 1160//1160 
f 1158//1158 2401//2401 2399//2399 
f 1156//1156 2401//2401 1158//1158 
f 2403//2403 1154//1154 1156//1156 
f 2405//2405 1154//1154 2403//2403 
f 2405//2405 1152//1152 1154//1154 
f 2407//2407 1152//1152 2405//2405 
f 2407//2407 1150//1150 1152//1152 
f 2409//2409 1150//1150 2407//2407 
f 2409//2409 1148//1148 1150//1150 
f 2411//2411 1148//1148 2409//2409 
f 2411//2411 1146//1146 1148//1148 
f 2413//2413 1146//1146 2411//2411 
f 2413//2413 1144//1144 1146//1146 
f 2415//2415 1144//1144 2413//2413 
f 2415//2415 1142//1142 1144//1144 
f 2417//2417 1142//1142 2415//2415 
f 2417//2417 1140//1140 1142//1142 
f 2419//2419 1140//1140 2417//2417 
f 2419//2419 1138//1138 1140//1140 
f 2421//2421 1138//1138 2419//2419 
f 2421//2421 1136//1136 1138//1138 
f 2423//2423 1136//1136 2421//2421 
f 2423//2423 1134//1134 1136//1136 
f 2425//2425 1134//1134 2423//2423 
f 2425//2425 1132//1132 1134//1134 
f 1130//1130 2427//2427 1132//1132 
f 1130//1130 2429//2429 2427//2427 
f 1128//1128 2429//2429 1130//1130 
f 1128//1128 2431//2431 2429//2429 
f 1126//1126 2431//2431 1128//1128 
f 1126//1126 2433//2433 2431//2431 
f 1124//1124 2433//2433 1126//1126 
f 1124//1124 2435//2435 2433//2433 
f 1122//1122 2435//2435 1124//1124 
f 1122//1122 2437//2437 2435//2435 
f 1120//1120 2437//2437 1122//1122 
f 1120//1120 2439//2439 2437//2437 
f 1118//1118 2439//2439 1120//1120 
f 1118//1118 2441//2441 2439//2439 
f 2443//2443 1116//1116 2441//2441 
f 2443//2443 1114//1114 1116//1116 
f 2445//2445 1114//1114 2443//2443 
f 2445//2445 1112//1112 1114//1114 
f 2447//2447 1112//1112 2445//2445 
f 2447//2447 1110//1110 1112//1112 
f 2449//2449 1110//1110 2447//2447 
f 2449//2449 1108//1108 1110//1110 
f 2451//2451 1108//1108 2449//2449 
f 2451//2451 1106//1106 1108//1108 
f 2453//2453 1106//1106 2451//2451 
f 2453//2453 1104//1104 1106//1106 
f 2455//2455 1104//1104 2453//2453 
f 2455//2455 1102//1102 1104//1104 
f 2457//2457 1102//1102 2455//2455 
f 2457//2457 1100//1100 1102//1102 
f 2459//2459 1100//1100 2457//2457 
f 2459//2459 1098//1098 1100//1100 
f 2461//2461 1098//1098 2459//2459 
f 2461//2461 1096//1096 1098//1098 
f 2463//2463 1096//1096 2461//2461 
f 2463//2463 1094//1094 1096//1096 
f 2465//2465 1094//1094 2463//2463 
f 2465//2465 1092//1092 1094//1094 
f 2467//2467 1092//1092 2465//2465 
f 2467//2467 1090//1090 1092//1092 
f 2469//2469 1090//1090 2467//2467 
f 2469//2469 1088//1088 1090//1090 
f 2471//2471 1088//1088 2469//2469 
f 2471//2471 1086//1086 1088//1088 
f 2473//2473 1086//1086 2471//2471 
f 2473//2473 1084//1084 1086//1086 
f 2475//2475 1084//1084 2473//2473 
f 2475//2475 1082//1082 1084//1084 
f 2477//2477 1082//1082 2475//2475 
f 2477//2477 1080//1080 1082//1082 
f 1078//1078 2479//2479 1080//1080 
f 1078//1078 2481//2481 2479//2479 
f 1076//1076 2481//2481 1078//1078 
f 1076//1076 2483//2483 2481//2481 
f 1074//1074 2483//2483 1076//1076 
f 1074//1074 2485//2485 2483//2483 
f 1072//1072 2485//2485 1074//1074 
f 1072//1072 2487//2487 2485//2485 
f 3777//3777 2487//2487 1072//1072 
f 3777//3777 2489//2489 2487//2487 
f 1070//1070 2489//2489 3777//3777 
f 3776//3776 1070//1070 3777//3777 
f 1068//1068 1070//1070 3776//3776 
f 1068//1068 2489//2489 1070//1070 
f 2491//2491 2489//2489 1068//1068 
f 3774//3774 1068//1068 3776//3776 
f 1066//1066 1068//1068 3774//3774 
f 1066//1066 2491//2491 1068//1068 
f 2493//2493 2491//2491 1066//1066 
f 3224//3224 1066//1066 3774//3774 
f 1062//1062 1066//1066 3224//3224 
f 1062//1062 2493//2493 1066//1066 
f 2497//2497 2493//2493 1062//1062 
f 3772//3772 1062//1062 3224//3224 
f 1064//1064 1062//1062 3772//3772 
f 1064//1064 2497//2497 1062//1062 
f 2495//2495 2497//2497 1064//1064 
f 3770//3770 1064//1064 3772//3772 
f 1058//1058 1064//1064 3770//3770 
f 1058//1058 2495//2495 1064//1064 
f 2148//2148 2495//2495 1058//1058 
f 3768//3768 1058//1058 3770//3770 
f 2150//2150 1058//1058 3768//3768 
f 2150//2150 2148//2148 1058//1058 
f 2152//2152 2148//2148 2150//2150 
f 2897//2897 2150//2150 3768//3768 
f 2154//2154 2150//2150 2897//2897 
f 2154//2154 2152//2152 2150//2150 
f 3225//3225 2154//2154 2897//2897 
f 2156//2156 2154//2154 3225//3225 
f 2158//2158 2154//2154 2156//2156 
f 3765//3765 2156//2156 3225//3225 
f 2160//2160 2156//2156 3765//3765 
f 2160//2160 2158//2158 2156//2156 
f 2162//2162 2158//2158 2160//2160 
f 3764//3764 2160//2160 3765//3765 
f 2164//2164 2160//2160 3764//3764 
f 2164//2164 2162//2162 2160//2160 
f 2166//2166 2162//2162 2164//2164 
f 2168//2168 2166//2166 2164//2164 
f 2170//2170 2166//2166 2168//2168 
f 3762//3762 2168//2168 2164//2164 
f 2172//2172 2168//2168 3762//3762 
f 2172//2172 2170//2170 2168//2168 
f 2174//2174 2170//2170 2172//2172 
f 3761//3761 2172//2172 3762//3762 
f 2176//2176 2172//2172 3761//3761 
f 2176//2176 2174//2174 2172//2172 
f 2178//2178 2174//2174 2176//2176 
f 3760//3760 2176//2176 3761//3761 
f 2180//2180 2176//2176 3760//3760 
f 2180//2180 2178//2178 2176//2176 
f 3226//3226 2180//2180 3760//3760 
f 2182//2182 2180//2180 3226//3226 
f 2184//2184 2180//2180 2182//2182 
f 2186//2186 2184//2184 2182//2182 
f 3758//3758 2186//2186 2182//2182 
f 2188//2188 2186//2186 3758//3758 
f 2190//2190 2186//2186 2188//2188 
f 3757//3757 2188//2188 3758//3758 
f 2192//2192 2188//2188 3757//3757 
f 2192//2192 2190//2190 2188//2188 
f 2194//2194 2190//2190 2192//2192 
f 3756//3756 2192//2192 3757//3757 
f 2196//2196 2192//2192 3756//3756 
f 2196//2196 2194//2194 2192//2192 
f 2198//2198 2194//2194 2196//2196 
f 3755//3755 2196//2196 3756//3756 
f 2200//2200 2196//2196 3755//3755 
f 2200//2200 2198//2198 2196//2196 
f 2202//2202 2198//2198 2200//2200 
f 3753//3753 2200//2200 3755//3755 
f 2204//2204 2200//2200 3753//3753 
f 2204//2204 2202//2202 2200//2200 
f 2206//2206 2202//2202 2204//2204 
f 3227//3227 2204//2204 3753//3753 
f 2208//2208 2204//2204 3227//3227 
f 2208//2208 2206//2206 2204//2204 
f 2210//2210 2206//2206 2208//2208 
f 3231//3231 2208//2208 3227//3227 
f 2212//2212 2208//2208 3231//3231 
f 2212//2212 2210//2210 2208//2208 
f 2214//2214 2210//2210 2212//2212 
f 2216//2216 2214//2214 2212//2212 
f 2218//2218 2214//2214 2216//2216 
f 2220//2220 2218//2218 2216//2216 
f 2222//2222 2218//2218 2220//2220 
f 3237//3237 2220//2220 2216//2216 
f 2224//2224 2220//2220 3237//3237 
f 2224//2224 2222//2222 2220//2220 
f 2226//2226 2222//2222 2224//2224 
f 3241//3241 2224//2224 3237//3237 
f 2228//2228 2224//2224 3241//3241 
f 2228//2228 2226//2226 2224//2224 
f 2230//2230 2226//2226 2228//2228 
f 2900//2900 2228//2228 3241//3241 
f 2230//2230 2228//2228 2900//2900 
f 2904//2904 2230//2230 2900//2900 
f 2232//2232 2230//2230 2904//2904 
f 2234//2234 2230//2230 2232//2232 
f 2236//2236 2234//2234 2232//2232 
f 2238//2238 2234//2234 2236//2236 
f 2905//2905 2236//2236 2232//2232 
f 2240//2240 2236//2236 2905//2905 
f 2240//2240 2238//2238 2236//2236 
f 2242//2242 2238//2238 2240//2240 
f 3249//3249 2240//2240 2905//2905 
f 2244//2244 2240//2240 3249//3249 
f 2244//2244 2242//2242 2240//2240 
f 3251//3251 2244//2244 3249//3249 
f 2907//2907 2244//2244 3251//3251 
f 2248//2248 2244//2244 2907//2907 
f 2248//2248 2246//2246 2244//2244 
f 2250//2250 2246//2246 2248//2248 
f 2252//2252 2250//2250 2248//2248 
f 2254//2254 2250//2250 2252//2252 
f 2256//2256 2254//2254 2252//2252 
f 2258//2258 2254//2254 2256//2256 
f 2260//2260 2258//2258 2256//2256 
f 2262//2262 2258//2258 2260//2260 
f 2909//2909 2260//2260 2256//2256 
f 2265//2265 2260//2260 2909//2909 
f 2265//2265 2262//2262 2260//2260 
f 2267//2267 2262//2262 2265//2265 
f 2910//2910 2265//2265 2909//2909 
f 2269//2269 2265//2265 2910//2910 
f 2269//2269 2267//2267 2265//2265 
f 2271//2271 2267//2267 2269//2269 
f 2911//2911 2269//2269 2910//2910 
f 2271//2271 2269//2269 2911//2911 
f 3261//3261 2271//2271 2911//2911 
f 2275//2275 2271//2271 3261//3261 
f 2275//2275 2273//2273 2271//2271 
f 2277//2277 2273//2273 2275//2275 
f 2279//2279 2277//2277 2275//2275 
f 2281//2281 2277//2277 2279//2279 
f 2913//2913 2279//2279 2275//2275 
f 2283//2283 2279//2279 2913//2913 
f 2283//2283 2281//2281 2279//2279 
f 2285//2285 2281//2281 2283//2283 
f 2914//2914 2283//2283 2913//2913 
f 2287//2287 2283//2283 2914//2914 
f 2287//2287 2285//2285 2283//2283 
f 2289//2289 2285//2285 2287//2287 
f 2915//2915 2287//2287 2914//2914 
f 2291//2291 2287//2287 2915//2915 
f 2291//2291 2289//2289 2287//2287 
f 2293//2293 2289//2289 2291//2291 
f 2295//2295 2293//2293 2291//2291 
f 2297//2297 2293//2293 2295//2295 
f 2917//2917 2297//2297 2295//2295 
f 2301//2301 2297//2297 2917//2917 
f 2301//2301 2299//2299 2297//2297 
f 2303//2303 2299//2299 2301//2301 
f 2918//2918 2301//2301 2917//2917 
f 2305//2305 2301//2301 2918//2918 
f 2305//2305 2303//2303 2301//2301 
f 2307//2307 2303//2303 2305//2305 
f 2919//2919 2305//2305 2918//2918 
f 2309//2309 2305//2305 2919//2919 
f 2309//2309 2307//2307 2305//2305 
f 2311//2311 2307//2307 2309//2309 
f 3277//3277 2309//2309 2919//2919 
f 2313//2313 2309//2309 3277//3277 
f 2313//2313 2311//2311 2309//2309 
f 2315//2315 2311//2311 2313//2313 
f 3279//3279 2313//2313 3277//3277 
f 2317//2317 2313//2313 3279//3279 
f 2317//2317 2315//2315 2313//2313 
f 2319//2319 2315//2315 2317//2317 
f 2921//2921 2317//2317 3279//3279 
f 2321//2321 2317//2317 2921//2921 
f 2321//2321 2319//2319 2317//2317 
f 2323//2323 2319//2319 2321//2321 
f 2922//2922 2321//2321 2921//2921 
f 2325//2325 2321//2321 2922//2922 
f 2325//2325 2323//2323 2321//2321 
f 2327//2327 2323//2323 2325//2325 
f 2923//2923 2325//2325 2922//2922 
f 2329//2329 2325//2325 2923//2923 
f 2329//2329 2327//2327 2325//2325 
f 2331//2331 2327//2327 2329//2329 
f 2924//2924 2329//2329 2923//2923 
f 2331//2331 2329//2329 2924//2924 
f 2925//2925 2331//2331 2924//2924 
f 2335//2335 2331//2331 2925//2925 
f 2335//2335 2333//2333 2331//2331 
f 2337//2337 2333//2333 2335//2335 
f 3289//3289 2335//2335 2925//2925 
f 2339//2339 2335//2335 3289//3289 
f 2339//2339 2337//2337 2335//2335 
f 2341//2341 2337//2337 2339//2339 
f 2927//2927 2341//2341 2339//2339 
f 2343//2343 2341//2341 2927//2927 
f 2343//2343 2345//2345 2341//2341 
f 2347//2347 2345//2345 2343//2343 
f 2347//2347 2349//2349 2345//2345 
f 2351//2351 2349//2349 2347//2347 
f 2351//2351 2353//2353 2349//2349 
f 2930//2930 2353//2353 2351//2351 
f 2930//2930 2355//2355 2353//2353 
f 2357//2357 2355//2355 2930//2930 
f 2357//2357 2359//2359 2355//2355 
f 2361//2361 2359//2359 2357//2357 
f 2363//2363 2365//2365 2361//2361 
f 2367//2367 2365//2365 2363//2363 
f 2367//2367 2369//2369 2365//2365 
f 2371//2371 2369//2369 2367//2367 
f 2373//2373 2375//2375 2371//2371 
f 2377//2377 2375//2375 2373//2373 
f 2377//2377 2379//2379 2375//2375 
f 2381//2381 2379//2379 2377//2377 
f 2381//2381 2384//2384 2379//2379 
f 2386//2386 2384//2384 2381//2381 
f 2386//2386 2388//2388 2384//2384 
f 2390//2390 2388//2388 2386//2386 
f 2390//2390 2392//2392 2388//2388 
f 2394//2394 2392//2392 2390//2390 
f 2394//2394 2396//2396 2392//2392 
f 2398//2398 2396//2396 2394//2394 
f 2398//2398 2400//2400 2396//2396 
f 2402//2402 2400//2400 2398//2398 
f 2402//2402 2404//2404 2400//2400 
f 2406//2406 2404//2404 2402//2402 
f 2406//2406 2408//2408 2404//2404 
f 2410//2410 2408//2408 2406//2406 
f 2410//2410 2412//2412 2408//2408 
f 2414//2414 2416//2416 2412//2412 
f 2418//2418 2416//2416 2414//2414 
f 2418//2418 2420//2420 2416//2416 
f 2422//2422 2420//2420 2418//2418 
f 2422//2422 2424//2424 2420//2420 
f 2426//2426 2424//2424 2422//2422 
f 2426//2426 2428//2428 2424//2424 
f 2430//2430 2428//2428 2426//2426 
f 2430//2430 2432//2432 2428//2428 
f 2434//2434 2432//2432 2430//2430 
f 2434//2434 2436//2436 2432//2432 
f 2438//2438 2436//2436 2434//2434 
f 2438//2438 2440//2440 2436//2436 
f 2442//2442 2440//2440 2438//2438 
f 2442//2442 2444//2444 2440//2440 
f 2446//2446 2444//2444 2442//2442 
f 2446//2446 2448//2448 2444//2444 
f 2450//2450 2448//2448 2446//2446 
f 2450//2450 2452//2452 2448//2448 
f 2454//2454 2452//2452 2450//2450 
f 2454//2454 2456//2456 2452//2452 
f 2458//2458 2456//2456 2454//2454 
f 2458//2458 2460//2460 2456//2456 
f 2462//2462 2460//2460 2458//2458 
f 2462//2462 2464//2464 2460//2460 
f 2466//2466 2464//2464 2462//2462 
f 2466//2466 2468//2468 2464//2464 
f 2470//2470 2468//2468 2466//2466 
f 2470//2470 2472//2472 2468//2468 
f 2474//2474 2472//2472 2470//2470 
f 2474//2474 2476//2476 2472//2472 
f 2478//2478 2476//2476 2474//2474 
f 2478//2478 2480//2480 2476//2476 
f 2482//2482 2480//2480 2478//2478 
f 2482//2482 2484//2484 2480//2480 
f 2486//2486 2484//2484 2482//2482 
f 2490//2490 2488//2488 2486//2486 
f 2490//2490 2492//2492 2488//2488 
f 2494//2494 2492//2492 2490//2490 
f 2494//2494 2496//2496 2492//2492 
f 2498//2498 2496//2496 2494//2494 
f 2498//2498 1060//1060 2496//2496 
f 2500//2500 1060//1060 2498//2498 
f 2500//2500 2499//2499 1060//1060 
f 2854//2854 2499//2499 2500//2500 
f 2854//2854 2502//2502 2499//2499 
f 2145//2145 2502//2502 2854//2854 
f 2145//2145 2146//2146 2502//2502 
f 2504//2504 2146//2146 2145//2145 
f 2504//2504 2506//2506 2146//2146 
f 2508//2508 2506//2506 2504//2504 
f 2508//2508 2510//2510 2506//2506 
f 2512//2512 2510//2510 2508//2508 
f 2512//2512 2514//2514 2510//2510 
f 2516//2516 2514//2514 2512//2512 
f 2516//2516 2518//2518 2514//2514 
f 2520//2520 2518//2518 2516//2516 
f 2520//2520 2522//2522 2518//2518 
f 2524//2524 2522//2522 2520//2520 
f 2524//2524 2526//2526 2522//2522 
f 2528//2528 2526//2526 2524//2524 
f 2528//2528 2530//2530 2526//2526 
f 2532//2532 2530//2530 2528//2528 
f 2532//2532 2534//2534 2530//2530 
f 2536//2536 2534//2534 2532//2532 
f 2536//2536 2538//2538 2534//2534 
f 2540//2540 2538//2538 2536//2536 
f 2540//2540 2542//2542 2538//2538 
f 2544//2544 2542//2542 2540//2540 
f 2544//2544 2546//2546 2542//2542 
f 2548//2548 2546//2546 2544//2544 
f 2548//2548 2550//2550 2546//2546 
f 2552//2552 2550//2550 2548//2548 
f 2552//2552 3192//3192 2550//2550 
f 3194//3194 3192//3192 2552//2552 
f 2558//2558 2556//2556 2554//2554 
f 2558//2558 2560//2560 2556//2556 
f 2562//2562 2560//2560 2558//2558 
f 2562//2562 2564//2564 2560//2560 
f 2566//2566 2564//2564 2562//2562 
f 2566//2566 2568//2568 2564//2564 
f 2570//2570 2568//2568 2566//2566 
f 2570//2570 2572//2572 2568//2568 
f 2574//2574 2572//2572 2570//2570 
f 2574//2574 2576//2576 2572//2572 
f 2578//2578 2576//2576 2574//2574 
f 2578//2578 2580//2580 2576//2576 
f 2582//2582 2580//2580 2578//2578 
f 2582//2582 2584//2584 2580//2580 
f 2586//2586 2584//2584 2582//2582 
f 2586//2586 2588//2588 2584//2584 
f 3458//3458 2588//2588 2586//2586 
f 3458//3458 2590//2590 2588//2588 
f 2592//2592 2590//2590 3458//3458 
f 2592//2592 2594//2594 2590//2590 
f 2596//2596 2594//2594 2592//2592 
f 2596//2596 2598//2598 2594//2594 
f 3461//3461 2598//2598 2596//2596 
f 3461//3461 2600//2600 2598//2598 
f 2602//2602 2600//2600 3461//3461 
f 2602//2602 2604//2604 2600//2600 
f 2606//2606 2604//2604 2602//2602 
f 2606//2606 2608//2608 2604//2604 
f 2610//2610 2608//2608 2606//2606 
f 2610//2610 2612//2612 2608//2608 
f 2614//2614 2612//2612 2610//2610 
f 2614//2614 2616//2616 2612//2612 
f 2618//2618 2616//2616 2614//2614 
f 2618//2618 2620//2620 2616//2616 
f 2622//2622 2620//2620 2618//2618 
f 2622//2622 2624//2624 2620//2620 
f 2628//2628 2626//2626 2624//2624 
f 2628//2628 2630//2630 2626//2626 
f 43//43 2630//2630 2628//2628 
f 43//43 2632//2632 2630//2630 
f 2634//2634 2632//2632 43//43 
f 2634//2634 2636//2636 2632//2632 
f 2638//2638 2636//2636 2634//2634 
f 2638//2638 2640//2640 2636//2636 
f 2642//2642 2640//2640 2638//2638 
f 2642//2642 2644//2644 2640//2640 
f 2646//2646 2644//2644 2642//2642 
f 2646//2646 2648//2648 2644//2644 
f 2650//2650 2648//2648 2646//2646 
f 2650//2650 2652//2652 2648//2648 
f 2654//2654 2652//2652 2650//2650 
f 2654//2654 2656//2656 2652//2652 
f 2658//2658 2656//2656 2654//2654 
f 2658//2658 2660//2660 2656//2656 
f 2662//2662 2660//2660 2658//2658 
f 2662//2662 2664//2664 2660//2660 
f 3491//3491 2664//2664 2662//2662 
f 3491//3491 2666//2666 2664//2664 
f 2668//2668 2666//2666 3491//3491 
f 2668//2668 2670//2670 2666//2666 
f 2672//2672 2670//2670 2668//2668 
f 2672//2672 2674//2674 2670//2670 
f 2676//2676 2674//2674 2672//2672 
f 2676//2676 2678//2678 2674//2674 
f 2680//2680 2678//2678 2676//2676 
f 2680//2680 2682//2682 2678//2678 
f 2684//2684 2682//2682 2680//2680 
f 2684//2684 2686//2686 2682//2682 
f 2688//2688 2686//2686 2684//2684 
f 2688//2688 2690//2690 2686//2686 
f 2692//2692 2690//2690 2688//2688 
f 2692//2692 2694//2694 2690//2690 
f 2696//2696 2694//2694 2692//2692 
f 2696//2696 2698//2698 2694//2694 
f 2700//2700 2698//2698 2696//2696 
f 2700//2700 2702//2702 2698//2698 
f 2704//2704 2702//2702 2700//2700 
f 2704//2704 2706//2706 2702//2702 
f 2708//2708 2706//2706 2704//2704 
f 2708//2708 2710//2710 2706//2706 
f 2712//2712 2710//2710 2708//2708 
f 2712//2712 2714//2714 2710//2710 
f 2716//2716 2714//2714 2712//2712 
f 2716//2716 2718//2718 2714//2714 
f 2720//2720 2718//2718 2716//2716 
f 2720//2720 2722//2722 2718//2718 
f 2724//2724 2722//2722 2720//2720 
f 2724//2724 2726//2726 2722//2722 
f 3529//3529 2726//2726 2724//2724 
f 3529//3529 2728//2728 2726//2726 
f 2730//2730 2728//2728 3529//3529 
f 2730//2730 2732//2732 2728//2728 
f 2734//2734 2732//2732 2730//2730 
f 2734//2734 2736//2736 2732//2732 
f 2738//2738 2736//2736 2734//2734 
f 2738//2738 2740//2740 2736//2736 
f 3534//3534 2740//2740 2738//2738 
f 3534//3534 2742//2742 2740//2740 
f 2744//2744 2742//2742 3534//3534 
f 2744//2744 2746//2746 2742//2742 
f 2748//2748 2746//2746 2744//2744 
f 2748//2748 2750//2750 2746//2746 
f 3542//3542 2760//2760 2758//2758 
f 3542//3542 2762//2762 2760//2760 
f 2766//2766 2764//2764 2762//2762 
f 2766//2766 2768//2768 2764//2764 
f 2770//2770 2768//2768 2766//2766 
f 2770//2770 2772//2772 2768//2768 
f 62//62 2772//2772 2770//2770 
f 62//62 2774//2774 2772//2772 
f 3549//3549 2774//2774 62//62 
f 3549//3549 2776//2776 2774//2774 
f 3551//3551 2776//2776 3549//3549 
f 3551//3551 2778//2778 2776//2776 
f 3553//3553 2778//2778 3551//3551 
f 3553//3553 2780//2780 2778//2778 
f 2786//2786 2784//2784 2782//2782 
f 2786//2786 2788//2788 2784//2784 
f 3557//3557 2788//2788 2786//2786 
f 3557//3557 2790//2790 2788//2788 
f 2792//2792 2790//2790 3557//3557 
f 2792//2792 2794//2794 2790//2790 
f 2802//2802 2800//2800 2798//2798 
f 2802//2802 2804//2804 2800//2800 
f 2806//2806 2804//2804 2802//2802 
f 2806//2806 1444//1444 2804//2804 
f 3296//3296 1444//1444 2806//2806 
f 3296//3296 2808//2808 1444//1444 
f 3571//3571 1081//1081 2812//2812 
f 3571//3571 2814//2814 1081//1081 
f 67//67 2822//2822 2820//2820 
f 67//67 2824//2824 2822//2822 
f 3578//3578 2824//2824 67//67 
f 3578//3578 1071//1071 2824//2824 
f 3579//3579 1071//1071 3578//3578 
f 3579//3579 2826//2826 1071//1071 
f 2828//2828 2826//2826 3579//3579 
f 2828//2828 2830//2830 2826//2826 
f 2832//2832 2830//2830 2828//2828 
f 2832//2832 3302//3302 2830//2830 
f 3585//3585 1063//1063 68//68 
f 3585//3585 3587//3587 1063//1063 
f 2838//2838 2836//2836 2834//2834 
f 2838//2838 2840//2840 2836//2836 
f 2848//2848 2846//2846 2844//2844 
f 2848//2848 1412//1412 2846//2846 
f 72//72 1412//1412 2848//2848 
f 72//72 2850//2850 1412//1412 
f 74//74 2850//2850 72//72 
f 75//75 2850//2850 74//74 
f 75//75 77//77 2850//2850 
f 81//81 2153//2153 2852//2852 
f 81//81 3//3 2153//2153 
f 4//4 3//3 81//81 
f 4//4 5//5 3//3 
f 6//6 5//5 4//4 
f 6//6 7//7 5//5 
f 82//82 8//8 7//7 
f 82//82 9//9 8//8 
f 10//10 9//9 82//82 
f 10//10 11//11 9//9 
f 12//12 11//11 10//10 
f 12//12 13//13 11//11 
f 3635//3635 28//28 27//27 
f 3635//3635 29//29 28//28 
f 30//30 29//29 3635//3635 
f 30//30 31//31 29//29 
f 3637//3637 31//31 30//30 
f 3637//3637 32//32 31//31 
f 34//34 33//33 32//32 
f 34//34 35//35 33//33 
f 2901//2901 35//35 34//34 
f 2901//2901 2902//2902 35//35 
f 85//85 2902//2902 2901//2901 
f 85//85 2903//2903 2902//2902 
f 3645//3645 14//14 2903//2903 
f 3645//3645 3183//3183 14//14 
f 3185//3185 3183//3183 3645//3645 
f 3185//3185 3187//3187 3183//3183 
f 3189//3189 3187//3187 3185//3185 
f 3189//3189 3191//3191 3187//3187 
f 86//86 3191//3191 3189//3189 
f 86//86 3193//3193 3191//3191 
f 3197//3197 3195//3195 3193//3193 
f 3197//3197 15//15 3195//3195 
f 3389//3389 15//15 3197//3197 
f 3389//3389 3390//3390 15//15 
f 3391//3391 3390//3390 3389//3389 
f 3391//3391 3392//3392 3390//3390 
f 3393//3393 3392//3392 3391//3391 
f 3393//3393 3394//3394 3392//3392 
f 3395//3395 3394//3394 3393//3393 
f 3395//3395 3198//3198 3394//3394 
f 16//16 3198//3198 3395//3395 
f 16//16 3396//3396 3198//3198 
f 3397//3397 3396//3396 16//16 
f 3397//3397 3398//3398 3396//3396 
f 3399//3399 3398//3398 3397//3397 
f 3399//3399 3400//3400 3398//3398 
f 3401//3401 3400//3400 3399//3399 
f 3401//3401 3402//3402 3400//3400 
f 3199//3199 3402//3402 3401//3401 
f 3199//3199 17//17 3402//3402 
f 3403//3403 17//17 3199//3199 
f 3403//3403 3404//3404 17//17 
f 3405//3405 3404//3404 3403//3403 
f 3405//3405 3406//3406 3404//3404 
f 3407//3407 3406//3406 3405//3405 
f 3407//3407 3408//3408 3406//3406 
f 3409//3409 3408//3408 3407//3407 
f 3409//3409 3200//3200 3408//3408 
f 18//18 3200//3200 3409//3409 
f 18//18 3410//3410 3200//3200 
f 3411//3411 3410//3410 18//18 
f 3411//3411 3412//3412 3410//3410 
f 3413//3413 3412//3412 3411//3411 
f 3413//3413 3414//3414 3412//3412 
f 3415//3415 3414//3414 3413//3413 
f 3415//3415 3202//3202 3414//3414 
f 19//19 3202//3202 3415//3415 
f 19//19 3416//3416 3202//3202 
f 3417//3417 3416//3416 19//19 
f 3417//3417 3418//3418 3416//3416 
f 3419//3419 3418//3418 3417//3417 
f 3419//3419 3420//3420 3418//3418 
f 3204//3204 3420//3420 3419//3419 
f 3204//3204 20//20 3420//3420 
f 3421//3421 20//20 3204//3204 
f 3421//3421 3422//3422 20//20 
f 3424//3424 3423//3423 3422//3422 
f 3424//3424 3206//3206 3423//3423 
f 21//21 3206//3206 3424//3424 
f 21//21 3425//3425 3206//3206 
f 3426//3426 3425//3425 21//21 
f 3426//3426 3427//3427 3425//3425 
f 3208//3208 3427//3427 3426//3426 
f 3208//3208 22//22 3427//3427 
f 3428//3428 22//22 3208//3208 
f 3428//3428 3429//3429 22//22 
f 3210//3210 3429//3429 3428//3428 
f 3210//3210 23//23 3429//3429 
f 3430//3430 23//23 3210//3210 
f 3430//3430 3212//3212 23//23 
f 24//24 3212//3212 3430//3430 
f 24//24 25//25 3212//3212 
f 3214//3214 25//25 24//24 
f 3214//3214 36//36 25//25 
f 3228//3228 36//36 3214//3214 
f 3228//3228 3230//3230 36//36 
f 3232//3232 3230//3230 3228//3228 
f 3232//3232 3234//3234 3230//3230 
f 3236//3236 3234//3234 3232//3232 
f 3236//3236 3238//3238 3234//3234 
f 3240//3240 3238//3238 3236//3236 
f 3240//3240 3242//3242 3238//3238 
f 37//37 3242//3242 3240//3240 
f 37//37 3431//3431 3242//3242 
f 3432//3432 3431//3431 37//37 
f 3432//3432 3433//3433 3431//3431 
f 3434//3434 3433//3433 3432//3432 
f 3434//3434 3435//3435 3433//3433 
f 3436//3436 3435//3435 3434//3434 
f 3436//3436 3437//3437 3435//3435 
f 3243//3243 3437//3437 3436//3436 
f 3243//3243 38//38 3437//3437 
f 3438//3438 38//38 3243//3243 
f 3438//3438 3439//3439 38//38 
f 3730//3730 3439//3439 3438//3438 
f 3730//3730 3440//3440 3439//3439 
f 3441//3441 3440//3440 3730//3730 
f 3441//3441 3442//3442 3440//3440 
f 3443//3443 3442//3442 3441//3441 
f 3443//3443 3444//3444 3442//3442 
f 3244//3244 3444//3444 3443//3443 
f 3244//3244 39//39 3444//3444 
f 3446//3446 3445//3445 39//39 
f 3446//3446 3447//3447 3445//3445 
f 3448//3448 3447//3447 3446//3446 
f 3448//3448 3449//3449 3447//3447 
f 3450//3450 3449//3449 3448//3448 
f 3450//3450 3451//3451 3449//3449 
f 3245//3245 3451//3451 3450//3450 
f 3245//3245 3246//3246 3451//3451 
f 40//40 3246//3246 3245//3245 
f 40//40 3452//3452 3246//3246 
f 3453//3453 3452//3452 40//40 
f 3453//3453 3454//3454 3452//3452 
f 3455//3455 3454//3454 3453//3453 
f 3455//3455 3456//3456 3454//3454 
f 3457//3457 3456//3456 3455//3455 
f 3457//3457 3458//3458 3456//3456 
f 3459//3459 3458//3458 3457//3457 
f 3459//3459 3248//3248 3458//3458 
f 41//41 3248//3248 3459//3459 
f 41//41 3460//3460 3248//3248 
f 3462//3462 3461//3461 3460//3460 
f 3462//3462 3463//3463 3461//3461 
f 3464//3464 3463//3463 3462//3462 
f 3464//3464 3465//3465 3463//3463 
f 3466//3466 3465//3465 3464//3464 
f 3466//3466 3467//3467 3465//3465 
f 3250//3250 3467//3467 3466//3466 
f 3250//3250 42//42 3467//3467 
f 3468//3468 42//42 3250//3250 
f 3468//3468 3469//3469 42//42 
f 3470//3470 3469//3469 3468//3468 
f 3470//3470 3471//3471 3469//3469 
f 3472//3472 3471//3471 3470//3470 
f 3472//3472 3473//3473 3471//3471 
f 3474//3474 3473//3473 3472//3472 
f 3474//3474 3475//3475 3473//3473 
f 3252//3252 3475//3475 3474//3474 
f 3252//3252 43//43 3475//3475 
f 3476//3476 43//43 3252//3252 
f 3476//3476 3477//3477 43//43 
f 3478//3478 3477//3477 3476//3476 
f 3478//3478 3479//3479 3477//3477 
f 3480//3480 3479//3479 3478//3478 
f 3480//3480 3481//3481 3479//3479 
f 3482//3482 3481//3481 3480//3480 
f 3482//3482 3483//3483 3481//3481 
f 3254//3254 3483//3483 3482//3482 
f 3254//3254 44//44 3483//3483 
f 3484//3484 44//44 3254//3254 
f 3484//3484 3485//3485 44//44 
f 3486//3486 3485//3485 3484//3484 
f 3486//3486 3487//3487 3485//3485 
f 3488//3488 3487//3487 3486//3486 
f 3488//3488 3489//3489 3487//3487 
f 3490//3490 3489//3489 3488//3488 
f 3490//3490 3491//3491 3489//3489 
f 3256//3256 3491//3491 3490//3490 
f 3256//3256 45//45 3491//3491 
f 3492//3492 45//45 3256//3256 
f 3492//3492 3493//3493 45//45 
f 3494//3494 3493//3493 3492//3492 
f 3494//3494 3495//3495 3493//3493 
f 3496//3496 3495//3495 3494//3494 
f 3496//3496 3497//3497 3495//3495 
f 3498//3498 3497//3497 3496//3496 
f 3498//3498 3499//3499 3497//3497 
f 3258//3258 3499//3499 3498//3498 
f 3258//3258 46//46 3499//3499 
f 3500//3500 46//46 3258//3258 
f 3500//3500 3501//3501 46//46 
f 47//47 3501//3501 3500//3500 
f 47//47 48//48 3501//3501 
f 49//49 48//48 47//47 
f 49//49 50//50 48//48 
f 51//51 50//50 49//49 
f 51//51 52//52 50//50 
f 53//53 52//52 51//51 
f 53//53 54//54 52//52 
f 55//55 54//54 53//53 
f 55//55 56//56 54//54 
f 57//57 56//56 55//55 
f 57//57 58//58 56//56 
f 3519//3519 58//58 57//57 
f 3519//3519 3521//3521 58//58 
f 3523//3523 3521//3521 3519//3519 
f 3523//3523 3525//3525 3521//3521 
f 3527//3527 3525//3525 3523//3523 
f 3527//3527 3529//3529 3525//3525 
f 3284//3284 3529//3529 3527//3527 
f 3284//3284 59//59 3529//3529 
f 3530//3530 59//59 3284//3284 
f 3530//3530 3531//3531 59//59 
f 2942//2942 3531//3531 3530//3530 
f 2942//2942 3532//3532 3531//3531 
f 3533//3533 3532//3532 2942//2942 
f 3533//3533 3534//3534 3532//3532 
f 3535//3535 3534//3534 3533//3533 
f 3535//3535 3286//3286 3534//3534 
f 60//60 3286//3286 3535//3535 
f 60//60 3536//3536 3286//3286 
f 3537//3537 3536//3536 60//60 
f 3537//3537 3538//3538 3536//3536 
f 2937//2937 3538//3538 3537//3537 
f 2937//2937 3539//3539 3538//3538 
f 61//61 3288//3288 3541//3541 
f 61//61 3542//3542 3288//3288 
f 3543//3543 3542//3542 61//61 
f 3543//3543 3544//3544 3542//3542 
f 3545//3545 3544//3544 3543//3543 
f 3545//3545 3546//3546 3544//3544 
f 3547//3547 3546//3546 3545//3545 
f 3547//3547 3290//3290 3546//3546 
f 3299//3299 3290//3290 3547//3547 
f 3299//3299 62//62 3290//3290 
f 3548//3548 62//62 3299//3299 
f 3548//3548 3549//3549 62//62 
f 3550//3550 3549//3549 3548//3548 
f 3550//3550 3551//3551 3549//3549 
f 3552//3552 3551//3551 3550//3550 
f 3552//3552 3553//3553 3551//3551 
f 3292//3292 3553//3553 3552//3552 
f 3292//3292 63//63 3553//3553 
f 3554//3554 63//63 3292//3292 
f 3554//3554 3555//3555 63//63 
f 3287//3287 3556//3556 3555//3555 
f 3287//3287 3557//3557 3556//3556 
f 3558//3558 3557//3557 3287//3287 
f 3558//3558 3559//3559 3557//3557 
f 3294//3294 3559//3559 3558//3558 
f 3294//3294 64//64 3559//3559 
f 3281//3281 64//64 3294//3294 
f 3281//3281 3560//3560 64//64 
f 3561//3561 3560//3560 3281//3281 
f 3561//3561 3562//3562 3560//3560 
f 2920//2920 3562//3562 3561//3561 
f 2920//2920 3563//3563 3562//3562 
f 3564//3564 3563//3563 2920//2920 
f 3564//3564 3565//3565 3563//3563 
f 3273//3273 3296//3296 3565//3565 
f 3273//3273 65//65 3296//3296 
f 3566//3566 65//65 3273//3273 
f 3566//3566 3567//3567 65//65 
f 2916//2916 3567//3567 3566//3566 
f 2916//2916 3568//3568 3567//3567 
f 3569//3569 3568//3568 2916//2916 
f 3569//3569 3570//3570 3568//3568 
f 3267//3267 3570//3570 3569//3569 
f 3267//3267 3571//3571 3570//3570 
f 3298//3298 3571//3571 3267//3267 
f 3298//3298 66//66 3571//3571 
f 3574//3574 3573//3573 3572//3572 
f 3574//3574 3575//3575 3573//3573 
f 3576//3576 3575//3575 3574//3574 
f 3576//3576 3577//3577 3575//3575 
f 3257//3257 3577//3577 3576//3576 
f 3257//3257 3300//3300 3577//3577 
f 2908//2908 67//67 3300//3300 
f 2908//2908 3578//3578 67//67 
f 3253//3253 3578//3578 2908//2908 
f 3253//3253 3579//3579 3578//3578 
f 3580//3580 3579//3579 3253//3253 
f 3580//3580 3581//3581 3579//3579 
f 3582//3582 3581//3581 3580//3580 
f 3582//3582 3583//3583 3581//3581 
f 3247//3247 3302//3302 3583//3583 
f 3247//3247 68//68 3302//3302 
f 3584//3584 68//68 3247//3247 
f 3584//3584 3585//3585 68//68 
f 3586//3586 3585//3585 3584//3584 
f 3586//3586 3587//3587 3585//3585 
f 3588//3588 3587//3587 3586//3586 
f 3588//3588 3589//3589 3587//3587 
f 3304//3304 3589//3589 3588//3588 
f 3304//3304 69//69 3589//3589 
f 3590//3590 69//69 3304//3304 
f 3590//3590 3591//3591 69//69 
f 3592//3592 3591//3591 3590//3590 
f 3592//3592 3593//3593 3591//3591 
f 3594//3594 3593//3593 3592//3592 
f 3594//3594 3595//3595 3593//3593 
f 3306//3306 3595//3595 3594//3594 
f 3306//3306 70//70 3595//3595 
f 71//71 70//70 3306//3306 
f 71//71 72//72 70//70 
f 73//73 72//72 71//71 
f 73//73 74//74 72//72 
f 76//76 75//75 74//74 
f 76//76 77//77 75//75 
f 78//78 77//77 76//76 
f 78//78 79//79 77//77 
f 80//80 79//79 78//78 
f 80//80 81//81 79//79 
f 3614//3614 81//81 80//80 
f 3614//3614 3616//3616 81//81 
f 3618//3618 3616//3616 3614//3614 
f 3618//3618 3620//3620 3616//3616 
f 3622//3622 3620//3620 3618//3618 
f 3622//3622 3624//3624 3620//3620 
f 3334//3334 3624//3624 3622//3622 
f 3334//3334 82//82 3624//3624 
f 3625//3625 82//82 3334//3334 
f 3625//3625 3626//3626 82//82 
f 3629//3629 3628//3628 3627//3627 
f 3629//3629 3630//3630 3628//3628 
f 83//83 3336//3336 3630//3630 
f 83//83 3631//3631 3336//3336 
f 3632//3632 3631//3631 83//83 
f 3632//3632 3633//3633 3631//3631 
f 3634//3634 3633//3633 3632//3632 
f 3634//3634 3635//3635 3633//3633 
f 3636//3636 3635//3635 3634//3634 
f 3636//3636 3338//3338 3635//3635 
f 84//84 3338//3338 3636//3636 
f 84//84 3637//3637 3338//3338 
f 3638//3638 3637//3637 84//84 
f 3638//3638 3639//3639 3637//3637 
f 3641//3641 3640//3640 3639//3639 
f 3641//3641 3642//3642 3640//3640 
f 3340//3340 3642//3642 3641//3641 
f 3340//3340 85//85 3642//3642 
f 3643//3643 85//85 3340//3340 
f 3643//3643 3644//3644 85//85 
f 3646//3646 3645//3645 3644//3644 
f 3646//3646 3647//3647 3645//3645 
f 3342//3342 3648//3648 3647//3647 
f 3342//3342 86//86 3648//3648 
f 3649//3649 86//86 3342//3342 
f 3649//3649 3650//3650 86//86 
f 3651//3651 3650//3650 3649//3649 
f 3651//3651 3652//3652 3650//3650 
f 3654//3654 3653//3653 3652//3652 
f 3654//3654 3344//3344 3653//3653 
f 3655//3655 87//87 3344//3344 
f 3655//3655 3656//3656 87//87 
f 3657//3657 3656//3656 3655//3655 
f 3657//3657 3658//3658 3656//3656 
f 3659//3659 3658//3658 3657//3657 
f 3659//3659 3660//3660 3658//3658 
f 3346//3346 3660//3660 3659//3659 
f 3346//3346 88//88 3660//3660 
f 3661//3661 88//88 3346//3346 
f 3661//3661 3662//3662 88//88 
f 3663//3663 3662//3662 3661//3661 
f 3663//3663 3664//3664 3662//3662 
f 3665//3665 3664//3664 3663//3663 
f 3665//3665 3666//3666 3664//3664 
f 3348//3348 3666//3666 3665//3665 
f 3348//3348 89//89 3666//3666 
f 3667//3667 89//89 3348//3348 
f 3667//3667 3668//3668 89//89 
f 3669//3669 3668//3668 3667//3667 
f 3669//3669 3670//3670 3668//3668 
f 3671//3671 3670//3670 3669//3669 
f 3671//3671 3672//3672 3670//3670 
f 3350//3350 3672//3672 3671//3671 
f 3350//3350 90//90 3672//3672 
f 3673//3673 90//90 3350//3350 
f 3673//3673 3674//3674 90//90 
f 3675//3675 3674//3674 3673//3673 
f 3675//3675 3676//3676 3674//3674 
f 3677//3677 3676//3676 3675//3675 
f 3677//3677 3678//3678 3676//3676 
f 3352//3352 3678//3678 3677//3677 
f 3352//3352 91//91 3678//3678 
f 3679//3679 91//91 3352//3352 
f 3679//3679 3680//3680 91//91 
f 3681//3681 3680//3680 3679//3679 
f 3681//3681 3682//3682 3680//3680 
f 3683//3683 3682//3682 3681//3681 
f 3683//3683 3684//3684 3682//3682 
f 3354//3354 3684//3684 3683//3683 
f 3354//3354 92//92 3684//3684 
f 93//93 92//92 3354//3354 
f 93//93 94//94 92//92 
f 95//95 94//94 93//93 
f 95//95 96//96 94//94 
f 97//97 96//96 95//95 
f 97//97 98//98 96//96 
f 99//99 98//98 97//97 
f 99//99 100//100 98//98 
f 101//101 100//100 99//99 
f 101//101 102//102 100//100 
f 103//103 102//102 101//101 
f 103//103 3703//3703 102//102 
f 3705//3705 3703//3703 103//103 
f 3705//3705 3707//3707 3703//3703 
f 3709//3709 3707//3707 3705//3705 
f 3709//3709 3711//3711 3707//3707 
f 3713//3713 3711//3711 3709//3709 
f 3713//3713 3382//3382 3711//3711 
f 104//104 3382//3382 3713//3713 
f 104//104 3714//3714 3382//3382 
f 3715//3715 3714//3714 104//104 
f 3715//3715 3716//3716 3714//3714 
f 3717//3717 3716//3716 3715//3715 
f 3717//3717 3718//3718 3716//3716 
f 3719//3719 3718//3718 3717//3717 
f 3719//3719 3384//3384 3718//3718 
f 105//105 3384//3384 3719//3719 
f 105//105 3720//3720 3384//3384 
f 3721//3721 3720//3720 105//105 
f 3721//3721 3722//3722 3720//3720 
f 3723//3723 3722//3722 3721//3721 
f 3723//3723 3724//3724 3722//3722 
f 3725//3725 3724//3724 3723//3723 
f 3725//3725 3386//3386 3724//3724 
f 106//106 3386//3386 3725//3725 
f 106//106 3726//3726 3386//3386 
f 3727//3727 3726//3726 106//106 
f 3727//3727 3728//3728 3726//3726 
f 3729//3729 3728//3728 3727//3727 
f 3729//3729 3730//3730 3728//3728 
f 3731//3731 3730//3730 3729//3729 
f 3731//3731 3388//3388 3730//3730 
f 3732//3732 107//107 3388//3388 
f 3732//3732 3733//3733 107//107 
f 3734//3734 3733//3733 3732//3732 
f 3734//3734 3735//3735 3733//3733 
f 3736//3736 3735//3735 3734//3734 
f 3736//3736 3737//3737 3735//3735 
f 3168//3168 3737//3737 3736//3736 
f 3168//3168 108//108 3737//3737 
f 3738//3738 108//108 3168//3168 
f 3738//3738 3739//3739 108//108 
f 3740//3740 3739//3739 3738//3738 
f 3740//3740 3741//3741 3739//3739 
f 3742//3742 3741//3741 3740//3740 
f 3742//3742 3166//3166 3741//3741 
f 109//109 3166//3166 3742//3742 
f 109//109 3743//3743 3166//3166 
f 3744//3744 3743//3743 109//109 
f 3744//3744 3745//3745 3743//3743 
f 3746//3746 3745//3745 3744//3744 
f 3746//3746 3164//3164 3745//3745 
f 110//110 3164//3164 3746//3746 
f 110//110 3747//3747 3164//3164 
f 3748//3748 3747//3747 110//110 
f 3748//3748 3749//3749 3747//3747 
f 3162//3162 3749//3749 3748//3748 
f 3162//3162 111//111 3749//3749 
f 3750//3750 111//111 3162//3162 
f 3750//3750 3751//3751 111//111 
f 3160//3160 3751//3751 3750//3750 
f 3160//3160 112//112 3751//3751 
f 3752//3752 112//112 3160//3160 
f 3752//3752 3158//3158 112//112 
f 1//1 3158//3158 3752//3752 
f 1//1 2//2 3158//3158 
f 3156//3156 2//2 1//1 
f 3156//3156 3170//3170 2//2 
f 2856//2856 3170//3170 3156//3156 
f 2856//2856 3387//3387 3170//3170 
f 2972//2972 3387//3387 2856//2856 
f 2972//2972 3385//3385 3387//3387 
f 2971//2971 3385//3385 2972//2972 
f 2971//2971 3383//3383 3385//3385 
f 2970//2970 3383//3383 2971//2971 
f 2970//2970 3381//3381 3383//3383 
f 2969//2969 3381//3381 2970//2970 
f 2969//2969 3379//3379 3381//3381 
f 2968//2968 3379//3379 2969//2969 
f 2968//2968 3377//3377 3379//3379 
f 2967//2967 3377//3377 2968//2968 
f 2967//2967 3375//3375 3377//3377 
f 2966//2966 3375//3375 2967//2967 
f 2966//2966 3373//3373 3375//3375 
f 2965//2965 3373//3373 2966//2966 
f 2965//2965 3371//3371 3373//3373 
f 2964//2964 3371//3371 2965//2965 
f 2964//2964 3369//3369 3371//3371 
f 2963//2963 3369//3369 2964//2964 
f 2963//2963 3367//3367 3369//3369 
f 2962//2962 3367//3367 2963//2963 
f 2962//2962 3365//3365 3367//3367 
f 2961//2961 3365//3365 2962//2962 
f 2961//2961 3363//3363 3365//3365 
f 2960//2960 3363//3363 2961//2961 
f 2960//2960 3361//3361 3363//3363 
f 2959//2959 3361//3361 2960//2960 
f 2959//2959 3359//3359 3361//3361 
f 2958//2958 3359//3359 2959//2959 
f 2958//2958 3357//3357 3359//3359 
f 2957//2957 3357//3357 2958//2958 
f 2957//2957 3355//3355 3357//3357 
f 2956//2956 3355//3355 2957//2957 
f 2956//2956 3353//3353 3355//3355 
f 2955//2955 3353//3353 2956//2956 
f 2955//2955 3351//3351 3353//3353 
f 2954//2954 3351//3351 2955//2955 
f 2954//2954 3349//3349 3351//3351 
f 2953//2953 3349//3349 2954//2954 
f 2953//2953 3347//3347 3349//3349 
f 2952//2952 3347//3347 2953//2953 
f 2952//2952 3345//3345 3347//3347 
f 3343//3343 3345//3345 2952//2952 
f 3343//3343 2951//2951 3345//3345 
f 3341//3341 2951//2951 3343//3343 
f 3341//3341 2950//2950 2951//2951 
f 3339//3339 2950//2950 3341//3341 
f 3339//3339 2949//2949 2950//2950 
f 3337//3337 2949//2949 3339//3339 
f 3337//3337 2948//2948 2949//2949 
f 3335//3335 2948//2948 3337//3337 
f 3335//3335 2947//2947 2948//2948 
f 3333//3333 2947//2947 3335//3335 
f 3333//3333 2946//2946 2947//2947 
f 3331//3331 2946//2946 3333//3333 
f 3331//3331 2945//2945 2946//2946 
f 3329//3329 2945//2945 3331//3331 
f 3329//3329 2944//2944 2945//2945 
f 3327//3327 2944//2944 3329//3329 
f 3327//3327 2943//2943 2944//2944 
f 3325//3325 2943//2943 3327//3327 
f 3325//3325 2942//2942 2943//2943 
f 3323//3323 2942//2942 3325//3325 
f 3323//3323 2941//2941 2942//2942 
f 3321//3321 2941//2941 3323//3323 
f 3321//3321 2940//2940 2941//2941 
f 3319//3319 2940//2940 3321//3321 
f 3319//3319 2939//2939 2940//2940 
f 3317//3317 2939//2939 3319//3319 
f 3317//3317 2938//2938 2939//2939 
f 3315//3315 2938//2938 3317//3317 
f 3315//3315 2937//2937 2938//2938 
f 3313//3313 2937//2937 3315//3315 
f 3313//3313 2936//2936 2937//2937 
f 3311//3311 2936//2936 3313//3313 
f 3311//3311 2935//2935 2936//2936 
f 3309//3309 2935//2935 3311//3311 
f 3309//3309 2934//2934 2935//2935 
f 3307//3307 2934//2934 3309//3309 
f 3307//3307 2933//2933 2934//2934 
f 3305//3305 2933//2933 3307//3307 
f 3305//3305 2932//2932 2933//2933 
f 3303//3303 2932//2932 3305//3305 
f 3303//3303 2931//2931 2932//2932 
f 2930//2930 3301//3301 2931//2931 
f 2930//2930 3299//3299 3301//3301 
f 2929//2929 3299//3299 2930//2930 
f 2929//2929 3297//3297 3299//3299 
f 2928//2928 3297//3297 2929//2929 
f 2928//2928 3295//3295 3297//3297 
f 2927//2927 3293//3293 3295//3295 
f 2927//2927 3291//3291 3293//3293 
f 2339//2339 3291//3291 2927//2927 
f 2339//2339 2926//2926 3291//3291 
f 3289//3289 2926//2926 2339//2339 
f 3289//3289 2925//2925 2926//2926 
f 2924//2924 3287//3287 2925//2925 
f 2924//2924 3285//3285 3287//3287 
f 2923//2923 3285//3285 2924//2924 
f 2923//2923 3283//3283 3285//3285 
f 2922//2922 3283//3283 2923//2923 
f 2922//2922 3281//3281 3283//3283 
f 2921//2921 3281//3281 2922//2922 
f 2921//2921 3279//3279 3281//3281 
f 3277//3277 2920//2920 3279//3279 
f 3277//3277 2919//2919 2920//2920 
f 2918//2918 3275//3275 2919//2919 
f 2918//2918 3273//3273 3275//3275 
f 2917//2917 3273//3273 2918//2918 
f 2917//2917 3271//3271 3273//3273 
f 2295//2295 3271//3271 2917//2917 
f 2295//2295 2916//2916 3271//3271 
f 2291//2291 2916//2916 2295//2295 
f 2291//2291 3269//3269 2916//2916 
f 2915//2915 3269//3269 2291//2291 
f 2915//2915 3267//3267 3269//3269 
f 2914//2914 3267//3267 2915//2915 
f 2914//2914 3265//3265 3267//3267 
f 2913//2913 3265//3265 2914//2914 
f 2913//2913 3263//3263 3265//3265 
f 2275//2275 3263//3263 2913//2913 
f 2275//2275 2912//2912 3263//3263 
f 3261//3261 2912//2912 2275//2275 
f 3261//3261 2911//2911 2912//2912 
f 2910//2910 3259//3259 2911//2911 
f 2910//2910 3257//3257 3259//3259 
f 2909//2909 3257//3257 2910//2910 
f 2909//2909 3255//3255 3257//3257 
f 2256//2256 3255//3255 2909//2909 
f 2256//2256 2908//2908 3255//3255 
f 2252//2252 2908//2908 2256//2256 
f 2252//2252 3253//3253 2908//2908 
f 2248//2248 3253//3253 2252//2252 
f 2248//2248 2907//2907 3253//3253 
f 3249//3249 2906//2906 3251//3251 
f 3249//3249 3247//3247 2906//2906 
f 2905//2905 3247//3247 3249//3249 
f 2905//2905 3584//3584 3247//3247 
f 2232//2232 3584//3584 2905//2905 
f 2232//2232 3586//3586 3584//3584 
f 2904//2904 3586//3586 2232//2232 
f 2904//2904 2900//2900 3586//3586 
f 3241//3241 3304//3304 2900//2900 
f 3241//3241 3239//3239 3304//3304 
f 3237//3237 3239//3239 3241//3241 
f 3237//3237 3592//3592 3239//3239 
f 2216//2216 3592//3592 3237//3237 
f 2216//2216 3235//3235 3592//3592 
f 2212//2212 3235//3235 2216//2216 
f 2212//2212 3233//3233 3235//3235 
f 3231//3231 3233//3233 2212//2212 
f 3231//3231 3229//3229 3233//3233 
f 3227//3227 3229//3229 3231//3231 
f 3227//3227 2899//2899 3229//3229 
f 3753//3753 2899//2899 3227//3227 
f 3753//3753 3754//3754 2899//2899 
f 3755//3755 3754//3754 3753//3753 
f 3755//3755 3756//3756 3754//3754 
f 3757//3757 78//78 3756//3756 
f 3757//3757 80//80 78//78 
f 3758//3758 80//80 3757//3757 
f 3758//3758 3614//3614 80//80 
f 2182//2182 3614//3614 3758//3758 
f 2182//2182 3759//3759 3614//3614 
f 3226//3226 3759//3759 2182//2182 
f 3226//3226 2898//2898 3759//3759 
f 3760//3760 2898//2898 3226//3226 
f 3760//3760 3334//3334 2898//2898 
f 3761//3761 3334//3334 3760//3760 
f 3761//3761 3762//3762 3334//3334 
f 2164//2164 3763//3763 3762//3762 
f 2164//2164 3627//3627 3763//3763 
f 3764//3764 3627//3627 2164//2164 
f 3764//3764 3629//3629 3627//3627 
f 3765//3765 3629//3629 3764//3764 
f 3765//3765 3766//3766 3629//3629 
f 3225//3225 3766//3766 3765//3765 
f 3225//3225 83//83 3766//3766 
f 2897//2897 83//83 3225//3225 
f 2897//2897 3767//3767 83//83 
f 3768//3768 3767//3767 2897//2897 
f 3768//3768 3769//3769 3767//3767 
f 3770//3770 3769//3769 3768//3768 
f 3770//3770 3771//3771 3769//3769 
f 3772//3772 3771//3771 3770//3770 
f 3772//3772 3773//3773 3771//3771 
f 3224//3224 3773//3773 3772//3772 
f 3224//3224 2896//2896 3773//3773 
f 3774//3774 2896//2896 3224//3224 
f 3774//3774 3775//3775 2896//2896 
f 3776//3776 3775//3775 3774//3774 
f 3776//3776 3641//3641 3775//3775 
f 3777//3777 3641//3641 3776//3776 
f 3777//3777 3778//3778 3641//3641 
f 3779//3779 3778//3778 3777//3777 
f 3779//3779 3780//3780 3778//3778 
f 3223//3223 3780//3780 3779//3779 
f 3223//3223 2895//2895 3780//3780 
f 3781//3781 2895//2895 3223//3223 
f 3781//3781 3782//3782 2895//2895 
f 3783//3783 3782//3782 3781//3781 
f 3783//3783 3784//3784 3782//3782 
f 3785//3785 3784//3784 3783//3783 
f 3785//3785 3786//3786 3784//3784 
f 3222//3222 3787//3787 3786//3786 
f 3222//3222 3651//3651 3787//3787 
f 2894//2894 3651//3651 3222//3222 
f 2894//2894 3788//3788 3651//3651 
f 3789//3789 3788//3788 2894//2894 
f 3789//3789 3790//3790 3788//3788 
f 3791//3791 3790//3790 3789//3789 
f 3791//3791 3792//3792 3790//3790 
f 3794//3794 3793//3793 3792//3792 
f 3794//3794 3221//3221 3793//3793 
f 2893//2893 3221//3221 3794//3794 
f 2893//2893 3795//3795 3221//3221 
f 3796//3796 3795//3795 2893//2893 
f 3796//3796 3797//3797 3795//3795 
f 3798//3798 3797//3797 3796//3796 
f 3798//3798 3799//3799 3797//3797 
f 3800//3800 3799//3799 3798//3798 
f 3800//3800 3663//3663 3799//3799 
f 3801//3801 3663//3663 3800//3800 
f 3801//3801 3220//3220 3663//3663 
f 2892//2892 3220//3220 3801//3801 
f 2892//2892 3802//3802 3220//3220 
f 3803//3803 3802//3802 2892//2892 
f 3803//3803 3804//3804 3802//3802 
f 3805//3805 3804//3804 3803//3803 
f 3805//3805 3806//3806 3804//3804 
f 3807//3807 3806//3806 3805//3805 
f 3807//3807 3808//3808 3806//3806 
f 3219//3219 3808//3808 3807//3807 
f 3219//3219 2891//2891 3808//3808 
f 3809//3809 2891//2891 3219//3219 
f 3809//3809 3810//3810 2891//2891 
f 3811//3811 3810//3810 3809//3809 
f 3811//3811 3812//3812 3810//3810 
f 3813//3813 3812//3812 3811//3811 
f 3813//3813 3814//3814 3812//3812 
f 3815//3815 3814//3814 3813//3813 
f 3815//3815 3218//3218 3814//3814 
f 2890//2890 3218//3218 3815//3815 
f 2890//2890 3816//3816 3218//3218 
f 3817//3817 3816//3816 2890//2890 
f 3817//3817 3818//3818 3816//3816 
f 3819//3819 3818//3818 3817//3817 
f 3819//3819 3820//3820 3818//3818 
f 3821//3821 3820//3820 3819//3819 
f 3821//3821 3822//3822 3820//3820 
f 3217//3217 3822//3822 3821//3821 
f 3217//3217 2889//2889 3822//3822 
f 3823//3823 2889//2889 3217//3217 
f 3823//3823 3824//3824 2889//2889 
f 3825//3825 3824//3824 3823//3823 
f 3825//3825 3826//3826 3824//3824 
f 3827//3827 3826//3826 3825//3825 
f 3827//3827 3828//3828 3826//3826 
f 3829//3829 3828//3828 3827//3827 
f 3829//3829 3216//3216 3828//3828 
f 2888//2888 3216//3216 3829//3829 
f 2888//2888 3830//3830 3216//3216 
f 3831//3831 3830//3830 2888//2888 
f 3831//3831 3832//3832 3830//3830 
f 3833//3833 3832//3832 3831//3831 
f 3833//3833 3834//3834 3832//3832 
f 3835//3835 3834//3834 3833//3833 
f 3835//3835 3836//3836 3834//3834 
f 3215//3215 3836//3836 3835//3835 
f 3215//3215 2887//2887 3836//3836 
f 3837//3837 2887//2887 3215//3215 
f 3837//3837 3838//3838 2887//2887 
f 3839//3839 3838//3838 3837//3837 
f 3839//3839 3840//3840 3838//3838 
f 3841//3841 3840//3840 3839//3839 
f 3841//3841 3842//3842 3840//3840 
f 3213//3213 3842//3842 3841//3841 
f 3213//3213 2886//2886 3842//3842 
f 3843//3843 2886//2886 3213//3213 
f 3843//3843 3844//3844 2886//2886 
f 3845//3845 3844//3844 3843//3843 
f 3845//3845 3846//3846 3844//3844 
f 3847//3847 3846//3846 3845//3845 
f 3847//3847 3211//3211 3846//3846 
f 2885//2885 3211//3211 3847//3847 
f 2885//2885 3848//3848 3211//3211 
f 3849//3849 3848//3848 2885//2885 
f 3849//3849 3850//3850 3848//3848 
f 3851//3851 3850//3850 3849//3849 
f 3851//3851 3209//3209 3850//3850 
f 2884//2884 3209//3209 3851//3851 
f 2884//2884 3852//3852 3209//3209 
f 3853//3853 3852//3852 2884//2884 
f 3853//3853 3854//3854 3852//3852 
f 3207//3207 3854//3854 3853//3853 
f 3207//3207 2883//2883 3854//3854 
f 3855//3855 2883//2883 3207//3207 
f 3855//3855 3856//3856 2883//2883 
f 3205//3205 3856//3856 3855//3855 
f 3205//3205 2882//2882 3856//3856 
f 3857//3857 2882//2882 3205//3205 
f 3857//3857 3203//3203 2882//2882 
f 2881//2881 3203//3203 3857//3857 
f 2881//2881 2880//2880 3203//3203 
f 3201//3201 2880//2880 2881//2881 
f 3201//3201 2877//2877 2880//2880 
f 3196//3196 2877//2877 3201//3201 
f 3196//3196 3194//3194 2877//2877 
f 3192//3192 3194//3194 3196//3196 
f 5150//5150 3190//3190 3503//3503 
f 5151//5151 3190//3190 5150//5150 
f 5151//5151 3188//3188 3190//3190 
f 5152//5152 3188//3188 5151//5151 
f 5152//5152 3186//3186 3188//3188 
f 4724//4724 3186//3186 5152//5152 
f 4724//4724 3184//3184 3186//3186 
f 5154//5154 3184//3184 4724//4724 
f 5154//5154 3182//3182 3184//3184 
f 5155//5155 3182//3182 5154//5154 
f 5155//5155 2876//2876 3182//3182 
f 5157//5157 2876//2876 5155//5155 
f 5157//5157 3858//3858 2876//2876 
f 5159//5159 3858//3858 5157//5157 
f 5159//5159 3859//3859 3858//3858 
f 5161//5161 3859//3859 5159//5159 
f 5161//5161 3860//3860 3859//3859 
f 4723//4723 3860//3860 5161//5161 
f 4723//4723 3861//3861 3860//3860 
f 5164//5164 3861//3861 4723//4723 
f 5164//5164 3862//3862 3861//3861 
f 5165//5165 3862//3862 5164//5164 
f 5165//5165 3863//3863 3862//3862 
f 5166//5166 3863//3863 5165//5165 
f 5166//5166 3864//3864 3863//3863 
f 5167//5167 3864//3864 5166//5166 
f 5167//5167 3181//3181 3864//3864 
f 5169//5169 3181//3181 5167//5167 
f 5169//5169 2875//2875 3181//3181 
f 4722//4722 2875//2875 5169//5169 
f 4722//4722 3865//3865 2875//2875 
f 4678//4678 3865//3865 4722//4722 
f 4678//4678 3866//3866 3865//3865 
f 4676//4676 3866//3866 4678//4678 
f 4676//4676 3867//3867 3866//3866 
f 4672//4672 3867//3867 4676//4676 
f 4672//4672 3868//3868 3867//3867 
f 4670//4670 3868//3868 4672//4672 
f 4670//4670 3869//3869 3868//3868 
f 4666//4666 3869//3869 4670//4670 
f 4666//4666 3870//3870 3869//3869 
f 5197//5197 3870//3870 4666//4666 
f 5197//5197 3871//3871 3870//3870 
f 5199//5199 3871//3871 5197//5197 
f 5199//5199 3180//3180 3871//3871 
f 5201//5201 3180//3180 5199//5199 
f 5201//5201 2874//2874 3180//3180 
f 5203//5203 2874//2874 5201//5201 
f 5203//5203 3872//3872 2874//2874 
f 4663//4663 3872//3872 5203//5203 
f 4663//4663 3873//3873 3872//3872 
f 5207//5207 3873//3873 4663//4663 
f 5207//5207 3874//3874 3873//3873 
f 5209//5209 3874//3874 5207//5207 
f 5209//5209 3875//3875 3874//3874 
f 5211//5211 3875//3875 5209//5209 
f 5211//5211 3876//3876 3875//3875 
f 5213//5213 3876//3876 5211//5211 
f 5213//5213 3877//3877 3876//3876 
f 4662//4662 3877//3877 5213//5213 
f 4662//4662 3878//3878 3877//3877 
f 5215//5215 3878//3878 4662//4662 
f 5215//5215 3179//3179 3878//3878 
f 5217//5217 3179//3179 5215//5215 
f 5217//5217 2873//2873 3179//3179 
f 5218//5218 2873//2873 5217//5217 
f 5218//5218 3879//3879 2873//2873 
f 5220//5220 3879//3879 5218//5218 
f 5220//5220 3880//3880 3879//3879 
f 5222//5222 3880//3880 5220//5220 
f 5222//5222 3881//3881 3880//3880 
f 4661//4661 3881//3881 5222//5222 
f 4661//4661 3882//3882 3881//3881 
f 5225//5225 3882//3882 4661//4661 
f 5225//5225 3883//3883 3882//3882 
f 5227//5227 3883//3883 5225//5225 
f 5227//5227 3884//3884 3883//3883 
f 5229//5229 3884//3884 5227//5227 
f 5229//5229 3885//3885 3884//3884 
f 5231//5231 3885//3885 5229//5229 
f 5231//5231 3178//3178 3885//3885 
f 5233//5233 3178//3178 5231//5231 
f 5233//5233 2872//2872 3178//3178 
f 5235//5235 2872//2872 5233//5233 
f 5235//5235 3886//3886 2872//2872 
f 5237//5237 3886//3886 5235//5235 
f 5237//5237 3887//3887 3886//3886 
f 5239//5239 3887//3887 5237//5237 
f 5239//5239 3888//3888 3887//3887 
f 4659//4659 3888//3888 5239//5239 
f 4659//4659 3889//3889 3888//3888 
f 5242//5242 3889//3889 4659//4659 
f 5242//5242 3890//3890 3889//3889 
f 5243//5243 3890//3890 5242//5242 
f 5243//5243 3891//3891 3890//3890 
f 5245//5245 3891//3891 5243//5243 
f 5245//5245 3892//3892 3891//3891 
f 5247//5247 3892//3892 5245//5245 
f 5247//5247 3177//3177 3892//3892 
f 5248//5248 3177//3177 5247//5247 
f 5248//5248 2871//2871 3177//3177 
f 4658//4658 2871//2871 5248//5248 
f 4658//4658 3893//3893 2871//2871 
f 5252//5252 3893//3893 4658//4658 
f 5252//5252 3894//3894 3893//3893 
f 5253//5253 3894//3894 5252//5252 
f 5253//5253 3895//3895 3894//3894 
f 5255//5255 3895//3895 5253//5253 
f 5255//5255 3896//3896 3895//3895 
f 5256//5256 3896//3896 5255//5255 
f 5256//5256 3897//3897 3896//3896 
f 5256//5256 3898//3898 3897//3897 
f 5258//5258 3898//3898 5256//5256 
f 5258//5258 3899//3899 3898//3898 
f 4657//4657 3899//3899 5258//5258 
f 4657//4657 3176//3176 3899//3899 
f 5260//5260 3176//3176 4657//4657 
f 5260//5260 2870//2870 3176//3176 
f 5262//5262 2870//2870 5260//5260 
f 5262//5262 3900//3900 2870//2870 
f 5263//5263 3900//3900 5262//5262 
f 5263//5263 3901//3901 3900//3900 
f 3110//3110 3901//3901 5263//5263 
f 3110//3110 3902//3902 3901//3901 
f 5264//5264 3902//3902 3110//3110 
f 5264//5264 3903//3903 3902//3902 
f 3106//3106 3903//3903 5264//5264 
f 3106//3106 3904//3904 3903//3903 
f 5265//5265 3904//3904 3106//3106 
f 5265//5265 3905//3905 3904//3904 
f 5266//5266 3905//3905 5265//5265 
f 5266//5266 3906//3906 3905//3905 
f 5267//5267 3906//3906 5266//5266 
f 5267//5267 3175//3175 3906//3906 
f 4656//4656 3175//3175 5267//5267 
f 4656//4656 2869//2869 3175//3175 
f 4614//4614 2869//2869 4656//4656 
f 4614//4614 3907//3907 2869//2869 
f 4612//4612 3907//3907 4614//4614 
f 4612//4612 3908//3908 3907//3907 
f 4610//4610 3908//3908 4612//4612 
f 4610//4610 3909//3909 3908//3908 
f 4608//4608 3909//3909 4610//4610 
f 4608//4608 3910//3910 3909//3909 
f 4604//4604 3910//3910 4608//4608 
f 4604//4604 3911//3911 3910//3910 
f 4604//4604 3912//3912 3911//3911 
f 4602//4602 3912//3912 4604//4604 
f 4602//4602 3913//3913 3912//3912 
f 4602//4602 3174//3174 3913//3913 
f 4600//4600 3174//3174 4602//4602 
f 4600//4600 2868//2868 3174//3174 
f 5294//5294 2868//2868 4600//4600 
f 5294//5294 3914//3914 2868//2868 
f 5296//5296 3914//3914 5294//5294 
f 5296//5296 3915//3915 3914//3914 
f 5297//5297 3915//3915 5296//5296 
f 5297//5297 3916//3916 3915//3915 
f 5299//5299 3916//3916 5297//5297 
f 5299//5299 3917//3917 3916//3916 
f 5299//5299 3918//3918 3917//3917 
f 5300//5300 3918//3918 5299//5299 
f 5300//5300 3919//3919 3918//3918 
f 4597//4597 3919//3919 5300//5300 
f 4597//4597 3920//3920 3919//3919 
f 4597//4597 3173//3173 3920//3920 
f 5303//5303 3173//3173 4597//4597 
f 5303//5303 2867//2867 3173//3173 
f 5305//5305 2867//2867 5303//5303 
f 5305//5305 3921//3921 2867//2867 
f 5306//5306 3921//3921 5305//5305 
f 5306//5306 3922//3922 3921//3921 
f 5307//5307 3922//3922 5306//5306 
f 5307//5307 3923//3923 3922//3922 
f 3074//3074 3923//3923 5307//5307 
f 3074//3074 3924//3924 3923//3923 
f 5308//5308 3924//3924 3074//3074 
f 5308//5308 3925//3925 3924//3924 
f 5310//5310 3925//3925 5308//5308 
f 5310//5310 3926//3926 3925//3925 
f 5312//5312 3926//3926 5310//5310 
f 5312//5312 3927//3927 3926//3926 
f 5314//5314 3927//3927 5312//5312 
f 5314//5314 3172//3172 3927//3927 
f 5316//5316 3172//3172 5314//5314 
f 5316//5316 2866//2866 3172//3172 
f 5317//5317 2866//2866 5316//5316 
f 5317//5317 3928//3928 2866//2866 
f 5318//5318 3928//3928 5317//5317 
f 5318//5318 3929//3929 3928//3928 
f 5319//5319 3929//3929 5318//5318 
f 5319//5319 3930//3930 3929//3929 
f 5321//5321 3930//3930 5319//5319 
f 5321//5321 3931//3931 3930//3930 
f 5322//5322 3931//3931 5321//5321 
f 5322//5322 3932//3932 3931//3931 
f 5324//5324 3932//3932 5322//5322 
f 5324//5324 3933//3933 3932//3932 
f 5324//5324 3934//3934 3933//3933 
f 5326//5326 3934//3934 5324//5324 
f 5326//5326 3171//3171 3934//3934 
f 5327//5327 3171//3171 5326//5326 
f 5327//5327 2865//2865 3171//3171 
f 5327//5327 3935//3935 2865//2865 
f 5328//5328 3935//3935 5327//5327 
f 5328//5328 3936//3936 3935//3935 
f 5330//5330 3936//3936 5328//5328 
f 5330//5330 3937//3937 3936//3936 
f 5331//5331 3937//3937 5330//5330 
f 5331//5331 3938//3938 3937//3937 
f 5332//5332 3938//3938 5331//5331 
f 5332//5332 3939//3939 3938//3938 
f 5334//5334 3939//3939 5332//5332 
f 5334//5334 3940//3940 3939//3939 
f 5336//5336 3940//3940 5334//5334 
f 5336//5336 3941//3941 3940//3940 
f 4593//4593 3941//3941 5336//5336 
f 4593//4593 3154//3154 3941//3941 
f 5339//5339 3154//3154 4593//4593 
f 5339//5339 2864//2864 3154//3154 
f 5340//5340 2864//2864 5339//5339 
f 5340//5340 3942//3942 2864//2864 
f 5341//5341 3942//3942 5340//5340 
f 5341//5341 3943//3943 3942//3942 
f 5343//5343 3943//3943 5341//5341 
f 5343//5343 3944//3944 3943//3943 
f 5344//5344 3944//3944 5343//5343 
f 5344//5344 3945//3945 3944//3944 
f 5345//5345 3945//3945 5344//5344 
f 5345//5345 3946//3946 3945//3945 
f 5346//5346 3946//3946 5345//5345 
f 5346//5346 3947//3947 3946//3946 
f 5348//5348 3947//3947 5346//5346 
f 5348//5348 3948//3948 3947//3947 
f 5349//5349 3948//3948 5348//5348 
f 5349//5349 3155//3155 3948//3948 
f 5351//5351 3155//3155 5349//5349 
f 5351//5351 2863//2863 3155//3155 
f 5352//5352 2863//2863 5351//5351 
f 5352//5352 3949//3949 2863//2863 
f 5354//5354 3949//3949 5352//5352 
f 5354//5354 3950//3950 3949//3949 
f 4591//4591 3950//3950 5354//5354 
f 4591//4591 3951//3951 3950//3950 
f 5357//5357 3951//3951 4591//4591 
f 5357//5357 3952//3952 3951//3951 
f 5359//5359 3952//3952 5357//5357 
f 5359//5359 3953//3953 3952//3952 
f 5361//5361 3953//3953 5359//5359 
f 5361//5361 3954//3954 3953//3953 
f 5363//5363 3954//3954 5361//5361 
f 5363//5363 3157//3157 3954//3954 
f 4590//4590 3157//3157 5363//5363 
f 4590//4590 2862//2862 3157//3157 
f 4546//4546 2862//2862 4590//4590 
f 4546//4546 3955//3955 2862//2862 
f 4542//4542 3955//3955 4546//4546 
f 4542//4542 3956//3956 3955//3955 
f 4538//4538 3956//3956 4542//4542 
f 4538//4538 3957//3957 3956//3956 
f 4534//4534 3957//3957 4538//4538 
f 4534//4534 3958//3958 3957//3957 
f 5391//5391 3958//3958 4534//4534 
f 5391//5391 3959//3959 3958//3958 
f 5393//5393 3959//3959 5391//5391 
f 5393//5393 3159//3159 3959//3959 
f 5394//5394 3159//3159 5393//5393 
f 5394//5394 2861//2861 3159//3159 
f 5396//5396 2861//2861 5394//5394 
f 5396//5396 3960//3960 2861//2861 
f 5398//5398 3960//3960 5396//5396 
f 5398//5398 3961//3961 3960//3960 
f 5400//5400 3961//3961 5398//5398 
f 5400//5400 3962//3962 3961//3961 
f 5402//5402 3962//3962 5400//5400 
f 5402//5402 3963//3963 3962//3962 
f 5404//5404 3963//3963 5402//5402 
f 5404//5404 3161//3161 3963//3963 
f 5405//5405 3161//3161 5404//5404 
f 5405//5405 2860//2860 3161//3161 
f 5407//5407 2860//2860 5405//5405 
f 5407//5407 3964//3964 2860//2860 
f 4530//4530 3964//3964 5407//5407 
f 4530//4530 3965//3965 3964//3964 
f 5410//5410 3965//3965 4530//4530 
f 5410//5410 3966//3966 3965//3965 
f 5411//5411 3966//3966 5410//5410 
f 5411//5411 3163//3163 3966//3966 
f 5413//5413 3163//3163 5411//5411 
f 5413//5413 2859//2859 3163//3163 
f 5415//5415 2859//2859 5413//5413 
f 5415//5415 3967//3967 2859//2859 
f 4529//4529 3967//3967 5415//5415 
f 4529//4529 3968//3968 3967//3967 
f 5419//5419 3968//3968 4529//4529 
f 5419//5419 3165//3165 3968//3968 
f 5421//5421 3165//3165 5419//5419 
f 5421//5421 2858//2858 3165//3165 
f 5423//5423 2858//2858 5421//5421 
f 5423//5423 2857//2857 2858//2858 
f 5425//5425 2857//2857 5423//5423 
f 5425//5425 3969//3969 2857//2857 
f 5427//5427 3969//3969 5425//5425 
f 5427//5427 3169//3169 3969//3969 
f 5429//5429 3169//3169 5427//5427 
f 5429//5429 3167//3167 3169//3169 
f 5431//5431 3167//3167 5429//5429 
f 5431//5431 3517//3517 3167//3167 
f 5433//5433 3517//3517 5431//5431 
f 5433//5433 3516//3516 3517//3517 
f 4527//4527 3516//3516 5433//5433 
f 4527//4527 3515//3515 3516//3516 
f 5437//5437 3515//3515 4527//4527 
f 5437//5437 3514//3514 3515//3515 
f 5439//5439 3514//3514 5437//5437 
f 5439//5439 3513//3513 3514//3514 
f 5440//5440 3513//3513 5439//5439 
f 5440//5440 3512//3512 3513//3513 
f 5442//5442 3512//3512 5440//5440 
f 5442//5442 3511//3511 3512//3512 
f 4526//4526 3511//3511 5442//5442 
f 4526//4526 3510//3510 3511//3511 
f 5446//5446 3510//3510 4526//4526 
f 5446//5446 3509//3509 3510//3510 
f 5448//5448 3509//3509 5446//5446 
f 5448//5448 3508//3508 3509//3509 
f 5449//5449 3508//3508 5448//5448 
f 5449//5449 3502//3502 3508//3508 
f 5451//5451 3502//3502 5449//5449 
f 5451//5451 3971//3971 3502//3502 
f 4525//4525 3971//3971 5451//5451 
f 4525//4525 3972//3972 3971//3971 
f 5454//5454 3972//3972 4525//4525 
f 5454//5454 3973//3973 3972//3972 
f 5456//5456 3973//3973 5454//5454 
f 5456//5456 3974//3974 3973//3973 
f 5458//5458 3974//3974 5456//5456 
f 5458//5458 3975//3975 3974//3974 
f 5460//5460 3975//3975 5458//5458 
f 5460//5460 3976//3976 3975//3975 
f 5461//5461 3976//3976 5460//5460 
f 5461//5461 3977//3977 3976//3976 
f 4524//4524 3977//3977 5461//5461 
f 4524//4524 3978//3978 3977//3977 
f 4480//4480 3978//3978 4524//4524 
f 4480//4480 3979//3979 3978//3978 
f 4480//4480 3980//3980 3979//3979 
f 4478//4478 3980//3980 4480//4480 
f 3503//3503 5149//5149 5150//5150 
f 3503//3503 4474//4474 5149//5149 
f 3518//3518 4474//4474 3503//3503 
f 3518//3518 4476//4476 4474//4474 
f 3970//3970 4476//4476 3518//3518 
f 3970//3970 4478//4478 4476//4476 
f 3980//3980 4478//4478 3970//3970 
f 3282//3282 3526//3526 4270//4270 
f 3526//3526 4280//4280 4270//4270 
f 3526//3526 4019//4019 4280//4280 
f 4019//4019 4733//4733 4280//4280 
f 4019//4019 3278//3278 4733//4733 
f 3278//3278 4737//4737 4733//4733 
f 3278//3278 3276//3276 4737//4737 
f 3276//3276 4741//4741 4737//4737 
f 3276//3276 4018//4018 4741//4741 
f 4018//4018 4743//4743 4741//4741 
f 4018//4018 4017//4017 4743//4743 
f 4017//4017 4307//4307 4743//4743 
f 4017//4017 3524//3524 4307//4307 
f 3524//3524 4281//4281 4307//4307 
f 3524//3524 3274//3274 4281//4281 
f 3274//3274 5072//5072 4281//4281 
f 3274//3274 4016//4016 5072//5072 
f 4016//4016 5074//5074 5072//5072 
f 4016//4016 4015//4015 5074//5074 
f 4015//4015 5076//5076 5074//5074 
f 4015//4015 4014//4014 5076//5076 
f 4014//4014 4305//4305 5076//5076 
f 4014//4014 3522//3522 4305//4305 
f 3522//3522 5078//5078 4305//4305 
f 3522//3522 3272//3272 5078//5078 
f 3272//3272 5080//5080 5078//5078 
f 3272//3272 3994//3994 5080//5080 
f 3994//3994 5082//5082 5080//5080 
f 3994//3994 3992//3992 5082//5082 
f 3992//3992 4303//4303 5082//5082 
f 3992//3992 3990//3990 4303//4303 
f 3990//3990 4283//4283 4303//4303 
f 3990//3990 3989//3989 4283//4283 
f 3989//3989 5085//5085 4283//4283 
f 3989//3989 3520//3520 5085//5085 
f 3520//3520 5087//5087 5085//5085 
f 3520//3520 3507//3507 5087//5087 
f 3507//3507 4301//4301 5087//5087 
f 3507//3507 3260//3260 4301//4301 
f 3260//3260 5089//5089 4301//4301 
f 3260//3260 4013//4013 5089//5089 
f 4013//4013 5091//5091 5089//5089 
f 4013//4013 3262//3262 5091//5091 
f 3262//3262 4299//4299 5091//5091 
f 3262//3262 4012//4012 4299//4299 
f 4012//4012 5093//5093 4299//4299 
f 4012//4012 3264//3264 5093//5093 
f 3264//3264 5095//5095 5093//5093 
f 3264//3264 4011//4011 5095//5095 
f 4011//4011 4286//4286 5095//5095 
f 4011//4011 3266//3266 4286//4286 
f 3266//3266 5097//5097 4286//4286 
f 3266//3266 4010//4010 5097//5097 
f 4010//4010 4287//4287 5097//5097 
f 4010//4010 3268//3268 4287//4287 
f 3268//3268 4293//4293 4287//4287 
f 3268//3268 4009//4009 4293//4293 
f 4009//4009 4130//4130 4293//4293 
f 4009//4009 3270//3270 4130//4130 
f 3270//3270 4746//4746 4130//4130 
f 3270//3270 3995//3995 4746//4746 
f 3995//3995 4742//4742 4746//4746 
f 3995//3995 3506//3506 4742//4742 
f 3506//3506 4738//4738 4742//4742 
f 3506//3506 4008//4008 4738//4738 
f 4008//4008 4734//4734 4738//4738 
f 4008//4008 4007//4007 4734//4734 
f 4007//4007 4730//4730 4734//4734 
f 4007//4007 4006//4006 4730//4730 
f 4006//4006 5101//5101 4730//4730 
f 4006//4006 4005//4005 5101//5101 
f 4005//4005 5103//5103 5101//5101 
f 4005//4005 4004//4004 5103//5103 
f 4004//4004 5105//5105 5103//5103 
f 4004//4004 4003//4003 5105//5105 
f 4003//4003 5107//5107 5105//5105 
f 4003//4003 3993//3993 5107//5107 
f 3993//3993 5109//5109 5107//5107 
f 3993//3993 3505//3505 5109//5109 
f 3505//3505 5111//5111 5109//5109 
f 3505//3505 4002//4002 5111//5111 
f 4002//4002 5113//5113 5111//5111 
f 4002//4002 4001//4001 5113//5113 
f 4001//4001 5115//5115 5113//5113 
f 4001//4001 4000//4000 5115//5115 
f 4000//4000 4728//4728 5115//5115 
f 4000//4000 3999//3999 4728//4728 
f 3999//3999 5119//5119 4728//4728 
f 3999//3999 3998//3998 5119//5119 
f 3998//3998 5121//5121 5119//5119 
f 3998//3998 3997//3997 5121//5121 
f 3997//3997 5123//5123 5121//5121 
f 3997//3997 3996//3996 5123//5123 
f 3996//3996 5125//5125 5123//5123 
f 3996//3996 3991//3991 5125//5125 
f 3991//3991 5127//5127 5125//5125 
f 3991//3991 3504//3504 5127//5127 
f 3504//3504 5129//5129 5127//5127 
f 3504//3504 3988//3988 5129//5129 
f 3988//3988 5131//5131 5129//5129 
f 3988//3988 3987//3987 5131//5131 
f 3987//3987 5133//5133 5131//5131 
f 3987//3987 3986//3986 5133//5133 
f 3986//3986 4726//4726 5133//5133 
f 3986//3986 3985//3985 4726//4726 
f 3985//3985 5137//5137 4726//4726 
f 3985//3985 3984//3984 5137//5137 
f 3984//3984 5139//5139 5137//5137 
f 3984//3984 3983//3983 5139//5139 
f 3983//3983 5141//5141 5139//5139 
f 3983//3983 3982//3982 5141//5141 
f 3982//3982 5143//5143 5141//5141 
f 3982//3982 3981//3981 5143//5143 
f 3981//3981 5145//5145 5143//5143 
f 4083//4083 4476//4476 4478//4478 
f 4083//4083 5148//5148 4476//4476 
f 4084//4084 5148//5148 4083//4083 
f 4084//4084 3693//3693 5148//5148 
f 4088//4088 5151//5151 4086//4086 
f 4088//4088 3362//3362 5151//5151 
f 4090//4090 4724//4724 3362//3362 
f 4090//4090 4092//4092 4724//4724 
f 4094//4094 5156//5156 4092//4092 
f 4094//4094 5158//5158 5156//5156 
f 3695//3695 5158//5158 4094//4094 
f 3695//3695 5160//5160 5158//5158 
f 4096//4096 5160//5160 3695//3695 
f 4096//4096 4098//4098 5160//5160 
f 3366//3366 5163//5163 4098//4098 
f 3366//3366 5164//5164 5163//5163 
f 4100//4100 5164//5164 3366//3366 
f 4100//4100 5165//5165 5164//5164 
f 4102//4102 5165//5165 4100//4100 
f 4102//4102 5166//5166 5165//5165 
f 4104//4104 5166//5166 4102//4102 
f 4104//4104 5168//5168 5166//5166 
f 3697//3697 5168//5168 4104//4104 
f 3697//3697 5170//5170 5168//5168 
f 4105//4105 5170//5170 3697//3697 
f 4105//4105 4680//4680 5170//5170 
f 4107//4107 4680//4680 4105//4105 
f 4107//4107 4109//4109 4680//4680 
f 3698//3698 4674//4674 4109//4109 
f 3698//3698 4672//4672 4674//4674 
f 4111//4111 4672//4672 3698//3698 
f 4111//4111 4668//4668 4672//4672 
f 4113//4113 4668//4668 4111//4111 
f 4113//4113 4664//4664 4668//4668 
f 3372//3372 4664//4664 4113//4113 
f 3372//3372 5198//5198 4664//4664 
f 4115//4115 5198//5198 3372//3372 
f 4115//4115 5200//5200 5198//5198 
f 4117//4117 5200//5200 4115//4115 
f 4117//4117 5202//5202 5200//5200 
f 4119//4119 5202//5202 4117//4117 
f 4119//4119 5204//5204 5202//5202 
f 3700//3700 5204//5204 4119//4119 
f 3700//3700 5206//5206 5204//5204 
f 4121//4121 5206//5206 3700//3700 
f 4121//4121 5208//5208 5206//5206 
f 4123//4123 5208//5208 4121//4121 
f 4123//4123 5210//5210 5208//5208 
f 3376//3376 5210//5210 4123//4123 
f 3376//3376 5212//5212 5210//5210 
f 3704//3704 5212//5212 3376//3376 
f 3704//3704 5213//5213 5212//5212 
f 3702//3702 5213//5213 3704//3704 
f 3702//3702 4662//4662 5213//5213 
f 4127//4127 4662//4662 3702//3702 
f 4127//4127 5216//5216 4662//4662 
f 4128//4128 5216//5216 4127//4127 
f 4128//4128 5217//5217 5216//5216 
f 4129//4129 5217//5217 4128//4128 
f 4129//4129 5219//5219 5217//5217 
f 3380//3380 5219//5219 4129//4129 
f 3380//3380 5221//5221 5219//5219 
f 3712//3712 5221//5221 3380//3380 
f 3712//3712 2975//2975 5221//5221 
f 3153//3153 5224//5224 2975//2975 
f 3153//3153 5226//5226 5224//5224 
f 3151//3151 5226//5226 3153//3153 
f 3151//3151 5228//5228 5226//5226 
f 3149//3149 5228//5228 3151//3151 
f 3149//3149 5230//5230 5228//5228 
f 3147//3147 5230//5230 3149//3149 
f 3147//3147 4660//4660 5230//5230 
f 3145//3145 4660//4660 3147//3147 
f 3145//3145 5234//5234 4660//4660 
f 3143//3143 5234//5234 3145//3145 
f 3143//3143 5236//5236 5234//5234 
f 3141//3141 5236//5236 3143//3143 
f 3141//3141 5238//5238 5236//5236 
f 3139//3139 5238//5238 3141//3141 
f 3139//3139 5240//5240 5238//5238 
f 3137//3137 5240//5240 3139//3139 
f 3137//3137 4659//4659 5240//5240 
f 3135//3135 4659//4659 3137//3137 
f 3135//3135 5242//5242 4659//4659 
f 3133//3133 5242//5242 3135//3135 
f 3133//3133 5244//5244 5242//5242 
f 3131//3131 5244//5244 3133//3133 
f 3131//3131 5246//5246 5244//5244 
f 3130//3130 5246//5246 3131//3131 
f 3130//3130 5247//5247 5246//5246 
f 3129//3129 5247//5247 3130//3130 
f 3129//3129 5249//5249 5247//5247 
f 3128//3128 5249//5249 3129//3129 
f 3128//3128 5251//5251 5249//5249 
f 3127//3127 5251//5251 3128//3128 
f 3127//3127 5252//5252 5251//5251 
f 3126//3126 5252//5252 3127//3127 
f 3126//3126 5254//5254 5252//5252 
f 3124//3124 5254//5254 3126//3126 
f 3124//3124 3123//3123 5254//5254 
f 3121//3121 5256//5256 3123//3123 
f 3121//3121 5257//5257 5256//5256 
f 3120//3120 5257//5257 3121//3121 
f 3120//3120 5258//5258 5257//5257 
f 3118//3118 5258//5258 3120//3120 
f 3118//3118 4657//4657 5258//5258 
f 3116//3116 4657//4657 3118//3118 
f 3116//3116 5261//5261 4657//4657 
f 3114//3114 5261//5261 3116//3116 
f 3114//3114 5263//5263 5261//5261 
f 3112//3112 5263//5263 3114//3114 
f 3111//3111 5263//5263 3112//3112 
f 3111//3111 3110//3110 5263//5263 
f 3108//3108 5264//5264 3110//3110 
f 3108//3108 3106//3106 5264//5264 
f 3098//3098 4612//4612 3100//3100 
f 3098//3098 4610//4610 4612//4612 
f 3096//3096 4606//4606 4610//4610 
f 3095//3095 4606//4606 3096//3096 
f 3095//3095 4604//4604 4606//4606 
f 3092//3092 4602//4602 4604//4604 
f 3089//3089 4598//4598 3090//3090 
f 3089//3089 5295//5295 4598//4598 
f 3088//3088 5295//5295 3089//3089 
f 3088//3088 5296//5296 5295//5295 
f 3087//3087 5296//5296 3088//3088 
f 3087//3087 5298//5298 5296//5296 
f 3086//3086 5298//5298 3087//3087 
f 3086//3086 5299//5299 5298//5298 
f 3084//3084 5299//5299 3086//3086 
f 3084//3084 3083//3083 5299//5299 
f 3082//3082 5301//5301 3083//3083 
f 3082//3082 4597//4597 5301//5301 
f 3078//3078 5304//5304 3080//3080 
f 3078//3078 5306//5306 5304//5304 
f 3077//3077 5306//5306 3078//3078 
f 4995//4995 4053//4053 4996//4996 
f 4995//4995 4054//4054 4053//4053 
f 4993//4993 4054//4054 4995//4995 
f 4993//4993 3322//3322 4054//4054 
f 4991//4991 3322//3322 4993//4993 
f 4991//4991 4253//4253 3322//3322 
f 4681//4681 3609//3609 4253//4253 
f 4681//4681 4055//4055 3609//3609 
f 4677//4677 4055//4055 4681//4681 
f 4677//4677 4056//4056 4055//4055 
f 4673//4673 4056//4056 4677//4677 
f 4673//4673 4057//4057 4056//4056 
f 4671//4671 4057//4057 4673//4673 
f 4671//4671 5667//5667 4057//4057 
f 4667//4667 5667//5667 4671//4671 
f 4667//4667 4058//4058 5667//5667 
f 4252//4252 4058//4058 4667//4667 
f 4252//4252 4059//4059 4058//4058 
f 4242//4242 4059//4059 4252//4252 
f 4242//4242 3324//3324 4059//4059 
f 4240//4240 3324//3324 4242//4242 
f 4240//4240 3610//3610 3324//3324 
f 4238//4238 3610//3610 4240//4240 
f 4238//4238 4060//4060 3610//3610 
f 4236//4236 4060//4060 4238//4238 
f 4236//4236 4061//4061 4060//4060 
f 4234//4234 4061//4061 4236//4236 
f 4234//4234 5819//5819 4061//4061 
f 4631//4631 5819//5819 4234//4234 
f 4631//4631 4062//4062 5819//5819 
f 4971//4971 4062//4062 4631//4631 
f 4971//4971 4063//4063 4062//4062 
f 4969//4969 4063//4063 4971//4971 
f 4969//4969 4064//4064 4063//4063 
f 4967//4967 4064//4064 4969//4969 
f 4967//4967 3326//3326 4064//4064 
f 4965//4965 3326//3326 4967//4967 
f 4965//4965 3611//3611 3326//3326 
f 4629//4629 3611//3611 4965//4965 
f 4629//4629 4065//4065 3611//3611 
f 4963//4963 4065//4065 4629//4629 
f 4963//4963 4066//4066 4065//4065 
f 4961//4961 4066//4066 4963//4963 
f 4961//4961 4067//4067 4066//4066 
f 4959//4959 4067//4067 4961//4961 
f 4959//4959 4068//4068 4067//4067 
f 4957//4957 4068//4068 4959//4959 
f 4957//4957 4069//4069 4068//4068 
f 4627//4627 4069//4069 4957//4957 
f 4627//4627 3328//3328 4069//4069 
f 4955//4955 3328//3328 4627//4627 
f 4955//4955 4071//4071 3328//3328 
f 4953//4953 4071//4071 4955//4955 
f 4953//4953 3615//3615 4071//4071 
f 4951//4951 3615//3615 4953//4953 
f 4951//4951 3612//3612 3615//3615 
f 4949//4949 3612//3612 4951//4951 
f 4949//4949 3613//3613 3612//3612 
f 4625//4625 3613//3613 4949//4949 
f 4625//4625 4070//4070 3613//3613 
f 4947//4947 4070//4070 4625//4625 
f 4947//4947 4072//4072 4070//4070 
f 4945//4945 4072//4072 4947//4947 
f 4945//4945 3617//3617 4072//4072 
f 4943//4943 3617//3617 4945//4945 
f 4943//4943 4073//4073 3617//3617 
f 4941//4941 4073//4073 4943//4943 
f 4941//4941 3619//3619 4073//4073 
f 4623//4623 3619//3619 4941//4941 
f 4623//4623 4074//4074 3619//3619 
f 4939//4939 4074//4074 4623//4623 
f 4939//4939 3621//3621 4074//4074 
f 4937//4937 3621//3621 4939//4939 
f 4937//4937 3332//3332 3621//3621 
f 4935//4935 3332//3332 4937//4937 
f 4933//4933 3332//3332 4935//4935 
f 4933//4933 3330//3330 3332//3332 
f 4621//4621 3330//3330 4933//4933 
f 4621//4621 3623//3623 3330//3330 
f 4931//4931 3623//3623 4621//4621 
f 4931//4931 3685//3685 3623//3623 
f 4929//4929 3685//3685 4931//4931 
f 4929//4929 3686//3686 3685//3685 
f 4927//4927 3686//3686 4929//4929 
f 4927//4927 3687//3687 3686//3686 
f 4925//4925 3687//3687 4927//4927 
f 4925//4925 3688//3688 3687//3687 
f 4619//4619 3688//3688 4925//4925 
f 4619//4619 3689//3689 3688//3688 
f 4923//4923 3689//3689 4619//4619 
f 4923//4923 3690//3690 3689//3689 
f 4921//4921 3690//3690 4923//4923 
f 4921//4921 3356//3356 3690//3690 
f 4919//4919 3356//3356 4921//4921 
f 4919//4919 3691//3691 3356//3356 
f 4917//4917 3691//3691 4919//4919 
f 4917//4917 4075//4075 3691//3691 
f 4617//4617 4075//4075 4917//4917 
f 4617//4617 4076//4076 4075//4075 
f 4915//4915 4076//4076 4617//4617 
f 4915//4915 4077//4077 4076//4076 
f 4913//4913 4077//4077 4915//4915 
f 4913//4913 4078//4078 4077//4077 
f 4911//4911 4078//4078 4913//4913 
f 4911//4911 4079//4079 4078//4078 
f 4909//4909 4079//4079 4911//4911 
f 4909//4909 3358//3358 4079//4079 
f 4615//4615 3358//3358 4909//4909 
f 4615//4615 3692//3692 3358//3358 
f 4611//4611 3692//3692 4615//4615 
f 4611//4611 4080//4080 3692//3692 
f 4607//4607 4080//4080 4611//4611 
f 4607//4607 4081//4081 4080//4080 
f 4603//4603 4081//4081 4607//4607 
f 4603//4603 5147//5147 4081//4081 
f 4599//4599 5147//5147 4603//4603 
f 4599//4599 5146//5146 5147//5147 
f 4215//4215 5146//5146 4599//4599 
f 4215//4215 4725//4725 5146//5146 
f 4213//4213 4725//4725 4215//4215 
f 4213//4213 5142//5142 4725//4725 
f 4212//4212 5142//5142 4213//4213 
f 4212//4212 5140//5140 5142//5142 
f 4210//4210 5140//5140 4212//4212 
f 4210//4210 5138//5138 5140//5140 
f 4209//4209 5138//5138 4210//4210 
f 4209//4209 5136//5136 5138//5138 
f 4207//4207 5136//5136 4209//4209 
f 4207//4207 5134//5134 5136//5136 
f 4205//4205 5134//5134 4207//4207 
f 4205//4205 5132//5132 5134//5134 
f 4565//4565 5132//5132 4205//4205 
f 4565//4565 5130//5130 5132//5132 
f 4891//4891 5130//5130 4565//4565 
f 4891//4891 5128//5128 5130//5130 
f 4889//4889 5128//5128 4891//4891 
f 4889//4889 4727//4727 5128//5128 
f 4887//4887 4727//4727 4889//4889 
f 4887//4887 5124//5124 4727//4727 
f 4885//4885 5124//5124 4887//4887 
f 4885//4885 5122//5122 5124//5124 
f 4204//4204 5122//5122 4885//4885 
f 4204//4204 5120//5120 5122//5122 
f 4883//4883 5120//5120 4204//4204 
f 4883//4883 5118//5118 5120//5120 
f 4881//4881 5118//5118 4883//4883 
f 4881//4881 5116//5116 5118//5118 
f 4879//4879 5116//5116 4881//4881 
f 4879//4879 5114//5114 5116//5116 
f 4877//4877 5114//5114 4879//4879 
f 4877//4877 5112//5112 5114//5114 
f 4203//4203 5112//5112 4877//4877 
f 4203//4203 5110//5110 5112//5112 
f 4875//4875 5110//5110 4203//4203 
f 4875//4875 4729//4729 5110//5110 
f 4873//4873 4729//4729 4875//4875 
f 4873//4873 5106//5106 4729//4729 
f 4871//4871 5106//5106 4873//4873 
f 4871//4871 5104//5104 5106//5106 
f 4869//4869 5104//5104 4871//4871 
f 4869//4869 5102//5102 5104//5104 
f 4202//4202 5102//5102 4869//4869 
f 4202//4202 5100//5100 5102//5102 
f 4867//4867 5100//5100 4202//4202 
f 4867//4867 4732//4732 5100//5100 
f 4865//4865 4732//4732 4867//4867 
f 4865//4865 4736//4736 4732//4732 
f 4863//4863 4736//4736 4865//4865 
f 4863//4863 4740//4740 4736//4736 
f 4861//4861 4740//4740 4863//4863 
f 4861//4861 4744//4744 4740//4740 
f 4201//4201 4744//4744 4861//4861 
f 4201//4201 4291//4291 4744//4744 
f 4859//4859 4291//4291 4201//4201 
f 4859//4859 4288//4288 4291//4291 
f 4857//4857 4288//4288 4859//4859 
f 4857//4857 5098//5098 4288//4288 
f 4855//4855 5098//5098 4857//4857 
f 4855//4855 4295//4295 5098//5098 
f 4853//4853 4295//4295 4855//4855 
f 4853//4853 5096//5096 4295//4295 
f 4200//4200 5096//5096 4853//4853 
f 4200//4200 4297//4297 5096//5096 
f 4851//4851 4297//4297 4200//4200 
f 4851//4851 5094//5094 4297//4297 
f 4849//4849 5094//5094 4851//4851 
f 4849//4849 4285//4285 5094//5094 
f 4847//4847 4285//4285 4849//4849 
f 4847//4847 5092//5092 4285//4285 
f 4845//4845 5092//5092 4847//4847 
f 4845//4845 5090//5090 5092//5092 
f 4199//4199 5090//5090 4845//4845 
f 4199//4199 4284//4284 5090//5090 
f 4843//4843 4284//4284 4199//4199 
f 4843//4843 5088//5088 4284//4284 
f 4841//4841 5088//5088 4843//4843 
f 4841//4841 5086//5086 5088//5088 
f 4839//4839 5086//5086 4841//4841 
f 4839//4839 5084//5084 5086//5086 
f 4837//4837 5084//5084 4839//4839 
f 4837//4837 4198//4198 5084//5084 
f 4835//4835 5083//5083 4198//4198 
f 4835//4835 5081//5081 5083//5083 
f 4833//4833 5081//5081 4835//4835 
f 4833//4833 5079//5079 5081//5081 
f 4831//4831 5079//5079 4833//4833 
f 4831//4831 4282//4282 5079//5079 
f 4829//4829 4282//4282 4831//4831 
f 4829//4829 5077//5077 4282//4282 
f 4828//4828 5077//5077 4829//4829 
f 4828//4828 5075//5075 5077//5077 
f 4197//4197 5075//5075 4828//4828 
f 4197//4197 5073//5073 5075//5075 
f 4547//4547 5073//5073 4197//4197 
f 4547//4547 5071//5071 5073//5073 
f 4543//4543 5071//5071 4547//4547 
f 4543//4543 4541//4541 5071//5071 
f 4537//4537 4745//4745 4541//4541 
f 4537//4537 4743//4743 4745//4745 
f 4533//4533 4743//4743 4537//4537 
f 4533//4533 4739//4739 4743//4743 
f 4187//4187 4739//4739 4533//4533 
f 4187//4187 4735//4735 4739//4739 
f 4186//4186 4735//4735 4187//4187 
f 4186//4186 4731//4731 4735//4735 
f 4184//4184 4731//4731 4186//4186 
f 4184//4184 4271//4271 4731//4731 
f 4183//4183 4271//4271 4184//4184 
f 4183//4183 4269//4269 4271//4271 
f 4182//4182 4269//4269 4183//4183 
f 4182//4182 4181//4181 4269//4269 
f 4179//4179 4267//4267 4181//4181 
f 4179//4179 4265//4265 4267//4267 
f 4177//4177 4265//4265 4179//4179 
f 4177//4177 4263//4263 4265//4265 
f 4499//4499 4263//4263 4177//4177 
f 4499//4499 4261//4261 4263//4263 
f 4809//4809 4261//4261 4499//4499 
f 4809//4809 5053//5053 4261//4261 
f 4808//4808 5053//5053 4809//4809 
f 4808//4808 5051//5051 5053//5053 
f 4806//4806 5051//5051 4808//4808 
f 4806//4806 5050//5050 5051//5051 
f 4804//4804 5050//5050 4806//4806 
f 4804//4804 5048//5048 5050//5050 
f 4803//4803 5048//5048 4804//4804 
f 4803//4803 4176//4176 5048//5048 
f 4802//4802 4260//4260 4176//4176 
f 4802//4802 4695//4695 4260//4260 
f 4801//4801 4695//4695 4802//4802 
f 4801//4801 5045//5045 4695//4695 
f 4800//4800 5045//5045 4801//4801 
f 4800//4800 4798//4798 5045//5045 
f 4796//4796 5042//5042 4798//4798 
f 4796//4796 5040//5040 5042//5042 
f 4795//4795 5040//5040 4796//4796 
f 4795//4795 4175//4175 5040//5040 
f 4791//4791 4259//4259 4793//4793 
f 4791//4791 5037//5037 4259//4259 
f 4790//4790 5037//5037 4791//4791 
f 4790//4790 5035//5035 5037//5037 
f 4789//4789 5035//5035 4790//4790 
f 4789//4789 5033//5033 5035//5035 
f 4787//4787 5033//5033 4789//4789 
f 4787//4787 5031//5031 5033//5033 
f 4174//4174 5031//5031 4787//4787 
f 4174//4174 5030//5030 5031//5031 
f 4786//4786 5030//5030 4174//4174 
f 4786//4786 4784//4784 5030//5030 
f 4782//4782 4691//4691 4784//4784 
f 4782//4782 4780//4780 4691//4691 
f 4779//4779 5024//5024 4780//4780 
f 4779//4779 4491//4491 5024//5024 
f 4776//4776 5029//5029 4778//4778 
f 4776//4776 5028//5028 5029//5029 
f 4775//4775 5026//5026 5028//5028 
f 4775//4775 4774//4774 5026//5026 
f 4771//4771 5021//5021 4773//4773 
f 4771//4771 4172//4172 5021//5021 
f 4770//4770 5020//5020 4172//4172 
f 4770//4770 5018//5018 5020//5020 
f 4769//4769 5018//5018 4770//4770 
f 4769//4769 4256//4256 5018//5018 
f 4768//4768 4256//4256 4769//4769 
f 4768//4768 4689//4689 4256//4256 
f 4767//4767 4689//4689 4768//4768 
f 4767//4767 5016//5016 4689//4689 
f 4765//4765 5016//5016 4767//4767 
f 4765//4765 5014//5014 5016//5016 
f 4763//4763 5014//5014 4765//4765 
f 4763//4763 4171//4171 5014//5014 
f 4762//4762 5011//5011 4171//4171 
f 4762//4762 4761//4761 5011//5011 
f 4760//4760 5010//5010 4761//4761 
f 4760//4760 4759//4759 5010//5010 
f 4758//4758 4255//4255 4759//4759 
f 4758//4758 5007//5007 4255//4255 
f 4757//4757 5007//5007 4758//4758 
f 4757//4757 4756//4756 5007//5007 
f 4170//4170 5005//5005 4756//4756 
f 4170//4170 4754//4754 5005//5005 
f 4752//4752 5002//5002 4754//4754 
f 4752//4752 5000//5000 5002//5002 
f 4750//4750 5000//5000 4752//4752 
f 4750//4750 4748//4748 5000//5000 
f 4747//4747 4685//4685 4748//4748 
f 4747//4747 4997//4997 4685//4685 
f 4169//4169 4997//4997 4747//4747 
f 4169//4169 4481//4481 4997//4997 
f 4475//4475 4994//4994 4477//4477 
f 4475//4475 4992//4992 4994//4994 
f 4473//4473 4992//4992 4475//4475 
f 4473//4473 4990//4990 4992//4992 
f 4469//4469 4990//4990 4473//4473 
f 4469//4469 4683//4683 4990//4990 
f 4168//4168 4683//4683 4469//4469 
f 4168//4168 4679//4679 4683//4683 
f 4278//4278 4679//4679 4168//4168 
f 4278//4278 4675//4675 4679//4679 
f 4276//4276 4675//4675 4278//4278 
f 4276//4276 4673//4673 4675//4675 
f 4275//4275 4673//4673 4276//4276 
f 4275//4275 4669//4669 4673//4673 
f 4273//4273 4669//4669 4275//4275 
f 4273//4273 4665//4665 4669//4669 
f 4251//4251 4665//4665 4273//4273 
f 4251//4251 4243//4243 4665//4665 
f 4249//4249 4243//4243 4251//4251 
f 4249//4249 4241//4241 4243//4243 
f 4247//4247 4241//4241 4249//4249 
f 4247//4247 4239//4239 4241//4241 
f 4245//4245 4239//4239 4247//4247 
f 4245//4245 4237//4237 4239//4239 
f 4244//4244 4237//4237 4245//4245 
f 4244//4244 4235//4235 4237//4237 
f 4222//4222 4235//4235 4244//4244 
f 4222//4222 4233//4233 4235//4235 
f 4220//4220 4233//4233 4222//4222 
f 4220//4220 4972//4972 4233//4233 
f 4219//4219 4972//4972 4220//4220 
f 4219//4219 4970//4970 4972//4972 
f 4218//4218 4970//4970 4219//4219 
f 4218//4218 4968//4968 4970//4970 
f 4216//4216 4968//4968 4218//4218 
f 4216//4216 4966//4966 4968//4968 
f 4194//4194 4966//4966 4216//4216 
f 4194//4194 4232//4232 4966//4966 
f 4192//4192 4232//4232 4194//4194 
f 4192//4192 4964//4964 4232//4232 
f 4190//4190 4964//4964 4192//4192 
f 4190//4190 4962//4962 4964//4964 
f 4188//4188 4962//4962 4190//4190 
f 4188//4188 4960//4960 4962//4962 
f 4166//4166 4960//4960 4188//4188 
f 4166//4166 4958//4958 4960//4960 
f 4164//4164 4958//4958 4166//4166 
f 4164//4164 4231//4231 4958//4958 
f 4162//4162 4231//4231 4164//4164 
f 4162//4162 4956//4956 4231//4231 
f 4160//4160 4956//4956 4162//4162 
f 4160//4160 4954//4954 4956//4956 
f 4158//4158 4954//4954 4160//4160 
f 4158//4158 4952//4952 4954//4954 
f 4156//4156 4952//4952 4158//4158 
f 4156//4156 4950//4950 4952//4952 
f 4154//4154 4950//4950 4156//4156 
f 4154//4154 4230//4230 4950//4950 
f 4152//4152 4230//4230 4154//4154 
f 4152//4152 4948//4948 4230//4230 
f 4150//4150 4948//4948 4152//4152 
f 4150//4150 4946//4946 4948//4948 
f 4352//4352 4946//4946 4150//4150 
f 4352//4352 4944//4944 4946//4946 
f 4438//4438 4944//4944 4352//4352 
f 4438//4438 4942//4942 4944//4944 
f 4436//4436 4942//4942 4438//4438 
f 4436//4436 4229//4229 4942//4942 
f 4434//4434 4229//4229 4436//4436 
f 4434//4434 4940//4940 4229//4229 
f 4432//4432 4940//4940 4434//4434 
f 4432//4432 4938//4938 4940//4940 
f 4350//4350 4938//4938 4432//4432 
f 4350//4350 4936//4936 4938//4938 
f 4430//4430 4936//4936 4350//4350 
f 4430//4430 4934//4934 4936//4936 
f 4428//4428 4934//4934 4430//4430 
f 4428//4428 4228//4228 4934//4934 
f 4426//4426 4228//4228 4428//4428 
f 4426//4426 4932//4932 4228//4228 
f 4424//4424 4932//4932 4426//4426 
f 4424//4424 4930//4930 4932//4932 
f 4348//4348 4930//4930 4424//4424 
f 4348//4348 4928//4928 4930//4930 
f 4422//4422 4928//4928 4348//4348 
f 4422//4422 4926//4926 4928//4928 
f 4420//4420 4926//4926 4422//4422 
f 4420//4420 4227//4227 4926//4926 
f 4418//4418 4227//4227 4420//4420 
f 4418//4418 4924//4924 4227//4227 
f 4416//4416 4924//4924 4418//4418 
f 4416//4416 4922//4922 4924//4924 
f 4346//4346 4922//4922 4416//4416 
f 4346//4346 4920//4920 4922//4922 
f 4414//4414 4920//4920 4346//4346 
f 4414//4414 4918//4918 4920//4920 
f 4412//4412 4918//4918 4414//4414 
f 4412//4412 4226//4226 4918//4918 
f 4410//4410 4226//4226 4412//4412 
f 4410//4410 4916//4916 4226//4226 
f 4408//4408 4916//4916 4410//4410 
f 4408//4408 4914//4914 4916//4916 
f 4344//4344 4914//4914 4408//4408 
f 4344//4344 4912//4912 4914//4914 
f 4406//4406 4912//4912 4344//4344 
f 4406//4406 4910//4910 4912//4912 
f 4404//4404 4910//4910 4406//4406 
f 4404//4404 4225//4225 4910//4910 
f 4402//4402 4225//4225 4404//4404 
f 4402//4402 4613//4613 4225//4225 
f 4401//4401 4613//4613 4402//4402 
f 4401//4401 4609//4609 4613//4613 
f 4400//4400 4609//4609 4401//4401 
f 4400//4400 4605//4605 4609//4609 
f 4342//4342 4605//4605 4400//4400 
f 4342//4342 4601//4601 4605//4605 
f 4398//4398 4601//4601 4342//4342 
f 4398//4398 4224//4224 4601//4601 
f 4396//4396 4224//4224 4398//4398 
f 4396//4396 4214//4214 4224//4224 
f 4394//4394 4214//4214 4396//4396 
f 4394//4394 4392//4392 4214//4214 
f 4340//4340 4211//4211 4392//4392 
f 4340//4340 4391//4391 4211//4211 
f 4389//4389 4208//4208 4391//4391 
f 4389//4389 4206//4206 4208//4208 
f 4387//4387 4206//4206 4389//4389 
f 4387//4387 4385//4385 4206//4206 
f 4383//4383 4890//4890 4142//4142 
f 4383//4383 4888//4888 4890//4890 
f 4381//4381 4888//4888 4383//4383 
f 4381//4381 4886//4886 4888//4888 
f 4379//4379 4886//4886 4381//4381 
f 4379//4379 4884//4884 4886//4886 
f 4377//4377 4884//4884 4379//4379 
f 4377//4377 4563//4563 4884//4884 
f 4376//4376 4563//4563 4377//4377 
f 4376//4376 4882//4882 4563//4563 
f 4141//4141 4882//4882 4376//4376 
f 4141//4141 4880//4880 4882//4882 
f 4336//4336 4880//4880 4141//4141 
f 4336//4336 4878//4878 4880//4880 
f 4332//4332 4878//4878 4336//4336 
f 4332//4332 4876//4876 4878//4878 
f 4330//4330 4876//4876 4332//4332 
f 4330//4330 4561//4561 4876//4876 
f 4328//4328 4561//4561 4330//4330 
f 4328//4328 4874//4874 4561//4561 
f 4324//4324 4874//4874 4328//4328 
f 4324//4324 4872//4872 4874//4874 
f 4320//4320 4872//4872 4324//4324 
f 4320//4320 4870//4870 4872//4872 
f 4140//4140 4870//4870 4320//4320 
f 4140//4140 4868//4868 4870//4870 
f 4138//4138 4868//4868 4140//4140 
f 4138//4138 4559//4559 4868//4868 
f 4136//4136 4559//4559 4138//4138 
f 4136//4136 4866//4866 4559//4559 
f 4135//4135 4866//4866 4136//4136 
f 4135//4135 4864//4864 4866//4866 
f 4133//4133 4864//4864 4135//4135 
f 4133//4133 4862//4862 4864//4864 
f 4131//4131 4862//4862 4133//4133 
f 4131//4131 4860//4860 4862//4862 
f 2977//2977 4860//4860 4131//4131 
f 2977//2977 4557//4557 4860//4860 
f 2979//2979 4557//4557 2977//2977 
f 2979//2979 4858//4858 4557//4557 
f 2981//2981 4858//4858 2979//2979 
f 2981//2981 4856//4856 4858//4858 
f 2983//2983 4856//4856 2981//2981 
f 2983//2983 4854//4854 4856//4856 
f 2985//2985 4854//4854 2983//2983 
f 2985//2985 4852//4852 4854//4854 
f 2987//2987 4852//4852 2985//2985 
f 2987//2987 4555//4555 4852//4852 
f 2989//2989 4555//4555 2987//2987 
f 2989//2989 4850//4850 4555//4555 
f 2991//2991 4850//4850 2989//2989 
f 2991//2991 4848//4848 4850//4850 
f 2993//2993 4848//4848 2991//2991 
f 2993//2993 4846//4846 4848//4848 
f 2995//2995 4846//4846 2993//2993 
f 2995//2995 4844//4844 4846//4846 
f 2997//2997 4844//4844 2995//2995 
f 2997//2997 4553//4553 4844//4844 
f 2999//2999 4553//4553 2997//2997 
f 2999//2999 4842//4842 4553//4553 
f 3001//3001 4842//4842 2999//2999 
f 3001//3001 4840//4840 4842//4842 
f 3003//3003 4840//4840 3001//3001 
f 3003//3003 4838//4838 4840//4840 
f 3005//3005 4838//4838 3003//3003 
f 3005//3005 4836//4836 4838//4838 
f 3007//3007 4836//4836 3005//3005 
f 3007//3007 4551//4551 4836//4836 
f 3009//3009 4551//4551 3007//3007 
f 3009//3009 4834//4834 4551//4551 
f 3011//3011 4834//4834 3009//3009 
f 3011//3011 4832//4832 4834//4834 
f 3013//3013 4832//4832 3011//3011 
f 3013//3013 4830//4830 4832//4832 
f 3015//3015 4830//4830 3013//3013 
f 3015//3015 3017//3017 4830//4830 
f 3021//3021 4549//4549 3019//3019 
f 3021//3021 4545//4545 4549//4549 
f 3023//3023 4545//4545 3021//3021 
f 3023//3023 4543//4543 4545//4545 
f 3025//3025 4543//4543 3023//3023 
f 3025//3025 4539//4539 4543//4543 
f 3027//3027 4539//4539 3025//3025 
f 3027//3027 4535//4535 4539//4539 
f 3029//3029 4535//4535 3027//3027 
f 3029//3029 4196//4196 4535//4535 
f 3031//3031 4196//4196 3029//3029 
f 3031//3031 4187//4187 4196//4196 
f 3033//3033 4187//4187 3031//3031 
f 3033//3033 4185//4185 4187//4187 
f 3034//3034 4185//4185 3033//3033 
f 3034//3034 4184//4184 4185//4185 
f 3036//3036 4184//4184 3034//3034 
f 3036//3036 3038//3038 4184//4184 
f 3039//3039 4182//4182 3038//3038 
f 3039//3039 4180//4180 4182//4182 
f 3041//3041 4180//4180 3039//3039 
f 3041//3041 4178//4178 4180//4180 
f 3043//3043 4178//4178 3041//3041 
f 3043//3043 3044//3044 4178//4178 
f 3045//3045 4810//4810 3044//3044 
f 3045//3045 3046//3046 4810//4810 
f 3047//3047 4807//4807 3046//3046 
f 3047//3047 4805//4805 4807//4807 
f 3048//3048 4805//4805 3047//3047 
f 3048//3048 4804//4804 4805//4805 
f 3049//3049 4804//4804 3048//3048 
f 3049//3049 4803//4803 4804//4804 
f 5335//5335 4803//4803 3049//3049 
f 5335//5335 4497//4497 4803//4803 
f 3050//3050 4497//4497 5335//5335 
f 3050//3050 4802//4802 4497//4497 
f 3051//3051 4802//4802 3050//3050 
f 3051//3051 4801//4801 4802//4802 
f 3052//3052 4801//4801 3051//3051 
f 3052//3052 4799//4799 4801//4801 
f 3054//3054 4799//4799 3052//3052 
f 3054//3054 4797//4797 4799//4799 
f 3056//3056 4797//4797 3054//3054 
f 3056//3056 4796//4796 4797//4797 
f 3057//3057 4796//4796 3056//3056 
f 3057//3057 4795//4795 4796//4796 
f 3061//3061 4794//4794 3059//3059 
f 3061//3061 4792//4792 4794//4794 
f 3062//3062 4792//4792 3061//3061 
f 3062//3062 3064//3064 4792//4792 
f 3067//3067 4788//4788 3066//3066 
f 3067//3067 4787//4787 4788//4788 
f 3070//3070 4493//4493 4787//4787 
f 3070//3070 4785//4785 4493//4493 
f 5315//5315 4785//4785 3070//3070 
f 5315//5315 4783//4783 4785//4785 
f 5313//5313 4783//4783 5315//5315 
f 5313//5313 4781//4781 4783//4783 
f 3071//3071 4781//4781 5313//5313 
f 3071//3071 3073//3073 4781//4781 
f 3074//3074 4173//4173 3073//3073 
f 3074//3074 3075//3075 4173//4173 
f 3076//3076 4777//4777 3075//3075 
f 3076//3076 4776//4776 4777//4777 
f 3077//3077 4776//4776 3076//3076 
f 3077//3077 3078//3078 4776//4776 
f 3082//3082 4772//4772 3081//3081 
f 3082//3082 4771//4771 4772//4772 
f 3084//3084 4489//4489 4771//4771 
f 3084//3084 3085//3085 4489//4489 
f 3089//3089 4766//4766 3088//3088 
f 3089//3089 4764//4764 4766//4766 
f 3090//3090 4764//4764 3089//3089 
f 3090//3090 3091//3091 4764//4764 
f 3092//3092 4487//4487 3091//3091 
f 3092//3092 4762//4762 4487//4487 
f 3093//3093 4762//4762 3092//3092 
f 3093//3093 3094//3094 4762//4762 
f 3096//3096 4760//4760 3094//3094 
f 3096//3096 3097//3097 4760//4760 
f 3098//3098 4758//4758 3097//3097 
f 3098//3098 4757//4757 4758//4758 
f 3099//3099 4757//4757 3098//3098 
f 3099//3099 4755//4755 4757//4757 
f 3101//3101 4755//4755 3099//3099 
f 3101//3101 4485//4485 4755//4755 
f 3102//3102 4485//4485 3101//3101 
f 3102//3102 4753//4753 4485//4485 
f 3103//3103 4753//4753 3102//3102 
f 3103//3103 4751//4751 4753//4753 
f 3105//3105 4751//4751 3103//3103 
f 3105//3105 4749//4749 4751//4751 
f 3107//3107 4749//4749 3105//3105 
f 3107//3107 3109//3109 4749//4749 
f 3111//3111 4747//4747 3109//3109 
f 3111//3111 4483//4483 4747//4747 
f 3112//3112 4483//4483 3111//3111 
f 3112//3112 4479//4479 4483//4483 
f 3113//3113 4479//4479 3112//3112 
f 3113//3113 3115//3115 4479//4479 
f 3119//3119 4471//4471 3117//3117 
f 3119//3119 4467//4467 4471//4471 
f 3121//3121 4467//4467 3119//3119 
f 3121//3121 4279//4279 4467//4467 
f 3122//3122 4279//4279 3121//3121 
f 3122//3122 4277//4277 4279//4279 
f 3124//3124 4277//4277 3122//3122 
f 3124//3124 3125//3125 4277//4277 
f 3127//3127 4274//4274 3125//3125 
f 3127//3127 4272//4272 4274//4274 
f 3128//3128 4272//4272 3127//3127 
f 3128//3128 4250//4250 4272//4272 
f 3129//3129 4250//4250 3128//3128 
f 3129//3129 4248//4248 4250//4250 
f 3130//3130 4248//4248 3129//3129 
f 3130//3130 4246//4246 4248//4248 
f 3131//3131 4246//4246 3130//3130 
f 3131//3131 4245//4245 4246//4246 
f 3132//3132 4245//4245 3131//3131 
f 3132//3132 4223//4223 4245//4245 
f 3134//3134 4223//4223 3132//3132 
f 3134//3134 4221//4221 4223//4223 
f 3136//3136 4221//4221 3134//3134 
f 3136//3136 4220//4220 4221//4221 
f 3138//3138 4220//4220 3136//3136 
f 3138//3138 4219//4219 4220//4220 
f 3140//3140 4219//4219 3138//3138 
f 3140//3140 4217//4217 4219//4219 
f 3142//3142 4217//4217 3140//3140 
f 3142//3142 4195//4195 4217//4217 
f 3144//3144 4195//4195 3142//3142 
f 3144//3144 4193//4193 4195//4195 
f 3146//3146 4193//4193 3144//3144 
f 3146//3146 4191//4191 4193//4193 
f 3148//3148 4191//4191 3146//3146 
f 3148//3148 4189//4189 4191//4191 
f 3150//3150 4189//4189 3148//3148 
f 3150//3150 4167//4167 4189//4189 
f 3152//3152 4167//4167 3150//3150 
f 3152//3152 4165//4165 4167//4167 
f 2976//2976 4165//4165 3152//3152 
f 2976//2976 4163//4163 4165//4165 
f 2974//2974 4163//4163 2976//2976 
f 2974//2974 4161//4161 4163//4163 
f 3378//3378 4161//4161 2974//2974 
f 3378//3378 4159//4159 4161//4161 
f 3710//3710 4159//4159 3378//3378 
f 3710//3710 4157//4157 4159//4159 
f 3708//3708 4157//4157 3710//3710 
f 3708//3708 4155//4155 4157//4157 
f 3706//3706 4155//4155 3708//3708 
f 3706//3706 4153//4153 4155//4155 
f 4125//4125 4153//4153 3706//3706 
f 4125//4125 4151//4151 4153//4153 
f 3701//3701 4151//4151 4125//4125 
f 3701//3701 4149//4149 4151//4151 
f 4126//4126 4149//4149 3701//3701 
f 4126//4126 4439//4439 4149//4149 
f 4124//4124 4439//4439 4126//4126 
f 4124//4124 4437//4437 4439//4439 
f 4122//4122 4437//4437 4124//4124 
f 4122//4122 4435//4435 4437//4437 
f 4120//4120 4435//4435 4122//4122 
f 4120//4120 4433//4433 4435//4435 
f 3374//3374 4433//4433 4120//4120 
f 3374//3374 4148//4148 4433//4433 
f 4118//4118 4148//4148 3374//3374 
f 4118//4118 4431//4431 4148//4148 
f 4116//4116 4431//4431 4118//4118 
f 4116//4116 4429//4429 4431//4431 
f 3699//3699 4429//4429 4116//4116 
f 3699//3699 4427//4427 4429//4429 
f 4114//4114 4427//4427 3699//3699 
f 4114//4114 4425//4425 4427//4427 
f 4112//4112 4425//4425 4114//4114 
f 4112//4112 4147//4147 4425//4425 
f 4110//4110 4147//4147 4112//4112 
f 4110//4110 4423//4423 4147//4147 
f 3370//3370 4423//4423 4110//4110 
f 3370//3370 4421//4421 4423//4423 
f 4108//4108 4421//4421 3370//3370 
f 4108//4108 4419//4419 4421//4421 
f 4106//4106 4419//4419 4108//4108 
f 4106//4106 4417//4417 4419//4419 
f 3697//3697 4417//4417 4106//4106 
f 3697//3697 4146//4146 4417//4417 
f 3368//3368 4146//4146 3697//3697 
f 3368//3368 4415//4415 4146//4146 
f 4103//4103 4415//4415 3368//3368 
f 4103//4103 4413//4413 4415//4415 
f 4101//4101 4413//4413 4103//4103 
f 4101//4101 4411//4411 4413//4413 
f 3696//3696 4411//4411 4101//4101 
f 3696//3696 4409//4409 4411//4411 
f 4099//4099 4409//4409 3696//3696 
f 4099//4099 4145//4145 4409//4409 
f 4097//4097 4145//4145 4099//4099 
f 4097//4097 4407//4407 4145//4145 
f 4095//4095 4407//4407 4097//4097 
f 4095//4095 4405//4405 4407//4407 
f 3364//3364 4405//4405 4095//4095 
f 3364//3364 4403//4403 4405//4405 
f 4093//4093 4403//4403 3364//3364 
f 4093//4093 4091//4091 4403//4403 
f 4089//4089 4144//4144 3694//3694 
f 4089//4089 4399//4399 4144//4144 
f 4087//4087 4399//4399 4089//4089 
f 4087//4087 4397//4397 4399//4399 
f 4085//4085 4397//4397 4087//4087 
f 4085//4085 4395//4395 4397//4397 
f 3360//3360 4395//4395 4085//4085 
f 3360//3360 4393//4393 4395//4395 
f 4083//4083 4393//4393 3360//3360 
f 4083//4083 4143//4143 4393//4393 
f 4082//4082 4143//4143 4083//4083 
f 4082//4082 4482//4482 4143//4143 
f 4524//4524 4390//4390 4482//4482 
f 4524//4524 4388//4388 4390//4390 
f 5461//5461 4388//4388 4524//4524 
f 5461//5461 4386//4386 4388//4388 
f 5459//5459 4386//4386 5461//5461 
f 5459//5459 4384//4384 4386//4386 
f 5457//5457 4384//4384 5459//5459 
f 5457//5457 4338//4338 4384//4384 
f 5455//5455 4338//4338 5457//5457 
f 5455//5455 4382//4382 4338//4338 
f 5454//5454 4382//4382 5455//5455 
f 5454//5454 4380//4380 4382//4382 
f 5452//5452 4380//4380 5454//5454 
f 5452//5452 4378//4378 4380//4380 
f 5450//5450 4378//4378 5452//5452 
f 5450//5450 4377//4377 4378//4378 
f 5449//5449 4377//4377 5450//5450 
f 5449//5449 5447//5447 4377//4377 
f 5443//5443 4334//4334 5445//5445 
f 5443//5443 5441//5441 4334//4334 
f 5440//5440 4330//4330 5441//5441 
f 5440//5440 4326//4326 4330//4330 
f 5438//5438 4326//4326 5440//5440 
f 5438//5438 4322//4322 4326//4326 
f 5436//5436 4322//4322 5438//5438 
f 5436//5436 5434//5434 4322//4322 
f 5432//5432 4139//4139 5434//5434 
f 5432//5432 4137//4137 4139//4139 
f 5430//5430 4137//4137 5432//5432 
f 5430//5430 5428//5428 4137//4137 
f 4528//4528 4134//4134 5428//5428 
f 4528//4528 4132//4132 4134//4134 
f 5424//5424 4132//4132 4528//4528 
f 5424//5424 2973//2973 4132//4132 
f 5422//5422 2973//2973 5424//5424 
f 5422//5422 2978//2978 2973//2973 
f 5420//5420 2978//2978 5422//5422 
f 5420//5420 2980//2980 2978//2978 
f 5418//5418 2980//2980 5420//5420 
f 5418//5418 2982//2982 2980//2980 
f 5416//5416 2982//2982 5418//5418 
f 5416//5416 2984//2984 2982//2982 
f 5414//5414 2984//2984 5416//5416 
f 5414//5414 2986//2986 2984//2984 
f 5412//5412 2986//2986 5414//5414 
f 5412//5412 2988//2988 2986//2986 
f 5411//5411 2988//2988 5412//5412 
f 5411//5411 2990//2990 2988//2988 
f 5409//5409 2990//2990 5411//5411 
f 5409//5409 2992//2992 2990//2990 
f 4530//4530 2992//2992 5409//5409 
f 4530//4530 2994//2994 2992//2992 
f 5406//5406 2994//2994 4530//4530 
f 5406//5406 2996//2996 2994//2994 
f 5405//5405 2996//2996 5406//5406 
f 5405//5405 2998//2998 2996//2996 
f 5403//5403 2998//2998 5405//5405 
f 5403//5403 3000//3000 2998//2998 
f 5401//5401 3000//3000 5403//5403 
f 5401//5401 3002//3002 3000//3000 
f 4531//4531 3002//3002 5401//5401 
f 4531//4531 3004//3004 3002//3002 
f 5397//5397 3004//3004 4531//4531 
f 5397//5397 3006//3006 3004//3004 
f 5395//5395 3006//3006 5397//5397 
f 5395//5395 3008//3008 3006//3006 
f 5394//5394 3008//3008 5395//5395 
f 5394//5394 3010//3010 3008//3008 
f 5392//5392 3010//3010 5394//5394 
f 5392//5392 3012//3012 3010//3010 
f 4532//4532 3012//3012 5392//5392 
f 4532//4532 3014//3014 3012//3012 
f 4536//4536 3014//3014 4532//4532 
f 4536//4536 3016//3016 3014//3014 
f 4540//4540 3016//3016 4536//4536 
f 4540//4540 3018//3018 3016//3016 
f 4544//4544 3018//3018 4540//4540 
f 4544//4544 3020//3020 3018//3018 
f 4548//4548 3020//3020 4544//4544 
f 4548//4548 3022//3022 3020//3020 
f 5364//5364 3022//3022 4548//4548 
f 5364//5364 3024//3024 3022//3022 
f 5362//5362 3024//3024 5364//5364 
f 5362//5362 3026//3026 3024//3024 
f 5360//5360 3026//3026 5362//5362 
f 5360//5360 3028//3028 3026//3026 
f 5358//5358 3028//3028 5360//5360 
f 5358//5358 3030//3030 3028//3028 
f 5357//5357 3030//3030 5358//5358 
f 5357//5357 3032//3032 3030//3030 
f 5355//5355 3032//3032 5357//5357 
f 5355//5355 3033//3033 3032//3032 
f 5353//5353 3033//3033 5355//5355 
f 5353//5353 3035//3035 3033//3033 
f 5352//5352 3035//3035 5353//5353 
f 5352//5352 3037//3037 3035//3035 
f 5350//5350 3037//3037 5352//5352 
f 5350//5350 5349//5349 3037//3037 
f 4592//4592 3040//3040 5349//5349 
f 4592//4592 3042//3042 3040//3040 
f 5346//5346 3042//3042 4592//4592 
f 5346//5346 3043//3043 3042//3042 
f 5345//5345 3043//3043 5346//5346 
f 5345//5345 5344//5344 3043//3043 
f 5339//5339 3048//3048 5340//5340 
f 5339//5339 3049//3049 3048//3048 
f 5337//5337 3049//3049 5339//5339 
f 5337//5337 5335//5335 3049//3049 
f 5333//5333 3050//3050 5335//5335 
f 5333//5333 3051//3051 3050//3050 
f 5331//5331 3051//3051 5333//5333 
f 5331//5331 3053//3053 3051//3051 
f 5331//5331 3055//3055 3053//3053 
f 4594//4594 3055//3055 5331//5331 
f 4594//4594 3056//3056 3055//3055 
f 5327//5327 3057//3057 3056//3056 
f 5327//5327 3058//3058 3057//3057 
f 5327//5327 3060//3060 3058//3058 
f 5325//5325 3060//3060 5327//5327 
f 5325//5325 3061//3061 3060//3060 
f 5324//5324 3061//3061 5325//5325 
f 5324//5324 3063//3063 3061//3061 
f 5323//5323 3063//3063 5324//5324 
f 5323//5323 3065//3065 3063//3063 
f 5321//5321 3065//3065 5323//5323 
f 5321//5321 4595//4595 3065//3065 
f 5318//5318 3068//3068 4595//4595 
f 5318//5318 3069//3069 3068//3068 
f 5317//5317 3069//3069 5318//5318 
f 5317//5317 3070//3070 3069//3069 
f 4596//4596 3072//3072 5313//5313 
f 4596//4596 5309//5309 3072//3072 
f 5145//5145 5281//5281 5909//5909 
f 3981//3981 5281//5281 5145//5145 
f 3981//3981 5907//5907 5281//5281 
f 3982//3982 5907//5907 3981//3981 
f 3982//3982 5901//5901 5907//5907 
f 3983//3983 5901//5901 3982//3982 
f 3983//3983 4638//4638 5901//5901 
f 3984//3984 4638//4638 3983//3983 
f 3984//3984 4640//4640 4638//4638 
f 3985//3985 4640//4640 3984//3984 
f 3985//3985 4642//4642 4640//4640 
f 3986//3986 4642//4642 3985//3985 
f 3986//3986 4644//4644 4642//4642 
f 3987//3987 4644//4644 3986//3986 
f 3987//3987 4646//4646 4644//4644 
f 3988//3988 4646//4646 3987//3987 
f 3988//3988 4648//4648 4646//4646 
f 3504//3504 4648//4648 3988//3988 
f 3504//3504 5279//5279 4648//4648 
f 3991//3991 5279//5279 3504//3504 
f 3991//3991 5905//5905 5279//5279 
f 3996//3996 5905//5905 3991//3991 
f 3996//3996 5904//5904 5905//5905 
f 3997//3997 5904//5904 3996//3996 
f 3997//3997 5903//5903 5904//5904 
f 3998//3998 5903//5903 3997//3997 
f 3998//3998 5895//5895 5903//5903 
f 3999//3999 5895//5895 3998//3998 
f 3999//3999 4650//4650 5895//5895 
f 4000//4000 4650//4650 3999//3999 
f 4000//4000 5902//5902 4650//4650 
f 4001//4001 5902//5902 4000//4000 
f 4001//4001 5277//5277 5902//5902 
f 4002//4002 5277//5277 4001//4001 
f 4002//4002 5900//5900 5277//5277 
f 3505//3505 5900//5900 4002//4002 
f 3505//3505 5899//5899 5900//5900 
f 3993//3993 5899//5899 3505//3505 
f 3993//3993 5898//5898 5899//5899 
f 4003//4003 5898//5898 3993//3993 
f 4003//4003 5891//5891 5898//5898 
f 4004//4004 5891//5891 4003//4003 
f 4004//4004 4652//4652 5891//5891 
f 4005//4005 4652//4652 4004//4004 
f 4005//4005 5897//5897 4652//4652 
f 4006//4006 5897//5897 4005//4005 
f 4006//4006 5896//5896 5897//5897 
f 4007//4007 5896//5896 4006//4006 
f 4007//4007 5269//5269 5896//5896 
f 4008//4008 5269//5269 4007//4007 
f 4008//4008 5270//5270 5269//5269 
f 3506//3506 5270//5270 4008//4008 
f 3506//3506 5271//5271 5270//5270 
f 3995//3995 5271//5271 3506//3506 
f 3995//3995 5272//5272 5271//5271 
f 3270//3270 5272//5272 3995//3995 
f 3270//3270 5273//5273 5272//5272 
f 4009//4009 5273//5273 3270//3270 
f 4009//4009 4654//4654 5273//5273 
f 3268//3268 4654//4654 4009//4009 
f 3268//3268 5894//5894 4654//4654 
f 4010//4010 5894//5894 3268//3268 
f 4010//4010 5893//5893 5894//5894 
f 3266//3266 5893//5893 4010//4010 
f 3266//3266 5892//5892 5893//5893 
f 4011//4011 5892//5892 3266//3266 
f 4011//4011 4655//4655 5892//5892 
f 3264//3264 4655//4655 4011//4011 
f 3264//3264 5276//5276 4655//4655 
f 4012//4012 5276//5276 3264//3264 
f 4012//4012 5275//5275 5276//5276 
f 3262//3262 5275//5275 4012//4012 
f 3262//3262 5274//5274 5275//5275 
f 4013//4013 5274//5274 3262//3262 
f 4013//4013 5054//5054 5274//5274 
f 3260//3260 5054//5054 4013//4013 
f 3260//3260 5055//5055 5054//5054 
f 3507//3507 5055//5055 3260//3260 
f 3507//3507 5062//5062 5055//5055 
f 3520//3520 5062//5062 3507//3507 
f 3520//3520 3989//3989 5062//5062 
f 3990//3990 5890//5890 3989//3989 
f 3990//3990 5056//5056 5890//5890 
f 3992//3992 5056//5056 3990//3990 
f 3992//3992 5889//5889 5056//5056 
f 3994//3994 5889//5889 3992//3992 
f 3994//3994 5057//5057 5889//5889 
f 3272//3272 5057//5057 3994//3994 
f 3272//3272 5888//5888 5057//5057 
f 3522//3522 5888//5888 3272//3272 
f 3522//3522 5058//5058 5888//5888 
f 4014//4014 5058//5058 3522//3522 
f 4014//4014 5881//5881 5058//5058 
f 4015//4015 5881//5881 4014//4014 
f 4015//4015 5063//5063 5881//5881 
f 4016//4016 5063//5063 4015//4015 
f 4016//4016 5887//5887 5063//5063 
f 3274//3274 5887//5887 4016//4016 
f 3274//3274 5886//5886 5887//5887 
f 3524//3524 5886//5886 3274//3274 
f 3524//3524 5885//5885 5886//5886 
f 4017//4017 5885//5885 3524//3524 
f 4017//4017 5879//5879 5885//5885 
f 4018//4018 5879//5879 4017//4017 
f 4018//4018 5064//5064 5879//5879 
f 3276//3276 5064//5064 4018//4018 
f 3276//3276 5884//5884 5064//5064 
f 3278//3278 5884//5884 3276//3276 
f 3278//3278 5883//5883 5884//5884 
f 4019//4019 5883//5883 3278//3278 
f 4019//4019 5882//5882 5883//5883 
f 3526//3526 5882//5882 4019//4019 
f 3526//3526 5877//5877 5882//5882 
f 3282//3282 5877//5877 3526//3526 
f 3282//3282 5065//5065 5877//5877 
f 3280//3280 5065//5065 3282//3282 
f 4268//4268 3280//3280 3282//3282 
f 5874//5874 3280//3280 4268//4268 
f 5874//5874 5065//5065 3280//3280 
f 4266//4266 5874//5874 4268//4268 
f 3528//3528 5874//5874 4266//4266 
f 5873//5873 5874//5874 3528//3528 
f 4264//4264 3528//3528 4266//4266 
f 3596//3596 3528//3528 4264//4264 
f 3596//3596 5873//5873 3528//3528 
f 5872//5872 5873//5873 3596//3596 
f 4262//4262 3596//3596 4264//4264 
f 3597//3597 3596//3596 4262//4262 
f 3597//3597 5872//5872 3596//3596 
f 5871//5871 5872//5872 3597//3597 
f 4697//4697 3597//3597 4262//4262 
f 3598//3598 3597//3597 4697//4697 
f 3598//3598 5871//5871 3597//3597 
f 5864//5864 5871//5871 3598//3598 
f 5052//5052 3598//3598 4697//4697 
f 3599//3599 3598//3598 5052//5052 
f 3599//3599 5864//5864 3598//3598 
f 5066//5066 5864//5864 3599//3599 
f 5050//5050 3599//3599 5052//5052 
f 3600//3600 3599//3599 5050//5050 
f 3600//3600 5066//5066 3599//3599 
f 5870//5870 5066//5066 3600//3600 
f 5049//5049 3600//3600 5050//5050 
f 3601//3601 3600//3600 5049//5049 
f 3601//3601 5870//5870 3600//3600 
f 5868//5868 5870//5870 3601//3601 
f 5047//5047 3601//3601 5049//5049 
f 3308//3308 3601//3601 5047//5047 
f 3308//3308 5868//5868 3601//3601 
f 5866//5866 5868//5868 3308//3308 
f 5046//5046 3308//3308 5047//5047 
f 3602//3602 3308//3308 5046//5046 
f 3602//3602 5866//5866 3308//3308 
f 5184//5184 5866//5866 3602//3602 
f 4020//4020 5184//5184 3602//3602 
f 5857//5857 5184//5184 4020//4020 
f 5045//5045 4020//4020 3602//3602 
f 4021//4021 4020//4020 5045//5045 
f 4021//4021 5857//5857 4020//4020 
f 5856//5856 5857//5857 4021//4021 
f 5044//5044 4021//4021 5045//5045 
f 4022//4022 4021//4021 5044//5044 
f 4022//4022 5856//5856 4021//4021 
f 5855//5855 5856//5856 4022//4022 
f 5043//5043 4022//4022 5044//5044 
f 4023//4023 4022//4022 5043//5043 
f 4023//4023 5855//5855 4022//4022 
f 5849//5849 5855//5855 4023//4023 
f 5041//5041 4023//4023 5043//5043 
f 4024//4024 4023//4023 5041//5041 
f 4024//4024 5849//5849 4023//4023 
f 4704//4704 5849//5849 4024//4024 
f 3310//3310 4704//4704 4024//4024 
f 4706//4706 4704//4704 3310//3310 
f 5039//5039 3310//3310 4024//4024 
f 3603//3603 3310//3310 5039//5039 
f 3603//3603 4706//4706 3310//3310 
f 4708//4708 4706//4706 3603//3603 
f 5038//5038 3603//3603 5039//5039 
f 4025//4025 3603//3603 5038//5038 
f 4025//4025 4708//4708 3603//3603 
f 4710//4710 4708//4708 4025//4025 
f 4259//4259 4025//4025 5038//5038 
f 4026//4026 4025//4025 4259//4259 
f 4026//4026 4710//4710 4025//4025 
f 4712//4712 4710//4710 4026//4026 
f 4693//4693 4026//4026 4259//4259 
f 4027//4027 4026//4026 4693//4693 
f 4027//4027 4712//4712 4026//4026 
f 4714//4714 4712//4712 4027//4027 
f 5036//5036 4027//4027 4693//4693 
f 4028//4028 4027//4027 5036//5036 
f 4028//4028 4714//4714 4027//4027 
f 5182//5182 4714//4714 4028//4028 
f 5034//5034 4028//4028 5036//5036 
f 4029//4029 4028//4028 5034//5034 
f 4029//4029 5182//5182 4028//4028 
f 5853//5853 5182//5182 4029//4029 
f 5032//5032 4029//4029 5034//5034 
f 3312//3312 4029//4029 5032//5032 
f 3312//3312 5853//5853 4029//4029 
f 5852//5852 5853//5853 3312//3312 
f 3604//3604 5852//5852 3312//3312 
f 5851//5851 5852//5852 3604//3604 
f 4030//4030 5851//5851 3604//3604 
f 5843//5843 5851//5851 4030//4030 
f 4258//4258 4030//4030 3604//3604 
f 4031//4031 4030//4030 4258//4258 
f 4031//4031 5843//5843 4030//4030 
f 4716//4716 5843//5843 4031//4031 
f 5025//5025 4031//4031 4258//4258 
f 4032//4032 4031//4031 5025//5025 
f 4032//4032 4716//4716 4031//4031 
f 5850//5850 4716//4716 4032//4032 
f 5024//5024 4032//4032 5025//5025 
f 5180//5180 4032//4032 5024//5024 
f 5180//5180 5850//5850 4032//4032 
f 5023//5023 5180//5180 5024//5024 
f 4033//4033 5180//5180 5023//5023 
f 5848//5848 5180//5180 4033//4033 
f 4034//4034 5848//5848 4033//4033 
f 5847//5847 5848//5848 4034//4034 
f 5022//5022 4034//4034 4033//4033 
f 3314//3314 4034//4034 5022//5022 
f 3314//3314 5847//5847 4034//4034 
f 5846//5846 5847//5847 3314//3314 
f 5028//5028 3314//3314 5022//5022 
f 3605//3605 3314//3314 5028//5028 
f 3605//3605 5846//5846 3314//3314 
f 5839//5839 5846//5846 3605//3605 
f 5027//5027 3605//3605 5028//5028 
f 4035//4035 3605//3605 5027//5027 
f 4035//4035 5839//5839 3605//3605 
f 4718//4718 5839//5839 4035//4035 
f 4257//4257 4035//4035 5027//5027 
f 4036//4036 4035//4035 4257//4257 
f 4036//4036 4718//4718 4035//4035 
f 5845//5845 4718//4718 4036//4036 
f 4037//4037 5845//5845 4036//4036 
f 5844//5844 5845//5845 4037//4037 
f 4038//4038 5844//5844 4037//4037 
f 5172//5172 5844//5844 4038//4038 
f 4039//4039 5172//5172 4038//4038 
f 5173//5173 5172//5172 4039//4039 
f 5020//5020 4039//4039 4038//4038 
f 3316//3316 4039//4039 5020//5020 
f 3316//3316 5173//5173 4039//4039 
f 5174//5174 5173//5173 3316//3316 
f 5019//5019 3316//3316 5020//5020 
f 3606//3606 3316//3316 5019//5019 
f 3606//3606 5174//5174 3316//3316 
f 5175//5175 5174//5174 3606//3606 
f 5017//5017 3606//3606 5019//5019 
f 4040//4040 3606//3606 5017//5017 
f 4040//4040 5175//5175 3606//3606 
f 5176//5176 5175//5175 4040//4040 
f 4689//4689 4040//4040 5017//5017 
f 4041//4041 4040//4040 4689//4689 
f 4041//4041 5176//5176 4040//4040 
f 4720//4720 5176//5176 4041//4041 
f 4042//4042 4720//4720 4041//4041 
f 5842//5842 4720//4720 4042//4042 
f 5015//5015 4042//4042 4041//4041 
f 4043//4043 4042//4042 5015//5015 
f 4043//4043 5842//5842 4042//4042 
f 5841//5841 5842//5842 4043//4043 
f 5013//5013 4043//4043 5015//5015 
f 4044//4044 4043//4043 5013//5013 
f 4044//4044 5841//5841 4043//4043 
f 5840//5840 5841//5841 4044//4044 
f 5012//5012 4044//4044 5013//5013 
f 3318//3318 4044//4044 5012//5012 
f 3318//3318 5840//5840 4044//4044 
f 4721//4721 5840//5840 3318//3318 
f 3607//3607 4721//4721 3318//3318 
f 5179//5179 4721//4721 3607//3607 
f 5009//5009 5179//5179 3607//3607 
f 4045//4045 5179//5179 5009//5009 
f 4045//4045 5178//5178 5179//5179 
f 5177//5177 5178//5178 4045//4045 
f 5008//5008 4045//4045 5009//5009 
f 4046//4046 4045//4045 5008//5008 
f 4046//4046 5177//5177 4045//4045 
f 5671//5671 5177//5177 4046//4046 
f 4687//4687 4046//4046 5008//5008 
f 4047//4047 4046//4046 4687//4687 
f 4047//4047 5671//5671 4046//4046 
f 5832//5832 5671//5671 4047//4047 
f 5006//5006 4047//4047 4687//4687 
f 4048//4048 4047//4047 5006//5006 
f 4048//4048 5832//5832 4047//4047 
f 5831//5831 5832//5832 4048//4048 
f 5005//5005 4048//4048 5006//5006 
f 4049//4049 4048//4048 5005//5005 
f 4049//4049 5831//5831 4048//4048 
f 5830//5830 5831//5831 4049//4049 
f 5004//5004 4049//4049 5005//5005 
f 3320//3320 4049//4049 5004//5004 
f 3320//3320 5830//5830 4049//4049 
f 5824//5824 5830//5830 3320//3320 
f 5003//5003 3320//3320 5004//5004 
f 3608//3608 3320//3320 5003//5003 
f 3608//3608 5824//5824 3320//3320 
f 4306//4306 5824//5824 3608//3608 
f 5001//5001 3608//3608 5003//5003 
f 4050//4050 3608//3608 5001//5001 
f 4050//4050 4306//4306 3608//3608 
f 4304//4304 4306//4306 4050//4050 
f 4999//4999 4050//4050 5001//5001 
f 4304//4304 4050//4050 4999//4999 
f 4254//4254 4304//4304 4999//4999 
f 4051//4051 4304//4304 4254//4254 
f 4051//4051 4302//4302 4304//4304 
f 4300//4300 4302//4302 4051//4051 
f 4998//4998 4051//4051 4254//4254 
f 4052//4052 4051//4051 4998//4998 
f 4052//4052 4300//4300 4051//4051 
f 4298//4298 4300//4300 4052//4052 
f 4996//4996 4298//4298 4052//4052 
f 4053//4053 4298//4298 4996//4996 
f 4053//4053 4296//4296 4298//4298 
f 4054//4054 4296//4296 4053//4053 
f 4054//4054 5669//5669 4296//4296 
f 3322//3322 5669//5669 4054//4054 
f 3322//3322 5828//5828 5669//5669 
f 4253//4253 5828//5828 3322//3322 
f 4253//4253 5827//5827 5828//5828 
f 3609//3609 5827//5827 4253//4253 
f 3609//3609 5826//5826 5827//5827 
f 4055//4055 5826//5826 3609//3609 
f 4055//4055 5818//5818 5826//5826 
f 4056//4056 5818//5818 4055//4055 
f 4056//4056 4294//4294 5818//5818 
f 4057//4057 4294//4294 4056//4056 
f 4057//4057 5825//5825 4294//4294 
f 5667//5667 5825//5825 4057//4057 
f 4058//4058 5823//5823 5667//5667 
f 4059//4059 5823//5823 4058//4058 
f 4059//4059 5822//5822 5823//5823 
f 3324//3324 5822//5822 4059//4059 
f 3324//3324 5821//5821 5822//5822 
f 3610//3610 5821//5821 3324//3324 
f 3610//3610 5811//5811 5821//5821 
f 4060//4060 5811//5811 3610//3610 
f 4060//4060 4292//4292 5811//5811 
f 4061//4061 4292//4292 4060//4060 
f 4061//4061 5820//5820 4292//4292 
f 5819//5819 5820//5820 4061//4061 
f 4062//4062 5665//5665 5819//5819 
f 4063//4063 5665//5665 4062//4062 
f 4063//4063 5817//5817 5665//5665 
f 4064//4064 5817//5817 4063//4063 
f 4064//4064 5816//5816 5817//5817 
f 3326//3326 5816//5816 4064//4064 
f 3326//3326 5815//5815 5816//5816 
f 3611//3611 5815//5815 3326//3326 
f 3611//3611 5807//5807 5815//5815 
f 4065//4065 5807//5807 3611//3611 
f 4065//4065 4290//4290 5807//5807 
f 4066//4066 4290//4290 4065//4065 
f 4066//4066 5814//5814 4290//4290 
f 4067//4067 5814//5814 4066//4066 
f 4067//4067 5813//5813 5814//5814 
f 4068//4068 5813//5813 4067//4067 
f 4068//4068 5812//5812 5813//5813 
f 4069//4069 5812//5812 4068//4068 
f 4069//4069 5657//5657 5812//5812 
f 3328//3328 5657//5657 4069//4069 
f 3328//3328 5658//5658 5657//5657 
f 4071//4071 5658//5658 3328//3328 
f 4071//4071 5659//5659 5658//5658 
f 3615//3615 5659//5659 4071//4071 
f 3615//3615 5660//5660 5659//5659 
f 3612//3612 5660//5660 3615//3615 
f 3612//3612 5661//5661 5660//5660 
f 3613//3613 5661//5661 3612//3612 
f 3613//3613 4289//4289 5661//5661 
f 4070//4070 4289//4289 3613//3613 
f 4070//4070 5810//5810 4289//4289 
f 4072//4072 5810//5810 4070//4070 
f 4072//4072 5809//5809 5810//5810 
f 3617//3617 5809//5809 4072//4072 
f 3617//3617 5808//5808 5809//5809 
f 4073//4073 5808//5808 3617//3617 
f 4073//4073 4310//4310 5808//5808 
f 3619//3619 4310//4310 4073//4073 
f 3619//3619 5664//5664 4310//4310 
f 4074//4074 5664//5664 3619//3619 
f 4074//4074 5663//5663 5664//5664 
f 3621//3621 5663//5663 4074//4074 
f 3621//3621 5662//5662 5663//5663 
f 3332//3332 5662//5662 3621//3621 
f 3330//3330 4440//4440 3332//3332 
f 3330//3330 4441//4441 4440//4440 
f 3623//3623 4441//4441 3330//3330 
f 3623//3623 4448//4448 4441//4441 
f 3685//3685 4448//4448 3623//3623 
f 3685//3685 5806//5806 4448//4448 
f 3686//3686 5806//5806 3685//3685 
f 3686//3686 4442//4442 5806//5806 
f 3687//3687 4442//4442 3686//3686 
f 3687//3687 5805//5805 4442//4442 
f 3688//3688 5805//5805 3687//3687 
f 3688//3688 4443//4443 5805//5805 
f 3689//3689 4443//4443 3688//3688 
f 3689//3689 5804//5804 4443//4443 
f 3690//3690 5804//5804 3689//3689 
f 3690//3690 4444//4444 5804//5804 
f 3356//3356 4444//4444 3690//3690 
f 3356//3356 5797//5797 4444//4444 
f 3691//3691 5797//5797 3356//3356 
f 3691//3691 4449//4449 5797//5797 
f 4075//4075 4449//4449 3691//3691 
f 4075//4075 5803//5803 4449//4449 
f 4076//4076 5803//5803 4075//4075 
f 4076//4076 5802//5802 5803//5803 
f 4077//4077 5802//5802 4076//4076 
f 4077//4077 5801//5801 5802//5802 
f 4078//4078 5801//5801 4077//4077 
f 4078//4078 5795//5795 5801//5801 
f 4079//4079 5795//5795 4078//4078 
f 4079//4079 4450//4450 5795//5795 
f 3358//3358 4450//4450 4079//4079 
f 3358//3358 5800//5800 4450//4450 
f 3692//3692 5800//5800 3358//3358 
f 3692//3692 5799//5799 5800//5800 
f 4080//4080 5799//5799 3692//3692 
f 4080//4080 5798//5798 5799//5799 
f 4081//4081 5798//5798 4080//4080 
f 4081//4081 5908//5908 5798//5798 
f 5147//5147 5908//5908 4081//4081 
f 4082//4082 4478//4478 4482//4482 
f 4082//4082 4083//4083 4478//4478 
f 3360//3360 4084//4084 4083//4083 
f 3360//3360 3693//3693 4084//4084 
f 4085//4085 3693//3693 3360//3360 
f 4085//4085 4086//4086 3693//3693 
f 4087//4087 4086//4086 4085//4085 
f 4087//4087 4088//4088 4086//4086 
f 4089//4089 4088//4088 4087//4087 
f 4089//4089 3362//3362 4088//4088 
f 3694//3694 3362//3362 4089//4089 
f 3694//3694 4090//4090 3362//3362 
f 4091//4091 4090//4090 3694//3694 
f 4091//4091 4092//4092 4090//4090 
f 4093//4093 4092//4092 4091//4091 
f 4093//4093 4094//4094 4092//4092 
f 3364//3364 4094//4094 4093//4093 
f 3364//3364 3695//3695 4094//4094 
f 4095//4095 3695//3695 3364//3364 
f 4095//4095 4096//4096 3695//3695 
f 4097//4097 4096//4096 4095//4095 
f 4097//4097 4098//4098 4096//4096 
f 4099//4099 4098//4098 4097//4097 
f 4099//4099 3366//3366 4098//4098 
f 3696//3696 3366//3366 4099//4099 
f 3696//3696 4100//4100 3366//3366 
f 4101//4101 4100//4100 3696//3696 
f 4101//4101 4102//4102 4100//4100 
f 4103//4103 4102//4102 4101//4101 
f 4103//4103 4104//4104 4102//4102 
f 3368//3368 4104//4104 4103//4103 
f 3368//3368 3697//3697 4104//4104 
f 4106//4106 4105//4105 3697//3697 
f 4106//4106 4107//4107 4105//4105 
f 4108//4108 4107//4107 4106//4106 
f 4108//4108 4109//4109 4107//4107 
f 3370//3370 4109//4109 4108//4108 
f 3370//3370 3698//3698 4109//4109 
f 4110//4110 3698//3698 3370//3370 
f 4110//4110 4111//4111 3698//3698 
f 4112//4112 4111//4111 4110//4110 
f 4112//4112 4113//4113 4111//4111 
f 4114//4114 4113//4113 4112//4112 
f 4114//4114 3372//3372 4113//4113 
f 3699//3699 3372//3372 4114//4114 
f 3699//3699 4115//4115 3372//3372 
f 4116//4116 4115//4115 3699//3699 
f 4116//4116 4117//4117 4115//4115 
f 4118//4118 4117//4117 4116//4116 
f 4118//4118 4119//4119 4117//4117 
f 3374//3374 4119//4119 4118//4118 
f 3374//3374 3700//3700 4119//4119 
f 4120//4120 3700//3700 3374//3374 
f 4120//4120 4121//4121 3700//3700 
f 4122//4122 4121//4121 4120//4120 
f 4122//4122 4123//4123 4121//4121 
f 4124//4124 4123//4123 4122//4122 
f 4124//4124 3376//3376 4123//4123 
f 4126//4126 3376//3376 4124//4124 
f 4126//4126 3704//3704 3376//3376 
f 3701//3701 3704//3704 4126//4126 
f 3701//3701 3702//3702 3704//3704 
f 4125//4125 3702//3702 3701//3701 
f 4125//4125 4127//4127 3702//3702 
f 3706//3706 4127//4127 4125//4125 
f 3706//3706 4128//4128 4127//4127 
f 3708//3708 4128//4128 3706//3706 
f 3708//3708 4129//4129 4128//4128 
f 3710//3710 4129//4129 3708//3708 
f 3710//3710 3380//3380 4129//4129 
f 3378//3378 3380//3380 3710//3710 
f 3378//3378 3712//3712 3380//3380 
f 2974//2974 3712//3712 3378//3378 
f 2974//2974 2975//2975 3712//3712 
f 2976//2976 2975//2975 2974//2974 
f 2976//2976 3153//3153 2975//2975 
f 3152//3152 3153//3153 2976//2976 
f 3152//3152 3151//3151 3153//3153 
f 3150//3150 3151//3151 3152//3152 
f 3150//3150 3149//3149 3151//3151 
f 3148//3148 3149//3149 3150//3150 
f 3148//3148 3147//3147 3149//3149 
f 3146//3146 3147//3147 3148//3148 
f 3146//3146 3145//3145 3147//3147 
f 3144//3144 3145//3145 3146//3146 
f 3144//3144 3143//3143 3145//3145 
f 3142//3142 3143//3143 3144//3144 
f 3142//3142 3141//3141 3143//3143 
f 3140//3140 3141//3141 3142//3142 
f 3140//3140 3139//3139 3141//3141 
f 3138//3138 3139//3139 3140//3140 
f 3138//3138 3137//3137 3139//3139 
f 3136//3136 3137//3137 3138//3138 
f 3136//3136 3135//3135 3137//3137 
f 3134//3134 3135//3135 3136//3136 
f 3134//3134 3133//3133 3135//3135 
f 3132//3132 3133//3133 3134//3134 
f 3132//3132 3131//3131 3133//3133 
f 3125//3125 3126//3126 3127//3127 
f 3125//3125 3124//3124 3126//3126 
f 3122//3122 3123//3123 3124//3124 
f 3122//3122 3121//3121 3123//3123 
f 3119//3119 3120//3120 3121//3121 
f 3119//3119 3118//3118 3120//3120 
f 3117//3117 3118//3118 3119//3119 
f 3117//3117 3116//3116 3118//3118 
f 3115//3115 3116//3116 3117//3117 
f 3115//3115 3114//3114 3116//3116 
f 3113//3113 3114//3114 3115//3115 
f 3113//3113 3112//3112 3114//3114 
f 3109//3109 3110//3110 3111//3111 
f 3109//3109 3108//3108 3110//3110 
f 3107//3107 3108//3108 3109//3109 
f 3107//3107 3106//3106 3108//3108 
f 3105//3105 3106//3106 3107//3107 
f 3105//3105 3104//3104 3106//3106 
f 3103//3103 3104//3104 3105//3105 
f 3103//3103 3102//3102 3104//3104 
f 3099//3099 3100//3100 3101//3101 
f 3099//3099 3098//3098 3100//3100 
f 3097//3097 4610//4610 3098//3098 
f 3097//3097 3096//3096 4610//4610 
f 3094//3094 3095//3095 3096//3096 
f 3094//3094 4604//4604 3095//3095 
f 3093//3093 4604//4604 3094//3094 
f 3093//3093 3092//3092 4604//4604 
f 3091//3091 4602//4602 3092//3092 
f 3091//3091 3090//3090 4602//4602 
f 3085//3085 3086//3086 3087//3087 
f 3085//3085 3084//3084 3086//3086 
f 4771//4771 3083//3083 3084//3084 
f 4771//4771 3082//3082 3083//3083 
f 3081//3081 4597//4597 3082//3082 
f 3081//3081 3080//3080 4597//4597 
f 3079//3079 3080//3080 3081//3081 
f 3079//3079 3078//3078 3080//3080 
f 3076//3076 5306//5306 3077//3077 
f 3076//3076 3074//3074 5306//5306 
f 3075//3075 3074//3074 3076//3076 
f 3073//3073 5309//5309 3074//3074 
f 3073//3073 3072//3072 5309//5309 
f 3071//3071 3072//3072 3073//3073 
f 3071//3071 5313//5313 3072//3072 
f 4787//4787 3069//3069 3070//3070 
f 4787//4787 3068//3068 3069//3069 
f 3067//3067 3068//3068 4787//4787 
f 3067//3067 4595//4595 3068//3068 
f 3066//3066 4595//4595 3067//3067 
f 3066//3066 3065//3065 4595//4595 
f 3064//3064 3065//3065 3066//3066 
f 3064//3064 3063//3063 3065//3065 
f 3062//3062 3063//3063 3064//3064 
f 3062//3062 3061//3061 3063//3063 
f 3059//3059 3060//3060 3061//3061 
f 3059//3059 3058//3058 3060//3060 
f 4795//4795 3058//3058 3059//3059 
f 4795//4795 3057//3057 3058//3058 
f 3054//3054 3055//3055 3056//3056 
f 3054//3054 3053//3053 3055//3055 
f 3052//3052 3053//3053 3054//3054 
f 3052//3052 3051//3051 3053//3053 
f 3047//3047 5340//5340 3048//3048 
f 3046//3046 5340//5340 3047//3047 
f 3046//3046 5342//5342 5340//5340 
f 3045//3045 5342//5342 3046//3046 
f 3045//3045 5344//5344 5342//5342 
f 3044//3044 5344//5344 3045//3045 
f 3044//3044 3043//3043 5344//5344 
f 3041//3041 3042//3042 3043//3043 
f 3041//3041 3040//3040 3042//3042 
f 3039//3039 3040//3040 3041//3041 
f 3039//3039 5349//5349 3040//3040 
f 3038//3038 5349//5349 3039//3039 
f 3038//3038 3037//3037 5349//5349 
f 3036//3036 3037//3037 3038//3038 
f 3036//3036 3035//3035 3037//3037 
f 3034//3034 3035//3035 3036//3036 
f 3034//3034 3033//3033 3035//3035 
f 3031//3031 3032//3032 3033//3033 
f 3031//3031 3030//3030 3032//3032 
f 3029//3029 3030//3030 3031//3031 
f 3029//3029 3028//3028 3030//3030 
f 3027//3027 3028//3028 3029//3029 
f 3027//3027 3026//3026 3028//3028 
f 3025//3025 3026//3026 3027//3027 
f 3025//3025 3024//3024 3026//3026 
f 3023//3023 3024//3024 3025//3025 
f 3023//3023 3022//3022 3024//3024 
f 3021//3021 3022//3022 3023//3023 
f 3021//3021 3020//3020 3022//3022 
f 3019//3019 3020//3020 3021//3021 
f 3019//3019 3018//3018 3020//3020 
f 3017//3017 3018//3018 3019//3019 
f 3017//3017 3016//3016 3018//3018 
f 3015//3015 3016//3016 3017//3017 
f 3015//3015 3014//3014 3016//3016 
f 3013//3013 3014//3014 3015//3015 
f 3013//3013 3012//3012 3014//3014 
f 3011//3011 3012//3012 3013//3013 
f 3011//3011 3010//3010 3012//3012 
f 3009//3009 3010//3010 3011//3011 
f 3009//3009 3008//3008 3010//3010 
f 3007//3007 3008//3008 3009//3009 
f 3007//3007 3006//3006 3008//3008 
f 3005//3005 3006//3006 3007//3007 
f 3005//3005 3004//3004 3006//3006 
f 3003//3003 3004//3004 3005//3005 
f 3003//3003 3002//3002 3004//3004 
f 3001//3001 3002//3002 3003//3003 
f 3001//3001 3000//3000 3002//3002 
f 2999//2999 3000//3000 3001//3001 
f 2999//2999 2998//2998 3000//3000 
f 2997//2997 2998//2998 2999//2999 
f 2997//2997 2996//2996 2998//2998 
f 2995//2995 2996//2996 2997//2997 
f 2995//2995 2994//2994 2996//2996 
f 2993//2993 2994//2994 2995//2995 
f 2993//2993 2992//2992 2994//2994 
f 2991//2991 2992//2992 2993//2993 
f 2991//2991 2990//2990 2992//2992 
f 2989//2989 2990//2990 2991//2991 
f 2989//2989 2988//2988 2990//2990 
f 2987//2987 2988//2988 2989//2989 
f 2987//2987 2986//2986 2988//2988 
f 2985//2985 2986//2986 2987//2987 
f 2985//2985 2984//2984 2986//2986 
f 2983//2983 2984//2984 2985//2985 
f 2983//2983 2982//2982 2984//2984 
f 2981//2981 2982//2982 2983//2983 
f 2981//2981 2980//2980 2982//2982 
f 2979//2979 2980//2980 2981//2981 
f 2979//2979 2978//2978 2980//2980 
f 2977//2977 2978//2978 2979//2979 
f 2977//2977 2973//2973 2978//2978 
f 4131//4131 2973//2973 2977//2977 
f 4131//4131 4132//4132 2973//2973 
f 4133//4133 4132//4132 4131//4131 
f 4133//4133 4134//4134 4132//4132 
f 4135//4135 4134//4134 4133//4133 
f 4135//4135 5428//5428 4134//4134 
f 4136//4136 5428//5428 4135//4135 
f 4136//4136 4137//4137 5428//5428 
f 4138//4138 4137//4137 4136//4136 
f 4138//4138 4139//4139 4137//4137 
f 4140//4140 4139//4139 4138//4138 
f 4140//4140 5434//5434 4139//4139 
f 4320//4320 5434//5434 4140//4140 
f 4320//4320 4322//4322 5434//5434 
f 4324//4324 4322//4322 4320//4320 
f 4324//4324 4326//4326 4322//4322 
f 4328//4328 4326//4326 4324//4324 
f 4328//4328 4330//4330 4326//4326 
f 4332//4332 5441//5441 4330//4330 
f 4332//4332 4334//4334 5441//5441 
f 4336//4336 4334//4334 4332//4332 
f 4336//4336 5445//5445 4334//4334 
f 4141//4141 5445//5445 4336//4336 
f 4141//4141 5447//5447 5445//5445 
f 4376//4376 5447//5447 4141//4141 
f 4376//4376 4377//4377 5447//5447 
f 4379//4379 4378//4378 4377//4377 
f 4379//4379 4380//4380 4378//4378 
f 4381//4381 4380//4380 4379//4379 
f 4381//4381 4382//4382 4380//4380 
f 4383//4383 4382//4382 4381//4381 
f 4383//4383 4338//4338 4382//4382 
f 4142//4142 4338//4338 4383//4383 
f 4142//4142 4384//4384 4338//4338 
f 4385//4385 4384//4384 4142//4142 
f 4385//4385 4386//4386 4384//4384 
f 4387//4387 4386//4386 4385//4385 
f 4387//4387 4388//4388 4386//4386 
f 4389//4389 4388//4388 4387//4387 
f 4389//4389 4390//4390 4388//4388 
f 4391//4391 4390//4390 4389//4389 
f 4391//4391 4482//4482 4390//4390 
f 4340//4340 4482//4482 4391//4391 
f 4340//4340 4143//4143 4482//4482 
f 4392//4392 4143//4143 4340//4340 
f 4392//4392 4393//4393 4143//4143 
f 4394//4394 4393//4393 4392//4392 
f 4394//4394 4395//4395 4393//4393 
f 4396//4396 4395//4395 4394//4394 
f 4396//4396 4397//4397 4395//4395 
f 4398//4398 4397//4397 4396//4396 
f 4398//4398 4399//4399 4397//4397 
f 4342//4342 4399//4399 4398//4398 
f 4342//4342 4144//4144 4399//4399 
f 4400//4400 4144//4144 4342//4342 
f 4400//4400 3694//3694 4144//4144 
f 4401//4401 3694//3694 4400//4400 
f 4401//4401 4091//4091 3694//3694 
f 4402//4402 4091//4091 4401//4401 
f 4402//4402 4403//4403 4091//4091 
f 4404//4404 4403//4403 4402//4402 
f 4404//4404 4405//4405 4403//4403 
f 4406//4406 4405//4405 4404//4404 
f 4406//4406 4407//4407 4405//4405 
f 4344//4344 4407//4407 4406//4406 
f 4344//4344 4145//4145 4407//4407 
f 4408//4408 4145//4145 4344//4344 
f 4408//4408 4409//4409 4145//4145 
f 4410//4410 4409//4409 4408//4408 
f 4410//4410 4411//4411 4409//4409 
f 4412//4412 4411//4411 4410//4410 
f 4412//4412 4413//4413 4411//4411 
f 4414//4414 4413//4413 4412//4412 
f 4414//4414 4415//4415 4413//4413 
f 4346//4346 4415//4415 4414//4414 
f 4346//4346 4146//4146 4415//4415 
f 4416//4416 4146//4146 4346//4346 
f 4416//4416 4417//4417 4146//4146 
f 4418//4418 4417//4417 4416//4416 
f 4418//4418 4419//4419 4417//4417 
f 4420//4420 4419//4419 4418//4418 
f 4420//4420 4421//4421 4419//4419 
f 4422//4422 4421//4421 4420//4420 
f 4422//4422 4423//4423 4421//4421 
f 4348//4348 4423//4423 4422//4422 
f 4348//4348 4147//4147 4423//4423 
f 4424//4424 4147//4147 4348//4348 
f 4424//4424 4425//4425 4147//4147 
f 4426//4426 4425//4425 4424//4424 
f 4426//4426 4427//4427 4425//4425 
f 4428//4428 4427//4427 4426//4426 
f 4428//4428 4429//4429 4427//4427 
f 4430//4430 4429//4429 4428//4428 
f 4430//4430 4431//4431 4429//4429 
f 4350//4350 4431//4431 4430//4430 
f 4350//4350 4148//4148 4431//4431 
f 4432//4432 4148//4148 4350//4350 
f 4432//4432 4433//4433 4148//4148 
f 4434//4434 4433//4433 4432//4432 
f 4434//4434 4435//4435 4433//4433 
f 4436//4436 4435//4435 4434//4434 
f 4436//4436 4437//4437 4435//4435 
f 4438//4438 4437//4437 4436//4436 
f 4438//4438 4439//4439 4437//4437 
f 4352//4352 4439//4439 4438//4438 
f 4352//4352 4149//4149 4439//4439 
f 4150//4150 4149//4149 4352//4352 
f 4150//4150 4151//4151 4149//4149 
f 4152//4152 4151//4151 4150//4150 
f 4152//4152 4153//4153 4151//4151 
f 4154//4154 4153//4153 4152//4152 
f 4154//4154 4155//4155 4153//4153 
f 4156//4156 4155//4155 4154//4154 
f 4156//4156 4157//4157 4155//4155 
f 4158//4158 4157//4157 4156//4156 
f 4158//4158 4159//4159 4157//4157 
f 4160//4160 4159//4159 4158//4158 
f 4160//4160 4161//4161 4159//4159 
f 4162//4162 4161//4161 4160//4160 
f 4162//4162 4163//4163 4161//4161 
f 4164//4164 4163//4163 4162//4162 
f 4164//4164 4165//4165 4163//4163 
f 4166//4166 4165//4165 4164//4164 
f 4166//4166 4167//4167 4165//4165 
f 4188//4188 4167//4167 4166//4166 
f 4188//4188 4189//4189 4167//4167 
f 4190//4190 4189//4189 4188//4188 
f 4190//4190 4191//4191 4189//4189 
f 4192//4192 4191//4191 4190//4190 
f 4192//4192 4193//4193 4191//4191 
f 4194//4194 4193//4193 4192//4192 
f 4194//4194 4195//4195 4193//4193 
f 4216//4216 4195//4195 4194//4194 
f 4216//4216 4217//4217 4195//4195 
f 4218//4218 4217//4217 4216//4216 
f 4218//4218 4219//4219 4217//4217 
f 4222//4222 4221//4221 4220//4220 
f 4222//4222 4223//4223 4221//4221 
f 4244//4244 4223//4223 4222//4222 
f 4244//4244 4245//4245 4223//4223 
f 4247//4247 4246//4246 4245//4245 
f 4247//4247 4248//4248 4246//4246 
f 4249//4249 4248//4248 4247//4247 
f 4249//4249 4250//4250 4248//4248 
f 4251//4251 4250//4250 4249//4249 
f 4251//4251 4272//4272 4250//4250 
f 4273//4273 4272//4272 4251//4251 
f 4273//4273 4274//4274 4272//4272 
f 4275//4275 4274//4274 4273//4273 
f 4275//4275 3125//3125 4274//4274 
f 4276//4276 3125//3125 4275//4275 
f 4276//4276 4277//4277 3125//3125 
f 4278//4278 4277//4277 4276//4276 
f 4278//4278 4279//4279 4277//4277 
f 4168//4168 4279//4279 4278//4278 
f 4168//4168 4467//4467 4279//4279 
f 4469//4469 4467//4467 4168//4168 
f 4469//4469 4471//4471 4467//4467 
f 4473//4473 4471//4471 4469//4469 
f 4473//4473 3117//3117 4471//4471 
f 4475//4475 3117//3117 4473//4473 
f 4475//4475 3115//3115 3117//3117 
f 4477//4477 3115//3115 4475//4475 
f 4477//4477 4479//4479 3115//3115 
f 4481//4481 4479//4479 4477//4477 
f 4481//4481 4483//4483 4479//4479 
f 4169//4169 4483//4483 4481//4481 
f 4169//4169 4747//4747 4483//4483 
f 4748//4748 3109//3109 4747//4747 
f 4748//4748 4749//4749 3109//3109 
f 4750//4750 4749//4749 4748//4748 
f 4750//4750 4751//4751 4749//4749 
f 4752//4752 4751//4751 4750//4750 
f 4752//4752 4753//4753 4751//4751 
f 4754//4754 4753//4753 4752//4752 
f 4754//4754 4485//4485 4753//4753 
f 4170//4170 4485//4485 4754//4754 
f 4170//4170 4755//4755 4485//4485 
f 4756//4756 4755//4755 4170//4170 
f 4756//4756 4757//4757 4755//4755 
f 4759//4759 3097//3097 4758//4758 
f 4759//4759 4760//4760 3097//3097 
f 4761//4761 3094//3094 4760//4760 
f 4761//4761 4762//4762 3094//3094 
f 4171//4171 4487//4487 4762//4762 
f 4171//4171 3091//3091 4487//4487 
f 4763//4763 3091//3091 4171//4171 
f 4763//4763 4764//4764 3091//3091 
f 4765//4765 4764//4764 4763//4763 
f 4765//4765 4766//4766 4764//4764 
f 4767//4767 4766//4766 4765//4765 
f 4767//4767 3088//3088 4766//4766 
f 4768//4768 3088//3088 4767//4767 
f 4768//4768 3087//3087 3088//3088 
f 4769//4769 3087//3087 4768//4768 
f 4769//4769 3085//3085 3087//3087 
f 4770//4770 3085//3085 4769//4769 
f 4770//4770 4489//4489 3085//3085 
f 4172//4172 4489//4489 4770//4770 
f 4172//4172 4771//4771 4489//4489 
f 4773//4773 4772//4772 4771//4771 
f 4773//4773 3081//3081 4772//4772 
f 4774//4774 3081//3081 4773//4773 
f 4774//4774 3079//3079 3081//3081 
f 4775//4775 3079//3079 4774//4774 
f 4775//4775 3078//3078 3079//3079 
f 5028//5028 3078//3078 4775//4775 
f 5028//5028 4776//4776 3078//3078 
f 4778//4778 4777//4777 4776//4776 
f 4778//4778 3075//3075 4777//4777 
f 4491//4491 3075//3075 4778//4778 
f 4491//4491 4173//4173 3075//3075 
f 4779//4779 4173//4173 4491//4491 
f 4779//4779 3073//3073 4173//4173 
f 4780//4780 3073//3073 4779//4779 
f 4780//4780 4781//4781 3073//3073 
f 4782//4782 4781//4781 4780//4780 
f 4782//4782 4783//4783 4781//4781 
f 4784//4784 4783//4783 4782//4782 
f 4784//4784 4785//4785 4783//4783 
f 4786//4786 4785//4785 4784//4784 
f 4786//4786 4493//4493 4785//4785 
f 4174//4174 4493//4493 4786//4786 
f 4174//4174 4787//4787 4493//4493 
f 4789//4789 4788//4788 4787//4787 
f 4789//4789 3066//3066 4788//4788 
f 4790//4790 3066//3066 4789//4789 
f 4790//4790 3064//3064 3066//3066 
f 4791//4791 3064//3064 4790//4790 
f 4791//4791 4792//4792 3064//3064 
f 4793//4793 4792//4792 4791//4791 
f 4793//4793 4794//4794 4792//4792 
f 4495//4495 4794//4794 4793//4793 
f 4495//4495 3059//3059 4794//4794 
f 4175//4175 3059//3059 4495//4495 
f 4175//4175 4795//4795 3059//3059 
f 4798//4798 4797//4797 4796//4796 
f 4798//4798 4799//4799 4797//4797 
f 4800//4800 4799//4799 4798//4798 
f 4800//4800 4801//4801 4799//4799 
f 4176//4176 4497//4497 4802//4802 
f 4176//4176 4803//4803 4497//4497 
f 4806//4806 4805//4805 4804//4804 
f 4806//4806 4807//4807 4805//4805 
f 4808//4808 4807//4807 4806//4806 
f 4808//4808 3046//3046 4807//4807 
f 4809//4809 3046//3046 4808//4808 
f 4809//4809 4810//4810 3046//3046 
f 4499//4499 4810//4810 4809//4809 
f 4499//4499 3044//3044 4810//4810 
f 4177//4177 3044//3044 4499//4499 
f 4177//4177 4178//4178 3044//3044 
f 4179//4179 4178//4178 4177//4177 
f 4179//4179 4180//4180 4178//4178 
f 4181//4181 4180//4180 4179//4179 
f 4181//4181 4182//4182 4180//4180 
f 4183//4183 3038//3038 4182//4182 
f 4183//4183 4184//4184 3038//3038 
f 4186//4186 4185//4185 4184//4184 
f 4186//4186 4187//4187 4185//4185 
f 4533//4533 4196//4196 4187//4187 
f 4533//4533 4535//4535 4196//4196 
f 4537//4537 4535//4535 4533//4533 
f 4537//4537 4539//4539 4535//4535 
f 4541//4541 4539//4539 4537//4537 
f 4541//4541 4543//4543 4539//4539 
f 4547//4547 4545//4545 4543//4543 
f 4547//4547 4549//4549 4545//4545 
f 4197//4197 4549//4549 4547//4547 
f 4197//4197 3019//3019 4549//4549 
f 4828//4828 3019//3019 4197//4197 
f 4828//4828 3017//3017 3019//3019 
f 4829//4829 3017//3017 4828//4828 
f 4829//4829 4830//4830 3017//3017 
f 4831//4831 4830//4830 4829//4829 
f 4831//4831 4832//4832 4830//4830 
f 4833//4833 4832//4832 4831//4831 
f 4833//4833 4834//4834 4832//4832 
f 4835//4835 4834//4834 4833//4833 
f 4835//4835 4551//4551 4834//4834 
f 4198//4198 4551//4551 4835//4835 
f 4198//4198 4836//4836 4551//4551 
f 4837//4837 4836//4836 4198//4198 
f 4837//4837 4838//4838 4836//4836 
f 4839//4839 4838//4838 4837//4837 
f 4839//4839 4840//4840 4838//4838 
f 4841//4841 4840//4840 4839//4839 
f 4841//4841 4842//4842 4840//4840 
f 4843//4843 4842//4842 4841//4841 
f 4843//4843 4553//4553 4842//4842 
f 4199//4199 4553//4553 4843//4843 
f 4199//4199 4844//4844 4553//4553 
f 4845//4845 4844//4844 4199//4199 
f 4845//4845 4846//4846 4844//4844 
f 4847//4847 4846//4846 4845//4845 
f 4847//4847 4848//4848 4846//4846 
f 4849//4849 4848//4848 4847//4847 
f 4849//4849 4850//4850 4848//4848 
f 4851//4851 4850//4850 4849//4849 
f 4851//4851 4555//4555 4850//4850 
f 4200//4200 4555//4555 4851//4851 
f 4200//4200 4852//4852 4555//4555 
f 4853//4853 4852//4852 4200//4200 
f 4853//4853 4854//4854 4852//4852 
f 4855//4855 4854//4854 4853//4853 
f 4855//4855 4856//4856 4854//4854 
f 4857//4857 4856//4856 4855//4855 
f 4857//4857 4858//4858 4856//4856 
f 4859//4859 4858//4858 4857//4857 
f 4859//4859 4557//4557 4858//4858 
f 4201//4201 4557//4557 4859//4859 
f 4201//4201 4860//4860 4557//4557 
f 4861//4861 4860//4860 4201//4201 
f 4861//4861 4862//4862 4860//4860 
f 4863//4863 4862//4862 4861//4861 
f 4863//4863 4864//4864 4862//4862 
f 4865//4865 4864//4864 4863//4863 
f 4865//4865 4866//4866 4864//4864 
f 4867//4867 4866//4866 4865//4865 
f 4867//4867 4559//4559 4866//4866 
f 4202//4202 4559//4559 4867//4867 
f 4202//4202 4868//4868 4559//4559 
f 4869//4869 4868//4868 4202//4202 
f 4869//4869 4870//4870 4868//4868 
f 4871//4871 4870//4870 4869//4869 
f 4871//4871 4872//4872 4870//4870 
f 4873//4873 4872//4872 4871//4871 
f 4873//4873 4874//4874 4872//4872 
f 4875//4875 4874//4874 4873//4873 
f 4875//4875 4561//4561 4874//4874 
f 4203//4203 4561//4561 4875//4875 
f 4203//4203 4876//4876 4561//4561 
f 4877//4877 4876//4876 4203//4203 
f 4877//4877 4878//4878 4876//4876 
f 4879//4879 4878//4878 4877//4877 
f 4879//4879 4880//4880 4878//4878 
f 4881//4881 4880//4880 4879//4879 
f 4881//4881 4882//4882 4880//4880 
f 4883//4883 4882//4882 4881//4881 
f 4883//4883 4563//4563 4882//4882 
f 4204//4204 4563//4563 4883//4883 
f 4204//4204 4884//4884 4563//4563 
f 4885//4885 4884//4884 4204//4204 
f 4885//4885 4886//4886 4884//4884 
f 4887//4887 4886//4886 4885//4885 
f 4887//4887 4888//4888 4886//4886 
f 4889//4889 4888//4888 4887//4887 
f 4889//4889 4890//4890 4888//4888 
f 4891//4891 4890//4890 4889//4889 
f 4891//4891 4142//4142 4890//4890 
f 4565//4565 4142//4142 4891//4891 
f 4565//4565 4385//4385 4142//4142 
f 4205//4205 4385//4385 4565//4565 
f 4205//4205 4206//4206 4385//4385 
f 4207//4207 4206//4206 4205//4205 
f 4207//4207 4208//4208 4206//4206 
f 4209//4209 4208//4208 4207//4207 
f 4209//4209 4391//4391 4208//4208 
f 4210//4210 4391//4391 4209//4209 
f 4210//4210 4211//4211 4391//4391 
f 4212//4212 4211//4211 4210//4210 
f 4212//4212 4392//4392 4211//4211 
f 4213//4213 4392//4392 4212//4212 
f 4213//4213 4214//4214 4392//4392 
f 4215//4215 4214//4214 4213//4213 
f 4215//4215 4224//4224 4214//4214 
f 4599//4599 4224//4224 4215//4215 
f 4599//4599 4601//4601 4224//4224 
f 4603//4603 4601//4601 4599//4599 
f 4603//4603 4605//4605 4601//4601 
f 4607//4607 4605//4605 4603//4603 
f 4607//4607 4609//4609 4605//4605 
f 4611//4611 4609//4609 4607//4607 
f 4611//4611 4613//4613 4609//4609 
f 4615//4615 4613//4613 4611//4611 
f 4615//4615 4225//4225 4613//4613 
f 4909//4909 4225//4225 4615//4615 
f 4909//4909 4910//4910 4225//4225 
f 4911//4911 4910//4910 4909//4909 
f 4911//4911 4912//4912 4910//4910 
f 4913//4913 4912//4912 4911//4911 
f 4913//4913 4914//4914 4912//4912 
f 4915//4915 4914//4914 4913//4913 
f 4915//4915 4916//4916 4914//4914 
f 4617//4617 4916//4916 4915//4915 
f 4617//4617 4226//4226 4916//4916 
f 4917//4917 4226//4226 4617//4617 
f 4917//4917 4918//4918 4226//4226 
f 4919//4919 4918//4918 4917//4917 
f 4919//4919 4920//4920 4918//4918 
f 4921//4921 4920//4920 4919//4919 
f 4921//4921 4922//4922 4920//4920 
f 4923//4923 4922//4922 4921//4921 
f 4923//4923 4924//4924 4922//4922 
f 4619//4619 4924//4924 4923//4923 
f 4619//4619 4227//4227 4924//4924 
f 4925//4925 4227//4227 4619//4619 
f 4925//4925 4926//4926 4227//4227 
f 4927//4927 4926//4926 4925//4925 
f 4927//4927 4928//4928 4926//4926 
f 4929//4929 4928//4928 4927//4927 
f 4929//4929 4930//4930 4928//4928 
f 4931//4931 4930//4930 4929//4929 
f 4931//4931 4932//4932 4930//4930 
f 4621//4621 4932//4932 4931//4931 
f 4621//4621 4228//4228 4932//4932 
f 4933//4933 4228//4228 4621//4621 
f 4933//4933 4934//4934 4228//4228 
f 4935//4935 4934//4934 4933//4933 
f 4935//4935 4936//4936 4934//4934 
f 4937//4937 4936//4936 4935//4935 
f 4937//4937 4938//4938 4936//4936 
f 4939//4939 4938//4938 4937//4937 
f 4939//4939 4940//4940 4938//4938 
f 4623//4623 4940//4940 4939//4939 
f 4623//4623 4229//4229 4940//4940 
f 4941//4941 4229//4229 4623//4623 
f 4941//4941 4942//4942 4229//4229 
f 4943//4943 4942//4942 4941//4941 
f 4943//4943 4944//4944 4942//4942 
f 4945//4945 4944//4944 4943//4943 
f 4945//4945 4946//4946 4944//4944 
f 4947//4947 4946//4946 4945//4945 
f 4947//4947 4948//4948 4946//4946 
f 4625//4625 4948//4948 4947//4947 
f 4625//4625 4230//4230 4948//4948 
f 4949//4949 4230//4230 4625//4625 
f 4949//4949 4950//4950 4230//4230 
f 4951//4951 4950//4950 4949//4949 
f 4951//4951 4952//4952 4950//4950 
f 4953//4953 4952//4952 4951//4951 
f 4953//4953 4954//4954 4952//4952 
f 4955//4955 4954//4954 4953//4953 
f 4955//4955 4956//4956 4954//4954 
f 4627//4627 4956//4956 4955//4955 
f 4627//4627 4231//4231 4956//4956 
f 4957//4957 4231//4231 4627//4627 
f 4957//4957 4958//4958 4231//4231 
f 4959//4959 4958//4958 4957//4957 
f 4959//4959 4960//4960 4958//4958 
f 4961//4961 4960//4960 4959//4959 
f 4961//4961 4962//4962 4960//4960 
f 4963//4963 4962//4962 4961//4961 
f 4963//4963 4964//4964 4962//4962 
f 4629//4629 4964//4964 4963//4963 
f 4629//4629 4232//4232 4964//4964 
f 4965//4965 4232//4232 4629//4629 
f 4965//4965 4966//4966 4232//4232 
f 4967//4967 4966//4966 4965//4965 
f 4967//4967 4968//4968 4966//4966 
f 4969//4969 4968//4968 4967//4967 
f 4969//4969 4970//4970 4968//4968 
f 4971//4971 4970//4970 4969//4969 
f 4971//4971 4972//4972 4970//4970 
f 4631//4631 4972//4972 4971//4971 
f 4631//4631 4233//4233 4972//4972 
f 4234//4234 4233//4233 4631//4631 
f 4234//4234 4235//4235 4233//4233 
f 4236//4236 4235//4235 4234//4234 
f 4236//4236 4237//4237 4235//4235 
f 4238//4238 4237//4237 4236//4236 
f 4238//4238 4239//4239 4237//4237 
f 4240//4240 4239//4239 4238//4238 
f 4240//4240 4241//4241 4239//4239 
f 4242//4242 4241//4241 4240//4240 
f 4242//4242 4243//4243 4241//4241 
f 4252//4252 4243//4243 4242//4242 
f 4252//4252 4665//4665 4243//4243 
f 4667//4667 4665//4665 4252//4252 
f 4667//4667 4669//4669 4665//4665 
f 4671//4671 4669//4669 4667//4667 
f 4671//4671 4673//4673 4669//4669 
f 4677//4677 4675//4675 4673//4673 
f 4677//4677 4679//4679 4675//4675 
f 4681//4681 4679//4679 4677//4677 
f 4681//4681 4683//4683 4679//4679 
f 4253//4253 4683//4683 4681//4681 
f 4253//4253 4990//4990 4683//4683 
f 4991//4991 4990//4990 4253//4253 
f 4991//4991 4992//4992 4990//4990 
f 4993//4993 4992//4992 4991//4991 
f 4993//4993 4994//4994 4992//4992 
f 4995//4995 4994//4994 4993//4993 
f 4995//4995 4477//4477 4994//4994 
f 4996//4996 4477//4477 4995//4995 
f 4996//4996 4481//4481 4477//4477 
f 4052//4052 4481//4481 4996//4996 
f 4052//4052 4997//4997 4481//4481 
f 4998//4998 4997//4997 4052//4052 
f 4998//4998 4685//4685 4997//4997 
f 4254//4254 4685//4685 4998//4998 
f 4254//4254 4748//4748 4685//4685 
f 4999//4999 4748//4748 4254//4254 
f 4999//4999 5000//5000 4748//4748 
f 5001//5001 5000//5000 4999//4999 
f 5001//5001 5002//5002 5000//5000 
f 5003//5003 5002//5002 5001//5001 
f 5003//5003 4754//4754 5002//5002 
f 5004//5004 4754//4754 5003//5003 
f 5004//5004 5005//5005 4754//4754 
f 5006//5006 4756//4756 5005//5005 
f 5006//5006 5007//5007 4756//4756 
f 4687//4687 5007//5007 5006//5006 
f 4687//4687 4255//4255 5007//5007 
f 5008//5008 4255//4255 4687//4687 
f 5008//5008 4759//4759 4255//4255 
f 5009//5009 4759//4759 5008//5008 
f 5009//5009 5010//5010 4759//4759 
f 3607//3607 5010//5010 5009//5009 
f 3607//3607 4761//4761 5010//5010 
f 3318//3318 4761//4761 3607//3607 
f 3318//3318 5011//5011 4761//4761 
f 5012//5012 5011//5011 3318//3318 
f 5012//5012 4171//4171 5011//5011 
f 5013//5013 4171//4171 5012//5012 
f 5013//5013 5014//5014 4171//4171 
f 5015//5015 5014//5014 5013//5013 
f 5015//5015 5016//5016 5014//5014 
f 4041//4041 5016//5016 5015//5015 
f 4041//4041 4689//4689 5016//5016 
f 5017//5017 4256//4256 4689//4689 
f 5017//5017 5018//5018 4256//4256 
f 5019//5019 5018//5018 5017//5017 
f 5019//5019 5020//5020 5018//5018 
f 4038//4038 4172//4172 5020//5020 
f 4038//4038 5021//5021 4172//4172 
f 4037//4037 5021//5021 4038//4038 
f 4037//4037 4773//4773 5021//5021 
f 4036//4036 4773//4773 4037//4037 
f 4036//4036 4774//4774 4773//4773 
f 4257//4257 4774//4774 4036//4036 
f 4257//4257 5026//5026 4774//4774 
f 5027//5027 5026//5026 4257//4257 
f 5027//5027 5028//5028 5026//5026 
f 5022//5022 5029//5029 5028//5028 
f 5022//5022 4778//4778 5029//5029 
f 4033//4033 4778//4778 5022//5022 
f 4033//4033 4491//4491 4778//4778 
f 5023//5023 4491//4491 4033//4033 
f 5023//5023 5024//5024 4491//4491 
f 5025//5025 4780//4780 5024//5024 
f 5025//5025 4691//4691 4780//4780 
f 4258//4258 4691//4691 5025//5025 
f 4258//4258 4784//4784 4691//4691 
f 3604//3604 4784//4784 4258//4258 
f 3604//3604 5030//5030 4784//4784 
f 3312//3312 5030//5030 3604//3604 
f 3312//3312 5031//5031 5030//5030 
f 5032//5032 5031//5031 3312//3312 
f 5032//5032 5033//5033 5031//5031 
f 5034//5034 5033//5033 5032//5032 
f 5034//5034 5035//5035 5033//5033 
f 5036//5036 5035//5035 5034//5034 
f 5036//5036 5037//5037 5035//5035 
f 4693//4693 5037//5037 5036//5036 
f 4693//4693 4259//4259 5037//5037 
f 5038//5038 4793//4793 4259//4259 
f 5038//5038 4495//4495 4793//4793 
f 5039//5039 4495//4495 5038//5038 
f 5039//5039 4175//4175 4495//4495 
f 4024//4024 4175//4175 5039//5039 
f 4024//4024 5040//5040 4175//4175 
f 5041//5041 5040//5040 4024//4024 
f 5041//5041 5042//5042 5040//5040 
f 5043//5043 5042//5042 5041//5041 
f 5043//5043 4798//4798 5042//5042 
f 5044//5044 4798//4798 5043//5043 
f 5044//5044 5045//5045 4798//4798 
f 3602//3602 4695//4695 5045//5045 
f 3602//3602 4260//4260 4695//4695 
f 5046//5046 4260//4260 3602//3602 
f 5046//5046 4176//4176 4260//4260 
f 5047//5047 4176//4176 5046//5046 
f 5047//5047 5048//5048 4176//4176 
f 5049//5049 5048//5048 5047//5047 
f 5049//5049 5050//5050 5048//5048 
f 5052//5052 5051//5051 5050//5050 
f 5052//5052 5053//5053 5051//5051 
f 4697//4697 5053//5053 5052//5052 
f 4697//4697 4261//4261 5053//5053 
f 4262//4262 4261//4261 4697//4697 
f 4262//4262 4263//4263 4261//4261 
f 4264//4264 4263//4263 4262//4262 
f 4264//4264 4265//4265 4263//4263 
f 4266//4266 4265//4265 4264//4264 
f 4266//4266 4267//4267 4265//4265 
f 4268//4268 4267//4267 4266//4266 
f 4268//4268 4181//4181 4267//4267 
f 3282//3282 4181//4181 4268//4268 
f 3282//3282 4269//4269 4181//4181 
f 4270//4270 4269//4269 3282//3282 
f 4270//4270 4271//4271 4269//4269 
f 4280//4280 4271//4271 4270//4270 
f 4280//4280 4731//4731 4271//4271 
f 4733//4733 4731//4731 4280//4280 
f 4733//4733 4735//4735 4731//4731 
f 4737//4737 4735//4735 4733//4733 
f 4737//4737 4739//4739 4735//4735 
f 4741//4741 4739//4739 4737//4737 
f 4741//4741 4743//4743 4739//4739 
f 4307//4307 4745//4745 4743//4743 
f 4307//4307 4541//4541 4745//4745 
f 4281//4281 4541//4541 4307//4307 
f 4281//4281 5071//5071 4541//4541 
f 5072//5072 5071//5071 4281//4281 
f 5072//5072 5073//5073 5071//5071 
f 5074//5074 5073//5073 5072//5072 
f 5074//5074 5075//5075 5073//5073 
f 5076//5076 5075//5075 5074//5074 
f 5076//5076 5077//5077 5075//5075 
f 4305//4305 5077//5077 5076//5076 
f 4305//4305 4282//4282 5077//5077 
f 5078//5078 4282//4282 4305//4305 
f 5078//5078 5079//5079 4282//4282 
f 5080//5080 5079//5079 5078//5078 
f 5080//5080 5081//5081 5079//5079 
f 5082//5082 5081//5081 5080//5080 
f 5082//5082 5083//5083 5081//5081 
f 4303//4303 5083//5083 5082//5082 
f 4303//4303 4198//4198 5083//5083 
f 4283//4283 4198//4198 4303//4303 
f 4283//4283 5084//5084 4198//4198 
f 5085//5085 5084//5084 4283//4283 
f 5085//5085 5086//5086 5084//5084 
f 5087//5087 5086//5086 5085//5085 
f 5087//5087 5088//5088 5086//5086 
f 4301//4301 5088//5088 5087//5087 
f 4301//4301 4284//4284 5088//5088 
f 5089//5089 4284//4284 4301//4301 
f 5089//5089 5090//5090 4284//4284 
f 5091//5091 5090//5090 5089//5089 
f 5091//5091 5092//5092 5090//5090 
f 4299//4299 5092//5092 5091//5091 
f 4299//4299 4285//4285 5092//5092 
f 5093//5093 4285//4285 4299//4299 
f 5093//5093 5094//5094 4285//4285 
f 5095//5095 5094//5094 5093//5093 
f 5095//5095 4297//4297 5094//5094 
f 4286//4286 4297//4297 5095//5095 
f 4286//4286 5096//5096 4297//4297 
f 5097//5097 5096//5096 4286//4286 
f 5097//5097 4295//4295 5096//5096 
f 4287//4287 4295//4295 5097//5097 
f 4287//4287 5098//5098 4295//4295 
f 4293//4293 5098//5098 4287//4287 
f 4293//4293 4288//4288 5098//5098 
f 4130//4130 4288//4288 4293//4293 
f 4130//4130 4291//4291 4288//4288 
f 4746//4746 4291//4291 4130//4130 
f 4746//4746 4744//4744 4291//4291 
f 4742//4742 4744//4744 4746//4746 
f 4742//4742 4740//4740 4744//4744 
f 4738//4738 4740//4740 4742//4742 
f 4738//4738 4736//4736 4740//4740 
f 4734//4734 4736//4736 4738//4738 
f 4734//4734 4732//4732 4736//4736 
f 4730//4730 4732//4732 4734//4734 
f 4730//4730 5100//5100 4732//4732 
f 5101//5101 5100//5100 4730//4730 
f 5101//5101 5102//5102 5100//5100 
f 5103//5103 5102//5102 5101//5101 
f 5103//5103 5104//5104 5102//5102 
f 5105//5105 5104//5104 5103//5103 
f 5105//5105 5106//5106 5104//5104 
f 5107//5107 5106//5106 5105//5105 
f 5107//5107 4729//4729 5106//5106 
f 5109//5109 4729//4729 5107//5107 
f 5109//5109 5110//5110 4729//4729 
f 5111//5111 5110//5110 5109//5109 
f 5111//5111 5112//5112 5110//5110 
f 5113//5113 5112//5112 5111//5111 
f 5113//5113 5114//5114 5112//5112 
f 5115//5115 5114//5114 5113//5113 
f 5115//5115 5116//5116 5114//5114 
f 4728//4728 5116//5116 5115//5115 
f 4728//4728 5118//5118 5116//5116 
f 5119//5119 5118//5118 4728//4728 
f 5119//5119 5120//5120 5118//5118 
f 5121//5121 5120//5120 5119//5119 
f 5121//5121 5122//5122 5120//5120 
f 5123//5123 5122//5122 5121//5121 
f 5123//5123 5124//5124 5122//5122 
f 5125//5125 5124//5124 5123//5123 
f 5125//5125 4727//4727 5124//5124 
f 5127//5127 4727//4727 5125//5125 
f 5127//5127 5128//5128 4727//4727 
f 5129//5129 5128//5128 5127//5127 
f 5129//5129 5130//5130 5128//5128 
f 5131//5131 5130//5130 5129//5129 
f 5131//5131 5132//5132 5130//5130 
f 5133//5133 5132//5132 5131//5131 
f 5133//5133 5134//5134 5132//5132 
f 4726//4726 5134//5134 5133//5133 
f 4726//4726 5136//5136 5134//5134 
f 5137//5137 5136//5136 4726//4726 
f 5137//5137 5138//5138 5136//5136 
f 5139//5139 5138//5138 5137//5137 
f 5139//5139 5140//5140 5138//5138 
f 5141//5141 5140//5140 5139//5139 
f 5141//5141 5142//5142 5140//5140 
f 5143//5143 5142//5142 5141//5141 
f 5143//5143 4725//4725 5142//5142 
f 5145//5145 4725//4725 5143//5143 
f 5145//5145 5146//5146 4725//4725 
f 5909//5909 5146//5146 5145//5145 
f 5909//5909 5147//5147 5146//5146 
f 5908//5908 5147//5147 5909//5909 
f 5148//5148 4474//4474 4476//4476 
f 5148//5148 5149//5149 4474//4474 
f 3693//3693 5149//5149 5148//5148 
f 3693//3693 5150//5150 5149//5149 
f 4086//4086 5150//5150 3693//3693 
f 4086//4086 5151//5151 5150//5150 
f 3362//3362 5152//5152 5151//5151 
f 3362//3362 4724//4724 5152//5152 
f 4092//4092 5154//5154 4724//4724 
f 4092//4092 5155//5155 5154//5154 
f 5156//5156 5155//5155 4092//4092 
f 5156//5156 5157//5157 5155//5155 
f 5158//5158 5157//5157 5156//5156 
f 5158//5158 5159//5159 5157//5157 
f 5160//5160 5159//5159 5158//5158 
f 5160//5160 5161//5161 5159//5159 
f 4098//4098 5161//5161 5160//5160 
f 4098//4098 4723//4723 5161//5161 
f 5163//5163 4723//4723 4098//4098 
f 5163//5163 5164//5164 4723//4723 
f 5168//5168 5167//5167 5166//5166 
f 5168//5168 5169//5169 5167//5167 
f 5170//5170 5169//5169 5168//5168 
f 5170//5170 4722//4722 5169//5169 
f 4680//4680 4722//4722 5170//5170 
f 4680//4680 4678//4678 4722//4722 
f 4109//4109 4678//4678 4680//4680 
f 4109//4109 4676//4676 4678//4678 
f 4674//4674 4676//4676 4109//4109 
f 4674//4674 4672//4672 4676//4676 
f 4668//4668 4670//4670 4672//4672 
f 4668//4668 4666//4666 4670//4670 
f 4664//4664 4666//4666 4668//4668 
f 4664//4664 5197//5197 4666//4666 
f 5198//5198 5197//5197 4664//4664 
f 5198//5198 5199//5199 5197//5197 
f 5200//5200 5199//5199 5198//5198 
f 5200//5200 5201//5201 5199//5199 
f 5202//5202 5201//5201 5200//5200 
f 5202//5202 5203//5203 5201//5201 
f 5204//5204 5203//5203 5202//5202 
f 5204//5204 4663//4663 5203//5203 
f 5206//5206 4663//4663 5204//5204 
f 5206//5206 5207//5207 4663//4663 
f 5208//5208 5207//5207 5206//5206 
f 5208//5208 5209//5209 5207//5207 
f 5210//5210 5209//5209 5208//5208 
f 5210//5210 5211//5211 5209//5209 
f 5212//5212 5211//5211 5210//5210 
f 5212//5212 5213//5213 5211//5211 
f 5216//5216 5215//5215 4662//4662 
f 5216//5216 5217//5217 5215//5215 
f 5219//5219 5218//5218 5217//5217 
f 5219//5219 5220//5220 5218//5218 
f 5221//5221 5220//5220 5219//5219 
f 5221//5221 5222//5222 5220//5220 
f 2975//2975 5222//5222 5221//5221 
f 2975//2975 4661//4661 5222//5222 
f 5224//5224 4661//4661 2975//2975 
f 5224//5224 5225//5225 4661//4661 
f 5226//5226 5225//5225 5224//5224 
f 5226//5226 5227//5227 5225//5225 
f 5228//5228 5227//5227 5226//5226 
f 5228//5228 5229//5229 5227//5227 
f 5230//5230 5229//5229 5228//5228 
f 5230//5230 5231//5231 5229//5229 
f 4660//4660 5231//5231 5230//5230 
f 4660//4660 5233//5233 5231//5231 
f 5234//5234 5233//5233 4660//4660 
f 5234//5234 5235//5235 5233//5233 
f 5236//5236 5235//5235 5234//5234 
f 5236//5236 5237//5237 5235//5235 
f 5238//5238 5237//5237 5236//5236 
f 5238//5238 5239//5239 5237//5237 
f 5240//5240 5239//5239 5238//5238 
f 5240//5240 4659//4659 5239//5239 
f 5244//5244 5243//5243 5242//5242 
f 5244//5244 5245//5245 5243//5243 
f 5246//5246 5245//5245 5244//5244 
f 5246//5246 5247//5247 5245//5245 
f 5249//5249 5248//5248 5247//5247 
f 5249//5249 4658//4658 5248//5248 
f 5251//5251 4658//4658 5249//5249 
f 5251//5251 5252//5252 4658//4658 
f 5254//5254 5253//5253 5252//5252 
f 5254//5254 5255//5255 5253//5253 
f 3123//3123 5255//5255 5254//5254 
f 3123//3123 5256//5256 5255//5255 
f 5257//5257 5258//5258 5256//5256 
f 5261//5261 5260//5260 4657//4657 
f 5261//5261 5262//5262 5260//5260 
f 5263//5263 5262//5262 5261//5261 
f 3104//3104 5265//5265 3106//3106 
f 3104//3104 5266//5266 5265//5265 
f 3102//3102 5266//5266 3104//3104 
f 3102//3102 5267//5267 5266//5266 
f 3101//3101 5267//5267 3102//3102 
f 3101//3101 4656//4656 5267//5267 
f 3100//3100 4656//4656 3101//3101 
f 3100//3100 4614//4614 4656//4656 
f 4612//4612 4614//4614 3100//3100 
f 4606//4606 4608//4608 4610//4610 
f 4606//4606 4604//4604 4608//4608 
f 3090//3090 4600//4600 4602//4602 
f 4598//4598 4600//4600 3090//3090 
f 4598//4598 5294//5294 4600//4600 
f 5295//5295 5294//5294 4598//4598 
f 5295//5295 5296//5296 5294//5294 
f 5298//5298 5297//5297 5296//5296 
f 5298//5298 5299//5299 5297//5297 
f 3083//3083 5300//5300 5299//5299 
f 5301//5301 5300//5300 3083//3083 
f 5301//5301 4597//4597 5300//5300 
f 3080//3080 5303//5303 4597//4597 
f 5304//5304 5303//5303 3080//3080 
f 5304//5304 5305//5305 5303//5303 
f 5306//5306 5305//5305 5304//5304 
f 3074//3074 5307//5307 5306//5306 
f 5309//5309 5308//5308 3074//3074 
f 5309//5309 5310//5310 5308//5308 
f 4596//4596 5310//5310 5309//5309 
f 4596//4596 5312//5312 5310//5310 
f 5313//5313 5312//5312 4596//4596 
f 5313//5313 5314//5314 5312//5312 
f 5315//5315 5314//5314 5313//5313 
f 5315//5315 5316//5316 5314//5314 
f 3070//3070 5316//5316 5315//5315 
f 3070//3070 5317//5317 5316//5316 
f 4595//4595 5319//5319 5318//5318 
f 4595//4595 5321//5321 5319//5319 
f 5323//5323 5322//5322 5321//5321 
f 5323//5323 5324//5324 5322//5322 
f 5325//5325 5326//5326 5324//5324 
f 5327//5327 5326//5326 5325//5325 
f 3056//3056 5328//5328 5327//5327 
f 4594//4594 5328//5328 3056//3056 
f 4594//4594 5330//5330 5328//5328 
f 5331//5331 5330//5330 4594//4594 
f 5333//5333 5332//5332 5331//5331 
f 5333//5333 5334//5334 5332//5332 
f 5335//5335 5334//5334 5333//5333 
f 5335//5335 5336//5336 5334//5334 
f 5337//5337 5336//5336 5335//5335 
f 5337//5337 4593//4593 5336//5336 
f 5339//5339 4593//4593 5337//5337 
f 5342//5342 5341//5341 5340//5340 
f 5342//5342 5343//5343 5341//5341 
f 5344//5344 5343//5343 5342//5342 
f 4592//4592 5348//5348 5346//5346 
f 5349//5349 5348//5348 4592//4592 
f 5350//5350 5351//5351 5349//5349 
f 5352//5352 5351//5351 5350//5350 
f 5353//5353 5354//5354 5352//5352 
f 5355//5355 5354//5354 5353//5353 
f 5355//5355 4591//4591 5354//5354 
f 5357//5357 4591//4591 5355//5355 
f 5358//5358 5359//5359 5357//5357 
f 5360//5360 5359//5359 5358//5358 
f 5360//5360 5361//5361 5359//5359 
f 5362//5362 5361//5361 5360//5360 
f 5362//5362 5363//5363 5361//5361 
f 5364//5364 5363//5363 5362//5362 
f 5364//5364 4590//4590 5363//5363 
f 4548//4548 4590//4590 5364//5364 
f 4548//4548 4546//4546 4590//4590 
f 4544//4544 4546//4546 4548//4548 
f 4544//4544 4542//4542 4546//4546 
f 4540//4540 4542//4542 4544//4544 
f 4540//4540 4538//4538 4542//4542 
f 4536//4536 4538//4538 4540//4540 
f 4536//4536 4534//4534 4538//4538 
f 4532//4532 4534//4534 4536//4536 
f 4532//4532 5391//5391 4534//4534 
f 5392//5392 5391//5391 4532//4532 
f 5392//5392 5393//5393 5391//5391 
f 5394//5394 5393//5393 5392//5392 
f 5395//5395 5396//5396 5394//5394 
f 5397//5397 5396//5396 5395//5395 
f 5397//5397 5398//5398 5396//5396 
f 4531//4531 5398//5398 5397//5397 
f 4531//4531 5400//5400 5398//5398 
f 5401//5401 5400//5400 4531//4531 
f 5401//5401 5402//5402 5400//5400 
f 5403//5403 5402//5402 5401//5401 
f 5403//5403 5404//5404 5402//5402 
f 5405//5405 5404//5404 5403//5403 
f 5406//5406 5407//5407 5405//5405 
f 4530//4530 5407//5407 5406//5406 
f 5409//5409 5410//5410 4530//4530 
f 5411//5411 5410//5410 5409//5409 
f 5412//5412 5413//5413 5411//5411 
f 5414//5414 5413//5413 5412//5412 
f 5414//5414 5415//5415 5413//5413 
f 5416//5416 5415//5415 5414//5414 
f 5416//5416 4529//4529 5415//5415 
f 5418//5418 4529//4529 5416//5416 
f 5418//5418 5419//5419 4529//4529 
f 5420//5420 5419//5419 5418//5418 
f 5420//5420 5421//5421 5419//5419 
f 5422//5422 5421//5421 5420//5420 
f 5422//5422 5423//5423 5421//5421 
f 5424//5424 5423//5423 5422//5422 
f 5424//5424 5425//5425 5423//5423 
f 4528//4528 5425//5425 5424//5424 
f 4528//4528 5427//5427 5425//5425 
f 5428//5428 5427//5427 4528//4528 
f 5428//5428 5429//5429 5427//5427 
f 5430//5430 5429//5429 5428//5428 
f 5430//5430 5431//5431 5429//5429 
f 5432//5432 5431//5431 5430//5430 
f 5432//5432 5433//5433 5431//5431 
f 5434//5434 5433//5433 5432//5432 
f 5434//5434 4527//4527 5433//5433 
f 5436//5436 4527//4527 5434//5434 
f 5436//5436 5437//5437 4527//4527 
f 5438//5438 5437//5437 5436//5436 
f 5438//5438 5439//5439 5437//5437 
f 5440//5440 5439//5439 5438//5438 
f 5441//5441 5442//5442 5440//5440 
f 5443//5443 5442//5442 5441//5441 
f 5443//5443 4526//4526 5442//5442 
f 5445//5445 4526//4526 5443//5443 
f 5445//5445 5446//5446 4526//4526 
f 5447//5447 5446//5446 5445//5445 
f 5447//5447 5448//5448 5446//5446 
f 5449//5449 5448//5448 5447//5447 
f 5450//5450 5451//5451 5449//5449 
f 5452//5452 5451//5451 5450//5450 
f 5452//5452 4525//4525 5451//5451 
f 5454//5454 4525//4525 5452//5452 
f 5455//5455 5456//5456 5454//5454 
f 5457//5457 5456//5456 5455//5455 
f 5457//5457 5458//5458 5456//5456 
f 5459//5459 5458//5458 5457//5457 
f 5459//5459 5460//5460 5458//5458 
f 5461//5461 5460//5460 5459//5459 
f 4482//4482 4480//4480 4524//4524 
f 4478//4478 4480//4480 4482//4482 
f 4516//4516 5529//5529 5530//5530 
f 4512//4512 5529//5529 4516//4516 
f 4512//4512 5528//5528 5529//5529 
f 4508//4508 5528//5528 4512//4512 
f 4508//4508 5527//5527 5528//5528 
f 4506//4506 5527//5527 4508//4508 
f 5720//5720 5527//5527 4506//4506 
f 5720//5720 5526//5526 5527//5527 
f 5475//5475 5526//5526 5720//5720 
f 5475//5475 5525//5525 5526//5526 
f 5730//5730 5525//5525 5475//5475 
f 5732//5732 5525//5525 5730//5730 
f 5732//5732 5524//5524 5525//5525 
f 5734//5734 5524//5524 5732//5732 
f 5734//5734 4462//4462 5524//5524 
f 4823//4823 4462//4462 5734//5734 
f 4823//4823 5522//5522 4462//4462 
f 5735//5735 5522//5522 4823//4823 
f 5735//5735 5521//5521 5522//5522 
f 5736//5736 5521//5521 5735//5735 
f 5736//5736 5520//5520 5521//5521 
f 5738//5738 5520//5520 5736//5736 
f 5738//5738 5519//5519 5520//5520 
f 5741//5741 5519//5519 5738//5738 
f 5741//5741 5518//5518 5519//5519 
f 5747//5747 5518//5518 5741//5741 
f 5747//5747 5517//5517 5518//5518 
f 4821//4821 5517//5517 5747//5747 
f 4821//4821 5516//5516 5517//5517 
f 5743//5743 5516//5516 4821//4821 
f 5743//5743 5515//5515 5516//5516 
f 5750//5750 5515//5515 5743//5743 
f 5750//5750 4463//4463 5515//5515 
f 5745//5745 4463//4463 5750//5750 
f 5745//5745 5513//5513 4463//4463 
f 5745//5745 5512//5512 5513//5513 
f 5752//5752 5512//5512 5745//5745 
f 5752//5752 5511//5511 5512//5512 
f 5753//5753 5511//5511 5752//5752 
f 5753//5753 5510//5510 5511//5511 
f 5754//5754 5510//5510 5753//5753 
f 5754//5754 5509//5509 5510//5510 
f 4812//4812 5509//5509 5754//5754 
f 4812//4812 5508//5508 5509//5509 
f 5565//5565 5508//5508 4812//4812 
f 5565//5565 5507//5507 5508//5508 
f 5567//5567 5507//5507 5565//5565 
f 5567//5567 5506//5506 5507//5507 
f 5756//5756 5506//5506 5567//5567 
f 5756//5756 4464//4464 5506//5506 
f 5758//5758 4464//4464 5756//5756 
f 5758//5758 5504//5504 4464//4464 
f 5564//5564 5504//5504 5758//5758 
f 5564//5564 5503//5503 5504//5504 
f 5562//5562 5503//5503 5564//5564 
f 5562//5562 5502//5502 5503//5503 
f 5560//5560 5502//5502 5562//5562 
f 5560//5560 5501//5501 5502//5502 
f 5761//5761 5501//5501 5560//5560 
f 5761//5761 5500//5500 5501//5501 
f 5755//5755 5500//5500 5761//5761 
f 5755//5755 5499//5499 5500//5500 
f 5763//5763 5499//5499 5755//5755 
f 5763//5763 5498//5498 5499//5499 
f 5568//5568 5498//5498 5763//5763 
f 5568//5568 5497//5497 5498//5498 
f 5766//5766 5497//5497 5568//5568 
f 5767//5767 5497//5497 5766//5766 
f 5767//5767 4465//4465 5497//5497 
f 5767//5767 5495//5495 4465//4465 
f 5769//5769 5495//5495 5767//5767 
f 5769//5769 5494//5494 5495//5495 
f 4369//4369 5494//5494 5769//5769 
f 4369//4369 5493//5493 5494//5494 
f 4365//4365 5493//5493 4369//4369 
f 4365//4365 5492//5492 5493//5493 
f 4361//4361 5492//5492 4365//4365 
f 4361//4361 5491//5491 5492//5492 
f 5765//5765 5491//5491 4361//4361 
f 5765//5765 5490//5490 5491//5491 
f 5772//5772 5490//5490 5765//5765 
f 5772//5772 5489//5489 5490//5490 
f 4368//4368 5489//5489 5772//5772 
f 4368//4368 5488//5488 5489//5489 
f 4368//4368 4466//4466 5488//5488 
f 4370//4370 4466//4466 4368//4368 
f 4370//4370 4468//4468 4466//4466 
f 4374//4374 4468//4468 4370//4370 
f 4374//4374 4470//4470 4468//4468 
f 4366//4366 4470//4470 4374//4374 
f 4366//4366 4472//4472 4470//4470 
f 5786//5786 4472//4472 4366//4366 
f 5786//5786 5596//5596 4472//4472 
f 5786//5786 5595//5595 5596//5596 
f 5790//5790 5595//5595 5786//5786 
f 5790//5790 5594//5594 5595//5595 
f 5793//5793 5594//5594 5790//5790 
f 5597//5597 5594//5594 5793//5793 
f 5597//5597 4318//4318 5594//5594 
f 5598//5598 4318//4318 5597//5597 
f 5598//5598 5592//5592 4318//4318 
f 5601//5601 5592//5592 5598//5598 
f 5601//5601 5591//5591 5592//5592 
f 5603//5603 5591//5591 5601//5601 
f 5603//5603 5590//5590 5591//5591 
f 5605//5605 5590//5590 5603//5603 
f 5605//5605 5589//5589 5590//5590 
f 5607//5607 5589//5589 5605//5605 
f 5607//5607 5588//5588 5589//5589 
f 5610//5610 5588//5588 5607//5607 
f 5610//5610 5587//5587 5588//5588 
f 4316//4316 5587//5587 5610//5610 
f 4316//4316 5586//5586 5587//5587 
f 5613//5613 5586//5586 4316//4316 
f 5613//5613 5585//5585 5586//5586 
f 5615//5615 5585//5585 5613//5613 
f 5615//5615 4319//4319 5585//5585 
f 5618//5618 4319//4319 5615//5615 
f 5618//5618 4321//4321 4319//4319 
f 5618//5618 4323//4323 4321//4321 
f 5619//5619 4323//4323 5618//5618 
f 5619//5619 4325//4325 4323//4323 
f 5621//5621 4325//4325 5619//5619 
f 5621//5621 4327//4327 4325//4325 
f 5623//5623 4327//4327 5621//5621 
f 5623//5623 4329//4329 4327//4327 
f 5625//5625 4329//4329 5623//5623 
f 5625//5625 4331//4331 4329//4329 
f 5627//5627 4331//4331 5625//5625 
f 5627//5627 4333//4333 4331//4331 
f 4314//4314 4333//4333 5627//5627 
f 4314//4314 4335//4335 4333//4333 
f 5631//5631 4335//4335 4314//4314 
f 5631//5631 4458//4458 4335//4335 
f 5633//5633 4458//4458 5631//5631 
f 5633//5633 5558//5558 4458//4458 
f 5635//5635 5558//5558 5633//5633 
f 5635//5635 5557//5557 5558//5558 
f 5637//5637 5557//5557 5635//5635 
f 5637//5637 5556//5556 5557//5557 
f 5639//5639 5556//5556 5637//5637 
f 5639//5639 5555//5555 5556//5556 
f 5641//5641 5555//5555 5639//5639 
f 5641//5641 5554//5554 5555//5555 
f 5643//5643 5554//5554 5641//5641 
f 5643//5643 5553//5553 5554//5554 
f 5645//5645 5553//5553 5643//5643 
f 5645//5645 5552//5552 5553//5553 
f 4312//4312 5552//5552 5645//5645 
f 4312//4312 5551//5551 5552//5552 
f 5649//5649 5551//5551 4312//4312 
f 5649//5649 4459//4459 5551//5551 
f 5651//5651 4459//4459 5649//5649 
f 5651//5651 5549//5549 4459//4459 
f 5654//5654 5549//5549 5651//5651 
f 5654//5654 5548//5548 5549//5549 
f 5654//5654 5547//5547 5548//5548 
f 4311//4311 5547//5547 5654//5654 
f 4311//4311 5546//5546 5547//5547 
f 5468//5468 5546//5546 4311//4311 
f 5468//5468 5545//5545 5546//5546 
f 5470//5470 5545//5545 5468//5468 
f 5470//5470 5544//5544 5545//5545 
f 5704//5704 5544//5544 5470//5470 
f 5704//5704 5543//5543 5544//5544 
f 5706//5706 5543//5543 5704//5704 
f 4522//4522 5543//5543 5706//5706 
f 4522//4522 5542//5542 5543//5543 
f 4522//4522 4460//4460 5542//5542 
f 5466//5466 4460//4460 4522//4522 
f 5466//5466 5540//5540 4460//4460 
f 5465//5465 5540//5540 5466//5466 
f 5465//5465 5539//5539 5540//5540 
f 5463//5463 5539//5539 5465//5465 
f 5463//5463 5538//5538 5539//5539 
f 5709//5709 5538//5538 5463//5463 
f 5709//5709 5537//5537 5538//5538 
f 4520//4520 5537//5537 5709//5709 
f 4520//4520 5536//5536 5537//5537 
f 5710//5710 5536//5536 4520//4520 
f 5710//5710 5535//5535 5536//5536 
f 5712//5712 5535//5535 5710//5710 
f 5712//5712 5534//5534 5535//5535 
f 5714//5714 5534//5534 5712//5712 
f 5714//5714 5533//5533 5534//5534 
f 5707//5707 5533//5533 5714//5714 
f 5707//5707 4461//4461 5533//5533 
f 5715//5715 4461//4461 5707//5707 
f 5715//5715 5531//5531 4461//4461 
f 5717//5717 5531//5531 5715//5715 
f 5717//5717 5530//5530 5531//5531 
f 4516//4516 5530//5530 5717//5717 
f 5917//5917 4472//4472 5596//5596 
f 5987//5987 4472//4472 5917//5917 
f 5987//5987 4470//4470 4472//4472 
f 4647//4647 4470//4470 5987//5987 
f 4647//4647 4468//4468 4470//4470 
f 4653//4653 4468//4468 4647//4647 
f 4653//4653 4466//4466 4468//4468 
f 5869//5869 4466//4466 4653//4653 
f 5869//5869 5488//5488 4466//4466 
f 5869//5869 5489//5489 5488//5488 
f 4713//4713 5489//5489 5869//5869 
f 4713//4713 5490//5490 5489//5489 
f 4713//4713 5491//5491 5490//5490 
f 5069//5069 5491//5491 4713//4713 
f 5862//5862 5491//5491 5069//5069 
f 5862//5862 5492//5492 5491//5491 
f 5861//5861 5492//5492 5862//5862 
f 5861//5861 5493//5493 5492//5492 
f 5861//5861 5494//5494 5493//5493 
f 5188//5188 5494//5494 5861//5861 
f 5188//5188 5495//5495 5494//5494 
f 5994//5994 5495//5495 5188//5188 
f 5994//5994 4465//4465 5495//5495 
f 5858//5858 4465//4465 5994//5994 
f 5858//5858 5497//5497 4465//4465 
f 5190//5190 5497//5497 5858//5858 
f 5859//5859 5497//5497 5190//5190 
f 5859//5859 5498//5498 5497//5497 
f 5860//5860 5498//5498 5859//5859 
f 5860//5860 5499//5499 5498//5498 
f 4703//4703 5499//5499 5860//5860 
f 4703//4703 5500//5500 5499//5499 
f 4699//4699 5500//5500 4703//4703 
f 4699//4699 5501//5501 5500//5500 
f 4707//4707 5501//5501 4699//4699 
f 4707//4707 5502//5502 5501//5501 
f 5060//5060 5502//5502 4707//4707 
f 5060//5060 5503//5503 5502//5502 
f 6001//6001 5503//5503 5060//5060 
f 6001//6001 5504//5504 5503//5503 
f 5291//5291 5504//5504 6001//6001 
f 5291//5291 4464//4464 5504//5504 
f 6004//6004 4464//4464 5291//5291 
f 6004//6004 5506//5506 4464//4464 
f 6007//6007 5506//5506 6004//6004 
f 6007//6007 5507//5507 5506//5506 
f 5966//5966 5507//5507 6007//6007 
f 5966//5966 5508//5508 5507//5507 
f 1037//1037 5508//5508 5966//5966 
f 1037//1037 5509//5509 5508//5508 
f 4698//4698 5509//5509 1037//1037 
f 4698//4698 5510//5510 5509//5509 
f 4696//4696 5510//5510 4698//4698 
f 4696//4696 5511//5511 5510//5510 
f 1034//1034 5511//5511 4696//4696 
f 1034//1034 5512//5512 5511//5511 
f 1033//1033 5512//5512 1034//1034 
f 1033//1033 5513//5513 5512//5512 
f 5965//5965 5513//5513 1033//1033 
f 5965//5965 4463//4463 5513//5513 
f 5965//5965 5515//5515 4463//4463 
f 6009//6009 5515//5515 5965//5965 
f 6009//6009 5516//5516 5515//5515 
f 6009//6009 5517//5517 5516//5516 
f 6010//6010 5517//5517 6009//6009 
f 6010//6010 5518//5518 5517//5517 
f 5384//5384 5518//5518 6010//6010 
f 5384//5384 5519//5519 5518//5518 
f 6011//6011 5519//5519 5384//5384 
f 5963//5963 5519//5519 6011//6011 
f 5963//5963 5520//5520 5519//5519 
f 5964//5964 5520//5520 5963//5963 
f 5964//5964 5521//5521 5520//5520 
f 4571//4571 5521//5521 5964//5964 
f 4571//4571 5522//5522 5521//5521 
f 4577//4577 5522//5522 4571//4571 
f 4577//4577 4462//4462 5522//5522 
f 6012//6012 4462//4462 4577//4577 
f 6012//6012 5524//5524 4462//4462 
f 5698//5698 5524//5524 6012//6012 
f 5698//5698 5525//5525 5524//5524 
f 4899//4899 5525//5525 5698//5698 
f 5725//5725 5525//5525 4899//4899 
f 5725//5725 5526//5526 5525//5525 
f 5722//5722 5526//5526 5725//5725 
f 5483//5483 5526//5526 5722//5722 
f 5483//5483 5527//5527 5526//5526 
f 994//994 5527//5527 5483//5483 
f 994//994 5528//5528 5527//5527 
f 993//993 5528//5528 994//994 
f 993//993 5529//5529 5528//5528 
f 985//985 5529//5529 993//993 
f 985//985 5530//5530 5529//5529 
f 985//985 5531//5531 5530//5530 
f 4505//4505 5531//5531 985//985 
f 4505//4505 4461//4461 5531//5531 
f 4503//4503 4461//4461 4505//4505 
f 4503//4503 5533//5533 4461//4461 
f 4507//4507 5533//5533 4503//4503 
f 4507//4507 5534//5534 5533//5533 
f 6016//6016 5534//5534 4507//4507 
f 6017//6017 5534//5534 6016//6016 
f 6017//6017 5535//5535 5534//5534 
f 4818//4818 5535//5535 6017//6017 
f 4818//4818 5536//5536 5535//5535 
f 4511//4511 5536//5536 4818//4818 
f 4511//4511 5537//5537 5536//5536 
f 4509//4509 5537//5537 4511//4511 
f 4509//4509 5538//5538 5537//5537 
f 5399//5399 5538//5538 4509//4509 
f 5399//5399 5539//5539 5538//5538 
f 5399//5399 5540//5540 5539//5539 
f 960//960 5540//5540 5399//5399 
f 960//960 4460//4460 5540//5540 
f 5408//5408 4460//4460 960//960 
f 5408//5408 5542//5542 4460//4460 
f 959//959 5542//5542 5408//5408 
f 959//959 5543//5543 5542//5542 
f 958//958 5543//5543 959//959 
f 5426//5426 5543//5543 958//958 
f 5426//5426 5544//5544 5543//5543 
f 957//957 5544//5544 5426//5426 
f 957//957 5545//5545 5544//5544 
f 956//956 5545//5545 957//957 
f 956//956 5546//5546 5545//5545 
f 5486//5486 5546//5546 956//956 
f 5486//5486 5547//5547 5546//5546 
f 5486//5486 5548//5548 5547//5547 
f 955//955 5548//5548 5486//5486 
f 955//955 5549//5549 5548//5548 
f 955//955 4459//4459 5549//5549 
f 5739//5739 4459//4459 955//955 
f 5739//5739 5551//5551 4459//4459 
f 5740//5740 5551//5551 5739//5739 
f 5740//5740 5552//5552 5551//5551 
f 5742//5742 5552//5552 5740//5740 
f 5742//5742 5553//5553 5552//5552 
f 5744//5744 5553//5553 5742//5742 
f 5744//5744 5554//5554 5553//5553 
f 4816//4816 5554//5554 5744//5744 
f 4816//4816 5555//5555 5554//5554 
f 5779//5779 5555//5555 4816//4816 
f 5779//5779 5556//5556 5555//5555 
f 5777//5777 5556//5556 5779//5779 
f 5777//5777 5557//5557 5556//5556 
f 6021//6021 5557//5557 5777//5777 
f 6021//6021 5558//5558 5557//5557 
f 5774//5774 5558//5558 6021//6021 
f 5774//5774 4458//4458 5558//5558 
f 6023//6023 4458//4458 5774//5774 
f 6023//6023 4335//4335 4458//4458 
f 4354//4354 4335//4335 6023//6023 
f 4354//4354 4333//4333 4335//4335 
f 5791//5791 4333//4333 4354//4354 
f 5791//5791 4331//4331 4333//4333 
f 5796//5796 4331//4331 5791//5791 
f 5796//5796 4329//4329 4331//4331 
f 5675//5675 4329//4329 5796//5796 
f 5675//5675 4327//4327 4329//4329 
f 6031//6031 4327//4327 5675//5675 
f 6031//6031 4325//4325 4327//4327 
f 878//878 4325//4325 6031//6031 
f 878//878 4323//4323 4325//4325 
f 883//883 4323//4323 878//878 
f 883//883 4321//4321 4323//4323 
f 885//885 4321//4321 883//883 
f 885//885 4319//4319 4321//4321 
f 916//916 4319//4319 885//885 
f 916//916 5585//5585 4319//4319 
f 5577//5577 5585//5585 916//916 
f 5577//5577 5586//5586 5585//5585 
f 4345//4345 5586//5586 5577//5577 
f 4345//4345 5587//5587 5586//5586 
f 915//915 5587//5587 4345//4345 
f 915//915 5588//5588 5587//5587 
f 5670//5670 5588//5588 915//915 
f 887//887 5588//5588 5670//5670 
f 887//887 5589//5589 5588//5588 
f 5668//5668 5589//5589 887//887 
f 5668//5668 5590//5590 5589//5589 
f 5668//5668 5591//5591 5590//5590 
f 5666//5666 5591//5591 5668//5668 
f 5656//5656 5591//5591 5666//5666 
f 5656//5656 5592//5592 5591//5591 
f 889//889 5592//5592 5656//5656 
f 5920//5920 5592//5592 889//889 
f 5920//5920 4318//4318 5592//5592 
f 5920//5920 5594//5594 4318//4318 
f 890//890 5594//5594 5920//5920 
f 880//880 5594//5594 890//890 
f 880//880 5595//5595 5594//5594 
f 5917//5917 5595//5595 880//880 
f 5917//5917 5596//5596 5595//5595 
f 1619//1619 5597//5597 5793//5793 
f 1619//1619 5598//5598 5597//5597 
f 5599//5599 5598//5598 1619//1619 
f 5599//5599 5601//5601 5598//5598 
f 5600//5600 5601//5601 5599//5599 
f 4317//4317 5601//5601 5600//5600 
f 4317//4317 5603//5603 5601//5601 
f 5604//5604 5603//5603 4317//4317 
f 5604//5604 5605//5605 5603//5603 
f 5606//5606 5605//5605 5604//5604 
f 5606//5606 5607//5607 5605//5605 
f 5608//5608 5607//5607 5606//5606 
f 5608//5608 5610//5610 5607//5607 
f 5609//5609 5610//5610 5608//5608 
f 5612//5612 5610//5610 5609//5609 
f 5612//5612 4316//4316 5610//5610 
f 5612//5612 5613//5613 4316//4316 
f 5614//5614 5613//5613 5612//5612 
f 5614//5614 5615//5615 5613//5613 
f 5616//5616 5615//5615 5614//5614 
f 5616//5616 5618//5618 5615//5615 
f 5617//5617 5618//5618 5616//5616 
f 1998//1998 5618//5618 5617//5617 
f 1998//1998 5619//5619 5618//5618 
f 4315//4315 5619//5619 1998//1998 
f 4315//4315 5621//5621 5619//5619 
f 5622//5622 5621//5621 4315//4315 
f 5622//5622 5623//5623 5621//5621 
f 5624//5624 5623//5623 5622//5622 
f 5624//5624 5625//5625 5623//5623 
f 5626//5626 5625//5625 5624//5624 
f 5626//5626 5627//5627 5625//5625 
f 5628//5628 5627//5627 5626//5626 
f 5628//5628 4314//4314 5627//5627 
f 5630//5630 4314//4314 5628//5628 
f 5630//5630 5631//5631 4314//4314 
f 5632//5632 5631//5631 5630//5630 
f 5632//5632 5633//5633 5631//5631 
f 5634//5634 5633//5633 5632//5632 
f 5634//5634 5635//5635 5633//5633 
f 5636//5636 5635//5635 5634//5634 
f 5636//5636 5637//5637 5635//5635 
f 4313//4313 5637//5637 5636//5636 
f 4313//4313 5639//5639 5637//5637 
f 5640//5640 5639//5639 4313//4313 
f 5640//5640 5641//5641 5639//5639 
f 5642//5642 5641//5641 5640//5640 
f 5642//5642 5643//5643 5641//5641 
f 5644//5644 5643//5643 5642//5642 
f 5644//5644 5645//5645 5643//5643 
f 5646//5646 5645//5645 5644//5644 
f 5646//5646 4312//4312 5645//5645 
f 5648//5648 4312//4312 5646//5646 
f 5648//5648 5649//5649 4312//4312 
f 5650//5650 5649//5649 5648//5648 
f 5650//5650 5651//5651 5649//5649 
f 5652//5652 5651//5651 5650//5650 
f 5652//5652 5654//5654 5651//5651 
f 5653//5653 5654//5654 5652//5652 
f 5655//5655 5654//5654 5653//5653 
f 5655//5655 4311//4311 5654//5654 
f 4896//4896 4311//4311 5655//5655 
f 4896//4896 5468//5468 4311//4311 
f 5469//5469 5468//5468 4896//4896 
f 5469//5469 5470//5470 5468//5468 
f 4523//4523 5470//5470 5469//5469 
f 4523//4523 5704//5704 5470//5470 
f 5705//5705 5704//5704 4523//4523 
f 5705//5705 5706//5706 5704//5704 
f 2080//2080 5706//5706 5705//5705 
f 2080//2080 4522//4522 5706//5706 
f 5467//5467 4522//4522 2080//2080 
f 5467//5467 5466//5466 4522//4522 
f 5464//5464 5466//5466 5467//5467 
f 5464//5464 5465//5465 5466//5466 
f 5464//5464 5463//5463 5465//5465 
f 5708//5708 5463//5463 5464//5464 
f 5708//5708 5709//5709 5463//5463 
f 5703//5703 5709//5709 5708//5708 
f 5703//5703 4520//4520 5709//5709 
f 5703//5703 5710//5710 4520//4520 
f 5711//5711 5710//5710 5703//5703 
f 5711//5711 5712//5712 5710//5710 
f 5471//5471 5712//5712 5711//5711 
f 5471//5471 5714//5714 5712//5712 
f 4518//4518 5714//5714 5471//5471 
f 4518//4518 5707//5707 5714//5714 
f 5716//5716 5707//5707 4518//4518 
f 5716//5716 5715//5715 5707//5707 
f 5716//5716 5717//5717 5715//5715 
f 5473//5473 5717//5717 5716//5716 
f 5473//5473 4516//4516 5717//5717 
f 2108//2108 4516//4516 5473//5473 
f 2108//2108 4512//4512 4516//4516 
f 4514//4514 4512//4512 2108//2108 
f 4510//4510 4512//4512 4514//4514 
f 4510//4510 4508//4508 4512//4512 
f 5713//5713 4508//4508 4510//4510 
f 5713//5713 4506//4506 4508//4508 
f 5713//5713 5720//5720 4506//4506 
f 5719//5719 5720//5720 5713//5713 
f 5721//5721 5720//5720 5719//5719 
f 5721//5721 5475//5475 5720//5720 
f 2110//2110 5475//5475 5721//5721 
f 2110//2110 5730//5730 5475//5475 
f 1753//1753 5730//5730 2110//2110 
f 1753//1753 5732//5732 5730//5730 
f 1753//1753 5734//5734 5732//5732 
f 5728//5728 5734//5734 1753//1753 
f 5728//5728 4823//4823 5734//5734 
f 5728//5728 5735//5735 4823//4823 
f 5737//5737 5735//5735 5728//5728 
f 5737//5737 5736//5736 5735//5735 
f 5737//5737 5738//5738 5736//5736 
f 4822//4822 5738//5738 5737//5737 
f 4822//4822 5741//5741 5738//5738 
f 5746//5746 5741//5741 4822//4822 
f 5746//5746 5747//5747 5741//5741 
f 5748//5748 5747//5747 5746//5746 
f 5748//5748 4821//4821 5747//5747 
f 5749//5749 4821//4821 5748//5748 
f 5749//5749 5743//5743 4821//4821 
f 5749//5749 5750//5750 5743//5743 
f 5751//5751 5750//5750 5749//5749 
f 5751//5751 5745//5745 5750//5750 
f 4820//4820 5745//5745 5751//5751 
f 4815//4815 5745//5745 4820//4820 
f 4815//4815 5752//5752 5745//5745 
f 4814//4814 5752//5752 4815//4815 
f 4814//4814 5753//5753 5752//5752 
f 4813//4813 5753//5753 4814//4814 
f 4813//4813 5754//5754 5753//5753 
f 4819//4819 5754//5754 4813//4813 
f 4819//4819 4812//4812 5754//5754 
f 4811//4811 4812//4812 4819//4819 
f 4811//4811 5565//5565 4812//4812 
f 5566//5566 5565//5565 4811//4811 
f 5566//5566 5567//5567 5565//5565 
f 4457//4457 5567//5567 5566//5566 
f 4457//4457 5756//5756 5567//5567 
f 5757//5757 5756//5756 4457//4457 
f 5757//5757 5758//5758 5756//5756 
f 4375//4375 5758//5758 5757//5757 
f 4375//4375 5564//5564 5758//5758 
f 5563//5563 5564//5564 4375//4375 
f 5563//5563 5562//5562 5564//5564 
f 5561//5561 5562//5562 5563//5563 
f 5561//5561 5560//5560 5562//5562 
f 5760//5760 5560//5560 5561//5561 
f 5760//5760 5761//5761 5560//5560 
f 4373//4373 5761//5761 5760//5760 
f 4373//4373 5755//5755 5761//5761 
f 5762//5762 5755//5755 4373//4373 
f 5762//5762 5763//5763 5755//5755 
f 5764//5764 5763//5763 5762//5762 
f 5764//5764 5568//5568 5763//5763 
f 4371//4371 5568//5568 5764//5764 
f 4371//4371 5766//5766 5568//5568 
f 4371//4371 5767//5767 5766//5766 
f 5759//5759 5767//5767 4371//4371 
f 5768//5768 5767//5767 5759//5759 
f 5768//5768 5769//5769 5767//5767 
f 5570//5570 5769//5769 5768//5768 
f 5570//5570 4369//4369 5769//5769 
f 4367//4367 4369//4369 5570//5570 
f 4367//4367 4365//4365 4369//4369 
f 4363//4363 4365//4365 4367//4367 
f 4363//4363 4361//4361 4365//4365 
f 4359//4359 4361//4361 4363//4363 
f 4359//4359 5765//5765 4361//4361 
f 5771//5771 5765//5765 4359//4359 
f 5771//5771 5772//5772 5765//5765 
f 5773//5773 5772//5772 5771//5771 
f 5773//5773 4368//4368 5772//5772 
f 5572//5572 4368//4368 5773//5773 
f 1876//1876 4368//4368 5572//5572 
f 1876//1876 4370//4370 4368//4368 
f 1505//1505 4370//4370 1876//1876 
f 1505//1505 4374//4374 4370//4370 
f 4372//4372 4374//4374 1505//1505 
f 1939//1939 4374//4374 4372//4372 
f 1939//1939 4366//4366 4374//4374 
f 1939//1939 5786//5786 4366//4366 
f 5784//5784 5786//5786 1939//1939 
f 5788//5788 5786//5786 5784//5784 
f 5788//5788 5790//5790 5786//5786 
f 4451//4451 5790//5790 5788//5788 
f 4451//4451 5793//5793 5790//5790 
f 1619//1619 5793//5793 4451//4451 
f 5804//5804 922//922 923//923 
f 4355//4355 5569//5569 4444//4444 
f 5584//5584 900//900 4449//4449 
f 891//891 5798//5798 5908//5908 
f 5638//5638 5798//5798 891//891 
f 893//893 5798//5798 5638//5638 
f 893//893 5799//5799 5798//5798 
f 893//893 5800//5800 5799//5799 
f 5620//5620 5800//5800 893//893 
f 5620//5620 4450//4450 5800//5800 
f 5620//5620 5795//5795 4450//4450 
f 894//894 5795//5795 5620//5620 
f 894//894 5801//5801 5795//5795 
f 910//910 5801//5801 894//894 
f 4357//4357 5801//5801 910//910 
f 4357//4357 5802//5802 5801//5801 
f 895//895 5802//5802 4357//4357 
f 5803//5803 5611//5611 5602//5602 
f 5803//5803 895//895 5611//5611 
f 5802//5802 895//895 5803//5803 
f 4449//4449 5602//5602 5584//5584 
f 5803//5803 5602//5602 4449//4449 
f 5797//5797 900//900 904//904 
f 4449//4449 900//900 5797//5797 
f 4444//4444 904//904 4355//4355 
f 5797//5797 904//904 4444//4444 
f 5804//5804 921//921 922//922 
f 5804//5804 5569//5569 921//921 
f 4444//4444 5569//5569 5804//5804 
f 923//923 4443//4443 5804//5804 
f 923//923 5805//5805 4443//4443 
f 4442//4442 5805//5805 923//923 
f 923//923 5806//5806 4442//4442 
f 923//923 4448//4448 5806//5806 
f 4441//4441 4448//4448 923//923 
f 923//923 4440//4440 4441//4441 
f 923//923 3332//3332 4440//4440 
f 5662//5662 3332//3332 923//923 
f 923//923 5663//5663 5662//5662 
f 923//923 5664//5664 5663//5663 
f 4310//4310 5664//5664 923//923 
f 923//923 5808//5808 4310//4310 
f 923//923 5809//5809 5808//5808 
f 5810//5810 5809//5809 923//923 
f 923//923 4289//4289 5810//5810 
f 923//923 5661//5661 4289//4289 
f 5660//5660 5661//5661 923//923 
f 923//923 5659//5659 5660//5660 
f 923//923 5658//5658 5659//5659 
f 5657//5657 5658//5658 923//923 
f 923//923 5812//5812 5657//5657 
f 923//923 5813//5813 5812//5812 
f 5814//5814 5813//5813 923//923 
f 923//923 4290//4290 5814//5814 
f 923//923 5807//5807 4290//4290 
f 5815//5815 5807//5807 923//923 
f 923//923 5816//5816 5815//5815 
f 923//923 5817//5817 5816//5816 
f 5665//5665 5817//5817 923//923 
f 923//923 5819//5819 5665//5665 
f 923//923 5820//5820 5819//5819 
f 5532//5532 5820//5820 923//923 
f 5532//5532 4292//4292 5820//5820 
f 5532//5532 5811//5811 4292//4292 
f 5532//5532 5821//5821 5811//5811 
f 925//925 5821//5821 5532//5532 
f 925//925 5822//5822 5821//5821 
f 5478//5478 5822//5822 925//925 
f 5478//5478 5823//5823 5822//5822 
f 5478//5478 5667//5667 5823//5823 
f 5478//5478 5825//5825 5667//5667 
f 926//926 5825//5825 5478//5478 
f 926//926 4294//4294 5825//5825 
f 926//926 5818//5818 4294//4294 
f 926//926 5826//5826 5818//5818 
f 5514//5514 5826//5826 926//926 
f 5514//5514 5827//5827 5826//5826 
f 5514//5514 5828//5828 5827//5827 
f 5496//5496 5828//5828 5514//5514 
f 5496//5496 5669//5669 5828//5828 
f 5496//5496 4296//4296 5669//5669 
f 5496//5496 4298//4298 4296//4296 
f 933//933 4298//4298 5496//5496 
f 933//933 4300//4300 4298//4298 
f 933//933 4302//4302 4300//4300 
f 933//933 4304//4304 4302//4302 
f 4496//4496 4304//4304 933//933 
f 4496//4496 4306//4306 4304//4304 
f 4496//4496 5824//5824 4306//4306 
f 4496//4496 5830//5830 5824//5824 
f 943//943 5830//5830 4496//4496 
f 943//943 5831//5831 5830//5830 
f 943//943 5832//5832 5831//5831 
f 943//943 5671//5671 5832//5832 
f 4556//4556 5671//5671 943//943 
f 4556//4556 5177//5177 5671//5671 
f 4556//4556 5178//5178 5177//5177 
f 4556//4556 5179//5179 5178//5178 
f 968//968 5179//5179 4556//4556 
f 968//968 4721//4721 5179//5179 
f 968//968 5840//5840 4721//4721 
f 968//968 5841//5841 5840//5840 
f 969//969 5841//5841 968//968 
f 969//969 5842//5842 5841//5841 
f 969//969 4720//4720 5842//5842 
f 969//969 5176//5176 4720//4720 
f 971//971 5176//5176 969//969 
f 971//971 5175//5175 5176//5176 
f 971//971 5174//5174 5175//5175 
f 971//971 5173//5173 5174//5174 
f 972//972 5173//5173 971//971 
f 972//972 5172//5172 5173//5173 
f 972//972 5844//5844 5172//5172 
f 972//972 5845//5845 5844//5844 
f 973//973 5845//5845 972//972 
f 973//973 4718//4718 5845//5845 
f 5320//5320 4718//4718 973//973 
f 5320//5320 5839//5839 4718//4718 
f 5320//5320 5846//5846 5839//5839 
f 5320//5320 5847//5847 5846//5846 
f 4568//4568 5847//5847 5320//5320 
f 4568//4568 5848//5848 5847//5847 
f 4568//4568 5180//5180 5848//5848 
f 4568//4568 5850//5850 5180//5180 
f 4568//4568 4716//4716 5850//5850 
f 4570//4570 4716//4716 4568//4568 
f 4570//4570 5843//5843 4716//4716 
f 5385//5385 5843//5843 4570//4570 
f 5385//5385 5851//5851 5843//5843 
f 5385//5385 5852//5852 5851//5851 
f 5385//5385 5853//5853 5852//5852 
f 980//980 5853//5853 5385//5385 
f 980//980 5182//5182 5853//5853 
f 980//980 4714//4714 5182//5182 
f 982//982 4714//4714 980//980 
f 982//982 4712//4712 4714//4714 
f 987//987 4712//4712 982//982 
f 987//987 4710//4710 4712//4712 
f 987//987 4708//4708 4710//4710 
f 987//987 4706//4706 4708//4708 
f 990//990 4706//4706 987//987 
f 990//990 4704//4704 4706//4706 
f 990//990 5849//5849 4704//4704 
f 990//990 5855//5855 5849//5849 
f 4620//4620 5855//5855 990//990 
f 4620//4620 5856//5856 5855//5855 
f 4620//4620 5857//5857 5856//5856 
f 4620//4620 5184//5184 5857//5857 
f 998//998 5184//5184 4620//4620 
f 998//998 5866//5866 5184//5184 
f 998//998 5868//5868 5866//5866 
f 998//998 5870//5870 5868//5868 
f 999//999 5870//5870 998//998 
f 999//999 5066//5066 5870//5870 
f 999//999 5864//5864 5066//5066 
f 999//999 5871//5871 5864//5864 
f 1000//1000 5871//5871 999//999 
f 1000//1000 5872//5872 5871//5871 
f 1000//1000 5873//5873 5872//5872 
f 4626//4626 5873//5873 1000//1000 
f 4626//4626 5874//5874 5873//5873 
f 1001//1001 5874//5874 4626//4626 
f 1001//1001 5065//5065 5874//5874 
f 1001//1001 5877//5877 5065//5065 
f 1001//1001 5882//5882 5877//5877 
f 1026//1026 5882//5882 1001//1001 
f 1026//1026 5883//5883 5882//5882 
f 1026//1026 5884//5884 5883//5883 
f 1026//1026 5064//5064 5884//5884 
f 1027//1027 5064//5064 1026//1026 
f 1027//1027 5879//5879 5064//5064 
f 1027//1027 5885//5885 5879//5879 
f 1003//1003 5885//5885 1027//1027 
f 1003//1003 5886//5886 5885//5885 
f 1003//1003 5887//5887 5886//5886 
f 1003//1003 5063//5063 5887//5887 
f 1004//1004 5063//5063 1003//1003 
f 1004//1004 5881//5881 5063//5063 
f 4636//4636 5881//5881 1004//1004 
f 4636//4636 5058//5058 5881//5881 
f 4636//4636 5888//5888 5058//5058 
f 4636//4636 5057//5057 5888//5888 
f 5284//5284 5057//5057 4636//4636 
f 5284//5284 5889//5889 5057//5057 
f 5284//5284 5056//5056 5889//5889 
f 5890//5890 5056//5056 5284//5284 
f 5284//5284 3989//3989 5890//5890 
f 5284//5284 5062//5062 3989//3989 
f 5055//5055 5062//5062 5284//5284 
f 5284//5284 5054//5054 5055//5055 
f 5284//5284 5274//5274 5054//5054 
f 5275//5275 5274//5274 5284//5284 
f 5284//5284 5276//5276 5275//5275 
f 5284//5284 4655//4655 5276//5276 
f 5892//5892 4655//4655 5284//5284 
f 5284//5284 5893//5893 5892//5892 
f 5284//5284 5894//5894 5893//5893 
f 4654//4654 5894//5894 5284//5284 
f 5284//5284 5273//5273 4654//4654 
f 5284//5284 5272//5272 5273//5273 
f 5271//5271 5272//5272 5284//5284 
f 5284//5284 5270//5270 5271//5271 
f 5284//5284 5269//5269 5270//5270 
f 5896//5896 5269//5269 5284//5284 
f 5284//5284 5897//5897 5896//5896 
f 5284//5284 4652//4652 5897//5897 
f 5891//5891 4652//4652 5284//5284 
f 5284//5284 5898//5898 5891//5891 
f 5284//5284 5899//5899 5898//5898 
f 5900//5900 5899//5899 5284//5284 
f 5284//5284 5277//5277 5900//5900 
f 5284//5284 5902//5902 5277//5277 
f 4650//4650 5902//5902 5284//5284 
f 5284//5284 5895//5895 4650//4650 
f 5284//5284 5903//5903 5895//5895 
f 5250//5250 5903//5903 5284//5284 
f 5196//5196 5903//5903 5250//5250 
f 5185//5185 5903//5903 5196//5196 
f 5183//5183 5903//5903 5185//5185 
f 1047//1047 5903//5903 5183//5183 
f 5181//5181 5903//5903 1047//1047 
f 1049//1049 5903//5903 5181//5181 
f 5162//5162 5903//5903 1049//1049 
f 1050//1050 5903//5903 5162//5162 
f 1051//1051 5903//5903 1050//1050 
f 5144//5144 5903//5903 1051//1051 
f 1053//1053 5903//5903 5144//5144 
f 1053//1053 5904//5904 5903//5903 
f 5905//5905 5904//5904 1053//1053 
f 1053//1053 5279//5279 5905//5905 
f 1053//1053 4648//4648 5279//5279 
f 1054//1054 4648//4648 1053//1053 
f 4646//4646 4648//4648 1054//1054 
f 1054//1054 4644//4644 4646//4646 
f 1054//1054 4642//4642 4644//4644 
f 1054//1054 4640//4640 4642//4642 
f 5126//5126 4640//4640 1054//1054 
f 5117//5117 4640//4640 5126//5126 
f 5117//5117 4638//4638 4640//4640 
f 1055//1055 4638//4638 5117//5117 
f 1055//1055 5901//5901 4638//4638 
f 1056//1056 5901//5901 1055//1055 
f 5108//5108 5901//5901 1056//1056 
f 5108//5108 5907//5907 5901//5901 
f 5099//5099 5907//5907 5108//5108 
f 5281//5281 5099//5099 4308//4308 
f 5907//5907 5099//5099 5281//5281 
f 5908//5908 5647//5647 891//891 
f 5908//5908 4308//4308 5647//5647 
f 5909//5909 4308//4308 5908//5908 
f 5281//5281 4308//4308 5909//5909 
f 5656//5656 4985//4985 5922//5922 
f 5656//5656 5666//5666 4985//4985 
f 5666//5666 5916//5916 4985//4985 
f 5666//5666 888//888 5916//5916 
f 888//888 5668//5668 5916//5916 
f 5918//5918 5923//5923 879//879 
f 5920//5920 5923//5923 5918//5918 
f 5920//5920 5924//5924 5923//5923 
f 5920//5920 5922//5922 5924//5924 
f 5656//5656 5922//5922 5920//5920 
f 4985//4985 5925//5925 5922//5922 
f 4985//4985 5916//5916 5925//5925 
f 5668//5668 5926//5926 5916//5916 
f 5668//5668 4984//4984 5926//5926 
f 886//886 4984//4984 5668//5668 
f 886//886 913//913 4984//4984 
f 879//879 5923//5923 4309//4309 
f 5924//5924 5929//5929 5923//5923 
f 5924//5924 5922//5922 5929//5929 
f 5916//5916 5934//5934 5925//5925 
f 5916//5916 5935//5935 5934//5934 
f 5926//5926 5935//5935 5916//5916 
f 5926//5926 4984//4984 5935//5935 
f 913//913 912//912 4984//4984 
f 5923//5923 5936//5936 4309//4309 
f 5923//5923 5929//5929 5936//5936 
f 5922//5922 4983//4983 5929//5929 
f 5922//5922 5931//5931 4983//4983 
f 5925//5925 5931//5931 5922//5922 
f 5925//5925 5935//5935 5931//5931 
f 5934//5934 5935//5935 5925//5925 
f 4984//4984 5937//5937 5935//5935 
f 4984//4984 912//912 5937//5937 
f 5929//5929 4983//4983 5936//5936 
f 912//912 911//911 5937//5937 
f 5936//5936 5938//5938 4651//4651 
f 5936//5936 5939//5939 5938//5938 
f 4983//4983 5939//5939 5936//5936 
f 4983//4983 4982//4982 5939//5939 
f 5931//5931 4982//4982 4983//4983 
f 5931//5931 5933//5933 4982//4982 
f 5935//5935 5933//5933 5931//5931 
f 5935//5935 4977//4977 5933//5933 
f 5937//5937 4977//4977 5935//5935 
f 5937//5937 5940//5940 4977//4977 
f 5937//5937 911//911 5940//5940 
f 5938//5938 5647//5647 4651//4651 
f 5938//5938 5638//5638 5647//5647 
f 5939//5939 5638//5638 5938//5938 
f 5939//5939 892//892 5638//5638 
f 5939//5939 5629//5629 892//892 
f 4982//4982 5629//5629 5939//5939 
f 5933//5933 5620//5620 4982//4982 
f 5933//5933 894//894 5620//5620 
f 5933//5933 5940//5940 894//894 
f 4977//4977 5940//5940 5933//5933 
f 911//911 4357//4357 5940//5940 
f 4356//4356 5775//5775 4364//4364 
f 5775//5775 4976//4976 4364//4364 
f 5775//5775 5578//5578 4976//4976 
f 5578//5578 5941//5941 4976//4976 
f 5578//5578 6022//6022 5941//5941 
f 6022//6022 4975//4975 5941//5941 
f 6022//6022 5576//5576 4975//4975 
f 5576//5576 5942//5942 4975//4975 
f 5576//5576 5778//5778 5942//5942 
f 5778//5778 4981//4981 5942//5942 
f 5778//5778 5574//5574 4981//4981 
f 5574//5574 4974//4974 4981//4981 
f 5574//5574 4817//4817 4974//4974 
f 4817//4817 4973//4973 4974//4974 
f 4817//4817 6020//6020 4973//4973 
f 6020//6020 5371//5371 4973//4973 
f 6020//6020 6019//6019 5371//5371 
f 6019//6019 5372//5372 5371//5371 
f 5372//5372 6018//6018 5462//5462 
f 6019//6019 6018//6018 5372//5372 
f 4976//4976 4358//4358 4364//4364 
f 4976//4976 5373//5373 4358//4358 
f 5941//5941 5373//5373 4976//4976 
f 5941//5941 4589//4589 5373//5373 
f 4975//4975 4589//4589 5941//5941 
f 4975//4975 5944//5944 4589//4589 
f 5942//5942 5944//5944 4975//4975 
f 5942//5942 5945//5945 5944//5944 
f 4981//4981 5945//5945 5942//5942 
f 4981//4981 5946//5946 5945//5945 
f 4974//4974 5946//5946 4981//4981 
f 4974//4974 4588//4588 5946//5946 
f 4973//4973 4588//4588 4974//4974 
f 4973//4973 5370//5370 4588//4588 
f 5371//5371 5370//5370 4973//4973 
f 5371//5371 5369//5369 5370//5370 
f 5372//5372 5369//5369 5371//5371 
f 5372//5372 953//953 5369//5369 
f 5462//5462 953//953 5372//5372 
f 6018//6018 5453//5453 5462//5462 
f 5373//5373 5580//5580 4358//4358 
f 5373//5373 5368//5368 5580//5580 
f 4589//4589 5368//5368 5373//5373 
f 4589//4589 5367//5367 5368//5368 
f 5944//5944 5367//5367 4589//4589 
f 5944//5944 5366//5366 5367//5367 
f 5945//5945 5366//5366 5944//5944 
f 5945//5945 5948//5948 5366//5366 
f 5946//5946 5948//5948 5945//5945 
f 5946//5946 5949//5949 5948//5948 
f 4588//4588 5949//5949 5946//5946 
f 4588//4588 4586//4586 5949//5949 
f 5370//5370 4586//4586 4588//4588 
f 5370//5370 5943//5943 4586//4586 
f 5369//5369 5943//5943 5370//5370 
f 5369//5369 952//952 5943//5943 
f 953//953 952//952 5369//5369 
f 5368//5368 5776//5776 5580//5580 
f 5368//5368 5950//5950 5776//5776 
f 5367//5367 5950//5950 5368//5368 
f 5367//5367 5951//5951 5950//5950 
f 5366//5366 5951//5951 5367//5367 
f 5366//5366 5952//5952 5951//5951 
f 5948//5948 5952//5952 5366//5366 
f 5948//5948 5374//5374 5952//5952 
f 5949//5949 5374//5374 5948//5948 
f 4586//4586 5374//5374 5949//5949 
f 4586//4586 5954//5954 5374//5374 
f 5943//5943 5954//5954 4586//4586 
f 5943//5943 951//951 5954//5954 
f 952//952 951//951 5943//5943 
f 5950//5950 4584//4584 5776//5776 
f 5951//5951 4584//4584 5950//5950 
f 5951//5951 5947//5947 4584//4584 
f 5952//5952 5947//5947 5951//5951 
f 5952//5952 5955//5955 5947//5947 
f 5374//5374 5955//5955 5952//5952 
f 5374//5374 950//950 5955//5955 
f 5954//5954 950//950 5374//5374 
f 951//951 950//950 5954//5954 
f 4584//4584 5956//5956 5582//5582 
f 5947//5947 5956//5956 4584//4584 
f 5955//5955 5956//5956 5947//5947 
f 5955//5955 5957//5957 5956//5956 
f 5955//5955 5476//5476 5957//5957 
f 950//950 5476//5476 5955//5955 
f 5956//5956 924//924 5582//5582 
f 5956//5956 5523//5523 924//924 
f 5957//5957 5523//5523 5956//5956 
f 5957//5957 949//949 5523//5523 
f 5476//5476 949//949 5957//5957 
f 4582//4582 5435//5435 957//957 
f 5376//5376 5435//5435 4582//4582 
f 5376//5376 944//944 5435//5435 
f 5484//5484 944//944 5376//5376 
f 4580//4580 5376//5376 4582//4582 
f 4580//4580 5484//5484 5376//5376 
f 946//946 5484//5484 4580//4580 
f 4580//4580 5417//5417 5408//5408 
f 4580//4580 4582//4582 5417//5417 
f 5482//5482 946//946 4580//4580 
f 4576//4576 4580//4580 4578//4578 
f 4576//4576 5482//5482 4580//4580 
f 5480//5480 5482//5482 4576//4576 
f 962//962 5408//5408 961//961 
f 962//962 4580//4580 5408//5408 
f 5390//5390 4580//4580 962//962 
f 4550//4550 4580//4580 5390//5390 
f 4550//4550 4578//4578 4580//4580 
f 4576//4576 4578//4578 4550//4550 
f 5480//5480 4576//4576 4552//4552 
f 5399//5399 4509//4509 963//963 
f 4574//4574 4505//4505 992//992 
f 4501//4501 4505//4505 4574//4574 
f 4509//4509 4572//4572 963//963 
f 4509//4509 5953//5953 4572//4572 
f 4818//4818 5953//5953 4509//4509 
f 4818//4818 6016//6016 5959//5959 
f 4501//4501 4574//4574 5960//5960 
f 963//963 5961//5961 964//964 
f 963//963 5378//5378 5961//5961 
f 4572//4572 5378//5378 963//963 
f 4572//4572 4579//4579 5378//5378 
f 5953//5953 4579//4579 4572//4572 
f 5953//5953 5695//5695 4579//4579 
f 4818//4818 5695//5695 5953//5953 
f 4818//4818 5959//5959 5695//5695 
f 6016//6016 5693//5693 5959//5959 
f 6016//6016 5691//5691 5693//5693 
f 6016//6016 5689//5689 5691//5691 
f 4501//4501 5689//5689 6016//6016 
f 5960//5960 5689//5689 4501//4501 
f 5960//5960 4904//4904 5689//5689 
f 4574//4574 4904//4904 5960//5960 
f 4574//4574 5387//5387 4904//4904 
f 992//992 5387//5387 4574//4574 
f 964//964 5378//5378 965//965 
f 5961//5961 5378//5378 964//964 
f 5959//5959 4905//4905 5695//5695 
f 5693//5693 4905//4905 5959//5959 
f 5693//5693 4906//4906 4905//4905 
f 5691//5691 4906//4906 5693//5693 
f 5691//5691 5689//5689 4906//4906 
f 4904//4904 5387//5387 5689//5689 
f 965//965 5973//5973 4554//4554 
f 5378//5378 5973//5973 965//965 
f 5378//5378 4907//4907 5973//5973 
f 5378//5378 4908//4908 4907//4907 
f 4579//4579 4908//4908 5378//5378 
f 4579//4579 4587//4587 4908//4908 
f 5695//5695 4587//4587 4579//4579 
f 5695//5695 5684//5684 4587//4587 
f 4905//4905 5684//5684 5695//5695 
f 4905//4905 5688//5688 5684//5684 
f 4905//4905 4906//4906 5688//5688 
f 5689//5689 5970//5970 4906//4906 
f 5689//5689 5387//5387 5971//5971 
f 4554//4554 5972//5972 967//967 
f 5973//5973 5972//5972 4554//4554 
f 4907//4907 4585//4585 5973//5973 
f 4908//4908 4585//4585 4907//4907 
f 4908//4908 4897//4897 4585//4585 
f 4587//4587 4897//4897 4908//4908 
f 4587//4587 5682//5682 4897//4897 
f 5684//5684 5682//5682 4587//4587 
f 5684//5684 5958//5958 5682//5682 
f 5688//5688 5958//5958 5684//5684 
f 5688//5688 5970//5970 5958//5958 
f 4906//4906 5970//5970 5688//5688 
f 5689//5689 4645//4645 5970//5970 
f 5971//5971 4645//4645 5689//5689 
f 5971//5971 5311//5311 4645//4645 
f 5387//5387 5311//5311 5971//5971 
f 5972//5972 4558//4558 967//967 
f 5973//5973 4558//4558 5972//5972 
f 5973//5973 4560//4560 4558//4558 
f 4585//4585 4560//4560 5973//5973 
f 4585//4585 4562//4562 4560//4560 
f 4897//4897 4562//4562 4585//4585 
f 5682//5682 4562//4562 4897//4897 
f 5682//5682 970//970 4562//4562 
f 5958//5958 970//970 5682//5682 
f 5958//5958 4564//4564 970//970 
f 5970//5970 4564//4564 5958//5958 
f 5970//5970 4566//4566 4564//4564 
f 4645//4645 4566//4566 5970//5970 
f 4645//4645 5320//5320 4566//4566 
f 4645//4645 991//991 5320//5320 
f 5311//5311 991//991 4645//4645 
f 5386//5386 4711//4711 5906//5906 
f 5386//5386 5388//5388 4711//4711 
f 5388//5388 5854//5854 4711//4711 
f 5388//5388 6011//6011 5854//5854 
f 6011//6011 5962//5962 5854//5854 
f 5962//5962 6009//6009 5829//5829 
f 6009//6009 5382//5382 5829//5829 
f 5780//5780 5965//5965 1032//1032 
f 5382//5382 5965//5965 5780//5780 
f 4711//4711 5770//5770 5906//5906 
f 4711//4711 5854//5854 5770//5770 
f 5962//5962 5785//5785 5854//5854 
f 5962//5962 4513//4513 5785//5785 
f 5829//5829 4513//4513 5962//5962 
f 5829//5829 5978//5978 4513//4513 
f 5382//5382 5978//5978 5829//5829 
f 5382//5382 5718//5718 5978//5978 
f 5382//5382 4452//4452 5718//5718 
f 5780//5780 4452//4452 5382//5382 
f 5780//5780 1031//1031 4452//4452 
f 1032//1032 1031//1031 5780//5780 
f 5770//5770 5789//5789 5702//5702 
f 5854//5854 5789//5789 5770//5770 
f 5854//5854 5787//5787 5789//5789 
f 5785//5785 5787//5787 5854//5854 
f 4513//4513 4453//4453 5785//5785 
f 5978//5978 4453//4453 4513//4513 
f 5718//5718 4688//4688 5978//5978 
f 4452//4452 4688//4688 5718//5718 
f 1031//1031 4688//4688 4452//4452 
f 5789//5789 5781//5781 5979//5979 
f 5787//5787 5781//5781 5789//5789 
f 5785//5785 5781//5781 5787//5787 
f 5785//5785 4454//4454 5781//5781 
f 4453//4453 4454//4454 5785//5785 
f 4453//4453 5980//5980 4454//4454 
f 5978//5978 5980//5980 4453//4453 
f 5978//5978 5782//5782 5980//5980 
f 4688//4688 5782//5782 5978//5978 
f 4688//4688 4686//4686 5782//5782 
f 5979//5979 4573//4573 5789//5789 
f 5979//5979 4456//4456 4573//4573 
f 5781//5781 4456//4456 5979//5979 
f 5781//5781 5783//5783 4456//4456 
f 4454//4454 5783//5783 5781//5781 
f 5980//5980 5783//5783 4454//4454 
f 5980//5980 4455//4455 5783//5783 
f 5782//5782 4455//4455 5980//5980 
f 5782//5782 1029//1029 4455//4455 
f 4686//4686 1029//1029 5782//5782 
f 4456//4456 4824//4824 4573//4573 
f 4456//4456 5733//5733 4824//4824 
f 5783//5783 5733//5733 4456//4456 
f 5783//5783 1028//1028 5733//5733 
f 4455//4455 1028//1028 5783//5783 
f 1029//1029 1028//1028 4455//4455 
f 4824//4824 1002//1002 4626//4626 
f 5733//5733 1002//1002 4824//4824 
f 5733//5733 4682//4682 1002//1002 
f 1028//1028 4682//4682 5733//5733 
f 4705//4705 5061//5061 4709//4709 
f 5997//5997 5061//5061 4705//4705 
f 5731//5731 5996//5996 5997//5997 
f 5729//5729 5996//5996 5731//5731 
f 5729//5729 4825//4825 5996//5996 
f 4701//4701 5997//5997 4705//4705 
f 4515//4515 5731//5731 5997//5997 
f 4515//4515 5729//5729 5731//5731 
f 4826//4826 5729//5729 4515//4515 
f 4826//4826 4825//4825 5729//5729 
f 5983//5983 4825//4825 4826//4826 
f 5983//5983 5981//5981 4825//4825 
f 4517//4517 5981//5981 5983//5983 
f 4517//4517 5982//5982 5981//5981 
f 4895//4895 5982//5982 4517//4517 
f 4895//4895 1050//1050 5982//5982 
f 5153//5153 1050//1050 4895//4895 
f 5192//5192 5997//5997 4701//4701 
f 4515//4515 5997//5997 5192//5192 
f 4521//4521 4826//4826 4515//4515 
f 5983//5983 4826//4826 4521//4521 
f 4519//4519 4517//4517 5983//5983 
f 4895//4895 4517//4517 4519//4519 
f 4827//4827 5153//5153 4895//4895 
f 1052//1052 5153//5153 4827//4827 
f 5194//5194 4515//4515 5192//5192 
f 4892//4892 4515//4515 5194//5194 
f 4892//4892 4521//4521 4515//4515 
f 4893//4893 4521//4521 4892//4892 
f 4893//4893 5983//5983 4521//4521 
f 4894//4894 5983//5983 4893//4893 
f 4894//4894 4519//4519 5983//5983 
f 4894//4894 4895//4895 4519//4519 
f 4900//4900 4827//4827 4895//4895 
f 4900//4900 1052//1052 4827//4827 
f 1053//1053 1052//1052 4900//4900 
f 5995//5995 4892//4892 5194//5194 
f 5984//5984 4892//4892 5995//5995 
f 5984//5984 4893//4893 4892//4892 
f 5985//5985 4893//4893 5984//5984 
f 5985//5985 4894//4894 4893//4893 
f 4903//4903 4895//4895 4894//4894 
f 5683//5683 4895//4895 4903//4903 
f 5683//5683 4900//4900 4895//4895 
f 4901//4901 4900//4900 5683//5683 
f 4901//4901 1053//1053 4900//4900 
f 5858//5858 5984//5984 5995//5995 
f 5986//5986 5984//5984 5858//5858 
f 5986//5986 5985//5985 5984//5984 
f 4902//4902 5985//5985 5986//5986 
f 4902//4902 4894//4894 5985//5985 
f 5685//5685 4894//4894 4902//4902 
f 5685//5685 4903//4903 4894//4894 
f 5687//5687 5683//5683 4903//4903 
f 5687//5687 4901//4901 5683//5683 
f 5974//5974 4901//4901 5687//5687 
f 5974//5974 1053//1053 4901//4901 
f 4902//4902 5986//5986 5858//5858 
f 5692//5692 5685//5685 4902//4902 
f 5692//5692 4903//4903 5685//5685 
f 5690//5690 4903//4903 5692//5692 
f 5690//5690 5687//5687 4903//4903 
f 5686//5686 5687//5687 5690//5690 
f 5686//5686 5974//5974 5687//5687 
f 5135//5135 1053//1053 5974//5974 
f 5993//5993 4902//4902 5858//5858 
f 5977//5977 5690//5690 5692//5692 
f 5977//5977 5686//5686 5690//5690 
f 5975//5975 5686//5686 5977//5977 
f 5975//5975 5974//5974 5686//5686 
f 5135//5135 5974//5974 5975//5975 
f 5694//5694 4902//4902 5993//5993 
f 5694//5694 5692//5692 4902//4902 
f 5976//5976 5975//5975 5977//5977 
f 5696//5696 5975//5975 5976//5976 
f 5696//5696 5135//5135 5975//5975 
f 4581//4581 5692//5692 5694//5694 
f 5977//5977 5692//5692 4581//4581 
f 4583//4583 5976//5976 5977//5977 
f 4583//4583 5696//5696 5976//5976 
f 4583//4583 5135//5135 5696//5696 
f 5919//5919 5135//5135 4583//4583 
f 5919//5919 5126//5126 5135//5135 
f 5117//5117 5126//5126 5919//5919 
f 5861//5861 4581//4581 5694//5694 
f 4986//4986 4581//4581 5861//5861 
f 4986//4986 5977//5977 4581//4581 
f 5921//5921 4583//4583 5977//5977 
f 5862//5862 4986//4986 5861//5861 
f 5863//5863 4986//4986 5862//5862 
f 5863//5863 5977//5977 4986//4986 
f 5186//5186 5977//5977 5863//5863 
f 5186//5186 5921//5921 5977//5977 
f 5070//5070 5921//5921 5186//5186 
f 5070//5070 4583//4583 5921//5921 
f 4717//4717 4583//4583 5070//5070 
f 4717//4717 5919//5919 4583//4583 
f 4715//4715 5919//5919 4717//4717 
f 4715//4715 5117//5117 5919//5919 
f 1056//1056 5117//5117 4715//4715 
f 5987//5987 5917//5917 4987//4987 
f 4988//4988 5917//5917 879//879 
f 4987//4987 5917//5917 4988//4988 
f 5988//5988 5987//5987 4987//4987 
f 4647//4647 5987//5987 5988//5988 
f 4653//4653 5988//5988 4987//4987 
f 4653//4653 4647//4647 5988//5988 
f 5989//5989 4987//4987 4988//4988 
f 4649//4649 4987//4987 5989//5989 
f 4649//4649 4653//4653 4987//4987 
f 4989//4989 4988//4988 4651//4651 
f 4989//4989 5989//5989 4988//4988 
f 4649//4649 5989//5989 4989//4989 
f 5867//5867 4989//4989 4651//4651 
f 5068//5068 4649//4649 4989//4989 
f 5068//5068 4653//4653 4649//4649 
f 5067//5067 4653//4653 5068//5068 
f 5067//5067 5869//5869 4653//4653 
f 5867//5867 4651//4651 4308//4308 
f 5099//5099 5867//5867 4308//4308 
f 5992//5992 4989//4989 5867//5867 
f 5865//5865 4989//4989 5992//5992 
f 5865//5865 5068//5068 4989//4989 
f 5990//5990 5067//5067 5068//5068 
f 5990//5990 5869//5869 5067//5067 
f 5992//5992 5867//5867 5099//5099 
f 5991//5991 5869//5869 5990//5990 
f 4713//4713 5869//5869 5991//5991 
f 1057//1057 5992//5992 5099//5099 
f 4719//4719 5865//5865 5992//5992 
f 4719//4719 5068//5068 5865//5865 
f 4717//4717 5068//5068 4719//4719 
f 4717//4717 5990//5990 5068//5068 
f 5070//5070 5990//5990 4717//4717 
f 5070//5070 5991//5991 5990//5990 
f 5070//5070 4713//4713 5991//5991 
f 5186//5186 4713//4713 5070//5070 
f 5862//5862 4713//4713 5186//5186 
f 5862//5862 5069//5069 4713//4713 
f 1056//1056 5992//5992 1057//1057 
f 4715//4715 5992//5992 1056//1056 
f 4715//4715 4719//4719 5992//5992 
f 4717//4717 4719//4719 4715//4715 
f 5863//5863 5862//5862 5186//5186 
f 5993//5993 5861//5861 5694//5694 
f 5993//5993 5188//5188 5861//5861 
f 5993//5993 5994//5994 5188//5188 
f 5858//5858 5994//5994 5993//5993 
f 5995//5995 5190//5190 5858//5858 
f 5995//5995 5859//5859 5190//5190 
f 5194//5194 5859//5859 5995//5995 
f 5194//5194 5860//5860 5859//5859 
f 5192//5192 5860//5860 5194//5194 
f 5192//5192 4703//4703 5860//5860 
f 4701//4701 4703//4703 5192//5192 
f 4701//4701 4699//4699 4703//4703 
f 4705//4705 4699//4699 4701//4701 
f 4705//4705 4707//4707 4699//4699 
f 4709//4709 4707//4707 4705//4705 
f 5171//5171 5982//5982 1050//1050 
f 5875//5875 5982//5982 5171//5171 
f 5875//5875 5981//5981 5982//5982 
f 5998//5998 5981//5981 5875//5875 
f 5998//5998 4825//4825 5981//5981 
f 5876//5876 4825//4825 5998//5998 
f 5876//5876 5996//5996 4825//4825 
f 5999//5999 5996//5996 5876//5876 
f 5999//5999 5997//5997 5996//5996 
f 5878//5878 5997//5997 5999//5999 
f 5878//5878 5061//5061 5997//5997 
f 6000//6000 5061//5061 5878//5878 
f 6000//6000 4709//4709 5061//5061 
f 5880//5880 4709//4709 6000//6000 
f 5880//5880 4707//4707 4709//4709 
f 5060//5060 4707//4707 5880//5880 
f 1048//1048 5875//5875 5171//5171 
f 5059//5059 5875//5875 1048//1048 
f 5059//5059 5998//5998 5875//5875 
f 5283//5283 5998//5998 5059//5059 
f 5283//5283 5876//5876 5998//5998 
f 5283//5283 5999//5999 5876//5876 
f 5915//5915 5999//5999 5283//5283 
f 5915//5915 5878//5878 5999//5999 
f 5914//5914 5878//5878 5915//5915 
f 5914//5914 6000//6000 5878//5878 
f 5913//5913 6000//6000 5914//5914 
f 5913//5913 5880//5880 6000//6000 
f 5285//5285 5880//5880 5913//5913 
f 5285//5285 5060//5060 5880//5880 
f 6001//6001 5060//5060 5285//5285 
f 5912//5912 5059//5059 1048//1048 
f 5912//5912 5283//5283 5059//5059 
f 6002//6002 5915//5915 5283//5283 
f 5910//5910 5915//5915 6002//6002 
f 5910//5910 5914//5914 5915//5915 
f 5287//5287 5914//5914 5910//5910 
f 5287//5287 5913//5913 5914//5914 
f 6003//6003 5913//5913 5287//5287 
f 6003//6003 5285//5285 5913//5913 
f 5911//5911 5285//5285 6003//6003 
f 5911//5911 6001//6001 5285//5285 
f 5291//5291 6001//6001 5911//5911 
f 1047//1047 5912//5912 1048//1048 
f 5289//5289 6002//6002 5283//5283 
f 5289//5289 5910//5910 6002//6002 
f 4637//4637 5910//5910 5289//5289 
f 4637//4637 5287//5287 5910//5910 
f 4635//4635 5287//5287 4637//4637 
f 4635//4635 6003//6003 5287//5287 
f 4633//4633 6003//6003 4635//4635 
f 4633//4633 5911//5911 6003//6003 
f 4639//4639 5911//5911 4633//4633 
f 4639//4639 5291//5291 5911//5911 
f 6004//6004 5291//5291 4639//4639 
f 5183//5183 5912//5912 1047//1047 
f 6005//6005 5912//5912 5183//5183 
f 6005//6005 5283//5283 5912//5912 
f 4980//4980 5283//5283 6005//6005 
f 4980//4980 5289//5289 5283//5283 
f 4643//4643 5289//5289 4980//4980 
f 4643//4643 4637//4637 5289//5289 
f 4641//4641 4637//4637 4643//4643 
f 4641//4641 4635//4635 4637//4637 
f 5927//5927 4635//4635 4641//4641 
f 5927//5927 4633//4633 4635//4635 
f 6006//6006 4633//4633 5927//5927 
f 6006//6006 4639//4639 4633//4633 
f 5928//5928 4639//4639 6006//6006 
f 5928//5928 6004//6004 4639//4639 
f 6007//6007 6004//6004 5928//5928 
f 1046//1046 6005//6005 5183//5183 
f 5930//5930 6005//6005 1046//1046 
f 5930//5930 4980//4980 6005//6005 
f 6008//6008 4980//4980 5930//5930 
f 6008//6008 4643//4643 4980//4980 
f 5932//5932 4643//4643 6008//6008 
f 5932//5932 4641//4641 4643//4643 
f 4979//4979 4641//4641 5932//5932 
f 4979//4979 5927//5927 4641//4641 
f 4978//4978 5927//5927 4979//4979 
f 4978//4978 6006//6006 5927//5927 
f 5380//5380 6006//6006 4978//4978 
f 5380//5380 5928//5928 6006//6006 
f 5967//5967 5928//5928 5380//5380 
f 5967//5967 6007//6007 5928//5928 
f 5966//5966 6007//6007 5967//5967 
f 5185//5185 5930//5930 1046//1046 
f 5187//5187 5930//5930 5185//5185 
f 5187//5187 6008//6008 5930//5930 
f 1043//1043 6008//6008 5187//5187 
f 1043//1043 5932//5932 6008//6008 
f 1042//1042 5932//5932 1043//1043 
f 1042//1042 4979//4979 5932//5932 
f 1041//1041 4979//4979 1042//1042 
f 1041//1041 4978//4978 4979//4979 
f 1040//1040 4978//4978 1041//1041 
f 1040//1040 5380//5380 4978//4978 
f 1039//1039 5380//5380 1040//1040 
f 1039//1039 5967//5967 5380//5380 
f 1038//1038 5967//5967 1039//1039 
f 1038//1038 5966//5966 5967//5967 
f 1037//1037 5966//5966 1038//1038 
f 5382//5382 6009//6009 5965//5965 
f 5962//5962 6010//6010 6009//6009 
f 5962//5962 5384//5384 6010//6010 
f 6011//6011 5384//5384 5962//5962 
f 5388//5388 5963//5963 6011//6011 
f 5388//5388 5964//5964 5963//5963 
f 5386//5386 5964//5964 5388//5388 
f 5386//5386 4571//4571 5964//5964 
f 5906//5906 4571//4571 5386//5386 
f 5906//5906 4577//4577 4571//4571 
f 5969//5969 4824//4824 4626//4626 
f 5969//5969 4573//4573 4824//4824 
f 5700//5700 4573//4573 5969//5969 
f 5700//5700 5789//5789 4573//4573 
f 4575//4575 5789//5789 5700//5700 
f 4575//4575 5702//5702 5789//5789 
f 5770//5770 5702//5702 4575//4575 
f 4567//4567 5906//5906 5770//5770 
f 5968//5968 5906//5906 4567//4567 
f 5968//5968 4577//4577 5906//5906 
f 5701//5701 4577//4577 5968//5968 
f 6012//6012 4577//4577 5701//5701 
f 4624//4624 5969//5969 4626//4626 
f 4567//4567 4575//4575 5700//5700 
f 4567//4567 5770//5770 4575//4575 
f 5698//5698 6012//6012 5701//5701 
f 5699//5699 5969//5969 4624//4624 
f 5699//5699 5700//5700 5969//5969 
f 4569//4569 5700//5700 5699//5699 
f 4569//4569 4567//4567 5700//5700 
f 5701//5701 5968//5968 4567//4567 
f 4899//4899 5698//5698 5701//5701 
f 4622//4622 5699//5699 4624//4624 
f 4898//4898 4569//4569 5699//5699 
f 4898//4898 4567//4567 4569//4569 
f 5697//5697 4567//4567 4898//4898 
f 6013//6013 4567//4567 5697//5697 
f 6013//6013 5701//5701 4567//4567 
f 5477//5477 5701//5701 6013//6013 
f 5727//5727 5701//5701 5477//5477 
f 5726//5726 5701//5701 5727//5727 
f 5726//5726 4899//4899 5701//5701 
f 5725//5725 4899//4899 5726//5726 
f 998//998 5699//5699 4622//4622 
f 5481//5481 5699//5699 998//998 
f 5481//5481 4898//4898 5699//5699 
f 5479//5479 4898//4898 5481//5481 
f 5479//5479 5697//5697 4898//4898 
f 6013//6013 5697//5697 5479//5479 
f 5727//5727 5477//5477 6013//6013 
f 6014//6014 5726//5726 5727//5727 
f 5723//5723 5726//5726 6014//6014 
f 5723//5723 5725//5725 5726//5726 
f 5722//5722 5725//5725 5723//5723 
f 5724//5724 5479//5479 5481//5481 
f 5724//5724 6013//6013 5479//5479 
f 6015//6015 5727//5727 6013//6013 
f 995//995 5727//5727 6015//6015 
f 995//995 6014//6014 5727//5727 
f 5723//5723 6014//6014 995//995 
f 5483//5483 5722//5722 5723//5723 
f 997//997 5481//5481 998//998 
f 5485//5485 5481//5481 997//997 
f 5485//5485 5724//5724 5481//5481 
f 6015//6015 6013//6013 5724//5724 
f 4618//4618 5485//5485 997//997 
f 5724//5724 5485//5485 4618//4618 
f 4616//4616 6015//6015 5724//5724 
f 4616//4616 995//995 6015//6015 
f 4501//4501 4503//4503 4505//4505 
f 4501//4501 4507//4507 4503//4503 
f 6016//6016 4507//4507 4501//4501 
f 4818//4818 6017//6017 6016//6016 
f 4509//4509 4511//4511 4818//4818 
f 5453//5453 5739//5739 955//955 
f 6018//6018 5739//5739 5453//5453 
f 6018//6018 5740//5740 5739//5739 
f 6019//6019 5740//5740 6018//6018 
f 6019//6019 5742//5742 5740//5740 
f 6020//6020 5742//5742 6019//6019 
f 6020//6020 5744//5744 5742//5742 
f 4817//4817 5744//5744 6020//6020 
f 4817//4817 4816//4816 5744//5744 
f 5574//5574 4816//4816 4817//4817 
f 5574//5574 5779//5779 4816//4816 
f 5778//5778 5779//5779 5574//5574 
f 5778//5778 5777//5777 5779//5779 
f 5576//5576 5777//5777 5778//5778 
f 5576//5576 6021//6021 5777//5777 
f 6022//6022 6021//6021 5576//5576 
f 6022//6022 5774//5774 6021//6021 
f 5578//5578 5774//5774 6022//6022 
f 5578//5578 6023//6023 5774//5774 
f 5775//5775 6023//6023 5578//5578 
f 5775//5775 4354//4354 6023//6023 
f 4356//4356 4354//4354 5775//5775 
f 5541//5541 5582//5582 924//924 
f 4360//4360 5582//5582 5541//5541 
f 4360//4360 4584//4584 5582//5582 
f 6024//6024 4584//4584 4360//4360 
f 6024//6024 5776//5776 4584//4584 
f 6025//6025 5776//5776 6024//6024 
f 6025//6025 5580//5580 5776//5776 
f 4447//4447 5580//5580 6025//6025 
f 4447//4447 4358//4358 5580//5580 
f 4364//4364 4358//4358 4447//4447 
f 4362//4362 4356//4356 4364//4364 
f 4362//4362 4354//4354 4356//4356 
f 5791//5791 4354//4354 4362//4362 
f 5550//5550 4360//4360 5541//5541 
f 4446//4446 4360//4360 5550//5550 
f 4446//4446 6024//6024 4360//4360 
f 6026//6026 6024//6024 4446//4446 
f 6026//6026 6025//6025 6024//6024 
f 5792//5792 6025//6025 6026//6026 
f 5792//5792 4447//4447 6025//6025 
f 6027//6027 4447//4447 5792//5792 
f 6027//6027 4364//4364 4447//4447 
f 5838//5838 4364//4364 6027//6027 
f 5794//5794 4364//4364 5838//5838 
f 5794//5794 4362//4362 4364//4364 
f 6028//6028 4362//4362 5794//5794 
f 6028//6028 5791//5791 4362//4362 
f 5796//5796 5791//5791 6028//6028 
f 4445//4445 6026//6026 4446//4446 
f 4445//4445 5792//5792 6026//6026 
f 6030//6030 5792//5792 4445//4445 
f 6030//6030 6027//6027 5792//5792 
f 5673//5673 6027//6027 6030//6030 
f 5673//5673 5838//5838 6027//6027 
f 5837//5837 5794//5794 5838//5838 
f 5837//5837 6028//6028 5794//5794 
f 5836//5836 6028//6028 5837//5837 
f 5836//5836 5796//5796 6028//6028 
f 5675//5675 5796//5796 5836//5836 
f 5559//5559 4446//4446 5550//5550 
f 5834//5834 4446//4446 5559//5559 
f 5834//5834 4445//4445 4446//4446 
f 6029//6029 4445//4445 5834//5834 
f 6029//6029 6030//6030 4445//4445 
f 5833//5833 5673//5673 6030//6030 
f 5833//5833 5838//5838 5673//5673 
f 5677//5677 5838//5838 5833//5833 
f 5677//5677 5837//5837 5838//5838 
f 5677//5677 5836//5836 5837//5837 
f 6031//6031 5836//5836 5677//5677 
f 6031//6031 5675//5675 5836//5836 
f 921//921 5834//5834 5559//5559 
f 5680//5680 6029//6029 5834//5834 
f 5680//5680 6030//6030 6029//6029 
f 5681//5681 6030//6030 5680//5680 
f 5681//5681 5833//5833 6030//6030 
f 5835//5835 5833//5833 5681//5681 
f 5835//5835 5677//5677 5833//5833 
f 5679//5679 6031//6031 5677//5677 
f 877//877 5834//5834 921//921 
f 877//877 5680//5680 5834//5834 
f 881//881 5681//5681 5680//5680 
f 881//881 5835//5835 5681//5681 
f 5678//5678 5835//5835 881//881 
f 5678//5678 5677//5677 5835//5835 
f 882//882 5677//5677 5678//5678 
f 882//882 5679//5679 5677//5677 
f 917//917 5679//5679 882//882 
f 917//917 6031//6031 5679//5679 
f 5676//5676 6031//6031 917//917 
f 5676//5676 878//878 6031//6031 
f 883//883 878//878 5676//5676 
f 5674//5674 877//877 921//921 
f 5674//5674 5680//5680 877//877 
f 5674//5674 881//881 5680//5680 
f 5571//5571 881//881 5674//5674 
f 5571//5571 5678//5678 881//881 
f 884//884 5678//5678 5571//5571 
f 884//884 882//882 5678//5678 
f 917//917 882//882 884//884 
f 5672//5672 5676//5676 917//917 
f 5672//5672 883//883 5676//5676 
f 885//885 883//883 5672//5672 
f 920//920 5674//5674 921//921 
f 919//919 5571//5571 5674//5674 
f 5573//5573 884//884 5571//5571 
f 5573//5573 917//917 884//884 
f 916//916 5672//5672 917//917 
f 916//916 885//885 5672//5672 
f 886//886 887//887 5670//5670 
f 5668//5668 887//887 886//886 
f 888//888 5666//5666 5668//5668 
f 5656//5656 5920//5920 889//889 
f 5918//5918 890//890 5920//5920 
f 5918//5918 880//880 890//890 
f 5638//5638 891//891 5647//5647 
f 892//892 893//893 5638//5638 
f 5629//5629 893//893 892//892 
f 4982//4982 893//893 5629//5629 
f 4982//4982 5620//5620 893//893 
f 5940//5940 910//910 894//894 
f 4357//4357 910//910 5940//5940 
f 5611//5611 4357//4357 911//911 
f 5611//5611 895//895 4357//4357 
f 896//896 5611//5611 911//911 
f 897//897 911//911 912//912 
f 897//897 896//896 911//911 
f 898//898 5611//5611 896//896 
f 898//898 5602//5602 5611//5611 
f 897//897 912//912 5583//5583 
f 5593//5593 896//896 897//897 
f 5593//5593 898//898 896//896 
f 5584//5584 5602//5602 898//898 
f 899//899 5583//5583 5581//5581 
f 899//899 897//897 5583//5583 
f 4337//4337 898//898 5593//5593 
f 5584//5584 898//898 4337//4337 
f 4339//4339 5581//5581 914//914 
f 4339//4339 899//899 5581//5581 
f 902//902 899//899 4339//4339 
f 902//902 897//897 899//899 
f 902//902 5593//5593 897//897 
f 901//901 4337//4337 5593//5593 
f 901//901 5584//5584 4337//4337 
f 900//900 5584//5584 901//901 
f 4339//4339 914//914 5579//5579 
f 4341//4341 902//902 4339//4339 
f 4343//4343 5593//5593 902//902 
f 4343//4343 901//901 5593//5593 
f 903//903 901//901 4343//4343 
f 903//903 900//900 901//901 
f 903//903 904//904 900//900 
f 4345//4345 4339//4339 5579//5579 
f 4345//4345 4341//4341 4339//4339 
f 4351//4351 4341//4341 4345//4345 
f 4351//4351 902//902 4341//4341 
f 905//905 902//902 4351//4351 
f 4347//4347 902//902 905//905 
f 4347//4347 4343//4343 902//902 
f 906//906 4343//4343 4347//4347 
f 906//906 903//903 4343//4343 
f 4349//4349 903//903 906//906 
f 907//907 903//903 4349//4349 
f 907//907 904//904 903//903 
f 4355//4355 904//904 907//907 
f 908//908 905//905 4351//4351 
f 908//908 4347//4347 905//905 
f 4353//4353 4347//4347 908//908 
f 4353//4353 906//906 4347//4347 
f 4349//4349 906//906 4353//4353 
f 909//909 907//907 4349//4349 
f 909//909 4355//4355 907//907 
f 916//916 4351//4351 4345//4345 
f 5575//5575 4351//4351 916//916 
f 908//908 4351//4351 5575//5575 
f 918//918 4349//4349 4353//4353 
f 919//919 4349//4349 918//918 
f 919//919 909//909 4349//4349 
f 920//920 4355//4355 909//909 
f 5569//5569 4355//4355 920//920 
f 913//913 5583//5583 912//912 
f 913//913 5581//5581 5583//5583 
f 886//886 5581//5581 913//913 
f 886//886 914//914 5581//5581 
f 5670//5670 914//914 886//886 
f 5670//5670 5579//5579 914//914 
f 915//915 5579//5579 5670//5670 
f 915//915 4345//4345 5579//5579 
f 5577//5577 916//916 4345//4345 
f 917//917 5575//5575 916//916 
f 917//917 908//908 5575//5575 
f 917//917 4353//4353 908//908 
f 5573//5573 4353//4353 917//917 
f 5573//5573 918//918 4353//4353 
f 5571//5571 918//918 5573//5573 
f 5571//5571 919//919 918//918 
f 5674//5674 909//909 919//919 
f 5674//5674 920//920 909//909 
f 921//921 5569//5569 920//920 
f 5559//5559 922//922 921//921 
f 5550//5550 922//922 5559//5559 
f 5550//5550 923//923 922//922 
f 5541//5541 923//923 5550//5550 
f 5541//5541 5532//5532 923//923 
f 924//924 5532//5532 5541//5541 
f 5523//5523 5532//5532 924//924 
f 5523//5523 925//925 5532//5532 
f 5523//5523 5478//5478 925//925 
f 949//949 5478//5478 5523//5523 
f 928//928 5514//5514 927//927 
f 5496//5496 5514//5514 928//928 
f 5505//5505 5474//5474 5472//5472 
f 5505//5505 927//927 5474//5474 
f 931//931 927//927 5505//5505 
f 931//931 928//928 927//927 
f 929//929 928//928 931//931 
f 929//929 5496//5496 928//928 
f 930//930 5472//5472 952//952 
f 930//930 5505//5505 5472//5472 
f 5487//5487 5505//5505 930//930 
f 5487//5487 931//931 5505//5505 
f 4486//4486 929//929 931//931 
f 4486//4486 5496//5496 929//929 
f 933//933 5496//5496 4486//4486 
f 4488//4488 952//952 954//954 
f 4488//4488 930//930 952//952 
f 4484//4484 930//930 4488//4488 
f 4484//4484 5487//5487 930//930 
f 4490//4490 5487//5487 4484//4484 
f 4490//4490 931//931 5487//5487 
f 932//932 931//931 4490//4490 
f 932//932 4486//4486 931//931 
f 4492//4492 4488//4488 954//954 
f 934//934 4484//4484 4488//4488 
f 934//934 4490//4490 4484//4484 
f 4494//4494 932//932 4490//4490 
f 4494//4494 4486//4486 932//932 
f 938//938 4486//4486 4494//4494 
f 938//938 933//933 4486//4486 
f 4496//4496 933//933 938//938 
f 935//935 954//954 955//955 
f 935//935 4492//4492 954//954 
f 936//936 4488//4488 4492//4492 
f 936//936 934//934 4488//4488 
f 4498//4498 934//934 936//936 
f 4498//4498 4490//4490 934//934 
f 937//937 4490//4490 4498//4498 
f 937//937 4494//4494 4490//4490 
f 939//939 935//935 955//955 
f 939//939 4492//4492 935//935 
f 939//939 936//936 4492//4492 
f 4498//4498 936//936 939//939 
f 940//940 937//937 4498//4498 
f 940//940 4494//4494 937//937 
f 4500//4500 4494//4494 940//940 
f 4500//4500 938//938 4494//4494 
f 941//941 938//938 4500//4500 
f 941//941 4496//4496 938//938 
f 943//943 4496//4496 941//941 
f 5444//5444 939//939 955//955 
f 4502//4502 939//939 5444//5444 
f 942//942 939//939 4502//4502 
f 942//942 4498//4498 939//939 
f 945//945 4498//4498 942//942 
f 4504//4504 4498//4498 945//945 
f 4504//4504 940//940 4498//4498 
f 946//946 940//940 4504//4504 
f 946//946 4500//4500 940//940 
f 947//947 4500//4500 946//946 
f 947//947 941//941 4500//4500 
f 948//948 941//941 947//947 
f 948//948 943//943 941//941 
f 5486//5486 4502//4502 5444//5444 
f 5486//5486 942//942 4502//4502 
f 945//945 942//942 5486//5486 
f 946//946 4504//4504 945//945 
f 4556//4556 943//943 948//948 
f 5435//5435 945//945 5486//5486 
f 944//944 945//945 5435//5435 
f 5484//5484 945//945 944//944 
f 5484//5484 946//946 945//945 
f 5482//5482 947//947 946//946 
f 5480//5480 947//947 5482//5482 
f 5480//5480 948//948 947//947 
f 966//966 948//948 5480//5480 
f 966//966 4556//4556 948//948 
f 949//949 926//926 5478//5478 
f 949//949 5514//5514 926//926 
f 5476//5476 5514//5514 949//949 
f 5476//5476 927//927 5514//5514 
f 950//950 927//927 5476//5476 
f 950//950 5474//5474 927//927 
f 951//951 5474//5474 950//950 
f 951//951 5472//5472 5474//5474 
f 952//952 5472//5472 951//951 
f 953//953 954//954 952//952 
f 5462//5462 954//954 953//953 
f 5453//5453 954//954 5462//5462 
f 5453//5453 955//955 954//954 
f 5486//5486 5444//5444 955//955 
f 956//956 5435//5435 5486//5486 
f 957//957 5435//5435 956//956 
f 5426//5426 4582//4582 957//957 
f 958//958 4582//4582 5426//5426 
f 958//958 5417//5417 4582//4582 
f 959//959 5417//5417 958//958 
f 959//959 5408//5408 5417//5417 
f 960//960 961//961 5408//5408 
f 5399//5399 961//961 960//960 
f 5399//5399 962//962 961//961 
f 963//963 962//962 5399//5399 
f 963//963 5390//5390 962//962 
f 963//963 4550//4550 5390//5390 
f 964//964 4550//4550 963//963 
f 964//964 4576//4576 4550//4550 
f 964//964 4552//4552 4576//4576 
f 965//965 4552//4552 964//964 
f 965//965 5480//5480 4552//4552 
f 4554//4554 5480//5480 965//965 
f 4554//4554 966//966 5480//5480 
f 967//967 966//966 4554//4554 
f 967//967 4556//4556 966//966 
f 967//967 968//968 4556//4556 
f 4558//4558 968//968 967//967 
f 4560//4560 968//968 4558//4558 
f 4560//4560 969//969 968//968 
f 4562//4562 969//969 4560//4560 
f 4562//4562 971//971 969//969 
f 970//970 971//971 4562//4562 
f 4564//4564 971//971 970//970 
f 4564//4564 972//972 971//971 
f 4566//4566 972//972 4564//4564 
f 4566//4566 973//973 972//972 
f 5320//5320 973//973 4566//4566 
f 4568//4568 5320//5320 991//991 
f 4568//4568 991//991 5311//5311 
f 974//974 5311//5311 5387//5387 
f 974//974 4568//4568 5311//5311 
f 976//976 4568//4568 974//974 
f 4570//4570 4568//4568 976//976 
f 975//975 974//974 5387//5387 
f 5389//5389 974//974 975//975 
f 5389//5389 976//976 974//974 
f 5385//5385 4570//4570 976//976 
f 977//977 975//975 5387//5387 
f 977//977 5389//5389 975//975 
f 5383//5383 5389//5389 977//977 
f 5383//5383 976//976 5389//5389 
f 978//978 976//976 5383//5383 
f 978//978 5385//5385 976//976 
f 979//979 977//977 5387//5387 
f 979//979 5383//5383 977//977 
f 980//980 978//978 5383//5383 
f 980//980 5385//5385 978//978 
f 985//985 5387//5387 992//992 
f 5381//5381 5387//5387 985//985 
f 5381//5381 979//979 5387//5387 
f 981//981 5383//5383 979//979 
f 5379//5379 5383//5383 981//981 
f 5379//5379 980//980 5383//5383 
f 5365//5365 980//980 5379//5379 
f 982//982 980//980 5365//5365 
f 5377//5377 5381//5381 985//985 
f 5377//5377 979//979 5381//5381 
f 983//983 979//979 5377//5377 
f 983//983 981//981 979//979 
f 5375//5375 981//981 983//983 
f 5375//5375 5379//5379 981//981 
f 984//984 5379//5379 5375//5375 
f 984//984 5365//5365 5379//5379 
f 987//987 982//982 5365//5365 
f 986//986 5375//5375 983//983 
f 986//986 984//984 5375//5375 
f 5347//5347 984//984 986//986 
f 5347//5347 5365//5365 984//984 
f 5356//5356 5365//5365 5347//5347 
f 5356//5356 987//987 5365//5365 
f 5338//5338 986//986 983//983 
f 5329//5329 5356//5356 5347//5347 
f 5329//5329 987//987 5356//5356 
f 990//990 987//987 5329//5329 
f 5302//5302 5377//5377 985//985 
f 988//988 5377//5377 5302//5302 
f 988//988 983//983 5377//5377 
f 989//989 986//986 5338//5338 
f 989//989 5347//5347 986//986 
f 996//996 5329//5329 5347//5347 
f 994//994 988//988 5302//5302 
f 5483//5483 988//988 994//994 
f 5483//5483 983//983 988//988 
f 5338//5338 983//983 5483//5483 
f 5293//5293 989//989 5338//5338 
f 4616//4616 989//989 5293//5293 
f 4616//4616 5347//5347 989//989 
f 4616//4616 996//996 5347//5347 
f 4618//4618 5329//5329 996//996 
f 4618//4618 990//990 5329//5329 
f 4620//4620 990//990 4618//4618 
f 4505//4505 985//985 992//992 
f 993//993 5302//5302 985//985 
f 993//993 994//994 5302//5302 
f 5723//5723 5338//5338 5483//5483 
f 5723//5723 5293//5293 5338//5338 
f 995//995 5293//5293 5723//5723 
f 995//995 4616//4616 5293//5293 
f 5724//5724 996//996 4616//4616 
f 5724//5724 4618//4618 996//996 
f 997//997 4620//4620 4618//4618 
f 998//998 4620//4620 997//997 
f 4622//4622 999//999 998//998 
f 4624//4624 999//999 4622//4622 
f 4624//4624 1000//1000 999//999 
f 4626//4626 1000//1000 4624//4624 
f 1002//1002 1001//1001 4626//4626 
f 1002//1002 1026//1026 1001//1001 
f 4682//4682 1026//1026 1002//1002 
f 1003//1003 1027//1027 4628//4628 
f 4630//4630 4684//4684 1029//1029 
f 4630//4630 4628//4628 4684//4684 
f 4632//4632 4628//4628 4630//4630 
f 4632//4632 1003//1003 4628//4628 
f 1004//1004 1003//1003 4632//4632 
f 4634//4634 1029//1029 1030//1030 
f 4634//4634 4630//4630 1029//1029 
f 1006//1006 4630//4630 4634//4634 
f 1006//1006 4632//4632 4630//4630 
f 4636//4636 1004//1004 4632//4632 
f 1005//1005 1030//1030 1007//1007 
f 1005//1005 4634//4634 1030//1030 
f 5290//5290 4632//4632 1006//1006 
f 5290//5290 4636//4636 4632//4632 
f 5292//5292 1005//1005 1007//1007 
f 5292//5292 4634//4634 1005//1005 
f 1008//1008 4634//4634 5292//5292 
f 1008//1008 1006//1006 4634//4634 
f 5286//5286 1006//1006 1008//1008 
f 5286//5286 5290//5290 1006//1006 
f 5284//5284 4636//4636 5290//5290 
f 1009//1009 4690//4690 1013//1013 
f 1009//1009 1007//1007 4690//4690 
f 5288//5288 1007//1007 1009//1009 
f 5288//5288 5292//5292 1007//1007 
f 1010//1010 5292//5292 5288//5288 
f 1010//1010 1008//1008 5292//5292 
f 1011//1011 1008//1008 1010//1010 
f 1011//1011 5286//5286 1008//1008 
f 1012//1012 5290//5290 5286//5286 
f 1012//1012 5284//5284 5290//5290 
f 5282//5282 1009//1009 1013//1013 
f 5282//5282 5288//5288 1009//1009 
f 1014//1014 5288//5288 5282//5282 
f 1014//1014 1010//1010 5288//5288 
f 5280//5280 1010//1010 1014//1014 
f 5280//5280 1011//1011 1010//1010 
f 1018//1018 1011//1011 5280//5280 
f 1018//1018 5286//5286 1011//1011 
f 1015//1015 5286//5286 1018//1018 
f 1015//1015 1012//1012 5286//5286 
f 5278//5278 1012//1012 1015//1015 
f 5278//5278 5284//5284 1012//1012 
f 5250//5250 5284//5284 5278//5278 
f 4694//4694 1013//1013 4692//4692 
f 1016//1016 1013//1013 4694//4694 
f 1016//1016 5282//5282 1013//1013 
f 5268//5268 5282//5282 1016//1016 
f 5268//5268 1014//1014 5282//5282 
f 1017//1017 1014//1014 5268//5268 
f 1017//1017 5280//5280 1014//1014 
f 5259//5259 5280//5280 1017//1017 
f 5259//5259 1018//1018 5280//5280 
f 1019//1019 1015//1015 1018//1018 
f 1019//1019 5278//5278 1015//1015 
f 1022//1022 5278//5278 1019//1019 
f 1022//1022 5250//5250 5278//5278 
f 1035//1035 1016//1016 4694//4694 
f 1020//1020 1016//1016 1035//1035 
f 1020//1020 5268//5268 1016//1016 
f 5241//5241 5268//5268 1020//1020 
f 5241//5241 1017//1017 5268//5268 
f 1021//1021 1017//1017 5241//5241 
f 1021//1021 5259//5259 1017//1017 
f 1024//1024 5259//5259 1021//1021 
f 1024//1024 1018//1018 5259//5259 
f 5205//5205 1018//1018 1024//1024 
f 5205//5205 1019//1019 1018//1018 
f 5232//5232 1019//1019 5205//5205 
f 5232//5232 1022//1022 1019//1019 
f 5196//5196 5250//5250 1022//1022 
f 1036//1036 1020//1020 1035//1035 
f 5223//5223 1020//1020 1036//1036 
f 5223//5223 5241//5241 1020//1020 
f 1023//1023 5241//5241 5223//5223 
f 1023//1023 1021//1021 5241//5241 
f 5214//5214 1021//1021 1023//1023 
f 5214//5214 1024//1024 1021//1021 
f 1044//1044 5232//5232 5205//5205 
f 1044//1044 1022//1022 5232//5232 
f 1025//1025 1022//1022 1044//1044 
f 1025//1025 5196//5196 1022//1022 
f 4700//4700 5223//5223 1036//1036 
f 4702//4702 5223//5223 4700//4700 
f 4702//4702 1023//1023 5223//5223 
f 5195//5195 1023//1023 4702//4702 
f 5195//5195 5214//5214 1023//1023 
f 5193//5193 5214//5214 5195//5195 
f 5193//5193 1024//1024 5214//5214 
f 5191//5191 1024//1024 5193//5193 
f 5191//5191 5205//5205 1024//1024 
f 5189//5189 5205//5205 5191//5191 
f 5189//5189 1044//1044 5205//5205 
f 1045//1045 1025//1025 1044//1044 
f 1045//1045 5196//5196 1025//1025 
f 5185//5185 5196//5196 1045//1045 
f 4682//4682 1027//1027 1026//1026 
f 4682//4682 4628//4628 1027//1027 
f 1028//1028 4628//4628 4682//4682 
f 1028//1028 4684//4684 4628//4628 
f 1029//1029 4684//4684 1028//1028 
f 4686//4686 1030//1030 1029//1029 
f 4688//4688 1030//1030 4686//4686 
f 4688//4688 1007//1007 1030//1030 
f 1031//1031 1007//1007 4688//4688 
f 1031//1031 4690//4690 1007//1007 
f 1032//1032 4690//4690 1031//1031 
f 1032//1032 1013//1013 4690//4690 
f 5965//5965 1013//1013 1032//1032 
f 5965//5965 4692//4692 1013//1013 
f 1033//1033 4692//4692 5965//5965 
f 1033//1033 4694//4694 4692//4692 
f 1034//1034 4694//4694 1033//1033 
f 1034//1034 1035//1035 4694//4694 
f 4696//4696 1035//1035 1034//1034 
f 4696//4696 1036//1036 1035//1035 
f 4698//4698 1036//1036 4696//4696 
f 4698//4698 4700//4700 1036//1036 
f 1037//1037 4700//4700 4698//4698 
f 1038//1038 4700//4700 1037//1037 
f 1038//1038 4702//4702 4700//4700 
f 1039//1039 4702//4702 1038//1038 
f 1039//1039 5195//5195 4702//4702 
f 1040//1040 5195//5195 1039//1039 
f 1040//1040 5193//5193 5195//5195 
f 1041//1041 5193//5193 1040//1040 
f 1041//1041 5191//5191 5193//5193 
f 1042//1042 5191//5191 1041//1041 
f 1042//1042 5189//5189 5191//5191 
f 1043//1043 5189//5189 1042//1042 
f 1043//1043 1044//1044 5189//5189 
f 5187//5187 1044//1044 1043//1043 
f 5187//5187 1045//1045 1044//1044 
f 5185//5185 1045//1045 5187//5187 
f 1046//1046 5183//5183 5185//5185 
f 1048//1048 5181//5181 1047//1047 
f 1048//1048 1049//1049 5181//5181 
f 5171//5171 1049//1049 1048//1048 
f 1050//1050 1049//1049 5171//5171 
f 1050//1050 5162//5162 1049//1049 
f 5153//5153 1051//1051 1050//1050 
f 1052//1052 1051//1051 5153//5153 
f 1052//1052 5144//5144 1051//1051 
f 1053//1053 5144//5144 1052//1052 
f 5135//5135 1054//1054 1053//1053 
f 5126//5126 1054//1054 5135//5135 
f 5117//5117 1056//1056 1055//1055 
f 1057//1057 5108//5108 1056//1056 
f 1057//1057 5099//5099 5108//5108 
f 5918//5918 5917//5917 880//880 
f 5918//5918 879//879 5917//5917 
f 4309//4309 4988//4988 879//879 
f 5936//5936 4988//4988 4309//4309 
f 4651//4651 4988//4988 5936//5936 
f 5647//5647 4308//4308 4651//4651 
