v 3.345837831 26.62464142 1.999999762
vn -0.3280173242 0.94200176 0.07097386569
v 2.906093597 28.41615868 1.999999762
vn -0.8264103532 -0.5630586147 0.0033047623
v 3.133631468 26.57633209 18
vn -0.1612218916 0.984403491 -0.07040821016
v 2.887768269 28.45301819 18
vn -0.6983941793 -0.2653906047 -0.6646904349
v 3.133631468 26.57633209 1.999999762
vn -0.09793213755 0.9926080704 0.07168334723
v 3.180814266 29.4569397 1.999999762
vn -0.09422277659 0.984762907 0.1461646706
v 2.990668297 28.34405708 1.999999762
vn -0.5229403377 -0.8444685936 0.1157851368
v 2.990668297 28.34405708 18
vn -0.3907112181 -0.9152493477 -0.09830227494
v 3.708693981 31.12841034 18
vn -0.3425311148 -0.9393311739 -0.01815016568
v 3.039594412 29.40814018 18
vn -0.5742009878 0.8186576962 -0.009631647728
v 3.90221858 31.02884483 1.999999762
vn -0.5844534039 -0.8113394976 0.01193417702
v 3.90221858 31.02884483 18
vn -0.5222283006 -0.8527222276 -0.01193419192
v 4.19052887 30.70841599 1.999999762
vn -0.9249095321 -0.3801847398 0.001372299506
v 4.279795647 30.43349457 18
vn -0.9830273986 -0.1799326986 -0.03579553217
v 4.068872452 30.88887405 1.999999762
vn -0.7738292813 -0.6333643794 0.00615113508
v 4.19052887 30.70841599 18
vn -0.8861041665 -0.4634836316 -0.001510044793
v 4.261042595 30.11040497 18
vn -0.9775039554 0.2070531547 -0.04018647224
v 4.287358284 30.21599197 1.999999762
vn -0.9930894375 0.1044084653 0.05359365791
v 3.87147212 29.56554604 18
vn -0.5931196213 0.8027780652 -0.06129031628
v 3.87147212 29.56554604 1.999999762
vn -0.5167195201 0.8534963727 0.06741571426
v 4.234726906 30.00481796 1.999999762
vn -0.9111976624 0.4101287723 0.03889962658
v 4.090233803 29.75447273 18
vn -0.828781426 0.5566140413 -0.05746410415
v 3.673935413 29.47419739 1.999999762
vn -0.2437616438 0.9673058987 0.06999715418
v 3.397335052 31.28348351 1.999999762
vn -0.8880705833 -0.4593515992 0.01807540655
v 3.458880663 29.44078827 18
vn -0.07115925103 0.9946058393 -0.07546937466
v 3.397335052 31.28348351 18
vn -0.7753825784 -0.6294603348 -0.0506118238
v 3.458880663 29.44078827 1.999999762
vn -0.001429825556 0.9975802302 0.06951022893
v 3.647797823 32.25896835 18
vn -0.5563145876 0.8294483423 -0.05029398948
v 3.510672331 31.18612099 18
vn -0.3923548162 -0.7877817154 -0.4748238027
v 3.647797823 32.25896835 1.999999762
vn -0.3763431907 0.9254375696 0.04394374788
v 3.510672331 31.18612099 1.999999762
vn -0.4315961301 -0.8665716648 0.2505560517
v 3.794018745 32.2896843 1.999999762
vn 0.04602124915 0.9590322375 0.2795338631
v 4.527227402 33.88181305 18
vn -0.4835436046 -0.8693007231 -0.1024785861
v 4.890909195 33.53598785 1.999999762
vn -0.8910281062 -0.4492276609 0.06529479474
v 4.706747055 33.75877762 18
vn -0.6259635091 -0.7775180936 -0.06029381976
v 4.706747055 33.75877762 1.999999762
vn -0.690277338 -0.7200165987 0.07136728615
v 4.941997528 32.76564407 18
vn -0.9218401909 0.3874690533 -0.008856114931
v 4.991591454 33.26504135 1.999999762
vn -0.9823601246 -0.1559683084 0.1031623557
v 4.997609138 32.97605133 18
vn -0.9965541363 0.08222601563 -0.01089488342
v 4.619915962 32.38077927 18
vn -0.5993719101 0.8000248075 -0.02671430632
v 4.619915962 32.38077927 1.999999762
vn -0.5056922436 0.8623002172 0.02671431564
v 4.830588341 32.57868576 18
vn -0.8148745298 0.579636395 -0.00109889009
v 4.964485645 32.83485413 1.999999762
vn -0.9292029738 0.3695262969 0.005666145589
v 4.237761021 34.07468414 1.999999762
vn -0.934232235 -0.35378474 0.04523856193
v 4.355893135 32.26312256 18
vn -0.3029942811 0.9523941875 -0.0337609984
v 4.067868233 32.23881149 18
vn 0.002605336951 0.9867551923 -0.1621957272
v 4.235555649 34.08518219 18
vn -0.7391037345 -0.1357869208 -0.6597632766
v 4.067868233 32.23881149 1.999999762
vn 0.09216535836 0.994738996 0.04472048953
v 4.874361515 34.98406219 1.999999762
vn 0.2189046144 0.9104617834 0.3509132564
v 4.303111076 33.98479462 1.999999762
vn -0.6688432693 -0.7423363924 0.03981630504
v 4.338000298 33.96389008 18
vn -0.5245289803 -0.8342841864 -0.1698212177
v 4.707512379 35.03071976 1.999999762
vn 0.1576182395 0.9841675162 0.081060417
v 4.707512379 35.03071976 18
vn 0.004617158324 0.9979979992 -0.06307673454
v 4.59866333 35.00828171 18
vn -0.5269374847 0.8489822745 -0.03957176581
v 5.741406918 36.46568298 18
vn -0.5878301263 -0.8058007956 -0.07169947028
v 6.067801476 35.84080505 1.999999762
vn -0.9965087771 -0.06202465668 0.05588594079
v 5.895752907 36.31224823 18
vn -0.7659269571 -0.6394139528 -0.06712485105
v 6.001870155 36.12223434 18
vn -0.9199615121 -0.3868759871 -0.06322785467
v 6.001870155 36.12223434 1.999999762
vn -0.9519225359 -0.3008978367 0.05748030916
v 5.895752907 36.31224823 1.999999762
vn -0.8223084211 -0.5650691986 0.06712465733
v 3.510672331 20.81387901 1.999999762
vn -0.4394043088 0.8822425008 0.1690326035
v 3.794018745 19.71031761 1.999999762
vn 0.07234408706 -0.9799343944 0.1857282072
v 3.397335052 20.7165184 1.999999762
vn -0.7762610912 0.6301765442 0.01720985211
v 3.397335052 20.7165184 18
vn -0.8869591355 0.4587792456 -0.053151384
v 3.458880663 22.55921173 1.999999762
vn -0.07134801894 -0.9972137213 0.02177750692
v 3.673935413 22.52580261 18
vn -0.2443630844 -0.9696829915 -0.001259643119
v 4.108421326 22.21401405 18
vn -0.763145566 -0.6458114982 -0.0231603384
v 4.043856621 22.30160713 1.999999762
vn -0.7145615816 -0.699434042 0.01391828246
v 3.87147212 22.43445396 18
vn -0.5377591848 -0.843075633 -0.006205769256
v 4.288887978 21.71125221 1.999999762
vn -0.9965165854 0.07031542808 0.04483816773
v 3.87147212 22.43445396 1.999999762
vn -0.5910126567 -0.8066555262 0.00330867921
v 4.288887978 21.71125221 18
vn -0.9985522032 -0.02145213634 -0.04932845384
v 4.260087967 21.92697334 18
vn -0.9338446856 -0.3558323979 -0.03629557043
v 4.172986031 22.12641907 1.999999762
vn -0.8736080527 -0.4857354462 0.02949573472
v 4.24669981 21.42529869 18
vn -0.9654454589 0.2544191778 -0.05644442514
v 3.90221858 20.97115707 1.999999762
vn -0.5518645048 0.8306594491 0.07382670045
v 4.112850189 21.16910744 1.999999762
vn -0.7598324418 0.6468316913 0.06529466808
v 4.112850189 21.16910744 18
vn -0.8276978135 0.5573624372 -0.06529462337
v 3.708693981 20.87159157 1.999999762
vn -0.3416720629 0.9369601607 0.073251836
v 3.180814266 22.5430603 1.999999762
vn -0.07609175146 -0.9771845341 0.1982938498
v 3.180814266 22.5430603 18
vn -0.07141632587 -0.9171419144 -0.3921102583
v 3.039594412 22.59186172 1.999999762
vn -0.6537309289 -0.7507118583 0.09522375464
v 2.96190691 22.69659996 1.999999762
vn -0.960048914 -0.1708043963 0.2216572165
v 2.990668297 23.65594482 1.999999762
vn -0.390155226 0.9139602184 0.1116048321
v 3.159356833 23.69543648 18
vn -0.2585947812 0.9464994073 -0.1930480748
v 3.133631468 25.42366982 18
vn -0.09793365747 -0.9926079512 -0.07168341428
v 3.133631468 25.42366982 1.999999762
vn -0.1612248421 -0.9844029546 0.07040825486
v 3.79243803 25.0211544 18
vn -0.8243130445 -0.5637657046 -0.05173231661
v 3.599080801 25.2360096 1.999999762
vn -0.6632447243 -0.7458744049 0.06146391109
v 3.345837831 25.37536049 1.999999762
vn -0.4132861197 -0.9083120227 0.06452799588
v 3.599080801 25.2360096 18
vn -0.5752406716 -0.815671742 -0.06146391109
v 3.844869614 24.18778229 1.999999762
vn -0.8991286755 0.4376803339 0.001893859473
v 3.895401478 24.32372856 18
vn -0.9704485536 0.239894852 -0.02607703023
v 3.906700373 24.7183609 18
vn -0.9826348424 -0.1828840226 -0.03134061396
v 3.904414654 24.75467491 1.999999762
vn -0.971842289 -0.2278750539 0.05996242538
v 3.746930361 24.03615952 18
vn -0.7859299183 0.6182132959 -0.01124675758
v 3.679963827 23.95038605 1.999999762
vn -0.6880210042 0.7256618738 0.006477804389
v 3.44618535 23.78039742 1.999999762
vn -0.3879401088 0.9215313792 0.01680425182
v 2.927479744 25.43032265 18
vn -0.2067300528 -0.966316402 -0.1532817632
v 2.729541779 25.61008835 1.999999762
vn -0.9729471803 -0.03824617341 0.2278397679
v 2.793489456 26.50356293 1.999999762
vn -0.5929226279 0.800414443 0.08820120245
v 2.793489456 25.49643898 1.999999762
vn -0.7450365424 -0.6649787426 0.0521896556
v 2.927479744 26.56967926 1.999999762
vn -0.2065689117 0.9655631781 0.1581676155
v 2.927479744 26.56967926 18
vn -0.2082506865 0.9734242558 -0.09527268261
v 2.927479744 25.43032265 1.999999762
vn -0.2085345238 -0.9747509956 0.07983636856
v 3.159356833 28.30456352 1.999999762
vn -0.259524107 -0.9498979449 0.1741869599
v 3.159356833 28.30456352 18
vn -0.2484624088 -0.9094104767 -0.3335251808
v 3.44618535 28.21960449 1.999999762
vn -0.4907762706 -0.8712645173 0.006067529786
v 3.679963827 28.04961395 18
vn -0.6478372812 -0.7617774606 -0.001372212195
v 3.895401478 27.67627335 1.999999762
vn -0.9723233581 -0.2325550169 0.02248173766
v 3.895401478 27.67627335 18
vn -0.9522397518 -0.3045226336 -0.02248176187
v 3.813896894 27.87807083 18
vn -0.8416895866 -0.5396776795 -0.01751135476
v 3.813896894 27.87807083 1.999999762
vn -0.8884237409 -0.4586901665 0.01751134172
v 3.79243803 26.9788475 1.999999762
vn -0.8118653297 0.5815501213 0.05171230435
v 3.79243803 26.9788475 18
vn -0.8720659614 0.4866485 -0.05171236023
v 3.904414654 27.24532509 18
vn -0.9727592468 0.2276071608 -0.04398155957
v 3.930166245 27.4614315 1.999999762
vn -0.9991749525 0.02584754676 0.03132579848
v 3.599080801 26.76399231 18
vn -0.6632453203 0.7458738685 -0.06146383658
v 3.599080801 26.76399231 1.999999762
vn -0.5752421021 0.8156707287 0.0614637956
v 40.89857864 43.8589592 0.9999997616
vn -0.1245910153 -0.155086115 -0.9800129533
v 46.80350876 15.60172939 0.9999997616
vn -0.208726272 0.09955079108 -0.9728941321
v 44.23664474 11.56619263 0.9999997616
vn -0.1587536633 0.1209459379 -0.9798822999
v 30.16961861 3.119348049 0.9999997616
vn -0.03920220956 0.1946546733 -0.9800881147
v 32.5001297 3.669342518 0.9999997616
vn -0.05907801166 0.1898136735 -0.9800410867
v 34.76173782 4.456047058 0.9999997616
vn -0.07836170495 0.1829200685 -0.9799998403
v 36.93047333 5.471123695 0.9999997616
vn -0.09683908522 0.1740455478 -0.9799644351
v 20.65804482 3.364332676 0.9999997616
vn 0.0422334075 0.1950100064 -0.9798915386
v 47.7624054 17.79587936 0.9999997616
vn -0.1870222539 0.06658416241 -0.980096519
v 48.49061966 20.07699394 0.9999997616
vn -0.1931074709 0.04705777764 -0.9800484776
v 48.98042679 22.42089462 0.9999997616
vn -0.1971285492 0.02698097378 -0.9800063372
v 49.22663498 24.80273438 0.9999997616
vn -0.1990369111 0.00657492131 -0.9799699187
v 49.22663498 27.19726562 0.9999997616
vn -0.1988075376 -0.01393562276 -0.9799394608
v 48.98042679 29.57910538 0.9999997616
vn -0.1964397877 -0.03432415426 -0.9799149036
v 48.49061966 31.92300606 0.9999997616
vn -0.1919570863 -0.05436509475 -0.9798963666
v 47.7624054 34.20412064 0.9999997616
vn -0.1854070276 -0.07383702695 -0.9798838496
v 46.80350876 36.39827347 0.9999997616
vn -0.1768608391 -0.09252420068 -0.9798772931
v 44.23664474 40.43380737 0.9999997616
vn -0.1788781732 -0.147034198 -0.9728224874
v 42.6558876 42.23241806 0.9999997616
vn -0.1397272348 -0.1413022131 -0.980056107
v 32.5001297 48.33065796 0.9999997616
vn -0.05220665783 -0.1925417036 -0.9798990488
v 27.79490662 49.18810654 0.9999997616
vn -0.0117240753 -0.1992529035 -0.9798779488
v 25.40116882 49.24975967 0.9999997616
vn 0.008825828321 -0.199409619 -0.9798764586
v 45.62408829 38.48219681 0.9999997616
vn -0.1664120555 -0.1102202311 -0.9798768163
v 30.16961861 48.88065338 0.9999997616
vn -0.03214331344 -0.1969548464 -0.9798855186
v 34.76173782 47.54395294 0.9999997616
vn -0.07169273496 -0.1860635877 -0.9799185991
v 36.93047333 46.52887726 0.9999997616
vn -0.09038702399 -0.1775941253 -0.9799441099
v 38.9833374 45.29619217 0.9999997616
vn -0.1080844849 -0.1672292352 -0.9799755812
v 23.01377869 2.93503809 0.9999997616
vn 0.02196420543 0.1983704567 -0.9798809886
v 25.40116882 2.750240326 0.9999997616
vn 0.001451226883 0.1995995939 -0.9798764586
v 27.79490662 2.811894417 0.9999997616
vn -0.02211055718 0.2302569896 -0.9728786349
v 38.9833374 6.703810215 0.9999997616
vn -0.1143045574 0.1632847637 -0.9799349904
v 40.89857864 8.141042709 0.9999997616
vn -0.1305636168 0.150753811 -0.9799114466
v 42.6558876 9.767584801 0.9999997616
vn -0.145435065 0.1365892589 -0.9798938632
v 45.62408829 13.51780415 0.9999997616
vn -0.1703711748 0.1039958298 -0.9798768163
v 30.66130066 0.4212532043 -1.788139343e-07
vn 0.001708192169 -0.01319398452 -0.9999114871
v 3.23429203 30.75736427 0.9999997616
vn 0.195379585 -0.03707438335 -0.9800266623
v 8.53057003 41.35346985 0.9999997616
vn 0.1522981673 -0.1289420873 -0.9798873663
v 7.044502258 39.47587204 0.9999997616
vn 0.1647835374 -0.1126228049 -0.9798787832
v 20.65804482 48.63566971 0.9999997616
vn 0.04920044169 -0.1924943626 -0.9800639153
v 18.35893631 47.96643066 0.9999997616
vn 0.06880739331 -0.1866194755 -0.9800197482
v 16.14082336 47.06434631 0.9999997616
vn 0.08771435916 -0.1787249446 -0.9799814224
v 23.01377869 49.06496048 0.9999997616
vn 0.03396107256 -0.2289923877 -0.9728356004
v 0.1378042698 23.32665443 -1.788139343e-07
vn -0.01328657102 -0.0006849128986 -0.9999114871
v 3.372582912 13.19375038 -1.788139343e-07
vn -0.011900465 -0.005948151462 -0.9999114871
v 4.809264183 10.93505192 -1.788139343e-07
vn -0.01122570224 -0.007140396163 -0.9999114871
v 6.470570564 8.836046219 -1.788139343e-07
vn -0.010432004 -0.008256783709 -0.9999114871
v 8.338891983 6.918981552 -1.788139343e-07
vn -0.009527949616 -0.009285382926 -0.9999114871
v 10.39443016 5.204179764 -1.788139343e-07
vn -0.008522488177 -0.0102161495 -0.9999114871
v 12.61538696 3.709821224 -1.788139343e-07
vn -0.007426996715 -0.01103812363 -0.9999114871
v 14.97822666 2.451742172 -1.788139343e-07
vn -0.006252566818 -0.01174333319 -0.9999114871
v 0.549752593 20.68164635 -1.788139343e-07
vn -0.01314575505 -0.002047363902 -0.9999114871
v 1.231480956 18.09301567 -1.788139343e-07
vn -0.01286542509 -0.003388200654 -0.9999114871
v 2.175761461 15.58819866 -1.788139343e-07
vn -0.01244894136 -0.00469303783 -0.9999114871
v 17.45789909 1.443280101 -1.788139343e-07
vn -0.005012129899 -0.01232397463 -0.9999114871
v 20.02812004 0.6951260567 -1.788139343e-07
vn -0.003718388965 -0.01277403999 -0.9999114871
v 22.66164398 0.2152116299 -1.788139343e-07
vn -0.002385074506 -0.01308866497 -0.9999114871
v 25.33055496 0.008619904518 -1.788139343e-07
vn -0.001026857761 -0.01326446608 -0.9999114871
v 28.00656319 0.07754528522 -1.788139343e-07
vn 0.0003426023468 -0.01329977531 -0.9999114871
v 35.79492569 1.91557765 -1.788139343e-07
vn 0.004371029325 -0.01256563235 -0.9999114871
v 38.21939468 3.050351381 -1.788139343e-07
vn 0.005639796611 -0.01204942632 -0.9999114871
v 33.26662827 1.036103368 -1.788139343e-07
vn 0.003055820242 -0.01294859033 -0.9999114871
v 14.02722168 45.93896866 0.9999997616
vn 0.1057107449 -0.1688941419 -0.9799489975
v 12.04053402 44.6022377 0.9999997616
vn 0.12259648 -0.1572325528 -0.9799224734
v 10.20182133 43.06831741 0.9999997616
vn 0.1381834894 -0.1438664943 -0.9799019098
v 3.84411025 33.07294083 0.9999997616
vn 0.1903188527 -0.05690331385 -0.9800717831
v 4.688786983 35.31354523 0.9999997616
vn 0.2137480229 -0.08874607831 -0.972849369
v 5.759366989 37.45542145 0.9999997616
vn 0.1755010784 -0.0950884819 -0.9798762798
v 2.865796328 28.39135742 0.9999997616
vn 0.1983488947 -0.01680513658 -0.9799873829
v 10.39443016 46.79582214 -1.788139343e-07
vn -0.007426918484 0.01103811525 -0.9999114871
v 14.97822666 49.54825974 -1.788139343e-07
vn -0.005012128502 0.01232397184 -0.9999114871
v 47.93816376 12.04589939 -1.788139343e-07
vn 0.01084331051 -0.007708556484 -0.9999114871
v 49.25666428 14.37556171 -1.788139343e-07
vn 0.01157842111 -0.006553038023 -0.9999114871
v 50.32863998 16.82844734 -1.788139343e-07
vn 0.01219088864 -0.005328003317 -0.9999114871
v 51.14271927 19.37855148 -1.788139343e-07
vn 0.01267402712 -0.004045658745 -0.9999114871
v 51.69028473 21.99884605 -1.788139343e-07
vn 0.01302287634 -0.002721470548 -0.9999114871
v 51.96552658 24.66155243 -1.788139343e-07
vn 0.01323364489 -0.001367927645 -0.9999114871
v 12.61538696 48.29018021 -1.788139343e-07
vn -0.006252563559 0.01174332667 -0.9999114871
v 8.338891983 45.08102036 -1.788139343e-07
vn -0.008522629738 0.01021614484 -0.9999114871
v 6.470570564 43.16395569 -1.788139343e-07
vn -0.009527880698 0.009285386652 -0.9999114871
v 50.32863998 35.17155457 -1.788139343e-07
vn 0.012674083 0.004045653157 -0.9999114871
v 49.25666428 37.62443924 -1.788139343e-07
vn 0.01219070796 0.005328004248 -0.9999114871
v 47.93816376 39.95410156 -1.788139343e-07
vn 0.011578504 0.006553043611 -0.9999114871
v 46.38711548 42.135849 -1.788139343e-07
vn 0.0108434502 0.007708551828 -0.9999114871
v 51.14271927 32.62144852 -1.788139343e-07
vn 0.01302282419 0.002721471014 -0.9999114871
v 51.69028473 30.00115585 -1.788139343e-07
vn 0.01323372778 0.001367927296 -0.9999114871
v 42.65542221 45.96489334 -1.788139343e-07
vn 0.009037273936 0.009763880633 -0.9999114871
v 40.51433563 47.57160187 -1.788139343e-07
vn 0.007985225879 0.01064119954 -0.9999114871
v 38.21939468 48.94964981 -1.788139343e-07
vn 0.006849062163 0.0114060007 -0.9999114871
v 35.79492569 50.08442307 -1.788139343e-07
vn 0.005639796145 0.01204942539 -0.9999114871
v 33.26662827 50.96389771 -1.788139343e-07
vn 0.004371027462 0.01256562769 -0.9999114871
v 28.00656319 51.92245483 -1.788139343e-07
vn 0.001708192402 0.01319398638 -0.9999114871
v 25.33055496 51.9913826 -1.788139343e-07
vn 0.0003427480697 0.0132997632 -0.9999114871
v 30.66130066 51.5787468 -1.788139343e-07
vn 0.003055820009 0.01294859033 -0.9999114871
v 44.61995697 44.14654922 -1.788139343e-07
vn 0.009992927313 0.008782721125 -0.9999114871
v 51.96552658 27.33844757 -1.788139343e-07
vn 0.01330418233 -7.597841862e-17 -0.9999114871
v 40.51433563 4.428397179 -1.788139343e-07
vn 0.00684891222 -0.01140599418 -0.9999114871
v 42.65542221 6.035107613 -1.788139343e-07
vn 0.00798529014 -0.01064118836 -0.9999114871
v 44.61995697 7.853452206 -1.788139343e-07
vn 0.00903719198 -0.00976387132 -0.9999114871
v 46.38711548 9.864152908 -1.788139343e-07
vn 0.009993223473 -0.008782723919 -0.9999114871
v 22.66164398 51.78479004 -1.788139343e-07
vn -0.001026857062 0.01326445676 -0.9999114871
v 20.02812004 51.30487442 -1.788139343e-07
vn -0.002385292668 0.01308866125 -0.9999114871
v 17.45789909 50.55672073 -1.788139343e-07
vn -0.003718242049 0.01277403627 -0.9999114871
v 38.21939468 48.94964981 0.9999997616
vn 0.2862541974 0.5529561639 0.7824947238
v 6.470570564 43.16395569 0.9999997616
vn -0.4616661668 0.3938166797 0.7948413491
v 0 26 -1.788139343e-07
vn -0.01328647695 0.0006849127822 -0.9999114871
v 0.1378042698 28.67334557 0.9999997616
vn -0.5799508095 0.0547385253 0.812810421
v 0.549752593 31.31835365 0.9999997616
vn -0.5960344672 0.1155020297 0.7946082354
v 1.231480956 33.90698624 0.9999997616
vn -0.5621084571 0.1729373038 0.8087810278
v 2.175761461 36.41180038 0.9999997616
vn -0.5826921463 0.2474100441 0.7741176486
v 3.372582912 38.80625153 0.9999997616
vn -0.5241373777 0.2846692502 0.8026477695
v 8.338891983 45.08102036 0.9999997616
vn -0.4045229256 0.4271425605 0.808647275
v 14.97822666 49.54825974 0.9999997616
vn -0.2589832842 0.5295891166 0.8077518344
v 17.45789909 50.55672073 0.9999997616
vn -0.2001173794 0.5520079136 0.8094691634
v 20.02812004 51.30487442 0.9999997616
vn -0.1462209374 0.5889689326 0.7948176265
v 30.66130066 51.5787468 0.9999997616
vn 0.09629125148 0.5789912343 0.8096277714
v 33.26662827 50.96389771 0.9999997616
vn 0.1579186171 0.5660279989 0.8091192842
v 35.79492569 50.08442307 0.9999997616
vn 0.2230137289 0.5647444725 0.7945618629
v 42.65542221 45.96489334 0.9999997616
vn 0.3705268502 0.4599719644 0.8069297671
v 25.33055496 51.9913826 0.9999997616
vn -0.02294059657 0.6304593086 0.7758831978
v 22.66164398 51.78479004 0.9999997616
vn -0.08173877001 0.5814384818 0.8094739318
v 28.00656319 51.92245483 0.9999997616
vn 0.03579684347 0.596513629 0.8018042445
v 50.32863998 35.17155457 0.9999997616
vn 0.5527632236 0.2172226459 0.8045291305
v 46.38711548 42.135849 0.9999997616
vn 0.4721851945 0.3825255632 0.7941758633
v 44.61995697 44.14654922 0.9999997616
vn 0.4141321778 0.4131440222 0.8110527396
v 47.93816376 39.95410156 0.9999997616
vn 0.4897783995 0.3209144175 0.8106362224
v 49.25666428 37.62443924 0.9999997616
vn 0.5604807734 0.2877291143 0.7765778899
v 51.14271927 32.62144852 0.9999997616
vn 0.5625851154 0.1580515057 0.8114910126
v 51.69028473 30.00115585 0.9999997616
vn 0.5797358155 0.09814482927 0.8088720441
v 4.809264183 41.06494904 0.9999997616
vn -0.4803029895 0.3323229849 0.8117083907
v 4.809264183 41.06494904 -1.788139343e-07
vn -0.01043214649 0.008256780915 -0.9999114871
v 3.372582912 38.80625153 -1.788139343e-07
vn -0.01122554671 0.007140390109 -0.9999114871
v 2.175761461 36.41180038 -1.788139343e-07
vn -0.01190061402 0.005948152859 -0.9999114871
v 1.231480956 33.90698624 -1.788139343e-07
vn -0.01244876161 0.004693039227 -0.9999114871
v 0.549752593 31.31835365 -1.788139343e-07
vn -0.01286562718 0.003388200887 -0.9999114871
v 0.1378042698 28.67334557 -1.788139343e-07
vn -0.01314575598 0.002047363902 -0.9999114871
v 10.39443016 46.79582214 0.9999997616
vn -0.3794256747 0.4918523729 0.7836564183
v 12.61538696 48.29018021 0.9999997616
vn -0.3165577352 0.5079240203 0.8011269569
v 35.79492569 1.91557765 0.9999997616
vn 0.2404338568 -0.5677487254 0.7873073816
v 49.25666428 14.37556171 0.9999997616
vn 0.5459025502 -0.2656029165 0.7946354151
v 47.93816376 12.04589939 0.9999997616
vn 0.4985448718 -0.3077683151 0.8103898168
v 46.38711548 9.864152908 0.9999997616
vn 0.4963739216 -0.3841290474 0.7784971595
v 44.61995697 7.853452206 0.9999997616
vn 0.4371483624 -0.4112425447 0.7998630404
v 40.51433563 4.428397179 0.9999997616
vn 0.3337351382 -0.4834611118 0.8092504144
v 38.21939468 3.050351381 0.9999997616
vn 0.2902241051 -0.5335974097 0.7943826318
v 30.66130066 0.4212532043 0.9999997616
vn 0.1146059185 -0.5787949562 0.807379663
v 28.00656319 0.07754528522 0.9999997616
vn 0.05457165092 -0.585216701 0.8090385199
v 25.33055496 0.008619904518 0.9999997616
vn -0.008071067743 -0.6064774394 0.7950597405
v 22.66164398 0.2152116299 0.9999997616
vn -0.06836702675 -0.5830028653 0.8095885515
v 20.02812004 0.6951260567 0.9999997616
vn -0.1372587532 -0.6118363738 0.7789841294
v 14.97822666 2.451742172 0.9999997616
vn -0.2391870916 -0.5342941284 0.8107523322
v 12.61538696 3.709821224 0.9999997616
vn -0.2958954573 -0.5067833066 0.8097015023
v 10.39443016 5.204179764 0.9999997616
vn -0.3589645922 -0.4894968867 0.794693172
v 17.45789909 1.443280101 0.9999997616
vn -0.1873506755 -0.5693477988 0.8004641533
v 6.470570564 8.836046219 0.9999997616
vn -0.472284168 -0.4238220453 0.7728664279
v 8.338891983 6.918981552 0.9999997616
vn -0.3950815201 -0.4356516898 0.808775723
v 4.809264183 10.93505192 0.9999997616
vn -0.4791198671 -0.3533257246 0.8034955263
v 3.372582912 13.19375038 0.9999997616
vn -0.5067641139 -0.2965977192 0.8094565868
v 0.549752593 20.68164635 0.9999997616
vn -0.6108676195 -0.1348322779 0.7801672816
v 1.231480956 18.09301567 0.9999997616
vn -0.5578553081 -0.1857335567 0.8088884354
v 2.175761461 15.58819866 0.9999997616
vn -0.552524507 -0.2498902082 0.7951550484
v 0 26 0.9999997616
vn -0.5895289779 -0.01000530459 0.807685256
v 0.1378042698 23.32665443 0.9999997616
vn -0.5936605334 -0.07132358104 0.8015485406
v 40.51433563 47.57160187 0.9999997616
vn 0.3258543909 0.5020543933 0.8010994196
v 51.96552658 27.33844757 0.9999997616
vn 0.6059709787 0.03758902475 0.7945981622
v 51.96552658 24.66155243 0.9999997616
vn 0.6207251549 -0.02468671277 0.7836394906
v 51.69028473 21.99884605 0.9999997616
vn 0.5928789973 -0.08230377734 0.8010746241
v 51.14271927 19.37855148 0.9999997616
vn 0.5747750401 -0.140816763 0.8061044216
v 42.65542221 6.035107613 0.9999997616
vn 0.3831123412 -0.4445886314 0.8096702099
v 50.32863998 16.82844734 0.9999997616
vn 0.5518328547 -0.1993988305 0.8097657561
v 33.26662827 1.036103368 0.9999997616
vn 0.1766091734 -0.5712846518 0.8015254736
v 8.53057003 41.35346985 1.999999762
vn -0.2523353696 0.2029873133 0.9461094141
v 49.22663498 27.19726562 1.999999762
vn 0.3086904287 0.01942096651 0.950964272
v 38.9833374 45.29619217 1.999999762
vn 0.2044027746 0.2728158832 0.9401015639
v 48.98042679 22.42089462 1.999999762
vn 0.3207502663 -0.06647314876 0.9448283315
v 46.80350876 15.60172939 1.999999762
vn 0.2741240263 -0.1325346529 0.9525180459
v 44.23664474 11.56619263 1.999999762
vn 0.2450589985 -0.2072586417 0.9470955133
v 38.9833374 6.703810215 1.999999762
vn 0.1872347593 -0.2577065527 0.9479084611
v 48.98042679 29.57910538 1.999999762
vn 0.3061753213 0.06276846677 0.9499035478
v 49.22663498 24.80273438 1.999999762
vn 0.3285717964 -0.02804158814 0.9440626502
v 36.93047333 5.471123695 1.999999762
vn 0.146281004 -0.2749477327 0.9502660632
v 34.76173782 4.456047058 1.999999762
vn 0.1164882705 -0.3156458437 0.9416996241
v 32.5001297 3.669342518 1.999999762
vn 0.08035803586 -0.3262210786 0.9418717623
v 25.40116882 2.750240326 1.999999762
vn -2.059101345e-20 -0.3084070086 0.951254487
v 23.01377869 2.93503809 1.999999762
vn -0.03474314138 -0.3090431392 0.9504132271
v 20.65804482 3.364332676 1.999999762
vn -0.08763173223 -0.3178007901 0.9440992475
v 14.02722168 6.061031342 1.999999762
vn -0.1638122499 -0.2885305583 0.9433534145
v 10.20182133 8.931684494 1.999999762
vn -0.2098933011 -0.2235138416 0.9518331885
v 8.53057003 10.64653111 1.999999762
vn -0.2633113563 -0.2125553787 0.9410033822
v 4.688786983 16.68645477 1.999999762
vn -0.2761838436 -0.129962489 0.9522773623
v 3.84411025 18.92705917 1.999999762
vn -0.3070285618 -0.09975943714 0.9464573264
v 12.04053402 7.397761345 1.999999762
vn -0.1830258816 -0.2519135475 0.9502847195
v 3.84411025 33.07294083 1.999999762
vn -0.2968327701 0.09644657373 0.9500464797
v 2.865796328 23.60864449 1.999999762
vn -0.3433782756 -0.02146133222 0.9389519691
v 3.23429203 21.24263763 1.999999762
vn -0.3297683299 -0.05647835881 0.9423709512
v 2.865796328 28.39135742 1.999999762
vn -0.3244191408 0.02041075751 0.9456931949
v 3.23429203 30.75736427 1.999999762
vn -0.307020545 0.05058090761 0.9503577948
v 4.688786983 35.31354523 1.999999762
vn -0.301361382 0.1466823667 0.9421600699
v 32.5001297 48.33065796 1.999999762
vn 0.0795904845 0.3099855483 0.9474039674
v 34.76173782 47.54395294 1.999999762
vn 0.1137199253 0.2872233093 0.9510891438
v 36.93047333 46.52887726 1.999999762
vn 0.1646846235 0.2850984931 0.9442445636
v 44.23664474 40.43380737 1.999999762
vn 0.2475398332 0.2034305781 0.9472803473
v 45.62408829 38.48219681 1.999999762
vn 0.266997695 0.1694421619 0.9486841559
v 46.80350876 36.39827347 1.999999762
vn 0.2981120348 0.1346981227 0.9449791908
v 45.62408829 13.51780415 1.999999762
vn 0.2717718482 -0.1724720001 0.9467805624
v 30.07262802 20.00198364 20
vn -0.007647533901 0.01117418148 0.9999083281
v 19.05815506 23.90876198 20
vn 0.01272715535 0.004376209341 0.9999094009
v 25.40116882 49.24975967 1.999999762
vn 0.003220915794 0.3252545595 0.9456210136
v 25.38295555 18.77630615 20
vn 0.0007725777104 0.01344263647 0.9999093413
v 24.16674232 18.98561096 20
vn 0.003038714174 0.01310581248 0.9999095201
v 27.83325768 18.98561096 20
vn -0.003444754519 0.01309572812 0.9999083281
v 26.61704636 18.77630615 20
vn -0.0007811549003 0.007607294712 0.9999707341
v 18.7584362 26.34965515 20
vn 0.01346124616 -0.0001442334469 0.9999094009
v 28.99635315 19.39815331 20
vn -0.00378619018 0.008284094743 0.9999585152
v 21.92737198 20.00198364 20
vn 0.00724506285 0.01133606303 0.9999095201
v 29.47580719 32.36248779 20
vn -0.006090523209 -0.01111621689 0.9999196529
v 31.40275955 30.83453369 20
vn -0.009864647873 -0.009207110852 0.9999089837
v 30.5045414 31.68081093 20
vn -0.008171719499 -0.01077377982 0.9999085665
v 32.94184494 23.90876198 20
vn -0.01373182517 0.003957291134 0.9998978972
v 32.14443207 29.84817505 20
vn -0.007594384253 -0.004975400865 0.9999588132
v 20.59724236 30.83453369 20
vn 0.01034930535 -0.008620441891 0.9999092817
v 18.92264938 27.57277298 20
vn 0.008914776146 -0.001637553331 0.9999589324
v 28.73500061 35.29406357 20
vn -0.002834412735 -0.01147068199 0.999930203
v 32.70807266 28.75031853 20
vn -0.01238030475 -0.005366587546 0.9999089837
v 28.73500061 32.71433258 20
vn -0.03760559857 -0.005128984805 0.9992794991
v 19.29192734 28.75031853 20
vn 0.01263708808 -0.004650363233 0.9999093413
v 19.85556793 29.84817505 20
vn 0.007851510309 -0.004532685503 0.9999589324
v 20.15659523 21.70848465 20
vn 0.01061781868 0.008261985146 0.9999095201
v 19.51340103 22.76170921 20
vn 0.007498922292 0.003970753867 0.9999639988
v 23.00364876 19.39815331 20
vn 0.003511224175 0.008345288225 0.999958992
v 20.96909904 20.77960396 20
vn 0.006098978221 0.006691427901 0.999958992
v 32.48659897 22.76170921 20
vn -0.00817676913 0.004012416583 0.9999585152
v 10.20182133 43.06831741 1.999999762
vn -0.2177985013 0.2368791997 0.9468114972
v 12.04053402 44.6022377 1.999999762
vn -0.1930728257 0.2772476971 0.9411995411
v 14.02722168 45.93896866 1.999999762
vn -0.1596861631 0.3000129163 0.940474689
v 18.41046715 47.99147797 1.999999762
vn -0.3858282566 0.8864201307 0.255726248
v 20.65804482 48.63566971 1.999999762
vn -0.07662055641 0.2984183133 0.9513547421
v 23.01377869 49.06496048 1.999999762
vn -0.04316916317 0.3077281713 0.9504944682
v 18.80404663 25.11640739 20
vn 0.008945854381 0.001445828006 0.9999589324
v 17.27628517 6.897728443 20
vn -0.04317025095 -0.09950566292 0.9941000938
v 5.545750141 21.24356842 20
vn -0.08379928023 -0.02117782272 0.9962576032
v 5.136884212 23.60618019 20
vn -0.1075029746 -0.01441542245 0.9941002727
v 5.000000477 26 20
vn -0.08641397953 -0.00164711196 0.9962579608
v 31.84340477 21.70848465 20
vn -0.01095930953 0.007951469161 0.9999083281
v 31.03090096 20.77960396 20
vn -0.00635136012 0.006528404076 0.9999585152
v 21.4954586 31.68081093 20
vn 0.005878685508 -0.006904313341 0.9999588728
v 33.07735062 27.57277298 20
vn -0.008822633885 -0.002141069621 0.9999588132
v 21.82960129 5.41826725 20
vn -0.01554710604 -0.08502213657 0.996257782
v 24.20292473 5.077034473 20
vn -0.00575195998 -0.08621069044 0.996260345
v 26.59967804 5.008565903 20
vn 0.005158737767 -0.1082535163 0.9941099286
v 28.98861122 5.213750839 20
vn 0.01392875519 -0.08530274779 0.9962577224
v 31.3385849 5.689916611 20
vn 0.02355393022 -0.08313136548 0.9962602258
v 42.98935699 13.65651035 20
vn 0.07085961848 -0.04944707826 0.9962599277
v 33.61896133 6.430854797 20
vn 0.0412395075 -0.1002298221 0.994109273
v 35.8000145 7.426908493 20
vn 0.04178489 -0.07566155493 0.9962576628
v 37.85330963 8.665090561 20
vn 0.05012126267 -0.07038263232 0.9962601066
v 39.7520752 10.12926006 20
vn 0.07252714783 -0.08054663241 0.9941086769
v 41.47156525 11.8003273 20
vn 0.06478118151 -0.05721984431 0.9962576628
v 44.28566742 15.67360973 20
vn 0.0953817293 -0.05149227753 0.9941080809
v 45.34359741 17.82532883 20
vn 0.08024284989 -0.03212270513 0.9962576032
v 19.51064301 6.027814388 20
vn -0.02513775788 -0.08269646019 0.9962576628
v 8.333676338 14.6465435 20
vn -0.07180876285 -0.04810670763 0.9962576032
v 9.743027687 12.70673943 20
vn -0.06585492939 -0.05597697943 0.9962578416
v 11.36431122 10.94023228 20
vn -0.07409827411 -0.07921124995 0.9941000938
v 13.17639446 9.370054245 20
vn -0.05146622658 -0.06943997741 0.9962576628
v 15.155653 8.016670227 20
vn -0.04321431741 -0.07485260069 0.996257782
v 6.221268654 18.94296265 20
vn -0.08083556592 -0.03059093468 0.9962579012
v 7.154634476 16.73435783 20
vn -0.09640745819 -0.04970373586 0.9941001534
v 33.2415657 26.34965515 20
vn -0.0134627223 -0.000905004621 0.9999089837
v 33.19595337 25.11640739 20
vn -0.009029500186 0.0009409280028 0.9999588132
v 23.2650013 35.29406357 20
vn 0.005392197054 -0.005806472152 0.9999685884
v 23.2650013 32.71433258 20
vn 0.2654673159 -0.1340364218 0.9547572136
v 22.52419281 32.36248779 20
vn 0.008589874953 -0.01379950158 0.9998678565
v 13.17639446 42.62994766 20
vn -0.06785678864 0.08461333066 0.9941006303
v 24.20292473 46.922966 20
vn -0.0135175148 0.1285875738 0.9916059971
v 41.47156525 40.1996727 20
vn 0.06253809482 0.05963213742 0.9962595105
v 45.34359741 34.17467117 20
vn 0.07893934101 0.03514781594 0.9962596297
v 46.14935303 31.91638374 20
vn 0.0824540481 0.0259274561 0.9962575436
v 46.6924324 29.58096695 20
vn 0.1064443663 0.02051753551 0.9941069484
v 46.14935303 20.08361626 20
vn 0.08335669339 -0.02275954559 0.9962598085
v 46.6924324 22.41903496 20
vn 0.1071438789 -0.01644548215 0.9941074848
v 21.82960129 46.5817337 20
vn -0.02847185917 0.1279366612 0.9913735986
v 19.51064301 45.97218704 20
vn -0.04298996553 0.1242040321 0.9913249612
v 17.27628517 45.10227203 20
vn -0.05640740693 0.1175343767 0.9914655089
v 15.155653 43.98332977 20
vn -0.03546983376 0.0563624762 0.9977801442
v 11.36431122 41.05976868 20
vn -0.06141002849 0.06082590297 0.996257484
v 9.743027687 39.29326248 20
vn -0.06793822348 0.05342521891 0.99625808
v 37.85330963 43.33491135 20
vn 0.04114620388 0.06270665675 0.9971834421
v 35.8000145 44.57309341 20
vn 0.05815939605 0.115505524 0.9916027188
v 13.17639446 9.370054245 19
vn -0.2552606761 -0.318294704 0.9129788876
v 9.743027687 12.70673943 19
vn -0.3189297318 -0.2507996559 0.9139930606
v 8.333676338 14.6465435 19
vn -0.3446834385 -0.2123434842 0.9143869877
v 31.3385849 46.3100853 20
vn 0.0309833847 0.1277255714 0.9913254976
v 8.333676338 37.3534584 20
vn -0.09234591573 0.05689005181 0.9941004515
v 7.154634476 35.26564407 20
vn -0.07827893645 0.03665162995 0.9962575436
v 6.221268654 33.05703735 20
vn -0.081941396 0.02748784982 0.9962580204
v 5.545750141 30.75643349 20
vn -0.106094487 0.02254902571 0.9941003323
v 11.36431122 10.94023228 19
vn -0.28901124 -0.2862621844 0.9135242105
v 5.136884212 28.39381981 20
vn -0.08604299277 0.008214509115 0.9962575436
v 33.61896133 45.5691452 20
vn 0.0452196002 0.1230306998 0.9913721085
v 46.96575165 24.80113602 20
vn 0.08637145907 -0.003289001994 0.9962576032
v 46.96575165 27.19886589 20
vn 0.08615864068 0.006576115731 0.9962597489
v 44.28566742 36.32639313 20
vn 0.09336331487 0.05509734899 0.9941064119
v 42.98935699 38.3434906 20
vn 0.06894624978 0.05212838575 0.9962575436
v 39.7520752 41.8707428 20
vn 0.05529980734 0.0663325116 0.9962639809
v 28.98861122 46.78625107 20
vn 0.01608858071 0.129354015 0.9914679527
v 26.59967804 46.991436 20
vn 0.000571020646 0.06009697542 0.9981923699
v 5.000000477 26 19
vn -0.4327408969 0.008248350583 0.9014806151
v 21.82960129 46.5817337 19
vn -0.0730413124 0.3994395435 0.9138451815
v 46.96575165 27.19886589 19
vn 0.4025623202 0.0153294662 0.9152641892
v 5.136884212 23.60618019 19
vn -0.4010905027 -0.03829204664 0.9152377248
v 39.7520752 41.8707428 19
vn 0.2725926042 0.3027334511 0.9132610559
v 41.47156525 40.1996727 19
vn 0.3044715822 0.2689331472 0.9137680531
v 42.98935699 38.3434906 19
vn 0.3323461413 0.231917128 0.9141993523
v 44.28566742 36.32639313 19
vn 0.3559072912 0.1921381056 0.9145561457
v 17.27628517 45.10227203 19
vn -0.1252775639 0.2887596488 0.9491698146
v 5.136884212 28.39381981 19
vn -0.2966128886 0.03977376223 0.9541692138
v 6.221268654 33.05703735 19
vn -0.3796201646 0.1436611563 0.9139201045
v 7.154634476 35.26564407 19
vn -0.3599554002 0.1855781972 0.9143264294
v 9.743027687 39.29326248 19
vn -0.3075461388 0.2614156604 0.9149192572
v 11.36431122 41.05976868 19
vn -0.2754504979 0.2944572866 0.9151076078
v 8.333676338 37.3534584 19
vn -0.3358301818 0.2249821872 0.9146590233
v 5.545750141 30.75643349 19
vn -0.3945710957 0.09971635789 0.9134387374
v 13.17639446 42.62994766 19
vn -0.2399305999 0.3237224817 0.9152251482
v 15.155653 43.98332977 19
vn -0.2014117688 0.3488703668 0.9152719378
v 46.96575165 24.80113602 19
vn 0.3138752282 -0.02395673469 0.9491619468
v 46.6924324 22.41903496 19
vn 0.400213629 -0.07714258134 0.9131692648
v 24.20292473 46.922966 19
vn -0.02696970664 0.4042208195 0.9142637253
v 26.59967804 46.991436 19
vn 0.01924660243 0.4038821161 0.9146085382
v 28.98861122 46.78625107 19
vn 0.06506095082 0.3984475136 0.914880693
v 31.3385849 46.3100853 19
vn 0.1099328175 0.3879968226 0.9150810242
v 33.61896133 45.5691452 19
vn 0.1533327401 0.3726650178 0.9152103066
v 35.8000145 44.57309341 19
vn 0.1947494745 0.352640748 0.915268898
v 37.85330963 43.33491135 19
vn 0.1825929582 0.2564058006 0.9491658807
v 7.154634476 16.73435783 19
vn -0.3659858406 -0.1713613868 0.9147074223
v 6.221268654 18.94296265 19
vn -0.3826012909 -0.1283464134 0.9149554372
v 5.545750141 21.24356842 19
vn -0.39434582 -0.08381317556 0.9151321054
v 45.34359741 34.17467117 19
vn 0.3748920858 0.1500761956 0.9148404598
v 46.14935303 31.91638374 19
vn 0.3890917599 0.1062369049 0.9150526524
v 46.6924324 29.58096695 19
vn 0.3983491659 0.06114251539 0.9151937366
v 19.51064301 45.97218704 19
vn -0.1184206754 0.3895721436 0.9133509994
v 43.46942902 41.35346985 19
vn -0.1493629664 -0.1312717199 0.9800298214
v 26.59967804 5.008565903 19
vn 0.003845408792 -0.4046910405 0.9144454002
v 24.20292473 5.077034473 19
vn -0.04223811626 -0.4017978311 0.9147537351
v 21.82960129 5.41826725 19
vn -0.0876481384 -0.3938418925 0.9149898291
v 33.61896133 6.430854797 19
vn 0.1406810731 -0.3827566206 0.9130751491
v 31.3385849 5.689916611 19
vn 0.09585146606 -0.3951373994 0.913607657
v 28.98861122 5.213750839 19
vn 0.05005764216 -0.4024690986 0.9140639305
v 46.14935303 20.08361626 19
vn 0.3876986504 -0.1219107807 0.9136889577
v 39.95946884 44.6022377 19
vn -0.1389081776 -0.1851076186 0.972851336
v 35.85917664 47.06434631 19
vn -0.08459758759 -0.1807444841 0.9798850417
v 33.64106369 47.96643066 19
vn -0.06555189192 -0.1884477288 0.9798930287
v 19.51064301 6.027814388 19
vn -0.1318490058 -0.3809302151 0.9151546359
v 17.27628517 6.897728443 19
vn -0.1743200719 -0.3632253706 0.9152485132
v 15.155653 8.016670227 19
vn -0.1676772535 -0.2664434612 0.9491534233
v 26.59883118 49.24975967 19
vn -0.005129700527 -0.1991618574 0.9799531698
v 49.13420486 28.39135742 19
vn -0.1985006481 -0.02051878162 0.9798859358
v 31.34195709 48.63566971 19
vn -0.04581220448 -0.1941218525 0.9799070954
v 28.98622131 49.06496048 19
vn -0.02559689432 -0.1977057755 0.9799271822
v 24.20509529 49.18810654 19
vn 0.01536326669 -0.1984770298 0.9799851179
v 21.8303833 48.88065338 19
vn 0.03565607965 -0.1956620216 0.9800229669
v 37.97277832 45.93896866 19
vn -0.102738671 -0.1710966825 0.9798830152
v 41.79817963 43.06831741 19
vn -0.134924531 -0.1457720697 0.9800744057
v 48.76570892 30.75736427 19
vn -0.1952953488 -0.04081097245 0.9798949957
v 48.15589142 33.07294083 19
vn -0.1899935007 -0.06065266579 0.9799100757
v 47.31121445 35.31354523 19
vn -0.1826553792 -0.07982522249 0.9799311161
v 46.24063492 37.45542145 19
vn -0.1733641475 -0.09811735153 0.979958117
v 44.95549774 39.47587204 19
vn -0.1622245908 -0.1153289452 0.9799910188
v 45.34359741 17.82532883 19
vn 0.3703623414 -0.1649043262 0.9141325355
v 44.28566742 15.67360973 19
vn 0.3484324515 -0.205623582 0.9145019054
v 42.98935699 13.65651035 19
vn 0.3221876323 -0.2435972244 0.9147980809
v 41.47156525 11.8003273 19
vn 0.2919517756 -0.2783859968 0.9150220752
v 39.7520752 10.12926006 19
vn 0.2580929697 -0.3095843494 0.9151751399
v 37.85330963 8.665090561 19
vn 0.221018225 -0.3368307948 0.9152573347
v 35.8000145 7.426908493 19
vn 0.141574651 -0.2811693251 0.9491577744
v 21.8303833 3.119348049 19
vn 0.03575013205 0.1961778849 0.9799163938
v 3.019575119 29.57910538 19
vn 0.2320120484 -0.03310604766 0.9721493721
v 2.75794816 26.59863281 19
vn 0.1912652999 -0.00985855516 0.9814888835
v 19.49987221 48.33065796 19
vn 0.05552531779 -0.1907522082 0.9800665975
v 17.23826218 47.54395294 19
vn 0.08720777929 -0.2144325674 0.9728378654
v 15.06952953 46.52887726 19
vn 0.09379398078 -0.1761575639 0.9798832536
v 13.01666355 45.29619217 19
vn 0.1114066467 -0.1655758321 0.9798842669
v 11.10142326 43.8589592 19
vn 0.1278188378 -0.1532166898 0.9798913002
v 3.019575119 22.42089462 19
vn 0.1971629113 0.03070727363 0.9798896909
v 3.509379864 20.07699394 19
vn 0.192903325 0.05080193654 0.9799017906
v 7.763355732 11.56619263 19
vn 0.1560003906 0.1234701797 0.980009675
v 9.344112396 9.767584801 19
vn 0.1423311085 0.1387123615 0.9800513983
v 11.10142326 8.141042709 19
vn 0.127164036 0.1524317414 0.9800989032
v 13.01666355 6.703810215 19
vn 0.1290919185 0.1918599904 0.972895205
v 4.237593651 17.79587936 19
vn 0.1865743697 0.07033594698 0.9799198508
v 5.196492672 15.60172939 19
vn 0.1782478392 0.08909408003 0.9799438715
v 6.37591362 13.51780415 19
vn 0.1680179834 0.1068702936 0.9799738526
v 17.23826218 4.456047058 19
vn 0.07517483085 0.1848450005 0.97988832
v 19.49987221 3.669342518 19
vn 0.05575533211 0.191542685 0.9798993468
v 31.34195709 3.364332676 19
vn -0.04565740377 0.1934659034 0.9800440669
v 35.85917664 4.93565464 19
vn -0.09805591404 0.2094983757 0.9728800058
v 37.97277832 6.061031342 19
vn -0.1027385443 0.1710966825 0.9798830152
v 15.06952953 5.471123695 19
vn 0.09379396588 0.1761575341 0.9798832536
v 33.64106369 4.033568382 19
vn -0.06523236632 0.1875291318 0.9800906181
v 28.98622131 2.93503809 19
vn -0.02554886602 0.1973341703 0.9800032973
v 26.59883118 2.750240326 19
vn -0.005127728451 0.1990869045 0.9799684286
v 24.20509529 2.811894417 19
vn 0.01538069453 0.1987010986 0.9799394608
v 9.344112396 42.23241806 19
vn 0.1428494453 -0.1392174065 0.9799043536
v 7.763355732 40.43380737 19
vn 0.1563332677 -0.1237335876 0.9799234271
v 6.37591362 38.48219681 19
vn 0.1681233346 -0.1069374084 0.9799484611
v 5.196492672 36.39827347 19
vn 0.1780914217 -0.08901588619 0.9799793959
v 4.237593651 34.20412064 19
vn 0.1861304641 -0.07016855478 0.9800162315
v 3.509379864 31.92300606 19
vn 0.1921553165 -0.05060493574 0.9800589085
v 2.773366451 24.80273438 19
vn 0.1990868598 0.01261012815 0.9799007177
v 16.20507431 50.08442307 20
vn -0.05900188535 0.1696187556 0.9837419391
v 0.5834977627 31.31130219 20
vn 0.07420968264 -0.01550746802 0.9971221089
v 0.3097147942 30.00115585 20
vn -0.141455695 0.02956017852 0.9895031452
v 48.15589142 18.92705917 19
vn -0.1893990338 0.0604628548 0.9800368547
v 44.95549774 12.52413082 19
vn -0.1624484807 0.1154881269 0.9799351692
v 46.24063492 14.54457855 19
vn -0.1733423024 0.09810507298 0.9799631834
v 47.31121445 16.68645477 19
vn -0.1823579371 0.07969520986 0.9799970984
v 39.95946884 7.397761345 19
vn -0.1197745577 0.1596102417 0.9798870683
v 1.264321089 33.89650345 20
vn 0.07222183049 -0.02305582725 0.9971220493
v 1.671362996 35.17155457 20
vn -0.1645592898 0.07191646844 0.9837419987
v 4.837360382 41.04497528 20
vn 0.06178921089 -0.04392738268 0.9971221089
v 5.612885475 42.135849 20
vn -0.1348934472 0.118555136 0.9837420583
v 6.496465206 43.1411972 20
vn 0.05694541335 -0.05004796758 0.9971220493
v 13.78060532 48.94964981 20
vn -0.07612964511 0.1626528352 0.9837419987
v 14.99284077 49.51703644 20
vn 0.03213810176 -0.06866381317 0.9971220493
v 17.46922493 50.52415848 20
vn 0.0249074623 -0.07160434872 0.9971220493
v 18.73337364 50.96389771 20
vn -0.04124934599 0.1747861505 0.9837419987
v 2.2073493 36.39799881 20
vn 0.06946868449 -0.03035930544 0.9971220493
v 2.743337393 37.62443924 20
vn -0.1562926769 0.08845551312 0.9837419391
v 3.402586937 38.78927231 20
vn 0.06597869098 -0.03734136 0.9971220493
v 4.06183672 39.95410156 20
vn -0.146369189 0.1040567905 0.9837419391
v 11.48566437 47.57160187 20
vn -0.09245032817 0.1539633423 0.9837419391
v 9.344577789 45.96489334 20
vn -0.1077911034 0.1436412185 0.9837419987
v 7.38004446 44.14654922 20
vn -0.1219892204 0.1317964941 0.9837419987
v 8.36231041 45.05572128 20
vn 0.05149746314 -0.05563771352 0.9971221089
v 10.41512108 46.76824951 20
vn 0.04550413042 -0.0606379658 0.9971220493
v 12.63313484 48.26062393 20
vn 0.03902746364 -0.06499531865 0.9971221089
v 41.79817963 8.931684494 19
vn -0.1355175823 0.1464127153 0.9798970819
v 43.46942902 10.64653111 19
vn -0.1497943252 0.1316507906 0.9799131155
v 48.76570892 21.24263763 19
vn -0.1943920404 0.04062220827 0.9800824523
v 49.13420486 23.60864449 19
vn -0.230145663 0.02378989011 0.9728653431
v 49.25747299 26 19
vn -0.1995731294 7.177119273e-17 0.9798829556
v 0.1032842398 28.00412369 20
vn 0.01645093225 0.0007048240514 0.9998643994
v 0.8572807312 32.62144852 20
vn -0.1710817516 0.054615058 0.9837419391
v 51.86219788 28.67334557 20
vn 0.1793494225 0.009245020337 0.9837419987
v 35.78194046 50.05249023 20
vn -0.02856065333 -0.07022722811 0.9971220493
v 37.02177429 49.54825974 20
vn 0.08440205455 0.1585182697 0.9837419391
v 23.99343872 51.92245483 20
vn -0.004623858724 0.1795279235 0.9837419987
v 25.33144188 51.95691681 20
vn 0.001951643615 -0.07578730583 0.9971221089
v 26.66944695 51.9913826 20
vn 0.01386011392 0.1790515929 0.9837420583
v 33.25699234 50.93079758 20
vn -0.02118873782 -0.07279133052 0.9971221089
v 30.65512085 51.54483032 20
vn -0.01359175332 -0.07458446175 0.9971220493
v 51.45024872 31.31835365 20
vn 0.1774482429 0.02763688192 0.9837419987
v 42.63333893 45.93841934 20
vn -0.04856513813 -0.05821444467 0.9971221089
v 47.19073868 41.06494904 20
vn 0.1515314281 0.09638364613 0.9837420583
v 47.90907669 39.93560028 20
vn -0.06396897137 -0.04068822414 0.9971220493
v 49.82423782 36.41180038 20
vn 0.1680430323 0.06335044652 0.9837419391
v 43.66110992 45.08102036 20
vn 0.1286121458 0.1253413409 0.9837420583
v 50.2963829 35.15939331 20
vn -0.0709393248 -0.02674328163 0.9971220493
v 49.22582626 37.60902405 20
vn -0.06781339645 -0.03389529511 0.9971221089
v 48.62741852 38.80625153 20
vn 0.1606389135 0.0802918002 0.9837419987
v 41.60557175 46.79582214 20
vn 0.1150430068 0.1379017681 0.9837419391
v 38.20319366 48.91921997 20
vn -0.03563028201 -0.06691818684 0.9971220493
v 39.38461304 48.29018021 20
vn 0.1002535596 0.1489997655 0.9837419987
v 40.4950943 47.54299927 20
vn -0.04232204705 -0.06290034205 0.9971220493
v 44.59526825 44.12248611 20
vn -0.05429347605 -0.05291298404 0.9971220493
v 45.52943039 43.16395569 20
vn 0.1408181787 0.1114537567 0.9837419987
v 46.36008453 42.11445236 20
vn -0.05944606662 -0.04704991356 0.9971221089
v 50.76852036 33.90698624 20
vn 0.1736661494 0.04573603347 0.9837419987
v 51.10938644 32.6126709 20
vn -0.07331267744 -0.01930739731 0.9971221089
v 51.6562233 29.99584961 20
vn -0.07490950078 -0.0116669219 0.9971221089
v 20.03603745 51.27132416 20
vn 0.01741337031 -0.07378560305 0.9971221089
v 21.33870125 51.5787468 20
vn -0.02305878513 0.1781009585 0.9837419987
v 28.00390244 51.88808441 20
vn -0.005850922316 -0.07558650523 0.9971221089
v 29.33835793 51.78479004 20
vn 0.03219688311 0.1766778082 0.9837419987
v 31.97188187 51.30487442 20
vn 0.05019230023 0.1724310815 0.9837419391
v 22.66606903 51.75060272 20
vn 0.009734295309 -0.07518506795 0.9971221089
v 34.54210281 50.55672073 20
vn 0.06765562296 0.1663562655 0.9837419987
v 33.25699234 1.069202304 20
vn -0.02118851244 0.07279134542 0.9971221089
v 47.90907669 12.06440163 20
vn -0.06396882981 0.04068857059 0.9971220493
v 47.19073868 10.93505192 20
vn 0.1408179253 -0.1114539281 0.9837419987
v 51.6562233 22.00415039 20
vn -0.07490947843 0.01166680921 0.9971221089
v 49.22582626 14.390975 20
vn -0.06781336665 0.03389564157 0.9971220493
v 49.82423782 15.58819866 20
vn 0.1606386453 -0.08029255271 0.9837419987
v 50.2963829 16.84060669 20
vn -0.07093916088 0.0267428197 0.9971221089
v 51.93109894 27.33667374 20
vn -0.07571213692 -0.003902842989 0.9971220493
v 43.66110992 6.918981552 20
vn 0.1150424629 -0.1379019916 0.9837419987
v 42.63333893 6.061579704 20
vn -0.04856522754 0.05821475014 0.9971221089
v 41.60557175 5.204179764 20
vn 0.1002536938 -0.1489996463 0.9837419987
v 40.4950943 4.457000256 20
vn -0.04232183099 0.06290002167 0.9971221089
v 39.38461304 3.709821224 20
vn 0.08440194279 -0.1585179567 0.9837419987
v 38.20319366 3.080781698 20
vn -0.03563031554 0.06691818684 0.9971220493
v 37.02177429 2.451742172 20
vn 0.06765578687 -0.1663561314 0.9837419987
v 46.36008453 9.885549545 20
vn -0.0594461821 0.04705002904 0.9971221089
v 45.52943039 8.836046219 20
vn 0.1286119521 -0.1253421754 0.9837419987
v 44.59526825 7.877514839 20
vn -0.05429315194 0.05291332677 0.9971220493
v 35.78194046 1.947511196 20
vn -0.02856065705 0.07022696733 0.9971221089
v 34.54210281 1.443280101 20
vn 0.05019221455 -0.1724308282 0.9837419987
v 31.97188187 0.6951260567 20
vn 0.03219650686 -0.1766777635 0.9837419987
v 30.65512085 0.4551688433 20
vn -0.01359186228 0.07458430529 0.9971221089
v 29.33835793 0.2152116299 20
vn 0.01385993138 -0.1790519506 0.9837419987
v 28.00390244 0.1119149923 20
vn -0.005850813817 0.07558654994 0.9971221089
v 25.33144188 0.04308259487 20
vn 0.001951977611 0.07578744739 0.9971221089
v 23.99343872 0.07754528522 20
vn -0.02305857278 -0.1781011671 0.9837419987
v 26.66944695 0.008619904518 20
vn -0.004624062683 -0.1795280427 0.9837419987
v 52 26 20
vn 0.1793494225 -0.009244812652 0.9837419987
v 51.93109894 24.66332817 20
vn -0.07571203262 0.003902733326 0.9971221089
v 51.86219788 23.32665443 20
vn 0.1774483025 -0.02763668448 0.9837419987
v 51.45024872 20.68164635 20
vn 0.1736660749 -0.04573559761 0.9837419987
v 51.10938644 19.38733101 20
vn -0.07331299037 0.01930717751 0.9971220493
v 50.76852036 18.09301567 20
vn 0.1680432707 -0.06334958971 0.9837419987
v 48.62741852 13.19375038 20
vn 0.1515314728 -0.09638423473 0.9837419987
v 51.86219788 28.67334557 19
vn 0.6582556963 0.06999883056 -0.749532938
v 8.36231041 6.944280624 20
vn 0.05149754137 0.05563778803 0.9971220493
v 7.38004446 7.853452206 20
vn -0.1348940581 -0.1185551211 0.9837419987
v 20.03603745 0.7286775112 20
vn 0.01741315238 0.07378557324 0.9971221089
v 13.78060532 3.050351381 20
vn -0.09245050699 -0.1539629549 0.9837419987
v 12.63313484 3.73937583 20
vn 0.0390278846 0.0649952814 0.9971220493
v 11.48566437 4.428397179 20
vn -0.1077910364 -0.1436411887 0.9837419987
v 10.41512108 5.231752396 20
vn 0.04550388455 0.06063782424 0.9971221089
v 1.671362996 16.82844734 20
vn -0.17108123 -0.05461526662 0.9837420583
v 1.264321089 18.10349846 20
vn 0.07222169638 0.02305595018 0.9971221089
v 0.8572807312 19.37855148 20
vn -0.175790295 -0.03673513606 0.9837419987
v 51.45024872 31.31835365 19
vn 0.5717061758 0.1222585216 -0.8112983108
v 51.6562233 29.99584961 19
vn 0.6126101017 0.090625301 -0.7851725221
v 51.93109894 27.33667374 19
vn 0.5593812466 0.03508241847 -0.8281677365
v 50.2963829 35.15939331 19
vn 0.5639525056 0.2087640315 -0.7989838123
v 4.06183672 12.04589939 20
vn -0.1562924981 -0.08845552802 0.9837419987
v 3.402586937 13.21073055 20
vn 0.06597866118 0.0373413451 0.9971220493
v 0.3097147942 21.99884605 20
vn -0.2627100646 -0.02715601586 0.964492619
v 0.0344735384 24.66155243 20
vn -0.2658192813 -0.01369922515 0.9639255404
v 0 26 20
vn 0.03227161616 0.003519691993 0.9994729161
v 0.1720949411 23.3302002 20
vn 0.1689849794 0.01746783778 0.985463798
v 0.5834977627 20.68869781 20
vn 0.07420955598 0.01550746523 0.9971221089
v 6.496465206 8.858803749 20
vn 0.05694532394 0.05004798621 0.9971220493
v 5.612885475 9.864152908 20
vn -0.1463690698 -0.1040569171 0.9837419391
v 4.837360382 10.95502567 20
vn 0.06178944558 0.04392750561 0.9971220493
v 2.2073493 15.60200405 20
vn 0.06946827471 0.03035943583 0.9971221089
v 2.743337393 14.37556171 20
vn -0.164559111 -0.07191673666 0.9837419987
v 22.66606903 0.2493984699 20
vn 0.009734184481 0.07518519461 0.9971220493
v 21.33870125 0.4212532043 20
vn -0.04124896601 -0.1747861952 0.9837419987
v 18.73337364 1.036103368 20
vn -0.05900225043 -0.1696182936 0.9837419987
v 17.46922493 1.475841284 20
vn 0.0249076765 0.07160416245 0.9971221089
v 16.20507431 1.91557765 20
vn -0.07612971961 -0.1626526713 0.9837419987
v 14.99284077 2.482964516 20
vn 0.03213810176 0.06866364926 0.9971221089
v 9.344577789 6.035107613 20
vn -0.1219890788 -0.1317965537 0.9837419987
v 16.20507431 50.08442307 19
vn -0.2271268666 0.5486834049 -0.8045868278
v 42.63333893 45.93841934 19
vn 0.36708197 0.4391027987 -0.8200241327
v 44.59526825 44.12248611 19
vn 0.4487064779 0.4356072247 -0.780326128
v 45.52943039 43.16395569 19
vn 0.4192487001 0.3688782752 -0.8295537233
v 47.90907669 39.93560028 19
vn 0.4720125496 0.30006513 -0.8289542198
v 48.62741852 38.80625153 19
vn 0.5354385972 0.3054182827 -0.7874167562
v 43.66110992 45.08102036 19
vn 0.4021143913 0.4402177334 -0.8028152585
v 49.22582626 37.60902405 19
vn 0.5162841678 0.2571945488 -0.8168853521
v 38.20319366 48.91921997 19
vn 0.2679073215 0.4983411729 -0.8245494366
v 39.38461304 48.29018021 19
vn 0.3102363348 0.5267682672 -0.7913713455
v 33.25699234 50.93079758 19
vn 0.1767710894 0.5958346128 -0.7834112048
v 34.54210281 50.55672073 19
vn 0.2149326652 0.639041543 -0.7385322452
v 35.78194046 50.05249023 19
vn 0.2093788832 0.5198420882 -0.8282057047
v 37.02177429 49.54825974 19
vn 0.2588118613 0.5661985874 -0.7825826406
v 28.00390244 51.88808441 19
vn 0.05021528155 0.6017562747 -0.7970996499
v 29.33835793 51.78479004 19
vn 0.07316382229 0.6043830514 -0.7933272719
v 30.65512085 51.54483032 19
vn 0.1126903147 0.6153817773 -0.7801321149
v 22.66606903 51.75060272 19
vn -0.07115934789 0.554564774 -0.829092443
v 23.99343872 51.92245483 19
vn -0.05042618513 0.6152098775 -0.7867490053
v 18.73337364 50.96389771 19
vn -0.1560693383 0.5360585451 -0.8296285868
v 25.33144188 51.95691681 19
vn -0.01360767614 0.5790169239 -0.8152019382
v 31.97188187 51.30487442 19
vn 0.1267051846 0.5443213582 -0.8292527199
v 26.66944695 51.9913826 19
vn 0.01149093267 0.5962897539 -0.8026870489
v 20.03603745 51.27132416 19
vn -0.1427830905 0.6198368073 -0.7716315985
v 21.33870125 51.5787468 19
vn -0.1262049377 0.6474716067 -0.7515669465
v 12.63313484 48.26062393 19
vn -0.3016969562 0.5090315938 -0.8061425686
v 17.46922493 50.52415848 19
vn -0.2041680962 0.591031909 -0.7803823948
v 50.76852036 33.90698624 19
vn 0.5808549523 0.19094868 -0.7912939787
v 51.10938644 32.6126709 19
vn 0.5711655617 0.1469867527 -0.8075672388
v 49.82423782 36.41180038 19
vn 0.5457671881 0.2429756522 -0.801935792
v 46.36008453 42.11445236 19
vn 0.498567313 0.3901762068 -0.7740756869
v 47.19073868 41.06494904 19
vn 0.5357339978 0.3909464478 -0.7484316826
v 40.4950943 47.54299927 19
vn 0.3317856491 0.487141192 -0.807843864
v 41.60557175 46.79582214 19
vn 0.3739301562 0.504686296 -0.7781182528
v 0 26 19
vn -0.5803619623 -0.007745818701 -0.8143217564
v 2.2073493 36.39799881 19
vn -0.5306246877 0.2351881564 -0.8143242598
v 2.743337393 37.62443924 19
vn -0.5265126824 0.2621121407 -0.8087531328
v 4.837360382 41.04497528 19
vn -0.5094764829 0.3630223572 -0.780159235
v 3.402586937 38.78927231 19
vn -0.5279220343 0.3001173139 -0.7944985628
v 9.344577789 45.96489334 19
vn -0.401252538 0.4692754745 -0.786623776
v 11.48566437 47.57160187 19
vn -0.3439520597 0.5022521019 -0.7933724523
v 6.496465206 43.1411972 19
vn -0.4679298103 0.4140911996 -0.7807497382
v 0.5834977627 31.31130219 19
vn -0.6248925328 0.1339818239 -0.7691282034
v 0.8572807312 32.62144852 19
vn -0.6365078092 0.1594167948 -0.7546152472
v 1.264321089 33.89650345 19
vn -0.5320900679 0.1740245819 -0.8286106586
v 1.671362996 35.17155457 19
vn -0.5776826739 0.2080387175 -0.7893051505
v 0.0344735384 27.33844757 19
vn -0.6258357763 0.04089109227 -0.7788822055
v 0.1720949411 28.66980171 19
vn -0.5403066874 0.0546466969 -0.8396918774
v 0.3097147942 30.00115585 19
vn -0.5795852542 0.08836260438 -0.8101068139
v 0.1032842398 23.99587631 19
vn -0.6076236963 -0.05026393756 -0.7926329374
v 0.3097147942 21.99884605 19
vn -0.5930210948 -0.08950537443 -0.8001967072
v 2.2073493 15.60200405 19
vn -0.5751976371 -0.2493591905 -0.779081285
v 1.671362996 16.82844734 19
vn -0.621255815 -0.2372937053 -0.7468152046
v 1.264321089 18.10349846 19
vn -0.5326555967 -0.172919631 -0.8284786344
v 0.8572807312 19.37855148 19
vn -0.6005948186 -0.163696304 -0.7826169729
v 4.837360382 10.95502567 19
vn -0.4984252453 -0.3498417735 -0.793210566
v 4.06183672 12.04589939 19
vn -0.5100544691 -0.3273215294 -0.7954276204
v 2.743337393 14.37556171 19
vn -0.4992514551 -0.2508241236 -0.8293583393
v 8.36231041 6.944280624 19
vn -0.4572750628 -0.4940383136 -0.7394766212
v 3.402586937 13.21073055 19
vn -0.5374884009 -0.3063156903 -0.7856696844
v 0.5834977627 20.68869781 19
vn -0.5582904816 -0.1141081676 -0.8217609525
v 13.78060532 48.94964981 19
vn -0.2978939712 0.5465452671 -0.7826541066
v 14.99284077 49.51703644 19
vn -0.2435843647 0.5274959803 -0.8138886094
v 10.41512108 46.76824951 19
vn -0.3388876319 0.4555767179 -0.8231676817
v 7.38004446 44.14654922 19
vn -0.4888771772 0.4667175114 -0.7370033264
v 8.36231041 45.05572128 19
vn -0.3800692558 0.4112740755 -0.8284932375
v 4.06183672 39.95410156 19
vn -0.51406914 0.3212628067 -0.7953132391
v 5.612885475 42.135849 19
vn -0.4390490353 0.3456767201 -0.8293030262
v 40.4950943 4.457000256 19
vn 0.3474768996 -0.5195592046 -0.7805882692
v 18.73337364 1.036103368 19
vn -0.164344579 -0.5808716416 -0.7972320914
v 25.33144188 0.04308259487 19
vn -0.01694602892 -0.6194086075 -0.7848858833
v 10.41512108 5.231752396 19
vn -0.3406155109 -0.4553750455 -0.8225659132
v 9.344577789 6.035107613 19
vn -0.3420487642 -0.4060999453 -0.8473992348
v 17.46922493 1.475841284 19
vn -0.1992749423 -0.5621966124 -0.8026359677
v 16.20507431 1.91557765 19
vn -0.2297379971 -0.5752165914 -0.7850772738
v 14.99284077 2.482964516 19
vn -0.2474486828 -0.5255942941 -0.8139531612
v 23.99343872 0.07754528522 19
vn -0.04330169782 -0.6691273451 -0.7418851256
v 22.66606903 0.2493984699 19
vn -0.07139899582 -0.5547397137 -0.8289547563
v 21.33870125 0.4212532043 19
vn -0.1064660326 -0.6132932901 -0.7826470137
v 30.65512085 0.4551688433 19
vn 0.1060200408 -0.602293849 -0.7912028432
v 29.33835793 0.2152116299 19
vn 0.07971747965 -0.5982055068 -0.7973677516
v 28.00390244 0.1119149923 19
vn 0.04943013191 -0.616563201 -0.7857521772
v 26.66944695 0.008619904518 19
vn 0.01361045986 -0.5600857139 -0.8283228874
v 35.78194046 1.947511196 19
vn 0.2093790919 -0.5198418498 -0.8282058239
v 34.54210281 1.443280101 19
vn 0.2083519697 -0.5826649666 -0.7855514288
v 31.97188187 0.6951260567 19
vn 0.1384684592 -0.5729982853 -0.8077743649
v 41.60557175 5.204179764 19
vn 0.3546270728 -0.4676181674 -0.809674561
v 39.38461304 3.709821224 19
vn 0.3444515467 -0.5636632442 -0.7507575154
v 38.20319366 3.080781698 19
vn 0.2665224373 -0.4998214245 -0.8241021037
v 43.66110992 6.918981552 19
vn 0.4211535752 -0.4469608068 -0.7892121077
v 33.25699234 1.069202304 19
vn 0.1603943855 -0.5624178648 -0.811147213
v 37.02177429 2.451742172 19
vn 0.2690682709 -0.5548574924 -0.7872327566
v 44.59526825 7.877514839 19
vn 0.4286788106 -0.4194194674 -0.800201118
v 42.63333893 6.061579704 19
vn 0.3738741279 -0.4532333612 -0.8091956973
v 46.36008453 9.885549545 19
vn 0.448373735 -0.3583496213 -0.8188690543
v 7.38004446 7.853452206 19
vn -0.4372405708 -0.4351797402 -0.7870446444
v 6.496465206 8.858803749 19
vn -0.4396603703 -0.3822759092 -0.8127508163
v 5.612885475 9.864152908 19
vn -0.4618927836 -0.3699057102 -0.8061171174
v 13.78060532 3.050351381 19
vn -0.2768215835 -0.5225293636 -0.8064321876
v 12.63313484 3.73937583 19
vn -0.3172604442 -0.5302507877 -0.786244154
v 11.48566437 4.428397179 19
vn -0.3625531197 -0.5479952097 -0.7538278699
v 20.03603745 0.7286775112 19
vn -0.1339017153 -0.5559961796 -0.8203282952
v 28.98622131 49.06496048 18
vn 0.03386575356 0.3151226342 -0.9484465122
v 51.86219788 23.32665443 19
vn 0.6100646853 -0.05762493983 -0.7902534008
v 52 26 19
vn 0.6225265861 0.00574719999 -0.7825775743
v 45.52943039 8.836046219 19
vn 0.4490811527 -0.3925813138 -0.802624464
v 49.22582626 14.390975 19
vn 0.5571107268 -0.2801318467 -0.7817632556
v 48.62741852 13.19375038 19
vn 0.5752635002 -0.3201858103 -0.7526971102
v 47.90907669 12.06440163 19
vn 0.473808229 -0.2988014817 -0.8283860683
v 47.19073868 10.93505192 19
vn 0.510212481 -0.3564923704 -0.7826853991
v 48.76570892 30.75736427 18
vn 0.3134786785 0.06846126914 -0.9471241832
v 48.76570892 21.24263763 18
vn 0.3280220032 -0.05814336613 -0.9428790808
v 48.15589142 18.92705917 18
vn 0.3092059493 -0.09297819436 -0.9464389682
v 43.46942902 10.64653111 18
vn 0.2496739328 -0.2030760646 -0.9467961788
v 41.79817963 8.931684494 18
vn 0.2241921425 -0.2267594188 -0.9477964044
v 31.34195709 3.364332676 18
vn 0.08369022608 -0.3101021945 -0.9470124245
v 39.95946884 7.397761345 18
vn 0.1954530478 -0.2549571693 -0.9469925761
v 37.97277832 6.061031342 18
vn 0.157081902 -0.2951591909 -0.9424470067
v 28.98622131 2.93503809 18
vn 0.04488800466 -0.3213748038 -0.9458875656
v 26.59883118 2.750240326 18
vn -0.004300285131 -0.3136204183 -0.9495387077
v 47.31121445 16.68645477 18
vn 0.2754698992 -0.1331853569 -0.9520388842
v 49.13420486 23.60864449 18
vn 0.3385058939 -0.02279700339 -0.9406880736
v 48.15589142 33.07294083 18
vn 0.2996042073 0.1032825857 -0.948456645
v 31.34195709 48.63566971 18
vn 0.07691140473 0.2995511889 -0.9509751201
v 37.97277832 45.93896866 18
vn 0.1627608836 0.2997039855 -0.9400459528
v 39.95946884 44.6022377 18
vn 0.1815902889 0.2530287802 -0.9502638578
v 41.79817963 43.06831741 18
vn 0.2080149502 0.2359329313 -0.949244678
v 43.46942902 41.35346985 18
vn 0.2319758832 0.191907391 -0.9536030293
v 47.31121445 35.31354523 18
vn 0.2987191081 0.1440542489 -0.9434062243
v 50.76852036 18.09301567 19
vn 0.5709317923 -0.1778156608 -0.8015100956
v 50.2963829 16.84060669 19
vn 0.5858018398 -0.2221769392 -0.7794059515
v 49.82423782 15.58819866 19
vn 0.5129770637 -0.2249317914 -0.8284082413
v 51.6562233 22.00415039 19
vn 0.5795992613 -0.09357064962 -0.8095117211
v 51.45024872 20.68164635 19
vn 0.6162648797 -0.1221731976 -0.7780047059
v 51.10938644 19.38733101 19
vn 0.5570879579 -0.1496128291 -0.816865325
v 51.93109894 24.66332817 19
vn 0.5629453063 -0.03116258793 -0.8259064555
v 28.77212715 47.94364166 1.999999762
vn 0.1411446035 0.9894643426 0.0322262533
v 7.763355732 40.43380737 18
vn -0.2366252691 0.1957534701 -0.9516769648
v 2.773366451 27.19726562 18
vn -0.3246384859 0.01839096844 -0.9456593394
v 3.019575119 29.57910538 18
vn -0.3046891093 0.05812243372 -0.9506767988
v 17.23826218 4.456047058 18
vn -0.1192834675 -0.3104434013 -0.9430781007
v 15.06952953 5.471123695 18
vn -0.1507543772 -0.2857270241 -0.9463790059
v 13.01666355 6.703810215 18
vn -0.194397524 -0.2606749237 -0.9456522465
v 19.49987221 3.669342518 18
vn -0.07966611534 -0.3202596307 -0.9439740777
v 13.01666355 45.29619217 18
vn -0.1966340691 0.2672919035 -0.9433398843
v 15.06952953 46.52887726 18
vn -0.1587418914 0.2789912522 -0.9470822811
v 27.9597168 49.1291008 18
vn 0.7071002126 0.7063601017 -0.03263041005
v 29.73595238 48.65567398 18
vn -0.9129222035 0.318282038 -0.2554792166
v 29.71860695 48.56933594 1.999999762
vn -0.9454776049 0.3255107701 0.01071479358
v 29.63138962 48.36994171 18
vn -0.8830230832 0.4692425132 -0.009040061384
v 17.23826218 47.54395294 18
vn -0.1266456544 0.2992561758 -0.9457307458
v 19.49987221 48.33065796 18
vn -0.07680683583 0.299143821 -0.9511117935
v 26.59883118 49.24975967 18
vn -0.005338402465 0.3236502111 -0.946161747
v 28.98974037 47.94060516 1.999999762
vn -0.1251241118 0.9912204146 0.0427319929
v 28.01729012 48.99122238 1.999999762
vn 0.9847011566 0.1393116117 0.1046706736
v 28.01729012 48.99122238 18
vn 0.9870371222 0.1396420896 -0.07910650969
v 27.9597168 49.1291008 1.999999762
vn 0.8363365531 0.5462602377 0.04626986012
v 29.63138962 48.36994171 1.999999762
vn -0.816465497 0.5773585439 0.006415842101
v 29.44705582 48.14729691 18
vn -0.6947459579 0.7192524076 -0.002004578011
v 29.44705582 48.14729691 1.999999762
vn -0.6095331907 0.7927580476 0.002004585927
v 29.19977379 47.99762344 18
vn -0.3997684419 0.9163856506 -0.02055474557
v 29.19977379 47.99762344 1.999999762
vn -0.319974035 0.9472039938 0.02052326128
v 28.88093376 47.94212341 18
vn -0.05313573033 0.9982162118 -0.02722024731
v 5.196492672 15.60172939 18
vn -0.2701761723 -0.1271354854 -0.954380095
v 3.019575119 22.42089462 18
vn -0.3173274696 -0.0627496019 -0.9462376833
v 2.773366451 24.80273438 18
vn -0.3010219634 -0.02308639698 -0.953337729
v 7.763355732 11.56619263 18
vn -0.2420895398 -0.20500049 -0.9483498335
v 6.37591362 13.51780415 18
vn -0.2704488039 -0.1763371229 -0.9464473724
v 5.196492672 36.39827347 18
vn -0.2873444259 0.1343039423 -0.9483647346
v 6.37591362 38.48219681 18
vn -0.2775093019 0.1653445214 -0.9463877678
v 32.3093605 47.63067245 1.999999762
vn -0.6406380534 0.7647772431 0.06854680926
v 32.06855392 47.47079086 1.999999762
vn -0.3774560392 0.9241102934 0.05955769494
v 31.8610878 47.40504456 1.999999762
vn -0.1660617739 0.9828209281 0.08053895831
v 28.01862907 48.71268845 18
vn 0.9882991314 0.1334891468 -0.07379356772
v 28.3713398 48.10227966 18
vn 0.5863237977 0.808132112 -0.0560971126
v 28.3713398 48.10227966 1.999999762
vn 0.6581040621 0.7509816885 0.05408796668
v 28.16904831 48.30874634 18
vn 0.764116168 0.6424973607 -0.0576511994
v 28.16904831 48.30874634 1.999999762
vn 0.8194265962 0.5693368912 0.06629882753
v 31.64353752 47.39897919 1.999999762
vn 0.1137564257 0.9926365018 0.04162075743
v 31.50053596 47.423172 18
vn 0.2485913634 0.9682045579 -0.02796900086
v 31.36356735 47.47086334 1.999999762
vn 0.3786374331 0.9249461293 0.03329288587
v 31.23646927 47.54072189 18
vn 0.5402895212 0.8412718773 -0.01867764443
v 31.17584991 47.58098221 1.999999762
vn 0.6468592286 0.7623033524 0.02160291933
v 31.0257206 47.73854828 1.999999762
vn 0.8481987119 0.5295001268 0.01373282541
v 30.89172173 47.99466324 18
vn 0.9320188165 0.3624043167 -0.002004588256
v 31.0257206 47.73854828 18
vn 0.7773109674 0.6290555 -0.008764509112
v 31.7885704 47.39896393 18
vn -0.1193403974 0.9922555089 -0.03445022926
v 29.83109474 48.8695755 18
vn -0.7835445404 0.620433569 -0.03346898034
v 29.75329781 48.74201202 1.999999762
vn -0.876494348 0.3539606333 0.3262967765
v 30.88294792 48.55709457 1.999999762
vn 0.9216444492 0.0137145333 0.3877929449
v 30.88294792 48.55709457 18
vn 0.9868368506 0.01468462776 -0.16105102
v 30.84310913 48.7010994 1.999999762
vn 0.8965498209 0.4320547283 0.09760715812
v 30.84310913 48.7010994 18
vn 0.7937774062 0.6079809666 -0.0166311767
v 32.48422623 47.86083221 18
vn -0.8878168464 0.4544467926 -0.07252140343
v 29.83109474 48.8695755 1.999999762
vn -0.559918046 0.8261894584 0.06247238442
v 32.48422623 47.86083221 1.999999762
vn -0.8435639739 0.5322312713 0.07162187994
v 32.3093605 47.63067245 18
vn -0.7225076556 0.6879563928 -0.06854694337
v 28.56059456 47.99481964 18
vn 0.2809614837 0.9587071538 -0.04405959323
v 28.56059456 47.99481964 1.999999762
vn 0.4106533825 0.9105724692 0.04713359848
v 28.06547737 48.5001564 18
vn 0.9177089334 0.3915176988 -0.0672622323
v 28.06547737 48.5001564 1.999999762
vn 0.9501443505 0.3040393889 0.06917937845
v 28.01862907 48.71268845 1.999999762
vn 0.9955582619 0.06406824291 0.06898544729
v 29.9774437 48.93133926 1.999999762
vn 0.1327577531 0.967322588 0.2160146534
v 32.06855392 47.47079086 18
vn -0.4557205737 0.8863218427 -0.08217267692
v 33.61421967 47.56911469 1.999999762
vn 0.9828653932 -0.1824368387 0.0263148956
v 33.74705505 46.87422943 18
vn 0.7934100032 0.608656466 -0.00615118118
v 30.84936714 48.28059006 1.999999762
vn 0.9995619059 -0.02955501154 0.001587085659
v 32.82014084 48.25201035 1.999999762
vn 0.2568167448 0.9602147937 0.1096936539
v 32.67457962 48.21617508 1.999999762
vn -0.4074831009 0.9131818414 0.007514015771
v 32.67457962 48.21617508 18
vn -0.5839060545 0.810649991 -0.04359282926
v 32.58800507 48.11931229 18
vn -0.8713548779 0.4667796195 -0.1511868984
v 30.89172173 47.99466324 1.999999762
vn 0.9668151736 0.2553838789 0.006891635247
v 33.74705505 46.87422943 1.999999762
vn 0.8467994928 0.5318766832 0.006151174661
v 33.64886093 47.06845474 18
vn 0.9370040894 0.3493151069 -0.001510040369
v 33.64886093 47.06845474 1.999999762
vn 0.9651141167 0.261825949 0.001372298691
v 34.78137589 46.56191254 18
vn -0.3983291388 0.9156962633 -0.05323755741
v 34.71170425 46.54089737 1.999999762
vn -0.2733810842 0.9595663548 0.06704637408
v 33.59458923 47.35236359 18
vn 0.9972392321 0.07309214771 -0.01309185009
v 33.59458923 47.35236359 1.999999762
vn 0.9998532534 -0.01331937779 0.01077572256
v 35.55527496 47.22175598 1.999999762
vn 0.3627958298 0.8634283543 0.3505291343
v 35.40637589 47.20444489 1.999999762
vn -0.2897538245 0.9568330646 0.02265403792
v 33.6501236 47.91509247 1.999999762
vn 0.90552634 0.4229191542 0.03408031911
v 35.17298126 46.87576294 18
vn -0.8239744902 0.5622109175 -0.07060366869
v 35.17298126 46.87576294 1.999999762
vn -0.770208478 0.6337580085 0.07162182778
v 34.97064972 46.66933441 18
vn -0.6576015353 0.7507041693 -0.06327249855
v 34.97064972 46.66933441 1.999999762
vn -0.5606565475 0.8246572018 0.07486511767
v 34.56983185 46.51077652 18
vn -0.0949543193 0.9943304658 -0.04786005616
v 34.42492676 46.50472641 1.999999762
vn 0.04195222631 0.997807622 0.05118595809
v 34.07453537 46.59163284 18
vn 0.444126457 0.8947497606 -0.04663164914
v 34.14219666 46.56484222 1.999999762
vn 0.4011718929 0.91537112 0.03401296213
v 34.28103638 46.5229187 18
vn 0.1781477481 0.9831908345 -0.03998986632
v 32.58800507 48.11931229 1.999999762
vn -0.8785335422 0.4706251621 0.08179733157
v 33.63984299 47.64806747 18
vn 0.9703351855 -0.1631472558 -0.1784169823
v 33.67159653 47.76723099 1.999999762
vn 0.9407888055 -0.114961125 0.3189048469
v 33.67058563 47.84748077 18
vn 0.9905627966 0.1198042035 -0.06657592952
v 30.84936714 48.28059006 18
vn 0.9945363998 0.05993880704 -0.08546748012
v 33.89494705 46.71456146 18
vn 0.6009255648 0.7988889217 -0.0257872995
v 33.89494705 46.71456146 1.999999762
vn 0.6531627178 0.7561792731 0.03964068368
v 37.8818779 45.78602219 1.999999762
vn -0.7003199458 0.6775298715 0.2247336805
v 36.23797607 46.37461853 18
vn 0.9674940705 -0.2415113747 -0.07501672208
v 36.33810806 46.62391281 18
vn 0.9623429179 -0.2665407658 -0.05340530351
v 36.34297943 46.75373459 1.999999762
vn 0.9834576249 0.1798502356 0.0215638224
v 36.34297943 46.75373459 18
vn 0.9285061359 0.3681639731 -0.04828666523
v 35.40637589 47.20444489 18
vn -0.4772911668 0.8766977787 -0.05995095521
v 35.30834198 47.11919785 18
vn -0.8008973598 0.5687020421 -0.1874603629
v 35.30834198 47.11919785 1.999999762
vn -0.8133066297 0.5775135756 0.07078383118
v 36.23797607 46.37461853 1.999999762
vn 0.9474974275 -0.3120253086 0.0699198693
v 38.13972473 45.85682297 1.999999762
vn 0.4932211339 0.8469102383 0.1986856461
v 38.0094986 45.86372757 1.999999762
vn -0.1623391956 0.9859495163 0.03936428204
v 36.65545273 45.38219452 18
vn 0.3994596004 0.9160516858 -0.03579580039
v 38.0094986 45.86372757 18
vn -0.3589450717 0.931681335 -0.05593192205
v 37.8818779 45.78602219 18
vn -0.6495491266 0.628411293 -0.4280014038
v 38.78347778 45.06800079 1.999999762
vn 0.8821261525 -0.4067353904 0.237528339
v 38.78347778 45.06800079 18
vn 0.8989933133 -0.4145125747 -0.1413872242
v 37.21746826 45.28705978 18
vn -0.2217025906 0.9749853015 -0.01586298645
v 36.22912979 45.94366837 18
vn 0.9467713833 0.3160181642 -0.0612901412
v 37.21746826 45.28705978 1.999999762
vn -0.1107533425 0.9937213063 0.01586295292
v 36.92841721 45.287117 18
vn 0.1111140177 0.9934388399 -0.02707374282
v 36.92841721 45.287117 1.999999762
vn 0.2220333964 0.9746631384 0.02707383037
v 36.65545273 45.38219452 1.999999762
vn 0.4817940593 0.8753989935 0.03938353807
v 36.47761536 45.50764847 18
vn 0.6488747597 0.7593545914 -0.04839551821
v 36.47761536 45.50764847 1.999999762
vn 0.7169712186 0.6954208016 0.04839536548
v 36.34120941 45.67723083 18
vn 0.8424105048 0.5354004502 -0.06075290963
v 36.34120941 45.67723083 1.999999762
vn 0.8882884383 0.4559533298 0.05522876233
v 36.22912979 45.94366837 1.999999762
vn 0.9713982344 0.2276851982 0.06741580367
v 36.33810806 46.62391281 1.999999762
vn 0.9541050792 -0.2642591298 0.1408920139
v 37.71707916 45.56147385 18
vn -0.7488827705 0.6627005935 -0.001587072737
v 37.71707916 45.56147385 1.999999762
vn -0.6864686012 0.7271577716 0.001567278057
v 37.49047089 45.38203049 18
vn -0.5299592614 0.8479951024 -0.006891645957
v 37.49047089 45.38203049 1.999999762
vn -0.4313230813 0.9021711946 0.00689165853
v 36.20329285 46.15976334 18
vn 0.9972035289 0.02618261427 -0.06999719143
v 36.20329285 46.15976334 1.999999762
vn 0.9952889681 -0.06708455086 0.06999691576
v 39.00066376 43.89387894 18
vn 0.5625482202 0.8267524242 -0.004469927866
v 39.69021988 43.74719238 18
vn -0.2606984079 0.9590577483 -0.1106552109
v 39.69021988 43.74719238 1.999999762
vn -0.176093474 0.977311492 0.117700085
v 39.47361374 43.72602844 1.999999762
vn 0.04207434878 0.998573184 0.03288305923
v 38.85980988 45.21294403 1.999999762
vn 0.9283557534 -0.3534909785 0.1148897931
v 38.85980988 45.21294403 18
vn 0.9775751829 -0.2033819854 -0.05461281538
v 38.85984421 45.32408142 1.999999762
vn 0.9823849201 0.1795616001 0.05174505338
v 38.85984421 45.32408142 18
vn 0.9397557974 0.3400344253 -0.03515226766
v 41.17779922 43.48888016 18
vn 0.9844369292 -0.1703986973 -0.04299103096
v 41.07511139 43.31987 1.999999762
vn 0.8348998427 -0.505220294 0.2183911502
v 38.64807129 44.50435638 1.999999762
vn 0.9991242886 0.01357991342 0.03957535326
v 41.1305809 43.38827133 18
vn 0.8236966729 -0.4833283722 -0.2965088487
v 41.17927933 43.52952576 1.999999762
vn 0.9850541353 -0.1634923965 0.05420835689
v 42.33911896 42.13288879 18
vn -0.5671446323 0.8166370392 -0.107008867
v 38.66610718 44.79284668 18
vn 0.9828489423 -0.1769824922 -0.05181806907
v 38.66610718 44.79284668 1.999999762
vn 0.9562124014 -0.2881577909 0.05121511221
v 40.45530701 44.19990921 1.999999762
vn 0.2320066988 0.713401854 0.6612342596
v 39.00066376 43.89387894 1.999999762
vn 0.6323623657 0.7746500969 0.005915571935
v 38.79841232 44.10037994 18
vn 0.7655122876 0.6434198022 -0.001372325816
v 38.79841232 44.10037994 1.999999762
vn 0.8213451505 0.5704295635 0.001510068774
v 38.69487762 44.2918129 18
vn 0.9188139439 0.3917735219 -0.04790072516
v 38.69487762 44.2918129 1.999999762
vn 0.951392293 0.3042338789 0.04790076613
v 38.64807129 44.50435638 18
vn 0.9934950471 0.1052228212 -0.04354072735
v 40.45530701 44.19990921 18
vn 0.177297309 0.6955382228 -0.696270287
v 40.33506775 44.1860466 1.999999762
vn -0.2703064978 0.9608755112 0.06043708697
v 40.33506775 44.1860466 18
vn -0.5098013878 0.8599387407 -0.02465550229
v 40.24509048 44.12081146 1.999999762
vn -0.6847915649 0.7217937708 0.1003703177
v 40.18829346 44.05350876 18
vn -0.6863375306 0.7193741798 -0.1069652885
v 40.13150024 43.98620605 1.999999762
vn -0.670545876 0.7394618392 0.05970327929
v 39.95901108 43.85349655 18
vn -0.5462009311 0.8342580795 -0.07535215467
v 39.95901108 43.85349655 1.999999762
vn -0.4364269376 0.8974227905 0.06452797353
v 39.40141678 43.73516464 18
vn 0.06145816296 0.9979642034 -0.0170388706
v 39.18989563 43.78638077 18
vn 0.3681570888 0.9295970798 -0.01759483106
v 39.25955963 43.7653389 1.999999762
vn 0.350092411 0.9366555214 0.01056785602
v 43.45860291 39.81837845 18
vn 0.2441722602 0.9697123766 -0.006151124835
v 40.87669754 42.62847519 18
vn 0.9717156291 0.2360669523 -0.006415849086
v 41.31511688 41.99299622 18
vn 0.4806649387 0.8741266727 -0.06974071264
v 41.41683197 41.95433426 1.999999762
vn 0.3878623545 0.9205389023 0.04659275338
v 41.14084625 42.12336349 18
vn 0.6456456184 0.7619549632 -0.05065901577
v 41.80657959 41.89141083 18
vn -0.1390044689 0.98820436 -0.06426460296
v 41.80657959 41.89141083 1.999999762
vn 0.01605547965 0.9978664517 0.06328301132
v 41.51855087 41.9156723 18
vn 0.1833116561 0.9819280505 -0.04705446586
v 40.86904907 42.84597397 18
vn 0.998238802 -0.05755418912 -0.01438274514
v 40.86904907 42.84597397 1.999999762
vn 0.9884976745 -0.1505504996 0.01438264176
v 40.92160034 43.05717087 18
vn 0.9495631456 -0.3127969801 -0.02208875678
v 40.92160034 43.05717087 1.999999762
vn 0.9098758101 -0.4140923023 0.02556503192
v 41.01964188 43.25147247 18
vn 0.8532777429 -0.5208849907 -0.02441145107
v 42.69794846 42.21266174 1.999999762
vn 0.6629838943 0.6979083419 0.2708806992
v 42.54181671 42.25001526 1.999999762
vn 0.0354270041 0.997422576 0.0623947382
v 42.54181671 42.25001526 18
vn -0.2691290975 0.9621756077 -0.04228002205
v 42.40390015 42.19254303 1.999999762
vn -0.5259689093 0.8414149284 0.1240065023
v 43.20911407 41.37895203 1.999999762
vn 0.7887890339 -0.6054858565 0.1058242545
v 43.20911407 41.37895203 18
vn 0.8042739034 -0.5906195641 -0.06566626579
v 43.2599144 41.48828888 1.999999762
vn 0.9586574435 -0.2802511156 0.04934798181
v 43.26152802 41.51886749 18
vn 0.998740375 -0.0491973944 -0.009861334227
v 44.23226929 39.95783997 18
vn -0.4486303031 0.8589019179 -0.2470188439
v 44.16052246 39.90677643 1.999999762
vn -0.4661630094 0.8840724826 0.03328511119
v 43.67366409 39.78501129 18
vn -0.04922452569 0.9987868071 -0.001372324303
v 43.9604454 39.82112885 18
vn -0.3223259449 0.9460815191 -0.03218308091
v 43.9604454 39.82112885 1.999999762
vn -0.1997920573 0.9789946675 0.04065256566
v 43.67366409 39.78501129 1.999999762
vn 0.04267153516 0.9990879893 0.001510073314
v 42.27433777 42.07323456 1.999999762
vn -0.5725876093 0.8176614642 0.05977589265
v 42.08657837 41.96318436 18
vn -0.4372760057 0.8960019946 -0.07726667076
v 42.08657837 41.96318436 1.999999762
vn -0.3205045164 0.945037961 0.06465368718
v 41.14084625 42.12336349 1.999999762
vn 0.7084753513 0.7040328979 0.04899295792
v 40.96607208 42.3535881 18
vn 0.8586627245 0.5125371218 -0.002004539594
v 40.96607208 42.3535881 1.999999762
vn 0.9108120799 0.4128164053 0.002004542388
v 40.87669754 42.62847519 1.999999762
vn 0.9892788529 0.1458679438 0.007059837226
v 44.60769272 37.97997284 18
vn 0.9216322303 0.3880003095 -0.007059835829
v 44.52729797 40.03324127 1.999999762
vn 0.368796587 0.5614416599 0.7407916784
v 42.8434906 40.63280869 1.999999762
vn 0.9980840683 -0.01333298068 0.06041895226
v 42.88562393 40.91877365 18
vn 0.9649603367 -0.2540933788 -0.06548363715
v 42.88562393 40.91877365 1.999999762
vn 0.9301664829 -0.36085096 0.06765247136
v 43.01942444 41.17499161 18
vn 0.8408552408 -0.5367370248 -0.06982684135
v 43.01942444 41.17499161 1.999999762
vn 0.7892426848 -0.6098549366 0.07192339003
v 43.45860291 39.81837845 1.999999762
vn 0.3757864833 0.9266670346 0.008526021615
v 44.44804764 40.04863739 18
vn -0.1013228223 0.993434906 -0.05311085656
v 44.30401611 40.0089035 1.999999762
vn -0.4290002882 0.8491432071 0.3080820739
v 45.02230835 39.12245178 1.999999762
vn 0.7306268811 -0.6796904206 0.06484781206
v 45.02230835 39.12245178 18
vn 0.8252288699 -0.5601807237 -0.07207554579
v 45.07044983 39.23305511 1.999999762
vn 0.9705823064 -0.2247369438 0.08639057726
v 45.07044983 39.23305511 18
vn 0.9978782535 -0.04860168695 -0.04332263395
v 45.69156647 37.49710464 18
vn -0.3367321491 0.9398829341 -0.05684703216
v 45.69156647 37.49710464 1.999999762
vn -0.2478629202 0.9675645828 0.04881401733
v 45.40654373 37.44902802 18
vn -0.05582117662 0.9973947406 -0.04569201544
v 45.40654373 37.44902802 1.999999762
vn 0.05661100149 0.997603476 0.03978092596
v 45.12155533 37.4973259 18
vn 0.2753006518 0.960765183 -0.03376090154
v 45.12155533 37.4973259 1.999999762
vn 0.3815763891 0.9239191413 0.02780113742
v 44.86828613 37.6366272 18
vn 0.5469506383 0.8368607759 -0.02256239578
v 44.86828613 37.6366272 1.999999762
vn 0.6215068698 0.7831763625 0.01907933503
v 44.71387863 37.79000092 18
vn 0.7673324347 0.6410881877 -0.01438249648
v 44.71387863 37.79000092 1.999999762
vn 0.8239096999 0.5666345954 0.009898885153
v 44.54623032 38.18874741 1.999999762
vn 0.9892471433 0.1462458074 0.001511253417
v 44.54164505 38.26137543 18
vn 0.9950930476 0.09892137349 -0.002099482808
v 44.60769272 37.97997284 1.999999762
vn 0.9457264543 0.3249424994 0.003723288421
v 43.26104736 39.90969086 18
vn 0.5470109582 0.8370255828 -0.01293004025
v 43.17484283 39.97609711 1.999999762
vn 0.6779985428 0.734819293 0.01893682778
v 43.02405548 40.13008499 18
vn 0.7943728566 0.6062017679 -0.03861512244
v 42.87233353 40.41709518 18
vn 0.9388480783 0.3372109532 -0.06966414303
v 42.915905 40.317379 1.999999762
vn 0.9136143327 0.4033817649 0.05091179535
v 42.8434906 40.63280869 18
vn 0.9959766269 0.07206583768 -0.05326379463
v 44.40738678 40.04971313 1.999999762
vn -0.1083184555 0.9937928319 0.02535473183
v 45.96244812 35.55334091 18
vn 0.9455020428 0.3224200904 -0.04550951719
v 46.06334305 37.62570953 1.999999762
vn 0.2800993621 0.9594596624 0.03132950142
v 46.06334305 37.62570953 18
vn 0.06989920884 0.9954993129 -0.06399384141
v 45.91546631 37.6043396 18
vn -0.3095310032 0.8948000073 -0.3217507601
v 46.46910477 36.59726715 1.999999762
vn 0.6168999672 -0.7750335932 0.1369573921
v 46.46910477 36.59726715 18
vn 0.6020037532 -0.7968159318 -0.05172839388
v 44.5913353 38.61894608 1.999999762
vn 0.9235419035 -0.3788734376 0.05937352404
v 44.69475937 38.81044006 18
vn 0.8361442089 -0.5431327224 -0.07661411911
v 46.47694778 34.97772598 1.999999762
vn 0.4114513695 0.9114109278 0.006151034497
v 46.28773117 35.08525848 18
vn 0.587556541 0.8091816902 -0.001510104397
v 46.28773117 35.08525848 1.999999762
vn 0.6593593359 0.7518267035 0.001372358878
v 46.0855217 35.29180527 18
vn 0.7869769931 0.6153354049 -0.04505018517
v 46.0855217 35.29180527 1.999999762
vn 0.8512259126 0.5230798721 0.04244859517
v 45.96244812 35.55334091 1.999999762
vn 0.9758233428 0.2141618729 0.04362867773
v 45.93219757 35.84080505 18
vn 0.9983736277 -0.006332576741 -0.0566564016
v 46.55004883 36.67342758 18
vn 0.8498309255 -0.5191477537 -0.09095623344
v 46.56638718 36.71067429 1.999999762
vn 0.8972843885 -0.4413008988 0.01158604492
v 46.97726059 34.93843842 18
vn -0.2144435197 0.9764905572 -0.02191394754
v 46.97726059 34.93843842 1.999999762
vn -0.1236458942 0.992122829 0.02009953745
v 46.68845749 34.92646408 18
vn 0.03459070623 0.9993222356 -0.01259226073
v 45.99813461 36.12223434 1.999999762
vn 0.9197999835 -0.3868102133 0.06592331082
v 46.47694778 34.97772598 18
vn 0.3245181143 0.9458594918 -0.006151072215
v 46.68845749 34.92646408 1.999999762
vn 0.1261775196 0.9919109344 0.01385604404
v 45.93219757 35.84080505 1.999999762
vn 0.9914412498 -0.118484363 0.05482460186
v 45.99813461 36.12223434 18
vn 0.9516920447 -0.300834775 -0.06148684025
v 46.10424805 36.31224823 18
vn 0.8221374154 -0.5649468899 -0.07017888129
v 46.10424805 36.31224823 1.999999762
vn 0.7658349872 -0.6393347383 0.06890447438
v 44.54465485 38.40637589 1.999999762
vn 0.9866415262 -0.1034477204 0.1258454174
v 44.57178879 38.5488472 18
vn 0.9573106766 -0.2511262 -0.1431499422
v 44.69475937 38.81044006 1.999999762
vn 0.7641439438 -0.6415059566 0.06748469919
v 44.89688873 39.01705933 18
vn 0.6887261271 -0.7230195999 -0.05384204909
v 44.89688873 39.01705933 1.999999762
vn 0.6857506037 -0.7198959589 0.107218869
v 46.204216 37.55231094 1.999999762
vn 0.7885456085 0.4903974235 0.3710878491
v 45.91546631 37.6043396 1.999999762
vn -0.3212727308 0.9287432432 0.1849861145
v 47.00840759 33.26504135 1.999999762
vn 0.9689359069 -0.2418449819 0.05171233788
v 47.78709793 32.23887634 18
vn 0.04948265478 0.9986750484 -0.01412979793
v 47.29249191 35.03071976 1.999999762
vn 0.1135424674 0.9925611615 0.04393697903
v 47.66199875 33.96389008 1.999999762
vn 0.5280022025 -0.8398085833 0.1262349337
v 47.69689178 33.98479462 18
vn 0.6688396335 -0.7423396707 -0.03981636092
v 47.76224136 34.07468414 18
vn 0.9342344403 -0.3537789583 -0.04523825273
v 48.00465012 32.2448616 18
vn -0.1203324944 0.9921344519 -0.03448636457
v 47.24766159 35.02265549 18
vn -0.107118696 0.9384595752 -0.3283583522
v 47.50715637 32.31087112 18
vn 0.3549821675 0.93484056 -0.007795192301
v 47.00239182 32.97605133 1.999999762
vn 0.9929306507 0.1117869765 0.03990511224
v 47.00840759 33.26504135 18
vn 0.9897196293 -0.1314118057 -0.05644437671
v 47.10909271 33.53598785 18
vn 0.8910259604 -0.4492319822 -0.06529466808
v 47.10909271 33.53598785 1.999999762
vn 0.8351135254 -0.5466329455 0.06146377325
v 47.50715637 32.31087112 1.999999762
vn 0.435002625 0.9004064202 0.006399625912
v 47.3194809 32.42106628 1.999999762
vn 0.6761531234 0.7363320589 0.02514090948
v 47.26644135 32.47089386 18
vn 0.6806722283 0.7325863838 -0.001579698408
v 47.09171295 32.7011528 18
vn 0.8842557669 0.4622032046 -0.0667828545
v 47.1137085 32.67216492 1.999999762
vn 0.8766905665 0.4805724621 0.02153446712
v 47.00239182 32.97605133 18
vn 0.9748424292 0.2186302245 -0.04339454323
v 48.35220337 32.25896835 1.999999762
vn 0.6116764545 0.7859699726 0.09001711756
v 47.47277451 33.88181305 1.999999762
vn 0.4833855629 -0.8690129519 0.105616577
v 47.29325485 33.75877762 18
vn 0.6902791262 -0.7200148702 -0.07136726379
v 47.29325485 33.75877762 1.999999762
vn 0.6258332133 -0.7773543 0.06366337836
v 48.4424057 32.16479111 1.999999762
vn 0.9332511425 0.2875325978 0.2153307796
v 48.35220337 32.25896835 18
vn 0.4217299819 0.9063040614 -0.02750891075
v 48.24649429 32.29327774 1.999999762
vn 0.08948323876 0.9937544465 0.06666971743
v 48.08506012 32.26547241 1.999999762
vn -0.1168797314 0.9757330418 0.1851597279
v 46.25859451 36.46568298 18
vn 0.6434179544 -0.7619159818 -0.07414413989
v 46.25859451 36.46568298 1.999999762
vn 0.5850272775 -0.8079794049 0.07008833438
v 47.40134048 35.00828171 1.999999762
vn 0.4521064162 0.8898916841 0.06076624617
v 47.43515396 34.98480606 18
vn 0.4818478525 0.8083116412 -0.338311851
v 47.54994202 33.91239929 18
vn 0.4858752191 -0.8704536557 -0.07896625996
v 47.20283127 35.01459122 1.999999762
vn -0.2772903442 0.9200664163 0.2767451704
v 47.78709793 32.23887634 1.999999762
vn 0.1355791539 0.9907643199 0.00208585849
v 47.76527786 30.00481796 18
vn 0.9430779815 0.329698354 -0.043622531
v 47.90977097 29.75447273 18
vn 0.7463275194 0.663893044 -0.04734166339
v 47.95614624 29.69839287 1.999999762
vn 0.7117910981 0.6967204213 0.08907343447
v 48.55022812 31.22192001 18
vn 0.6774562001 -0.7353628874 -0.01716091111
v 48.32606506 29.47419739 18
vn 0.2437802404 0.9673796296 -0.06890451908
v 48.32606506 29.47419739 1.999999762
vn 0.333042711 0.9402707815 0.07052269578
v 48.12852859 29.56554604 18
vn 0.5167730451 0.8535805345 -0.06592312455
v 48.12852859 29.56554604 1.999999762
vn 0.5734314322 0.8171073794 0.05926160514
v 47.72628021 30.14450836 1.999999762
vn 0.98399055 0.1740899533 0.03814828768
v 47.71642303 30.32474327 18
vn 0.9987831712 -0.03835966438 -0.03099468909
v 49.0939064 28.41615868 1.999999762
vn 0.804725945 -0.5922802091 0.04025314003
v 47.7202034 30.43349457 1.999999762
vn 0.9828565121 -0.1828048378 0.02398914844
v 47.80947113 30.70841599 18
vn 0.9277994633 -0.3726328611 -0.01824647374
v 47.98415756 30.93870926 1.999999762
vn 0.6427260637 -0.7660647035 0.006934192497
v 48.22484207 31.09877777 18
vn 0.4832181931 -0.8754987121 -0.001489709597
v 48.22484207 31.09877777 1.999999762
vn 0.4033905864 -0.9150267839 0.001415721606
v 48.96040726 29.40814018 1.999999762
vn 0.6567006707 0.7541238666 0.0064358823
v 48.96040726 29.40814018 18
vn 0.489438355 0.8711138964 -0.04013283551
v 48.81918716 29.4569397 1.999999762
vn 0.07748293132 0.9950776696 0.06178025529
v 48.92299652 28.31499672 18
vn 0.2225324214 -0.9728887081 -0.06298322976
v 48.81918716 29.4569397 18
vn 0.07670470327 0.9850831628 -0.1540373117
v 47.80947113 30.70841599 1.999999762
vn 0.8587510586 -0.512139678 0.01611191407
v 47.98415756 30.93870926 18
vn 0.7247316837 -0.6890021563 -0.006327005103
v 48.96616364 28.3295269 1.999999762
vn 0.3313733339 -0.9376257062 0.1051178202
v 49.07176971 28.36770821 18
vn 0.531360209 -0.3680496514 -0.7630175948
v 48.79462433 26.58850479 18
vn 0.1582529545 0.9873101711 -0.01321565174
v 48.79462433 26.58850479 1.999999762
vn 0.2461144179 0.9691529274 0.01305085048
v 48.20598221 32.2896843 18
vn -0.07788680494 0.9458935857 -0.3149904311
v 48.45209503 31.16975403 18
vn 0.3301700652 -0.9021904469 -0.2775610983
v 48.50115967 31.19583702 1.999999762
vn 0.4688126445 -0.8190917969 0.3306104839
v 48.60897827 31.29154015 18
vn 0.9085419178 -0.4171562493 -0.02307012118
v 48.54111862 29.44078827 18
vn 0.001429895172 0.997628808 -0.06880912185
v 48.54111862 29.44078827 1.999999762
vn 0.0711568892 0.9945728183 0.07590530813
v 47.82701492 29.87358093 1.999999762
vn 0.8798107505 0.4729133844 0.04781223834
v 48.32003784 23.95038605 18
vn 0.6865950227 0.7240968943 -0.06535240263
v 48.18610382 24.12193108 18
vn 0.847663641 0.5278869271 -0.05293122679
v 48.15513229 24.18778229 1.999999762
vn 0.8912855387 0.4371914566 0.1203069389
v 48.15513229 27.81221771 18
vn 0.9259461761 -0.373413533 -0.05644446239
v 48.29522324 26.86330414 1.999999762
vn 0.7436377406 0.6685810685 0.001510119182
v 48.16858292 27.04029846 18
vn 0.8631762862 0.5037985444 -0.03337217867
v 48.52169037 26.68368721 1.999999762
vn 0.5306159854 0.8475916982 0.00591562083
v 48.29522324 26.86330414 18
vn 0.6791206002 0.7340254188 -0.001372360741
v 48.48864746 23.81278229 1.999999762
vn 0.5564395189 0.827934444 0.06999710202
v 48.26913834 27.99760437 1.999999762
vn 0.7672309875 -0.6343325973 0.09475631267
v 48.32003784 28.04961395 18
vn 0.757163763 -0.651140511 -0.05214516819
v 48.4297905 28.14442062 1.999999762
vn 0.5340297222 -0.8435908556 0.05627367646
v 48.68863678 28.27305984 1.999999762
vn 0.281752944 -0.9564523697 0.07625065744
v 49.20651245 26.50356293 18
vn 0.5944378376 0.8024525046 -0.05209257826
v 49.07252121 26.56967926 18
vn 0.1848840266 0.8965183496 -0.4025825262
v 49.20651245 26.50356293 1.999999762
vn 0.7458714843 0.6657134295 0.02238986455
v 48.68863678 28.27305984 18
vn 0.346170187 -0.9358282685 -0.06626968831
v 48.15513229 27.81221771 1.999999762
vn 0.8901279569 -0.4526905417 0.05237839743
v 48.48864746 28.18721771 18
vn 0.515555203 -0.8504707217 -0.1044146717
v 49.07252121 26.56967926 1.999999762
vn 0.1972522587 0.9564930201 0.2149712294
v 49.07252121 25.43032265 1.999999762
vn 0.1902019382 -0.9222943783 0.3364465833
v 49.07252121 25.43032265 18
vn 0.1989610195 -0.9647673965 -0.1721581221
v 49.20651245 25.49643898 1.999999762
vn 0.5951085091 -0.8033625484 0.02131796069
v 49.20651245 25.49643898 18
vn 0.741812706 -0.6620973945 -0.1064942181
v 48.68863678 23.72694206 18
vn 0.2539770901 0.9647231698 -0.0693173483
v 48.68863678 23.72694206 1.999999762
vn 0.3182242811 0.9449906349 0.07567027956
v 48.48864746 23.81278229 18
vn 0.4766630828 0.8762948513 -0.06999713928
v 48.52169037 26.68368721 18
vn 0.4320245683 0.9018424153 -0.005915615242
v 48.16858292 27.04029846 1.999999762
vn 0.9064608216 0.4209692478 0.03337212279
v 48.09558868 27.24532509 18
vn 0.9728328586 0.2285962999 -0.03660496324
v 48.09558868 27.24532509 1.999999762
vn 0.9898254871 0.1383424699 0.03326969594
v 48.07743835 27.53380585 18
vn 0.997805059 -0.04828923196 -0.04531287029
v 48.07743835 27.53380585 1.999999762
vn 0.9860616922 -0.1600909531 0.04531287029
v 48.32003784 23.95038605 1.999999762
vn 0.7582194805 0.6484889388 0.06756742299
v 48.03718948 21.01145554 18
vn 0.5827305317 0.8096452951 -0.06999716908
v 49.0939064 23.58384323 1.999999762
vn 0.7616791129 0.6455313563 0.05598450825
v 48.79462433 25.41149521 18
vn 0.2459542602 -0.9685264826 -0.03824866563
v 48.29522324 25.13669777 18
vn 0.7796729207 -0.6259635091 -0.01672665216
v 48.29522324 25.13669777 1.999999762
vn 0.7043288946 -0.7095306516 0.02206925862
v 48.07440567 24.61119652 18
vn 0.9994855523 -0.03197683766 -0.002460721415
v 48.07440567 24.61119652 1.999999762
vn 0.988109827 -0.1536671221 0.005042247009
v 48.1403923 24.89261436 18
vn 0.9422237873 -0.3348933756 -0.007795094512
v 48.96616364 23.6704731 18
vn 0.3794687986 0.9149159789 -0.1375942975
v 48.96616364 23.6704731 1.999999762
vn 0.3580349982 0.9310437441 0.07048747689
v 48.81918716 22.5430603 1.999999762
vn 0.07139433175 -0.9168627858 0.3927664161
v 48.81918716 22.5430603 18
vn 0.07612457126 -0.9776096344 -0.1961745322
v 48.96040726 22.59186172 1.999999762
vn 0.4898252189 -0.8717991114 0.006127618253
v 48.96040726 22.59186172 18
vn 0.6558612585 -0.7531621456 -0.05091882125
v 48.22484207 20.90122604 18
vn 0.3724341393 0.9251179099 -0.07382195443
v 48.22484207 20.90122604 1.999999762
vn 0.4342384636 0.8977971673 0.07346564531
v 48.03718948 21.01145554 1.999999762
vn 0.6558118463 0.7516723275 0.06999693066
v 47.71111298 21.71125221 18
vn 0.9988898635 0.01353745069 -0.0451195389
v 47.71111298 21.71125221 1.999999762
vn 0.9964960217 -0.07190594077 0.04272191972
v 47.82701492 22.12641907 1.999999762
vn 0.8330798745 -0.5528191328 0.01920886897
v 47.75330353 21.42529869 1.999999762
vn 0.9654458761 0.2544175088 0.05644426122
v 47.75330353 21.42529869 18
vn 0.9307475686 0.3612796664 -0.05644428357
v 47.95614624 22.30160713 1.999999762
vn 0.7143695951 -0.6992461085 0.02703549713
v 47.78346252 22.02669525 18
vn 0.9224683642 -0.384775579 -0.03161995113
v 47.73991394 21.92697334 1.999999762
vn 0.9617878795 -0.2684991658 0.05359382182
v 47.88714981 21.16910744 18
vn 0.7946249843 0.6033459306 -0.0674155876
v 47.88714981 21.16910744 1.999999762
vn 0.8469927311 0.5280594826 0.06129034236
v 48.1403923 24.89261436 1.999999762
vn 0.898593843 -0.4386193156 0.01192336157
v 48.104599 24.32372856 18
vn 0.963347137 0.2518688142 -0.09232765436
v 48.08504105 24.39382172 1.999999762
vn 0.9880442619 0.1541679502 0.0009052868118
v 48.52169037 25.31631279 18
vn 0.5304193497 -0.8472793698 -0.02780131437
v 48.52169037 25.31631279 1.999999762
vn 0.431784004 -0.901344955 0.03376104683
v 48.79462433 25.41149521 1.999999762
vn 0.1581096798 -0.9864083529 0.04472053424
v 49.11072922 23.55187607 18
vn 0.793071568 0.5400553346 -0.281740576
v 47.47277451 18.11818886 1.999999762
vn 0.5122303367 0.8558290601 0.0719492659
v 48.50115967 20.80416298 18
vn 0.4487623274 0.8836256862 -0.13348414
v 48.12852859 22.43445396 1.999999762
vn 0.504509449 -0.8633472323 0.01008632779
v 48.32606506 22.52580261 18
vn 0.3759774268 -0.9266255498 -0.002470028354
v 48.32606506 22.52580261 1.999999762
vn 0.2443630844 -0.9696829915 0.001259643119
v 48.54111862 22.55921173 18
vn 0.0713391453 -0.9970897436 -0.02688539401
v 48.54111862 22.55921173 1.999999762
vn 0.001434283215 -0.9999892712 0.004408788402
v 48.04233551 22.36803055 18
vn 0.6910730004 -0.7227290869 -0.008986347355
v 47.50715637 19.68912888 1.999999762
vn 0.354991436 -0.934867382 0.002004521899
v 47.10909271 18.46401215 18
vn 0.8351140618 0.5466321111 -0.06146382168
v 47.10909271 18.46401215 1.999999762
vn 0.8910266757 0.4492305219 0.06529458612
v 47.00840759 18.73496056 18
vn 0.9689360857 0.2418443412 -0.05171225965
v 47.00840759 18.73496056 1.999999762
vn 0.9897196293 0.1314118057 0.05644443631
v 47.00239182 19.02394867 18
vn 0.9951139688 -0.09017707407 -0.04020334408
v 47.09171295 19.29884911 1.999999762
vn 0.8582939506 -0.5120875835 0.0331332162
v 47.26644135 19.52910995 18
vn 0.7244799137 -0.6890286207 -0.01919412799
v 47.09171295 19.29884911 18
vn 0.9105334878 -0.412471354 -0.02821552195
v 47.00239182 19.02394867 1.999999762
vn 0.9784668684 -0.2013685405 0.04531305283
v 47.29325485 18.24122429 18
vn 0.6517574191 0.7550992966 -0.07097379863
v 47.29325485 18.24122429 1.999999762
vn 0.7185122967 0.6922675967 0.06712409109
v 47.26644135 19.52910995 1.999999762
vn 0.6423887014 -0.7659671307 0.02512187883
v 47.50715637 19.68912888 18
vn 0.4577799141 -0.8890632987 -0.002004516544
v 47.78709793 19.76112366 18
vn 0.1355764568 -0.9907348156 -0.007972078398
v 47.78709793 19.76112366 1.999999762
vn 0.04949105531 -0.9987562895 0.006046472583
v 48.35220337 19.74103355 1.999999762
vn 0.4205632806 -0.9037902355 0.07930817455
v 48.35220337 19.74103355 18
vn 0.6140047908 -0.7889631391 -0.02313596942
v 47.47277451 18.11818886 18
vn 0.4564626217 0.8868502378 -0.07168323547
v 48.08506012 19.73452759 18
vn -0.1161989272 -0.9700424075 -0.2133436054
v 48.20598221 19.71031761 1.999999762
vn -0.07718846947 -0.9373520017 0.3397250772
v 48.24649429 19.70672226 18
vn 0.08964120597 -0.9954776168 -0.03144492209
v 48.62254333 20.66959572 1.999999762
vn 0.756357491 0.1277062744 0.6415718794
v 48.60897827 20.70846176 18
vn 0.840557158 0.5414541364 -0.01706148311
v 48.55022812 20.77807999 1.999999762
vn 0.6764246225 0.7342509031 0.05766618252
v 48.45209503 20.83024597 1.999999762
vn 0.3422973156 0.9353083372 0.08961493522
v 46.12704849 16.76795769 18
vn 0.7698552012 -0.6367483139 -0.04329617694
v 46.0855217 16.70819855 1.999999762
vn 0.7997742891 -0.5996587873 0.02775553614
v 47.2128334 16.98323441 18
vn -0.2007623762 -0.9542167187 -0.2217317671
v 47.77897263 17.8388443 1.999999762
vn 0.7197069526 -0.03408208117 0.6934409142
v 47.74948502 17.9531517 1.999999762
vn 0.8504140973 0.5042657852 0.1500395834
v 47.76224136 17.92531586 18
vn 0.8871590495 0.4539814293 -0.08276295662
v 47.66199875 18.03611183 18
vn 0.5515733957 0.8278099298 -0.1024570242
v 48.00465012 19.75514221 1.999999762
vn -0.12038441 -0.9925473928 0.01890217699
v 46.58872223 15.20114326 1.999999762
vn 0.6271762252 -0.1391605437 0.7663447857
v 46.97726059 17.06156349 18
vn -0.1247805282 -0.9921163917 -0.011613301
v 46.28773117 16.91474152 18
vn 0.6406588554 -0.7675027847 -0.02226312645
v 46.28773117 16.91474152 1.999999762
vn 0.587315321 -0.8088495731 0.02868978865
v 46.47694778 17.02227592 18
vn 0.4114533663 -0.9114100337 -0.006151033565
v 46.47694778 17.02227592 1.999999762
vn 0.3245250881 -0.9458762407 0.001259626006
v 46.68845749 17.07353592 18
vn 0.1261884272 -0.9920051694 -0.001510055154
v 46.68845749 17.07353592 1.999999762
vn 0.03459104896 -0.999388814 0.005042406265
v 46.97726059 17.06156349 1.999999762
vn -0.2166117877 -0.9761937857 0.01117996313
v 46.58872223 15.20114326 18
vn 0.6485182047 -0.06341753155 -0.7585528493
v 46.55416107 15.31719971 1.999999762
vn 0.8995271921 0.4366099536 0.01492045075
v 45.99813461 15.87776566 18
vn 0.9197760224 0.386802882 -0.06629906595
v 45.99813461 15.87776566 1.999999762
vn 0.9517620802 0.3008587658 0.06027427688
v 45.93219757 16.15919495 18
vn 0.9867036343 0.1532658935 -0.05408822373
v 45.93219757 16.15919495 1.999999762
vn 0.9976705909 0.03172976524 0.06038698554
v 45.94287491 16.37656784 18
vn 0.9871340394 -0.1542300135 -0.04218431562
v 46.10424805 15.68775368 1.999999762
vn 0.8221933842 0.5649886727 0.06917946786
v 45.96244812 16.44665909 1.999999762
vn 0.9577621222 -0.2834614515 0.04838774353
v 46.01301193 16.58259392 18
vn 0.9043001533 -0.425532192 -0.03411148861
v 47.36222458 16.98056793 1.999999762
vn 0.1942903697 -0.9797661304 0.04805793613
v 47.66199875 18.03611183 1.999999762
vn 0.5336261392 0.8441410065 0.05166352168
v 47.2128334 16.98323441 1.999999762
vn -0.1856094152 -0.8821951747 0.4327594936
v 47.36222458 16.98056793 18
vn 0.3983180225 -0.9171829224 -0.01087210979
v 46.25859451 15.53431892 18
vn 0.5850227475 0.8079670668 -0.07026790828
v 46.25859451 15.53431892 1.999999762
vn 0.6434531808 0.7619549632 0.07343467325
v 46.10424805 15.68775368 18
vn 0.7658193707 0.639323771 -0.06917943805
v 44.60769272 14.02003098 1.999999762
vn 0.9205926657 -0.3875626922 0.04800284654
v 44.71387863 14.21000099 1.999999762
vn 0.7669382691 -0.6407578588 0.03514307737
v 44.86828613 14.36337662 18
vn 0.6215145588 -0.7831860185 -0.01842223108
v 44.86828613 14.36337662 1.999999762
vn 0.5468379855 -0.8366928697 0.03022053093
v 46.55416107 15.31719971 18
vn 0.813016057 0.5795425177 -0.05599451065
v 46.46910477 15.4027338 18
vn 0.5838044882 0.7947349548 -0.166038096
v 46.46910477 15.4027338 1.999999762
vn 0.5904512405 0.8037832379 0.07279954106
v 45.91546631 14.39566231 1.999999762
vn -0.3010554612 -0.8703038692 0.3897907436
v 44.30401611 11.9910965 18
vn -0.4272224605 -0.8456242681 -0.3200009167
v 44.99499893 12.9075489 1.999999762
vn 0.7297142744 0.6730558872 0.1204691082
v 45.12155533 14.50267601 18
vn 0.3817192912 -0.9242761135 -0.002004566137
v 45.69156647 14.50289822 18
vn -0.2469073534 -0.9638416767 -0.1002294272
v 45.69156647 14.50289822 1.999999762
vn -0.3372336924 -0.9412856102 0.0159651842
v 45.06180954 12.79613304 1.999999762
vn 0.9917827845 0.124774754 0.02825281769
v 45.06180954 12.79613304 18
vn 0.9037351608 0.4218227565 -0.07299543917
v 44.23226929 12.04216003 1.999999762
vn -0.4749547243 -0.8479532003 0.2353580594
v 44.40738678 11.95028782 1.999999762
vn -0.2536122799 -0.9671526551 0.0172190275
v 44.44804764 11.95136166 18
vn 0.07691024989 -0.9955288768 -0.05483682826
v 45.12155533 14.50267601 1.999999762
vn 0.2754537761 -0.9613122344 0.002004566835
v 45.40654373 14.55097294 18
vn 0.05665322766 -0.9983634949 -0.007795173209
v 45.40654373 14.55097294 1.999999762
vn -0.05587693676 -0.9984072447 0.007795176003
v 44.69475937 13.18956375 1.999999762
vn 0.8681434393 0.4918547273 0.06637662649
v 44.57178879 13.45115185 18
vn 0.9431361556 0.321203649 -0.08557108045
v 44.57178879 13.45115185 1.999999762
vn 0.9748167396 0.2135470957 0.06426480412
v 44.54164505 13.73862553 18
vn 0.9989329576 -0.006719389465 -0.0456922017
v 44.54164505 13.73862553 1.999999762
vn 0.9913733006 -0.1188628897 0.05523211136
v 44.60769272 14.02003098 18
vn 0.9528339505 -0.301599741 -0.03383883461
v 45.91546631 14.39566231 18
vn -0.3478086293 -0.9288424253 -0.1275965124
v 46.02313614 14.36813164 18
vn -0.009369827807 -0.9960497022 -0.08830184489
v 46.06334305 14.37429333 1.999999762
vn 0.09829749167 -0.9941499233 0.04476054013
v 44.91651917 12.96664906 18
vn 0.6946017742 0.7114069462 -0.1069044322
v 44.8380394 13.02574825 1.999999762
vn 0.693961978 0.7174184918 0.06105327606
v 44.69475937 13.18956375 18
vn 0.7965369821 0.5995787978 -0.07767954469
v 44.71387863 14.21000099 18
vn 0.8236914277 -0.5664853454 -0.02503569983
v 40.86754608 9.226781845 18
vn 0.9983084798 0.05796742439 -0.004461668432
v 42.84503174 11.43994427 18
vn 0.9966345429 -0.05803741887 -0.05789025873
v 42.84503174 11.43994427 1.999999762
vn 0.9870314598 -0.1509151459 0.05471285433
v 43.26104736 12.09030914 1.999999762
vn 0.5177310705 -0.8555421233 0.001510001486
v 43.04225159 11.90142632 1.999999762
vn 0.7325892448 -0.678994596 0.04774291068
v 43.04225159 11.90142632 18
vn 0.8039386868 -0.5921605229 -0.05503191426
v 42.94177246 10.94750404 1.999999762
vn 0.9070127606 0.4154126942 0.0689939484
v 43.06339264 10.76702118 18
vn 0.7692144513 0.6299398541 -0.1071674228
v 40.89626694 9.011048317 18
vn 0.9488964081 0.3130069971 -0.04027729481
v 43.45860291 12.1816206 1.999999762
vn 0.24416776 -0.9697135091 0.006150997244
v 43.20911407 10.62104988 18
vn 0.7943949103 0.6009519696 -0.08828066289
v 42.395401 9.813165665 18
vn -0.6181024313 -0.7806405425 -0.09246436507
v 42.47282791 9.765161514 18
vn -0.2598985434 -0.9649383426 -0.03669856116
v 42.58229065 9.745955467 1.999999762
vn -0.02814783528 -0.9985687137 0.04547826946
v 42.43411636 9.789163589 1.999999762
vn -0.5146273375 -0.8530989885 0.08591159433
v 43.67366409 12.21498775 18
vn 0.0426674895 -0.9989932179 -0.01385588013
v 43.67366409 12.21498775 1.999999762
vn -0.04921479523 -0.9987088442 0.01259215642
v 43.9604454 12.17887306 18
vn -0.199911654 -0.9796190858 -0.01953809708
v 43.9604454 12.17887306 1.999999762
vn -0.3223905861 -0.9462826252 0.02476966567
v 44.16052246 12.09322453 18
vn -0.4662824571 -0.8842990398 -0.02441135421
v 43.45860291 12.1816206 18
vn 0.3336854279 -0.9426643848 -0.00615096977
v 43.26152802 10.48113251 1.999999762
vn 0.9946649075 -0.0956273824 0.03869339824
v 43.26152802 10.48113251 18
vn 0.9915239215 0.1295788139 -0.009465840645
v 43.23386002 10.58876991 1.999999762
vn 0.8876417875 0.4572446048 0.0549489148
v 40.98328781 8.81156826 18
vn 0.8429008126 0.536844492 -0.03627917916
v 40.98328781 8.81156826 1.999999762
vn 0.880508244 0.4725116789 0.03792048991
v 40.89626694 9.011048317 1.999999762
vn 0.973985076 0.2230039686 0.04027722776
v 43.12388229 10.71017647 1.999999762
vn 0.7714957595 0.6299034953 0.08953146636
v 42.94177246 10.94750404 18
vn 0.8679440618 0.4923243821 -0.06549677253
v 42.85255432 11.22244072 18
vn 0.9699825048 0.2350479662 -0.06234121323
v 42.85255432 11.22244072 1.999999762
vn 0.987234056 0.1449847966 0.06594175845
v 42.89770889 11.6511097 18
vn 0.9361982942 -0.3478077054 -0.05062136427
v 42.89770889 11.6511097 1.999999762
vn 0.9006561041 -0.4324387908 0.04260606319
v 43.26104736 12.09030914 18
vn 0.5940799117 -0.8044048548 -0.001372267143
v 40.3747139 7.80488205 18
vn -0.09279311448 -0.9954903722 -0.01970734634
v 41.51855087 10.08432961 1.999999762
vn 0.1591535807 -0.98577106 0.05408789963
v 40.88734818 9.44351387 1.999999762
vn 0.9617738724 -0.2738420069 0.001259572804
v 40.96607208 9.646410942 18
vn 0.8862965703 -0.462954551 -0.01230859384
v 40.96607208 9.646410942 1.999999762
vn 0.8400667906 -0.5423676372 0.01118594501
v 41.14084625 9.876635551 18
vn 0.7481520176 -0.6633113027 -0.01693158224
v 41.14084625 9.876635551 1.999999762
vn 0.6840847135 -0.7291646004 0.01863045804
v 41.31511688 10.00700474 18
vn 0.5207312107 -0.8502295613 -0.07712758332
v 38.64807129 7.495644569 1.999999762
vn 0.9860893488 -0.1551639438 0.05959793553
v 38.66610718 7.207158089 1.999999762
vn 0.9882427454 0.1377329081 0.0663767755
v 38.73902512 7.002101898 18
vn 0.8904935718 0.449144423 -0.07273554802
v 38.73902512 7.002101898 1.999999762
vn 0.9174785614 0.3913171291 0.07144220918
v 38.66610718 7.207158089 18
vn 0.9709758162 0.2277632803 -0.07300561666
v 38.64807129 7.495644569 18
vn 0.9954200387 -0.07027816772 -0.06480646878
v 38.69487762 7.70818758 1.999999762
vn 0.9337447882 -0.3475008905 0.08581262827
v 38.74664688 7.803902626 18
vn 0.8948261142 -0.4436278939 -0.04980514944
v 42.02008438 10.06638336 1.999999762
vn -0.371383667 -0.9258986712 0.06917964667
v 42.21370697 9.967006683 18
vn -0.525380969 -0.8477374315 -0.07291167229
v 42.21370697 9.967006683 1.999999762
vn -0.5846596956 -0.8079980016 0.07288512588
v 41.13358307 8.31834507 1.999999762
vn 0.6593841314 -0.7178189754 0.2234915942
v 41.17927933 8.470476151 1.999999762
vn 0.9934837222 -0.09521107376 0.06264896691
v 41.17927933 8.470476151 18
vn 0.9926605821 0.1180802509 -0.02611615323
v 41.1305809 8.611730576 18
vn 0.8029441833 0.4613685012 -0.3773853481
v 41.1305809 8.611730576 1.999999762
vn 0.8475450873 0.486995995 0.2109555006
v 40.24509048 7.879188538 1.999999762
vn -0.6029493213 -0.7014573812 0.380012691
v 40.24509048 7.879188538 18
vn -0.6370062828 -0.7410784364 -0.212192744
v 40.3747139 7.80488205 1.999999762
vn -0.3005391061 -0.9483691454 0.1013516784
v 41.80657959 10.10859203 18
vn 0.007985386997 -0.9981499314 -0.06027437001
v 41.80657959 10.10859203 1.999999762
vn -0.0836461857 -0.9942875504 0.06629888713
v 42.02008438 10.06638336 18
vn -0.2832705975 -0.9565416574 -0.06917936355
v 40.86754608 9.226781845 1.999999762
vn 0.9998495579 -0.0167599488 0.004461686127
v 40.88734818 9.44351387 18
vn 0.9831478 -0.1828080416 -0.001259573386
v 41.31511688 10.00700474 1.999999762
vn 0.4390287399 -0.8951564431 0.07712813467
v 41.51855087 10.08432961 18
vn 0.248892799 -0.966701746 -0.05949883536
v 38.0094986 6.136273384 1.999999762
vn -0.312825799 -0.94893682 0.04073065892
v 38.0094986 6.136273384 18
vn -0.09250392765 -0.9957070351 -0.003249302739
v 40.07638931 8.061314583 1.999999762
vn -0.6855401397 -0.7276619077 0.02329993993
v 39.09527969 8.159870148 1.999999762
vn 0.4623280168 -0.8857264519 0.04173127189
v 39.40141678 8.264839172 18
vn 0.1759659648 -0.9843959212 -0.000824983872
v 39.40141678 8.264839172 1.999999762
vn 0.09117314219 -0.9958322048 0.002394366311
v 39.69021988 8.252810478 18
vn -0.1173867509 -0.9930232763 -0.01118600089
v 39.69021988 8.252810478 1.999999762
vn -0.2080593407 -0.9780819416 0.008189497516
v 36.23797607 5.6253829 1.999999762
vn 0.9692841172 0.235973224 0.06931734085
v 36.20329285 5.840237617 18
vn 0.995993197 0.06713186204 -0.05908314511
v 36.20329285 5.840237617 1.999999762
vn 0.9979091287 -0.02620101534 0.05908323452
v 36.22912979 6.056334019 18
vn 0.9722841382 -0.2278923392 -0.05223673582
v 36.22912979 6.056334019 1.999999762
vn 0.9474845529 -0.3162568808 0.04748297855
v 36.34120941 6.322769642 18
vn 0.871520102 -0.486787498 -0.05908130482
v 36.34120941 6.322769642 1.999999762
vn 0.8113060594 -0.5816286206 0.05908126757
v 38.85984421 6.675918579 18
vn 0.9966520667 -0.07196222246 -0.03880879283
v 36.5346489 6.537549973 18
vn 0.6900722384 -0.7237392068 -0.001372274011
v 36.5346489 6.537549973 1.999999762
vn 0.5966249704 -0.8025164008 0.002460748656
v 36.78794479 6.676800251 1.999999762
vn 0.344370693 -0.9388049841 0.007353712339
v 36.92841721 6.712882519 18
vn 0.1506819874 -0.988481164 -0.01413934957
v 36.71922302 6.652863503 18
vn 0.4372289777 -0.8993345499 -0.005305690225
v 36.23797607 5.6253829 18
vn 0.9535535574 0.2948895395 -0.0614470467
v 38.84387207 6.824476242 18
vn 0.9255117178 0.3428076804 -0.1609688699
v 38.84387207 6.824476242 1.999999762
vn 0.9344103336 0.346103698 0.08419979364
v 37.81030273 6.31440258 18
vn -0.7651225328 -0.6413089633 -0.05753598362
v 37.8818779 6.213975906 1.999999762
vn -0.7382360697 -0.6668706536 0.1014443859
v 37.90895081 6.183621883 18
vn -0.6121773124 -0.7820212245 -0.1169689596
v 38.79841232 7.899616718 1.999999762
vn 0.7545278072 -0.654961884 0.04138546437
v 39.00066376 8.106122971 18
vn 0.670107305 -0.7402681708 -0.05439850688
v 39.18989563 8.213619232 18
vn 0.3682045341 -0.9297078252 -0.008290814236
v 39.89674759 8.184174538 18
vn -0.4018159509 -0.9155133367 -0.01947604492
v 39.89674759 8.184174538 1.999999762
vn -0.4856048524 -0.8740370274 0.01572403871
v 40.07638931 8.061314583 18
vn -0.6293230653 -0.776612699 -0.02872616425
v 38.85984421 6.675918579 1.999999762
vn 0.9619680047 -0.2731170654 0.004967478104
v 35.17298126 5.124237061 18
vn -0.7702069879 -0.6337597966 -0.07162186503
v 35.40637589 4.795554161 18
vn -0.2893579006 -0.9555256963 -0.05694465712
v 36.31300354 5.171305656 18
vn 0.5644190311 -0.3857445121 -0.7298166156
v 36.34487915 5.331046104 18
vn 0.965832293 0.1595881581 -0.2042049468
v 37.21746826 6.712938309 1.999999762
vn -0.2031940073 -0.9788892865 0.02208883502
v 37.42668533 6.653001308 18
vn -0.3630703092 -0.9312490821 -0.03090469912
v 37.42668533 6.653001308 1.999999762
vn -0.4484706521 -0.8932631016 0.03090452775
v 37.61130524 6.537759304 18
vn -0.6137885451 -0.7685062885 -0.1807254255
v 33.60362625 4.502884388 18
vn 0.9878547788 0.1545818746 -0.01572738774
v 33.60362625 4.502884388 1.999999762
vn 0.9977375269 0.06541140378 0.01553130243
v 33.60980988 4.791868687 18
vn 0.9911929369 -0.132196039 -0.007795234676
v 36.34487915 5.331046104 1.999999762
vn 0.9805783629 0.1620247066 0.1105173007
v 33.60980988 4.791868687 1.999999762
vn 0.9700641632 -0.2427236885 0.007795247715
v 33.7106514 5.062756538 18
vn 0.8926690221 -0.4507083893 -0.002004612703
v 33.7106514 5.062756538 1.999999762
vn 0.8363751769 -0.5481538177 0.002004604321
v 34.97064972 5.330663204 18
vn -0.5249356627 -0.8485965133 -0.06577617675
v 34.97064972 5.330663204 1.999999762
vn -0.6136006117 -0.786565721 0.06934423
v 35.17298126 5.124237061 1.999999762
vn -0.8238602281 -0.5621342659 0.07252151519
v 33.56179428 3.988967657 1.999999762
vn 0.3481471539 -0.9148989916 0.2043365091
v 35.30834198 4.880802631 1.999999762
vn -0.8027861118 -0.5700431466 0.1748864055
v 34.42492676 5.495274544 18
vn 0.02393326908 -0.9987835288 -0.04311190546
v 33.89494705 5.285439491 1.999999762
vn 0.5744434595 -0.8176751733 0.03770986199
v 33.89494705 5.285439491 18
vn 0.6944850087 -0.7187055349 -0.03395565972
v 34.14219666 5.435157776 18
vn 0.4024100602 -0.9148110747 -0.03445019946
v 34.24720764 5.463687897 1.999999762
vn 0.2184231281 -0.9745550752 0.05033645034
v 34.71170425 5.459102631 18
vn -0.2875777483 -0.9533870816 -0.09139005095
v 34.67560577 5.463655472 1.999999762
vn -0.2280346304 -0.9723761082 0.04984918237
v 37.00016785 6.725027561 1.999999762
vn 0.05030089989 -0.9986532331 0.01271135453
v 37.21746826 6.712938309 18
vn -0.100049451 -0.9947445989 -0.0217546057
v 37.61130524 6.537759304 1.999999762
vn -0.6650670767 -0.727571249 0.1683028787
v 37.76580048 6.384473324 1.999999762
vn -0.7627673149 -0.6374143362 0.1090364307
v 36.31300354 5.171305656 1.999999762
vn 0.4700427651 -0.457015425 0.7551137209
v 35.30834198 4.880802631 18
vn -0.8128156662 -0.577164948 -0.07881184667
v 35.40637589 4.795554161 1.999999762
vn -0.4780151546 -0.8780276179 0.02385355905
v 31.12279129 4.369213104 18
vn 0.7241168618 -0.689219594 -0.02512194403
v 30.94797325 4.13902092 1.999999762
vn 0.8585628867 -0.5127043128 0.002004567999
v 30.8585434 3.864153147 1.999999762
vn 0.9716700912 -0.2362543195 0.006415868178
v 32.56933594 3.916823387 18
vn -0.9120207429 -0.4003692865 -0.08900918812
v 32.59844589 3.869490385 1.999999762
vn -0.8286756277 -0.5460962057 0.1227829531
v 32.62755585 3.822158813 18
vn -0.6908621192 -0.7217471004 -0.04231644794
v 32.70072937 3.767893791 18
vn -0.3588614762 -0.931814611 -0.05422139168
v 30.85085297 3.646652937 18
vn 0.995852828 0.09002149105 -0.0131639177
v 30.88294792 3.442904949 1.999999762
vn 0.9688359499 0.001708609518 0.2476973087
v 31.64353752 4.601022243 1.999999762
vn 0.08355166018 -0.9942070246 0.06761305034
v 31.67979622 4.59798336 18
vn 0.03749416396 -0.9984744787 -0.04053261504
v 31.93157578 4.576872826 1.999999762
vn -0.1896093935 -0.9807980657 0.04564444721
v 32.06855392 4.529206276 18
vn -0.3439136446 -0.9365410805 -0.06792812794
v 31.36356735 4.529138565 18
vn 0.4377335608 -0.898429215 -0.03484658152
v 31.36356735 4.529138565 1.999999762
vn 0.3378965259 -0.9406504631 0.03166377544
v 32.13504028 4.499625206 1.999999762
vn -0.5098479986 -0.8583785295 0.05693227425
v 32.3093605 4.369328022 18
vn -0.6595887542 -0.7478889823 -0.07486503571
v 32.3093605 4.369328022 1.999999762
vn -0.7463624477 -0.6622431874 0.06615903229
v 32.48422623 4.139169693 18
vn -0.8413735628 -0.5359330773 -0.06975849718
v 31.12279129 4.369213104 1.999999762
vn 0.6420922875 -0.7662156224 0.02512202039
v 32.48422623 4.139169693 1.999999762
vn -0.8852849603 -0.458704561 0.07655505836
v 30.80308342 3.252667427 1.999999762
vn 0.386331737 -0.62586236 0.6775279045
v 30.85977745 3.324585438 1.999999762
vn 0.9185447693 -0.385620296 0.08702018112
v 30.84310913 3.298900127 18
vn 0.8855602145 -0.464327395 -0.01353520807
v 30.88294792 3.442904949 18
vn 0.8896311522 -0.01980883069 -0.4562499225
v 29.75872612 3.238320112 18
vn -0.9472562671 -0.3085265756 -0.08669988066
v 29.77972412 3.197897196 1.999999762
vn -0.8674137592 -0.486748904 0.1032899767
v 33.6501236 4.084907532 1.999999762
vn 0.8928762078 -0.4473391473 0.05157320946
v 33.6634407 4.112480164 18
vn 0.9694429636 -0.2400381863 -0.05061595142
v 33.67159653 4.232769966 18
vn 0.9100705981 0.1394300759 -0.3902957439
v 33.67159653 4.232769966 1.999999762
vn 0.9710329771 0.1276994944 0.201959908
v 30.85085297 3.646652937 1.999999762
vn 0.9995743632 0.02615221962 0.01292863395
v 30.8585434 3.864153147 18
vn 0.9892504215 -0.1460609734 -0.007059825119
v 30.94797325 4.13902092 18
vn 0.9107323289 -0.4129923284 -0.002004571259
v 26.95458031 2.807663441 18
vn -0.6004573107 -0.799569726 -0.0118005136
v 28.98974037 4.059394836 18
vn -0.0917327702 -0.994782865 -0.04463371262
v 29.06092453 4.04427433 1.999999762
vn -0.1914492995 -0.9801385999 0.05172476172
v 28.77212715 4.056358814 18
vn 0.2113805264 -0.9767919183 -0.0345809795
v 28.46596718 3.951450348 1.999999762
vn 0.4624352157 -0.8863574266 0.02289570495
v 28.01862907 3.287311554 1.999999762
vn 0.9912518859 -0.1319785118 0.001149238436
v 29.83109474 3.130425453 18
vn -0.637476325 -0.7700170279 -0.02641458251
v 28.01862907 3.287311554 18
vn 0.9976561069 -0.06842260808 -0.0007803588524
v 29.19977379 4.00237751 18
vn -0.382404983 -0.9218811393 -0.06246233732
v 29.2674408 3.975601196 1.999999762
vn -0.4736338258 -0.879152298 0.0525570102
v 29.44705582 3.85270381 18
vn -0.6278466582 -0.7749319077 -0.07272613049
v 29.71860695 3.430665255 1.999999762
vn -0.9546107054 -0.2880657017 0.0757400021
v 27.8506794 2.803425074 1.999999762
vn 0.1258164793 -0.9611104131 0.2458392382
v 27.92123413 2.837500334 18
vn 0.3603506088 -0.637429297 -0.6810516119
v 27.97669983 2.896162033 1.999999762
vn 0.8039360046 -0.5885825157 0.08519108593
v 29.44705582 3.85270381 1.999999762
vn -0.7181715369 -0.6930142641 0.06293547153
v 29.63138962 3.630058527 18
vn -0.8145848513 -0.5760313869 -0.06811287254
v 29.63138962 3.630058527 1.999999762
vn -0.8636928201 -0.4986309111 0.07349761575
v 29.71860695 3.430665255 18
vn -0.937551856 -0.3402866721 -0.07212138176
v 28.00967598 2.974287987 18
vn 0.9221708775 -0.2266444564 -0.3134216666
v 28.0199604 3.018661022 1.999999762
vn 0.9671426415 -0.06988598406 0.2444403023
v 26.88521576 2.922778368 1.999999762
vn -0.9494410753 -0.266438961 0.1660479158
v 26.88521576 2.922778368 18
vn -0.9606900811 -0.2695957422 -0.06627756357
v 26.95458031 2.807663441 1.999999762
vn -0.7451825142 -0.6653363109 0.04506227747
v 25.1394043 3.142565966 1.999999762
vn 0.9747489095 -0.223245576 0.005092754029
v 25.20094299 3.351319551 18
vn 0.9218135476 -0.3874724805 -0.01117242128
v 25.1394043 3.142565966 18
vn 0.9856516123 -0.1677533239 -0.01870009489
v 28.06547737 3.49984479 18
vn 0.9524126053 -0.3047629297 -0.005456837825
v 28.06547737 3.49984479 1.999999762
vn 0.9197805524 -0.3923984468 0.005213489756
v 28.16904831 3.691255569 18
vn 0.8211585283 -0.5705386996 -0.013576244
v 28.16904831 3.691255569 1.999999762
vn 0.7373254299 -0.6753765941 0.01475517265
v 28.3713398 3.897720098 18
vn 0.6403592229 -0.7678943276 -0.01668615267
v 28.56059456 4.005180836 18
vn 0.3676421046 -0.9288170338 -0.04624084383
v 28.77212715 4.056358814 1.999999762
vn 0.1170546487 -0.9922345281 0.04205744341
v 22.55294418 3.85270381 18
vn 0.7181739807 -0.6930117011 -0.06293559074
v 26.79905891 3.351319551 18
vn -0.8803707361 -0.4694021642 -0.06788919866
v 25.71499443 3.833766222 18
vn 0.2805577815 -0.9590113759 -0.03980546445
v 25.85547447 3.869820595 1.999999762
vn 0.1534166634 -0.9876873493 0.03061097674
v 26.03587723 3.875885963 18
vn -0.05930043757 -0.9971475601 -0.04669200256
v 26.14452553 3.869820595 1.999999762
vn -0.203318119 -0.9783475399 0.03870187327
v 26.41750908 3.774797916 18
vn -0.39143309 -0.9183408022 -0.05856870487
v 26.41750908 3.774797916 1.999999762
vn -0.5293285251 -0.8466172218 0.05523228273
v 26.79905891 3.351319551 1.999999762
vn -0.919410646 -0.3864638507 0.07300542295
v 26.86059761 3.142565966 18
vn -0.9715542197 -0.2251616418 -0.07338025421
v 26.86059761 3.142565966 1.999999762
vn -0.9831665158 -0.1679863334 0.07186250389
v 25.00305367 2.779348612 18
vn 0.2682487667 -0.6491000056 -0.7118368745
v 25.12662888 2.966902018 1.999999762
vn 0.9302883148 -0.1789606214 0.3202136159
v 23.9800396 3.018661022 18
vn -0.9720128179 -0.07023656368 -0.2241827548
v 23.99032402 2.974287987 1.999999762
vn -0.9225133657 -0.2267267555 0.3123525083
v 24.02330017 2.896162033 18
vn -0.8084353209 -0.5869265199 -0.04415480793
v 25.06543541 2.830594778 1.999999762
vn 0.7544541955 -0.6562449336 0.01189394388
v 25.10940361 2.914070606 18
vn 0.8767412901 -0.3467214406 -0.3333300352
v 22.7325592 3.975601196 1.999999762
vn 0.3597204983 -0.930955112 0.06263944507
v 22.26133347 3.334492683 18
vn 0.9392122626 -0.3255096376 -0.1091963425
v 22.55294418 3.85270381 1.999999762
vn 0.6511772871 -0.7556040287 0.07092737406
v 22.7325592 3.975601196 18
vn 0.4850003421 -0.8725447655 -0.05865378678
v 22.93907547 4.04427433 18
vn 0.2232255936 -0.9738145471 -0.04307565093
v 23.15567589 4.065480232 18
vn -0.04182581231 -0.9971904755 -0.06214345992
v 22.28139305 3.430665255 1.999999762
vn 0.944552958 -0.3224302828 0.06211602315
v 22.36861229 3.630058527 18
vn 0.8816324472 -0.465421468 -0.07814817131
v 22.36861229 3.630058527 1.999999762
vn 0.8145859838 -0.5760297775 0.0681129247
v 25.20094299 3.351319551 1.999999762
vn 0.8824067712 -0.4704853296 0.001372292172
v 25.35591888 3.595310688 18
vn 0.8009439111 -0.5987181067 -0.005042358767
v 25.35591888 3.595310688 1.999999762
vn 0.7218773365 -0.6919124722 0.01225961186
v 25.5187149 3.739752293 18
vn 0.5808883905 -0.8139827251 -0.0009053274989
v 25.58249092 3.774797916 1.999999762
vn 0.467906028 -0.8834896684 0.02258295007
v 26.64408302 3.595310688 18
vn -0.702542603 -0.7085506916 -0.06625526398
v 26.64408302 3.595310688 1.999999762
vn -0.7778034806 -0.6252133846 0.06426478177
v 19.86495972 4.499625206 1.999999762
vn 0.4399717152 -0.8979659081 0.009061309509
v 22.24127388 3.238320112 1.999999762
vn 0.9227161407 -0.3749205768 0.0896075964
v 23.8309536 3.691255569 1.999999762
vn -0.821157217 -0.5705404878 0.01357639022
v 23.93452454 3.49984479 18
vn -0.919781208 -0.3923969269 -0.005213469733
v 23.93452454 3.49984479 1.999999762
vn -0.9524136782 -0.3047596812 0.005456837825
v 23.98137093 3.287311554 18
vn -0.9912522435 -0.1319757998 -0.001149203628
v 23.98137093 3.287311554 1.999999762
vn -0.9976562262 -0.06842140108 0.0007803472108
v 23.6286602 3.897720098 18
vn -0.5410522223 -0.8407268524 -0.02099508606
v 21.11705399 3.442904949 1.999999762
vn -0.9904247522 -0.02205754817 0.13628003
v 21.11705399 3.442904949 18
vn -0.9983527064 -0.02223411016 -0.05289110541
v 21.15689087 3.298900127 1.999999762
vn -0.9007377028 -0.4340747297 0.01583465189
v 19.6906395 4.369328022 1.999999762
vn 0.6838097572 -0.7294420004 0.01784898154
v 19.86495972 4.499625206 18
vn 0.5219135284 -0.8529143929 -0.0119713461
v 20.97428131 4.261453629 18
vn -0.7366037369 -0.6739016771 -0.05719620734
v 20.5699501 4.558732033 18
vn -0.3267563581 -0.9384130836 -0.112299569
v 20.46320724 4.579875946 1.999999762
vn -0.2288231105 -0.9725026488 0.0433422178
v 20.35646439 4.601022243 18
vn -0.01688652672 -0.9998572469 -0.000604339235
v 20.06842422 4.576872826 1.999999762
vn 0.1169856563 -0.993129909 0.002700069454
v 21.15689087 3.298900127 18
vn -0.7897112966 -0.6048606634 -0.1024679989
v 19.51577568 4.139169693 18
vn 0.8897714019 -0.4554430842 -0.02963953093
v 19.51577568 4.139169693 1.999999762
vn 0.8454735875 -0.5334314704 0.02500608936
v 19.6906395 4.369328022 18
vn 0.7478548884 -0.6635654569 -0.01984943263
v 20.76353455 4.459280014 18
vn -0.5094867349 -0.8591416478 -0.04794655368
v 20.76353455 4.459280014 1.999999762
vn -0.5809742808 -0.8123182654 0.05106833205
v 20.97428131 4.261453629 1.999999762
vn -0.7950825095 -0.6032291651 0.06291558594
v 21.08576393 4.074540138 18
vn -0.9005433917 -0.4295431674 -0.06718808413
v 20.06842422 4.576872826 18
vn 0.248955965 -0.968500793 -0.005205860827
v 23.04737663 4.054877281 1.999999762
vn 0.03043473326 -0.9985801578 0.04371898621
v 23.36973763 4.026210785 18
vn -0.2396721244 -0.9704489708 -0.02803680114
v 23.36973763 4.026210785 1.999999762
vn -0.3216694891 -0.9461608529 0.03617168218
v 23.8309536 3.691255569 18
vn -0.7653345466 -0.6435283422 -0.01158788428
v 23.6286602 3.897720098 1.999999762
vn -0.6320672035 -0.7745944858 0.02223645523
v 22.16890717 3.130425453 1.999999762
vn 0.5352071524 -0.8442925811 0.02689579315
v 22.16890717 3.130425453 18
vn 0.7662399411 -0.637927711 -0.07697108388
v 17.92546463 5.408369064 18
vn -0.4437167346 -0.8939278722 -0.06331192702
v 18.34151077 4.103518486 18
vn -0.8928786516 -0.4473342597 -0.05157347023
v 21.08576393 4.074540138 1.999999762
vn -0.9367297888 -0.3435448706 0.06718827784
v 21.1414566 3.864153147 18
vn -0.9805616736 -0.1829327643 -0.07095321268
v 21.1414566 3.864153147 1.999999762
vn -0.9914855957 -0.1091879532 0.07095292956
v 19.41199684 3.880688667 18
vn 0.7990789413 -0.4549099505 -0.3931027651
v 19.41199684 3.880688667 1.999999762
vn 0.8497718573 -0.4837690294 0.2094166428
v 18.32840347 4.232769966 1.999999762
vn -0.9828305244 0.1505735666 0.1066386402
v 16.82701683 5.124237061 18
vn 0.8260343075 -0.5636176467 -0.001587109757
v 16.82701683 5.124237061 1.999999762
vn 0.7721891403 -0.6353907585 0.001567319036
v 17.02934837 5.330663204 18
vn 0.6320588589 -0.7748897672 -0.006891604513
v 17.02934837 5.330663204 1.999999762
vn 0.5409940481 -0.8409981728 0.006891593803
v 17.28829575 5.459102631 18
vn 0.3749777079 -0.9269320965 -0.01373286918
v 17.57507515 5.495274544 1.999999762
vn -0.05736760423 -0.9979044199 0.02992927656
v 17.71896172 5.47708416 18
vn -0.2078867257 -0.9777021408 -0.02969162166
v 17.85780334 5.435157776 1.999999762
vn -0.4011713266 -0.9153713584 0.03401301801
v 18.10505676 5.285439491 18
vn -0.6288673878 -0.7758924961 -0.05016636476
v 18.10505676 5.285439491 1.999999762
vn -0.6939790845 -0.7181801796 0.05109134316
v 18.28934669 5.062756538 18
vn -0.8348091245 -0.5471247435 -0.06122292206
v 18.28934669 5.062756538 1.999999762
vn -0.8909962177 -0.4498637915 0.06122308597
v 18.39019012 4.791868687 18
vn -0.9678116441 -0.2421609759 -0.06854698062
v 18.39019012 4.791868687 1.999999762
vn -0.9888917208 -0.1318882108 0.06854689121
v 18.39637375 4.502884388 1.999999762
vn -0.9853756428 0.1541930139 0.07252156734
v 16.51522827 4.773838997 18
vn -0.08358983696 -0.7110024095 -0.6982036233
v 18.39637375 4.502884388 18
vn -0.995295167 0.06525219977 -0.07162181288
v 17.28829575 5.459102631 1.999999762
vn 0.2590787411 -0.9656968117 0.01754657552
v 17.50236702 5.498330593 18
vn 0.07524947822 -0.9969307184 -0.0216030255
v 21.14914703 3.646652937 18
vn -0.9970670938 0.02608722448 -0.0719492808
v 21.14914703 3.646652937 1.999999762
vn -0.9932637215 0.08978498727 0.07325193286
v 19.17986107 3.747990608 1.999999762
vn -0.2600409389 -0.9403880239 0.2192010731
v 19.30771065 3.773689747 1.999999762
vn 0.4023654163 -0.9144434333 0.04353521392
v 19.30771065 3.773689747 18
vn 0.5802559257 -0.8143994808 -0.007522897329
v 18.32840347 4.232769966 18
vn -0.9881860018 0.1434846669 -0.05385703221
v 18.33656311 4.112480164 1.999999762
vn -0.971717298 -0.230037123 0.05337100476
v 15.46535301 6.537549973 18
vn -0.6204112172 -0.7836341858 -0.03173947707
v 14.64204502 6.676911831 1.999999762
vn 0.292425245 -0.9541227818 0.06432124227
v 14.44574642 6.582936764 1.999999762
vn 0.512249589 -0.8560458422 0.06917963177
v 15.65702057 5.246265411 1.999999762
vn -0.989630878 -0.1323319823 0.05584773794
v 16.56417084 4.786174774 1.999999762
vn 0.09617468715 -0.7540311813 0.649759531
v 16.69165993 4.880802631 1.999999762
vn 0.7841171026 -0.5748512149 0.2338941842
v 15.66906357 5.395193577 1.999999762
vn -0.8765442371 0.2427824289 0.4156042933
v 15.66906357 5.395193577 18
vn -0.937633872 0.2597028613 -0.231078133
v 15.78379154 5.948286057 1.999999762
vn -0.9965131879 -0.0833613202 0.003516302677
v 15.79670906 5.840237617 18
vn -0.9997550249 0.02052121796 -0.008290774189
v 15.46535301 6.537549973 1.999999762
vn -0.6897876263 -0.7234368324 0.0288467072
v 15.65879345 6.322769642 18
vn -0.8124921322 -0.5824761987 -0.02404244803
v 13.93973351 6.131872177 1.999999762
vn -0.1123912707 -0.92016536 0.3750518858
v 13.93973351 6.131872177 18
vn -0.04640037939 -0.691628933 -0.7207610011
v 14.09783268 6.198694229 18
vn 0.6652622223 -0.7376388311 -0.1153910533
v 14.1383791 6.236691952 1.999999762
vn 0.7820430398 -0.6204882264 0.05833574384
v 15.77087402 6.056334019 18
vn -0.9560240507 -0.2932876348 -0.0006043604808
v 15.65879345 6.322769642 1.999999762
vn -0.8931117058 -0.4493411481 0.02107017674
v 14.05728722 6.160696983 1.999999762
vn 0.4302318394 -0.8942021728 0.1237053424
v 15.76202774 5.6253829 18
vn -0.9815430641 0.1909659058 -0.01026024669
v 15.76202774 5.6253829 1.999999762
vn -0.9665431976 0.2562859356 0.0105741797
v 14.85428905 6.725055695 18
vn 0.1297343373 -0.9898574352 -0.05788992718
v 14.85428905 6.725055695 1.999999762
vn 0.03670435399 -0.9976480007 0.05788997188
v 15.07158279 6.712882519 18
vn -0.1297731549 -0.990288198 -0.04988170788
v 15.07158279 6.712882519 1.999999762
vn -0.2033711672 -0.9778302312 0.04988164455
v 15.28077888 6.652863503 18
vn -0.3632974029 -0.9307613373 -0.04121068865
v 15.28077888 6.652863503 1.999999762
vn -0.4486522675 -0.8927557468 0.04121077061
v 15.65702057 5.246265411 18
vn -0.9402294755 -0.3398829103 -0.02117021568
v 14.28292274 6.438527584 18
vn 0.7635814548 -0.6416048408 -0.07270909101
v 16.60336685 4.798699856 18
vn 0.5526192188 -0.8331345916 -0.02233260125
v 16.69165993 4.880802631 18
vn 0.7326668501 -0.5033557415 -0.4580745101
v 14.28292274 6.438527584 1.999999762
vn 0.7200530767 -0.690022409 0.07343468815
v 14.44574642 6.582936764 18
vn 0.5899794698 -0.804449141 -0.0691794157
v 14.64204502 6.676911831 18
vn 0.3628668189 -0.9296184182 -0.06432133913
v 13.16004944 7.959369183 18
vn -0.7392529845 -0.6723319292 -0.03840329126
v 12.99933624 8.106122971 18
vn -0.5111102462 -0.8587601781 -0.03601681441
v 12.74044037 8.234660149 18
vn -0.2348359376 -0.9720329642 -0.002004499082
v 13.14015865 6.675918579 1.999999762
vn -0.9966520667 -0.07196222246 0.03880881518
v 13.14015865 6.675918579 18
vn -0.9619695544 -0.2731115818 -0.004967522342
v 11.90040207 8.03329277 18
vn 0.6055942178 -0.7524642944 -0.2589460611
v 12.45367718 8.270945549 18
vn 0.09776800871 -0.9951786995 -0.00779520534
v 13.15613079 6.824476242 1.999999762
vn -0.9130806923 0.3382032514 0.2278204858
v 13.2741251 7.774027348 1.999999762
vn -0.9388502836 -0.3411800563 0.04643614963
v 13.33389187 7.207158089 18
vn -0.988532424 0.1377703398 -0.06183056906
v 13.33389187 7.207158089 1.999999762
vn -0.9713203311 0.2278408706 0.06800959259
v 13.26097584 7.002101898 18
vn -0.9176564217 0.3913917542 -0.06869616359
v 11.70902252 7.839193344 18
vn 0.6718429923 -0.734936595 -0.09216945618
v 11.62602997 7.801624775 18
vn 0.2698865831 -0.9615062475 -0.05164281279
v 10.82072067 8.470476151 1.999999762
vn -0.9989721775 0.038073387 0.02459688671
v 13.26097584 7.002101898 1.999999762
vn -0.8906716108 0.4492354393 0.06994021684
v 10.86942101 8.611730576 1.999999762
vn -0.8042196631 0.4621013999 0.373755306
v 10.84581089 8.56142807 18
vn -0.880892992 0.4409846663 -0.1719303578
v 9.786294937 9.967006683 18
vn 0.5590413809 -0.8259028196 -0.07319300622
v 9.786294937 9.967006683 1.999999762
vn 0.4828384519 -0.8728239536 0.07103087008
v 13.16004944 7.959369183 1.999999762
vn -0.7988269329 -0.6003338099 0.03840335459
v 11.53447723 7.799466133 18
vn -0.2365900576 -0.6042576432 -0.7608533502
v 11.59561539 7.798094749 1.999999762
vn 0.0601449199 -0.9980037808 0.01926129125
v 11.70902252 7.839193344 1.999999762
vn 0.5718330145 -0.8129476905 0.1101046279
v 13.2741251 7.774027348 18
vn -0.903362453 -0.425824523 -0.0510856919
v 13.35192871 7.495644569 18
vn -0.9853733182 -0.1603759527 -0.05761061609
v 13.35192871 7.495644569 1.999999762
vn -0.997153163 -0.04864703864 0.05761065707
v 13.15613079 6.824476242 18
vn -0.9326909184 0.3454668522 -0.1036351621
v 11.90040207 8.03329277 1.999999762
vn 0.6214213371 -0.7721298933 0.1328568012
v 12.17092419 8.210938454 18
vn 0.4500924647 -0.8928150535 -0.01726368256
v 12.17092419 8.210938454 1.999999762
vn 0.3353609443 -0.9419187903 0.01794671826
v 12.45367718 8.270945549 1.999999762
vn -0.01467026956 -0.9998620152 0.007795206271
v 12.74044037 8.234660149 1.999999762
vn -0.3425602913 -0.9394937158 0.002004502341
v 12.99933624 8.106122971 1.999999762
vn -0.5877025127 -0.8081061244 0.03962652385
v 8.039554596 12.17887306 1.999999762
vn 0.1999453157 -0.9797860384 0.006415823009
v 8.790885925 10.62104988 18
vn -0.8329843879 0.5431903005 -0.1052677855
v 10.05041027 10.08445454 18
vn 0.3016966283 -0.9508730769 -0.06942296773
v 10.05041027 10.08445454 1.999999762
vn 0.1929720938 -0.9788691998 0.06765259057
v 10.33845329 10.10854816 18
vn -0.02768074535 -0.997677207 -0.06224156916
v 10.33845329 10.10854816 1.999999762
vn -0.1396197379 -0.9883804917 0.06008608639
v 10.6184082 10.0366106 18
vn -0.3537529111 -0.9321476221 -0.07719866186
v 10.6184082 10.0366106 1.999999762
vn -0.4563287497 -0.8866574764 0.07485055923
v 8.738471031 10.48113251 1.999999762
vn -0.9915334582 0.1295882761 0.008263082244
v 8.738471031 10.48113251 18
vn -0.998670876 -0.02527204528 -0.04491949454
v 7.767733574 12.04216003 18
vn 0.4480494559 -0.857794106 -0.2518748641
v 11.11265373 9.44351387 1.999999762
vn -0.9903802276 -0.1383508593 0.002470078645
v 11.13245296 9.226781845 18
vn -0.9999263287 0.004595212173 -0.01123310812
v 11.10373497 9.011048317 18
vn -0.9614390135 0.2680049539 -0.06171192601
v 11.11809349 9.118915558 1.999999762
vn -0.9797593951 0.1980607212 0.02904254757
v 11.01671028 8.81156826 18
vn -0.9027948976 0.428526938 -0.03641530499
v 11.01671028 8.81156826 1.999999762
vn -0.8741363883 0.4842885733 0.03674375266
v 9.303479195 9.786042213 1.999999762
vn -0.6471546888 -0.6688355207 0.3658549786
v 9.365983963 9.757294655 18
vn -0.2904742062 -0.4882911146 -0.822919488
v 9.427895546 9.74697113 1.999999762
vn -0.0171583388 -0.9991290569 0.03803500161
v 9.45851326 9.746660233 18
vn 0.2150917351 -0.974937737 -0.05685019866
v 7.839480877 12.09322453 1.999999762
vn 0.4663946927 -0.8845118284 0.01071469486
v 8.039554596 12.17887306 18
vn 0.3224769235 -0.9465341568 -0.009040039964
v 8.326339722 12.21498775 18
vn 0.01408257242 -0.9998988509 -0.00200452283
v 8.326339722 12.21498775 1.999999762
vn -0.09835030138 -0.9951498508 0.002004529117
v 9.570827484 9.790495872 1.999999762
vn 0.5385285616 -0.8391094804 0.07669629157
v 9.570827484 9.790495872 18
vn 0.5518422127 -0.8209091425 -0.1468958557
v 10.85915375 9.876635551 18
vn -0.6422942877 -0.7661505938 -0.02170994133
v 10.85915375 9.876635551 1.999999762
vn -0.7243911624 -0.6892125607 0.0156024415
v 11.03392792 9.646410942 18
vn -0.8401077986 -0.5423960686 -0.005042330362
v 11.03392792 9.646410942 1.999999762
vn -0.8863301277 -0.4629763961 0.008471646346
v 11.11265373 9.44351387 18
vn -0.9617732167 -0.2738442421 -0.001259634737
v 8.876120567 10.71017647 1.999999762
vn -0.7508145571 0.6513061523 0.1098990813
v 8.766140938 10.58876991 1.999999762
vn -0.848674953 0.5100306869 0.1400697976
v 8.936610222 10.76702118 18
vn -0.7804189324 0.6221641898 -0.06211313605
v 9.058231354 10.94750404 18
vn -0.9230470657 0.3792150319 -0.06465367228
v 9.102293015 11.6511097 18
vn -0.9225586057 -0.3830626905 -0.04635263979
v 9.102293015 11.6511097 1.999999762
vn -0.9484297633 -0.3130379319 0.04988175631
v 9.154967308 11.43994427 18
vn -0.9870314598 -0.1509151459 -0.05471263826
v 8.609055519 12.15481853 18
vn -0.315350771 -0.9487770796 -0.01938914508
v 8.609055519 12.15481853 1.999999762
vn -0.4199146628 -0.9072479606 0.02393407002
v 8.856279373 12.00505066 18
vn -0.5814201832 -0.8132038713 -0.02549582906
v 7.237431526 14.26408386 1.999999762
vn -0.7794694901 -0.6260513067 0.02206931449
v 7.09122467 12.97329235 1.999999762
vn -0.6962431669 0.7104671001 0.1023814082
v 6.938191414 12.79613304 18
vn -0.9874488115 0.1550857872 -0.02988684736
v 7.69598484 11.9910965 1.999999762
vn 0.4039725959 -0.8738994002 0.270381093
v 7.551953316 11.95136166 18
vn 0.1465228796 -0.989053607 -0.01743736677
v 6.308435917 14.50289822 18
vn 0.360514909 -0.9313435555 -0.05126589537
v 6.938191414 12.79613304 1.999999762
vn -0.8919632435 0.4432940483 0.08883690089
v 7.020489216 12.92083549 18
vn -0.7306850553 0.6768487692 -0.08930327743
v 7.551953316 11.95136166 1.999999762
vn -0.1575336009 -0.9863523841 0.04787637666
v 6.308435917 14.50289822 1.999999762
vn 0.2989264131 -0.9527340531 0.05422933027
v 6.520689011 14.5510006 18
vn 0.1297592968 -0.9915447235 -0.001259628567
v 6.520689011 14.5510006 1.999999762
vn 0.03657076135 -0.9993302822 0.001259627868
v 6.737981319 14.53878498 18
vn -0.166617468 -0.9860060215 -0.005548432004
v 6.737981319 14.53878498 1.999999762
vn -0.256426394 -0.9665505886 0.005042329431
v 7.0109272 14.44365597 18
vn -0.4318268299 -0.9018777013 -0.01192352176
v 7.0109272 14.44365597 1.999999762
vn -0.5304247141 -0.8476482034 0.01192349102
v 7.237431526 14.26408386 18
vn -0.7041915059 -0.709667027 -0.02206925862
v 7.392310619 14.02003098 18
vn -0.8811734319 -0.4693851471 -0.05666546151
v 7.392310619 14.02003098 1.999999762
vn -0.9204831719 -0.386492908 0.05774062127
v 8.856279373 12.00505066 1.999999762
vn -0.653496325 -0.7562639117 0.03173934296
v 9.004136086 11.84535408 18
vn -0.792984724 -0.6080830097 -0.03755415976
v 9.004136086 11.84535408 1.999999762
vn -0.8461983204 -0.5312721133 0.04121056572
v 9.154967308 11.43994427 1.999999762
vn -0.9966341257 -0.0580445677 0.05789015442
v 9.147446632 11.22244072 18
vn -0.9872350097 0.1449784786 -0.0659417063
v 9.147446632 11.22244072 1.999999762
vn -0.9699825048 0.2350479662 0.06234124303
v 9.058231354 10.94750404 1.999999762
vn -0.8672248125 0.4919164181 0.07706703991
v 4.951551437 17.04646873 1.999999762
vn 0.2317450196 -0.9725810289 0.01950488798
v 5.166638851 17.07967186 18
vn 0.07694906741 -0.9969053268 -0.01608020626
v 5.859963894 14.39950371 18
vn -0.4150035977 -0.6121823788 -0.6730563045
v 7.455349922 13.59362411 18
vn -0.9958129525 0.06690080464 -0.06229669973
v 7.455349922 13.59362411 1.999999762
vn -0.988165617 0.1411096752 0.06013924256
v 7.408666611 13.38105488 18
vn -0.9504492879 0.3033267558 -0.0681103915
v 7.453769684 13.81125259 18
vn -0.9798403978 -0.1920517832 -0.05503565073
v 7.453769684 13.81125259 1.999999762
vn -0.9936189651 -0.09969614446 0.05274542049
v 6.067801476 16.15919495 18
vn -0.9989029169 -0.00441048108 -0.04662044719
v 5.166638851 17.07967186 1.999999762
vn -0.04999035969 -0.9986434579 0.01456899196
v 6.084537029 14.39566231 1.999999762
vn 0.3518275321 -0.9155102372 0.1950857341
v 5.453395844 17.04333115 18
vn -0.2350200266 -0.9719725251 -0.005915490445
v 5.453395844 17.04333115 1.999999762
vn -0.3427360356 -0.9393994212 0.007795163896
v 5.712267876 16.91474152 18
vn -0.5116127133 -0.8592150807 -0.00137223897
v 6.057124138 16.37656784 18
vn -0.9801968336 -0.187080875 -0.06492239237
v 6.037549496 16.44665909 1.999999762
vn -0.9715094566 -0.2339165956 0.0381103605
v 6.067801476 16.15919495 1.999999762
vn -0.9964193702 0.06296931207 0.05642103404
v 6.030047417 15.9448595 18
vn -0.9628276825 0.2634608448 -0.05959243327
v 5.530894279 15.4027338 1.999999762
vn -0.6146389842 0.7721905708 0.1610611826
v 5.712267876 16.91474152 1.999999762
vn -0.6126078963 -0.7903831601 0.002460740972
v 5.872951984 16.76795769 18
vn -0.7483238578 -0.6625350714 -0.03253687918
v 5.914479733 16.70819855 1.999999762
vn -0.8289569616 -0.5573182702 0.04718811437
v 5.986991405 16.58259392 18
vn -0.9043992162 -0.4255723655 -0.03082621098
v 5.530894279 15.4027338 18
vn -0.6212149858 0.7804521918 -0.07061419636
v 5.433615685 15.28932667 1.999999762
vn -0.8786444664 0.4747525752 0.05093080923
v 5.433615685 15.28932667 18
vn -0.9605641961 0.2777142823 -0.01382825244
v 4.869359016 17.01485252 18
vn 0.2204291821 -0.9413272142 -0.2555661201
v 7.408666611 13.38105488 1.999999762
vn -0.9180764556 0.3908327818 0.06622221321
v 7.305242538 13.18956375 18
vn -0.8399783969 0.5378590822 -0.07172096521
v 7.305242538 13.18956375 1.999999762
vn -0.776365459 0.6257923245 0.07510426641
v 7.161961555 13.02574825 18
vn -0.6958187819 0.7155777216 -0.06152064353
v 5.79578352 14.4476881 1.999999762
vn -0.8239498138 -0.528195262 0.2052229047
v 5.936659336 14.37429333 1.999999762
vn -0.1489739418 -0.9830439687 0.106917344
v 6.03070116 14.38189697 18
vn 0.1972381622 -0.9427737594 -0.2688396275
v 4.527227402 18.11818886 1.999999762
vn -0.4564084709 0.8867499232 0.0732518658
v 4.067868233 19.76119423 1.999999762
vn 0.05418024585 -0.9978989959 0.03552610427
v 4.285414696 19.75500107 18
vn -0.1208635196 -0.9923533797 -0.0250354372
v 4.338000298 18.03611183 1.999999762
vn -0.5454849601 0.8186679482 0.1795242876
v 6.030047417 15.9448595 1.999999762
vn -0.9338460565 0.3521856368 0.06242409721
v 5.934722424 15.74921227 18
vn -0.8427329659 0.5337947607 -0.06974451244
v 5.934722424 15.74921227 1.999999762
vn -0.7904086709 0.6090846062 0.06534574181
v 5.741406918 15.53431892 18
vn -0.6833389401 0.7268832922 -0.06847329438
v 4.492843628 19.68912888 18
vn -0.406547755 -0.9134888649 -0.01603089832
v 4.492843628 19.68912888 1.999999762
vn -0.4886955917 -0.8723326921 0.0145689128
v 4.733558655 19.52910995 18
vn -0.6425737739 -0.7661842108 -0.007795225829
v 4.733558655 19.52910995 1.999999762
vn -0.7245923281 -0.6891336441 0.007795221172
v 4.908288002 19.29884911 18
vn -0.8587629199 -0.5123692155 -0.00200454588
v 4.908288002 19.29884911 1.999999762
vn -0.9108929634 -0.4126378298 0.002004550071
v 4.997609138 19.02394867 18
vn -0.9770408273 -0.2010768652 -0.07042200118
v 4.997609138 19.02394867 1.999999762
vn -0.9934467077 -0.09002418816 0.07042185962
v 4.991591454 18.73496056 18
vn -0.9897196293 0.1314118057 -0.05644432455
v 4.991591454 18.73496056 1.999999762
vn -0.9686887264 0.2417771816 0.05644440651
v 4.706747055 18.24122429 1.999999762
vn -0.6516210437 0.7549434304 0.07382681221
v 4.527227402 18.11818886 18
vn -0.5122292638 0.8558297157 -0.07194938511
v 3.665845871 19.73151398 1.999999762
vn -0.5520691872 -0.8324252367 0.04783194512
v 4.285414696 19.75500107 1.999999762
vn -0.2130351216 -0.9767237306 0.025035372
v 4.890909195 18.46401215 18
vn -0.8910288811 0.4492262006 -0.06529472023
v 4.890909195 18.46401215 1.999999762
vn -0.834910512 0.5464988947 0.06529462337
v 4.706747055 18.24122429 18
vn -0.7185103297 0.6922696233 -0.06712412834
v 3.665845871 19.73151398 18
vn -0.3713082969 -0.9266720414 -0.05838722363
v 3.557594776 19.8352108 1.999999762
vn -0.8919483423 -0.2698268294 0.3627969623
v 4.338000298 18.03611183 18
vn -0.5883963704 0.8067824244 -0.05377560109
v 4.237761021 17.92531586 1.999999762
vn -0.8647084832 0.5014129281 0.02939864993
v 5.741406918 15.53431892 1.999999762
vn -0.6124818921 0.787076354 0.07332602888
v 4.637778282 16.98056793 1.999999762
vn -0.3983142078 -0.9171845913 0.0108720893
v 4.637778282 16.98056793 18
vn -0.1039000377 -0.9929971099 -0.05622763187
v 4.787166595 16.98323441 1.999999762
vn 0.1728044748 -0.9406659007 0.2920382321
v 4.067868233 19.76119423 18
vn 0.1238462478 -0.9917621613 -0.03270987049
v 19.97662735 22.48111343 0.2499992251
vn 0.853168726 0.5210194588 -0.02533461154
v 19.85685349 22.67724419 19.75
vn 0.8784129024 0.4777308404 0.01280775014
v 20.35809135 21.85646629 0.2499992251
vn 0.8330553174 0.5531442165 -0.007095109671
v 20.35809135 21.85646629 19.75
vn 0.8063548207 0.5911728144 0.01750902459
v 19.37811852 23.77781487 19.75
vn 0.9422361255 0.3347295225 0.01213382185
v 19.73707771 22.87337494 0.2499992251
vn 0.910413146 0.4136376679 -0.00719656609
v 19.29752922 23.98087311 0.2499992251
vn 0.9679846764 0.2509069145 -0.007165185176
v 19.45870972 23.57475662 0.2499992251
vn 0.9291735291 0.3687745929 -0.02533465624
v 19.13747978 24.74150467 0.2499992251
vn 0.9782574773 0.2058407366 -0.02533463761
v 19.09483147 24.94419098 19.75
vn 0.9855380654 0.1690167785 0.01216692571
v 19.01538277 26.14195061 19.75
vn 0.9999028444 -0.003854556242 0.01339452993
v 19.05218315 25.14687729 0.2499992251
vn 0.9969713688 0.07740259916 -0.00754740322
v 19.14215469 27.33573914 19.75
vn 0.986507833 -0.1631868631 0.01312907692
v 19.01538277 26.14195061 0.2499992251
vn 0.9979071021 -0.06328804791 -0.01326980256
v 19.47144318 28.49031067 19.75
vn 0.9440137744 -0.3296451867 0.01311600581
v 19.14215469 27.33573914 0.2499992251
vn 0.9758210182 -0.2181408852 -0.01370609831
v 19.9935627 29.57157516 19.75
vn 0.8736533523 -0.4863724411 0.01310175657
v 19.47144318 28.49031067 0.2499992251
vn 0.9240784645 -0.3819586635 -0.01365953032
v 20.69314003 30.54759407 19.75
vn 0.777503252 -0.6287426949 0.01308627892
v 19.9935627 29.57157516 0.2499992251
vn 0.8450575471 -0.534502089 -0.01361172833
v 21.54955292 31.38953781 19.75
vn 0.6584032774 -0.7525518537 0.01306946762
v 20.69314003 30.54759407 0.2499992251
vn 0.7410917282 -0.6712667942 -0.01356276404
v 22.53755188 32.07252121 19.75
vn 0.5277605057 -0.8493132591 0.01165234204
v 21.54955292 31.38953781 0.2499992251
vn 0.6152502894 -0.7882159948 -0.01351252198
v 22.53755188 32.07252121 0.2499992251
vn 0.4841012657 -0.87490201 -0.01387335546
v 32.52856064 28.49031067 0.2499992251
vn -0.9440136552 -0.3296455741 -0.01311592478
v 32.52856064 28.49031067 19.75
vn -0.9240781665 -0.3819593787 0.01365941856
v 32.00643539 29.57157516 0.2499992251
vn -0.8736529946 -0.4863730967 -0.01310174353
v 32.00643539 29.57157516 19.75
vn -0.8450573087 -0.534502387 0.01361167245
v 31.30685997 30.54759407 0.2499992251
vn -0.777503252 -0.6287426949 -0.01308630779
v 32.85784912 27.33573914 0.2499992251
vn -0.9865078926 -0.1631864458 -0.01312895957
v 32.85784912 27.33573914 19.75
vn -0.9758210778 -0.2181406766 0.01370602287
v 32.98461914 26.14195061 0.2499992251
vn -0.9998809099 0.008089394309 -0.01314081065
v 32.98461914 26.14195061 19.75
vn -0.998758316 -0.04788266867 0.01375128049
v 32.90517044 24.94419098 0.2499992251
vn -0.9859035611 0.166774869 -0.01342682168
v 32.90517044 24.94419098 19.75
vn -0.9940977693 0.1076699197 0.01329490915
v 32.62187958 23.77781487 0.2499992251
vn -0.9422360063 0.3347298205 -0.01213373989
v 32.70247269 23.98087311 19.75
vn -0.9688977599 0.2473447323 0.007599302102
v 32.26292419 22.87337494 19.75
vn -0.9104132652 0.4136373997 0.007196545601
v 32.54129028 23.57475662 19.75
vn -0.9291736484 0.3687743247 0.02533456683
v 32.02337265 22.48111343 19.75
vn -0.8531680107 0.5210206509 0.02533454821
v 32.14314651 22.67724419 0.2499992251
vn -0.8784126639 0.4777312577 -0.01280770916
v 31.64190865 21.85646629 0.2499992251
vn -0.8063546419 0.5911731124 -0.0175090041
v 31.64190865 21.85646629 19.75
vn -0.8330551386 0.553144455 0.007095096633
v 31.32436371 21.49344063 0.2499992251
vn -0.7526596189 0.6583619118 -0.007943548262
v 31.32436371 21.49344063 19.75
vn -0.7525584102 0.6582747698 0.01817055978
v 30.85742188 20.95961761 0.2499992251
vn -0.6838231087 0.7294275761 -0.01792549342
v 30.85742188 20.95961761 19.75
vn -0.7223649025 0.6914655566 0.008021496236
v 30.46528816 20.64140892 0.2499992251
vn -0.6300953627 0.7764761448 -0.008038767613
v 30.46528816 20.64140892 19.75
vn -0.6300144196 0.7763763666 0.01793202385
v 29.93219376 20.20881271 0.2499992251
vn -0.5475909114 0.8365590572 -0.01769535802
v 29.93219376 20.20881271 19.75
vn -0.5925500989 0.8054926991 0.008117307909
v 29.47198296 19.95061684 0.2499992251
vn -0.4892759323 0.8720910549 -0.008136283606
v 29.47198296 19.95061684 19.75
vn -0.4892156422 0.8719832301 0.01769960485
v 28.89303017 19.62580299 0.2499992251
vn -0.3949759901 0.9185252786 -0.01747084036
v 28.89303017 19.62580299 19.75
vn -0.444988966 0.8954983354 0.008215335198
v 28.37430954 19.44181633 0.2499992251
vn -0.3342775106 0.9424387217 -0.00823617354
v 28.37430954 19.44181633 19.75
vn -0.3342374861 0.9423269033 0.01747313887
v 27.77004242 19.22748566 0.2499992251
vn -0.2305787504 0.9729007483 -0.01725181192
v 27.77004242 19.22748566 19.75
vn -0.284070462 0.9587673545 0.008315719664
v 27.20526886 19.13029099 0.2499992251
vn -0.1695950478 0.98547858 -0.008338529617
v 27.20526886 19.13029099 19.75
vn -0.1695760489 0.985366106 0.01725240797
v 26.59576797 19.02540016 0.2499992251
vn -0.05933780223 0.9980925322 -0.01703810133
v 26.59576797 19.02540016 19.75
vn -0.1136106849 0.9933828115 0.01682948135
v 26 19.02540016 0.2499992251
vn 3.933862906e-19 0.9998548627 -0.01703723334
v 26 19.02540016 19.75
vn 1.984414044e-19 0.9999643564 0.008443549275
v 25.40423203 19.02540016 0.2499992251
vn 0.1145921424 0.9933769703 -0.008418574929
v 25.40423203 19.02540016 19.75
vn 0.05933780596 0.9980925322 0.01703810319
v 24.79473114 19.13029099 0.2499992251
vn 0.1695764065 0.9853660464 -0.01725243963
v 24.79473114 19.13029099 19.75
vn 0.1695952266 0.9854785204 0.008338529617
v 24.22995949 19.22748566 0.2499992251
vn 0.2840701938 0.9587674141 -0.008315728046
v 24.22995949 19.22748566 19.75
vn 0.2305789888 0.9729006886 0.01725182123
v 23.62569046 19.44181633 0.2499992251
vn 0.3342378139 0.9423267841 -0.01747314632
v 23.62569046 19.44181633 19.75
vn 0.3342771828 0.9424388409 0.008236143738
v 23.10697174 19.62580299 0.2499992251
vn 0.4449892342 0.8954982162 -0.008215330541
v 23.10697174 19.62580299 19.75
vn 0.3949767053 0.9185249805 0.01747088507
v 22.52801895 19.95061684 0.2499992251
vn 0.4892157316 0.8719831705 -0.01769964956
v 22.52801895 19.95061684 19.75
vn 0.4892758429 0.8720911145 0.008136306889
v 22.06780815 20.20881271 0.2499992251
vn 0.5925492048 0.8054933548 -0.008117340505
v 22.06780815 20.20881271 19.75
vn 0.5475906134 0.8365592957 0.01769539528
v 21.53471184 20.64140892 0.2499992251
vn 0.6300138831 0.7763768435 -0.01793204434
v 21.53471184 20.64140892 19.75
vn 0.630094409 0.7764769197 0.008038748056
v 21.14257812 20.95961761 0.2499992251
vn 0.7223649025 0.6914655566 -0.008021497168
v 21.14257812 20.95961761 19.75
vn 0.6838231087 0.7294275761 0.01792549156
v 20.67563629 21.49344063 0.2499992251
vn 0.7525584102 0.6582747698 -0.01817056164
v 20.67563629 21.49344063 19.75
vn 0.7526596189 0.6583619118 0.007943548262
v 20.15659523 21.70848465 -1.788139343e-07
vn 0.007372159511 0.005348831415 -0.9999585152
v 24.16674232 18.98561096 -1.788139343e-07
vn 0.002317076782 0.008808699436 -0.9999585152
v 23.00364876 19.39815331 -1.788139343e-07
vn 0.005628726911 0.01231551543 -0.9999083281
v 28.73500061 32.71433258 -1.788139343e-07
vn -0.2654670477 -0.1340359896 -0.9547573328
v 29.47580719 32.36248779 -1.788139343e-07
vn -0.008180804551 -0.01314232964 -0.9998801947
v 30.5045414 31.68081093 -1.788139343e-07
vn -0.00873313006 -0.01025676727 -0.9999092817
v 33.19595337 25.11640739 -1.788139343e-07
vn -0.01328778826 0.002147585386 -0.9999094009
v 23.5150013 35.04406357 0.2499992251
vn 0.2483623177 -0.9685868621 -0.01247488149
v 23.5150013 35.04406357 19.75
vn 0.701892674 -0.7119067907 0.0231400542
v 23.5150013 32.54406357 0.2499992251
vn 0.9839144349 -0.1783415675 -0.01032928377
v 23.5150013 32.54406357 19.75
vn 0.8723933101 -0.4884039462 0.01978632063
v 28.48500061 35.04406357 0.2499992251
vn -0.701892674 -0.7119067311 -0.02314005606
v 28.48500061 35.04406357 19.75
vn -0.2483623326 -0.9685868621 0.01247488149
v 28.48500061 32.54406357 0.2499992251
vn -0.8723937273 -0.4884032309 -0.01978632621
v 28.48500061 32.54406357 19.75
vn -0.9839144945 -0.1783412248 0.01032927632
v 29.46244812 32.07252121 19.75
vn -0.4841016531 -0.8749017715 0.01387335267
v 29.46244812 32.07252121 0.2499992251
vn -0.5277605653 -0.8493132591 -0.01165233459
v 30.45044708 31.38953781 19.75
vn -0.6152501106 -0.7882161736 0.01351252571
v 30.45044708 31.38953781 0.2499992251
vn -0.6584031582 -0.7525519729 -0.01306945272
v 31.30685997 30.54759407 19.75
vn -0.7410917282 -0.6712667346 0.01356277708
v 24.20292473 5.077034473 -1.788139343e-07
vn -0.009033155628 -0.08592955768 -0.9962602854
v 21.82960129 5.41826725 -1.788139343e-07
vn -0.0235434752 -0.1057912484 -0.9941096306
v 19.51064301 6.027814388 -1.788139343e-07
vn -0.02827084437 -0.08167842776 -0.9962577224
v 17.27628517 6.897728443 -1.788139343e-07
vn -0.03738501295 -0.07789800316 -0.9962601662
v 15.155653 8.016670227 -1.788139343e-07
vn -0.05772844702 -0.09173198044 -0.9941089749
v 13.17639446 9.370054245 -1.788139343e-07
vn -0.05407501012 -0.06742828339 -0.9962576628
v 11.36431122 10.94023228 -1.788139343e-07
vn -0.06138946488 -0.06080553308 -0.9962599874
v 9.743027687 12.70673943 -1.788139343e-07
vn -0.08520206809 -0.06700111926 -0.9941083789
v 8.333676338 14.6465435 -1.788139343e-07
vn -0.07358982414 -0.04533527792 -0.9962576032
v 7.154634476 16.73435783 -1.788139343e-07
vn -0.07825421542 -0.03664008155 -0.9962598681
v 6.221268654 18.94296265 -1.788139343e-07
vn -0.1027678624 -0.03447423503 -0.9941077828
v 23.2650013 32.71433258 -1.788139343e-07
vn 0.04037340358 -0.005506496876 -0.9991694689
v 5.136884212 23.60618019 -1.788139343e-07
vn -0.08601748943 -0.0082120765 -0.9962598085
v 5.545750141 21.24356842 -1.788139343e-07
vn -0.08454543352 -0.01796905324 -0.9962576032
v 22.52419281 32.36248779 -1.788139343e-07
vn 0.006076100748 -0.01108990982 -0.9999200702
v 21.4954586 31.68081093 -1.788139343e-07
vn 0.008154619485 -0.01075122505 -0.9999089241
v 20.59724236 30.83453369 -1.788139343e-07
vn 0.00663737487 -0.006194955204 -0.9999587536
v 19.85556793 29.84817505 -1.788139343e-07
vn 0.01128697768 -0.007394582033 -0.9999089837
v 31.84340477 21.70848465 -1.788139343e-07
vn -0.00714548165 0.005560074002 -0.999958992
v 31.03090096 20.77960396 -1.788139343e-07
vn -0.009062698111 0.0099430345 -0.9999095201
v 32.94184494 23.90876198 -1.788139343e-07
vn -0.008568537422 0.002946274355 -0.9999589324
v 32.48659897 22.76170921 -1.788139343e-07
vn -0.0111435242 0.005900609307 -0.9999204874
v 26.61704636 18.77630615 -1.788139343e-07
vn -0.0007736399421 0.01125900913 -0.9999363422
v 25.38295555 18.77630615 -1.788139343e-07
vn 0.001159615465 0.01349177398 -0.9999083281
v 19.05815506 23.90876198 -1.788139343e-07
vn 0.008741478436 0.00255827629 -0.9999585152
v 18.80404663 25.11640739 -1.788139343e-07
vn 0.01416421309 0.0015553704 -0.9998984933
v 19.51340103 22.76170921 -1.788139343e-07
vn 0.01215515379 0.005964647047 -0.9999083281
v 32.70807266 28.75031853 -1.788139343e-07
vn -0.00850716792 -0.003130580531 -0.9999589324
v 33.07735062 27.57277298 -1.788139343e-07
vn -0.01324219629 -0.002432459267 -0.9999093413
v 33.2415657 26.34965515 -1.788139343e-07
vn -0.009062383324 -9.710280574e-05 -0.9999589324
v 31.40275955 30.83453369 -1.788139343e-07
vn -0.00696673058 -0.005802930333 -0.9999588728
v 32.14443207 29.84817505 -1.788139343e-07
vn -0.01166333072 -0.006733252201 -0.9999092817
v 23.2650013 35.29406357 -1.788139343e-07
vn 0.002867150586 -0.01160317007 -0.9999285936
v 30.07262802 20.00198364 -1.788139343e-07
vn -0.004875728395 0.007628853898 -0.999958992
v 28.99635315 19.39815331 -1.788139343e-07
vn -0.005217448343 0.01240055077 -0.9999095201
v 27.83325768 18.98561096 -1.788139343e-07
vn -0.002044974128 0.008819869719 -0.999958992
v 28.73500061 35.29406357 -1.788139343e-07
vn -0.005336137023 -0.00574610522 -0.999969244
v 18.7584362 26.34965515 -1.788139343e-07
vn 0.009058079682 -0.000608913193 -0.9999588132
v 18.92264938 27.57277298 -1.788139343e-07
vn 0.01311260555 -0.003182150424 -0.9999089837
v 19.29192734 28.75031853 -1.788139343e-07
vn 0.008329916745 -0.003610830521 -0.9999588132
v 21.92737198 20.00198364 -1.788139343e-07
vn 0.005144208204 0.007516459562 -0.9999585152
v 20.96909904 20.77960396 -1.788139343e-07
vn 0.009441905655 0.009705098346 -0.9999083281
v 15.155653 43.98332977 0.9999997616
vn -0.2153925598 0.3422642946 -0.9145825505
v 17.27628517 45.10227203 0.9999997616
vn -0.1753160208 0.3653005958 -0.9142317772
v 19.51064301 45.97218704 0.9999997616
vn -0.1328453273 0.383808732 -0.9138068557
v 21.82960129 46.5817337 0.9999997616
vn -0.08847276121 0.3975473046 -0.9133064747
v 5.000000477 26 -1.788139343e-07
vn -0.1083815619 0.002065829933 -0.9941072464
v 5.136884212 28.39381981 -1.788139343e-07
vn -0.08566747606 0.01148742251 -0.9962575436
v 5.545750141 30.75643349 -1.788139343e-07
vn -0.08377600461 0.02117194794 -0.9962596893
v 6.221268654 33.05703735 -1.788139343e-07
vn -0.1013890058 0.03836904094 -0.9941066504
v 7.154634476 35.26564407 -1.788139343e-07
vn -0.07682536542 0.03960799426 -0.9962575436
v 8.333676338 37.3534584 -1.788139343e-07
vn -0.07179017365 0.04809428006 -0.9962595701
v 9.743027687 39.29326248 -1.788139343e-07
vn -0.08260243386 0.0702124536 -0.9941061735
v 11.36431122 41.05976868 -1.788139343e-07
vn -0.05904748663 0.06312191486 -0.996257484
v 13.17639446 42.62994766 -1.788139343e-07
vn -0.05145391822 0.06942337006 -0.9962594509
v 15.155653 43.98332977 -1.788139343e-07
vn -0.03866847605 0.0669786334 -0.997004807
v 17.27628517 45.10227203 -1.788139343e-07
vn -0.0518874824 0.1195985228 -0.9914655089
v 19.51064301 45.97218704 -1.788139343e-07
vn -0.03822564706 0.1257520914 -0.9913249612
v 21.82960129 46.5817337 -1.788139343e-07
vn -0.02357583493 0.1289286762 -0.9913735986
v 24.20292473 46.922966 -1.788139343e-07
vn -0.008607532829 0.1290093362 -0.9916059971
v 26.59967804 46.991436 -1.788139343e-07
vn 0.002860743785 0.06003154442 -0.9981923699
v 44.28566742 15.67360973 -1.788139343e-07
vn 0.07443547249 -0.04392727837 -0.9962579012
v 42.98935699 13.65651035 -1.788139343e-07
vn 0.0865201205 -0.06541548669 -0.9941001534
v 41.47156525 11.8003273 -1.788139343e-07
vn 0.06255360693 -0.0596469976 -0.9962576628
v 39.7520752 10.12926006 -1.788139343e-07
vn 0.05534528196 -0.0663870573 -0.9962578416
v 37.85330963 8.665090561 -1.788139343e-07
vn 0.05950586498 -0.09068667889 -0.9941000938
v 35.8000145 7.426908493 -1.788139343e-07
vn 0.03887126967 -0.07719890773 -0.9962576628
v 33.61896133 6.430854797 -1.788139343e-07
vn 0.02981745079 -0.08112553507 -0.996257782
v 31.3385849 5.689916611 -1.788139343e-07
vn 0.02557007223 -0.105409883 -0.9941000342
v 28.98861122 5.213750839 -1.788139343e-07
vn 0.01066795364 -0.08577156067 -0.9962577224
v 26.59967804 5.008565903 -1.788139343e-07
vn 0.0008212491521 -0.08642831445 -0.9962577224
v 33.61896133 45.5691452 0.9999997616
vn 0.1392629147 0.378897965 -0.9149000645
v 44.28566742 36.32639313 -1.788139343e-07
vn 0.07605373114 0.04105794057 -0.9962580204
v 45.34359741 34.17467117 -1.788139343e-07
vn 0.100694932 0.04031003267 -0.9941003919
v 46.14935303 31.91638374 -1.788139343e-07
vn 0.08338218927 0.0227665212 -0.9962575436
v 46.6924324 29.58096695 -1.788139343e-07
vn 0.08542887121 0.01311245561 -0.9962579608
v 46.96575165 27.19886589 -1.788139343e-07
vn 0.1083861962 0.004127317574 -0.9941002727
v 46.96575165 24.80113602 -1.788139343e-07
vn 0.08618338406 -0.006578003988 -0.9962576032
v 46.6924324 22.41903496 -1.788139343e-07
vn 0.08486778289 -0.01635856181 -0.9962579012
v 46.14935303 20.08361626 -1.788139343e-07
vn 0.1034706756 -0.03253607079 -0.9941002131
v 45.34359741 17.82532883 -1.788139343e-07
vn 0.0789604634 -0.0351572521 -0.9962576032
v 28.98861122 46.78625107 -1.788139343e-07
vn 0.02100626752 0.1286469847 -0.9914679527
v 31.3385849 46.3100853 -1.788139343e-07
vn 0.03582821041 0.1264520735 -0.9913254976
v 33.61896133 45.5691452 -1.788139343e-07
vn 0.04987511784 0.1212181598 -0.9913721085
v 35.8000145 44.57309341 -1.788139343e-07
vn 0.06251879781 0.1132053211 -0.9916027188
v 37.85330963 43.33491135 -1.788139343e-07
vn 0.0376691483 0.05289682746 -0.9978892803
v 39.7520752 41.8707428 -1.788139343e-07
vn 0.0578328222 0.06422746181 -0.99625808
v 41.47156525 40.1996727 -1.788139343e-07
vn 0.08129191399 0.07180338353 -0.9941005707
v 42.98935699 38.3434906 -1.788139343e-07
vn 0.07088263333 0.04946317896 -0.9962575436
v 35.8000145 44.57309341 0.9999997616
vn 0.1818169802 0.3610915244 -0.9146340489
v 37.85330963 43.33491135 0.9999997616
vn 0.2222134173 0.3386524022 -0.9142951965
v 39.7520752 41.8707428 0.9999997616
vn 0.2599636614 0.3118282557 -0.9138829708
v 41.47156525 40.1996727 0.9999997616
vn 0.2946085334 0.2809189856 -0.913394928
v 8.333676338 37.3534584 0.9999997616
vn -0.3429863453 0.2112980336 -0.9152669311
v 9.743027687 39.29326248 0.9999997616
vn -0.3167796135 0.2491089553 -0.9152023792
v 11.36431122 41.05976868 0.9999997616
vn -0.2865366936 0.2838111818 -0.9150671959
v 13.17639446 42.62994766 0.9999997616
vn -0.2526096702 0.3149890602 -0.914860785
v 26.59967804 5.008565903 0.9999997616
vn 0.01498487964 -0.3144501746 -0.9491556883
v 24.20292473 5.077034473 0.9999997616
vn -0.0268203821 -0.4019853771 -0.915253222
v 21.82960129 5.41826725 0.9999997616
vn -0.07250460982 -0.3965044916 -0.9151651859
v 46.14935303 31.91638374 0.9999997616
vn 0.3846149743 0.1209411547 -0.915119946
v 46.6924324 29.58096695 0.9999997616
vn 0.3963007331 0.07638839632 -0.9149374366
v 46.96575165 27.19886589 0.9999997616
vn 0.4029989541 0.0307591632 -0.9146834016
v 46.96575165 24.80113602 0.9999997616
vn 0.4046158791 -0.0154076647 -0.9143569469
v 46.6924324 22.41903496 0.9999997616
vn 0.4011141956 -0.06156689674 -0.9139567614
v 46.14935303 20.08361626 0.9999997616
vn 0.3925120831 -0.1071707234 -0.9134816527
v 31.3385849 46.3100853 0.9999997616
vn 0.09506008029 0.3918746412 -0.9150944352
v 28.98861122 46.78625107 0.9999997616
vn 0.0497353822 0.3998781145 -0.915217936
v 5.136884212 28.39381981 0.9999997616
vn -0.4035048783 0.0385225378 -0.9141662121
v 5.545750141 30.75643349 0.9999997616
vn -0.3974471986 0.08447231352 -0.913728714
v 6.221268654 33.05703735 0.9999997616
vn -0.3863196969 0.1295938194 -0.913215518
v 7.154634476 35.26564407 0.9999997616
vn -0.2850805223 0.133479923 -0.9491639733
v 44.28566742 15.67360973 0.9999997616
vn 0.2770290971 -0.1495554596 -0.9491512179
v 44.28566742 36.32639313 0.9999997616
vn 0.3469278216 0.2047357112 -0.9152728319
v 45.34359741 34.17467117 0.9999997616
vn 0.3680902421 0.1638925225 -0.9152315855
v 5.000000477 26 0.9999997616
vn -0.4044461846 -0.00770903239 -0.9145293236
v 5.136884212 23.60618019 0.9999997616
vn -0.4002802968 -0.05367488042 -0.914819479
v 5.545750141 21.24356842 0.9999997616
vn -0.3910731673 -0.0988323316 -0.9150376916
v 6.221268654 18.94296265 0.9999997616
vn -0.3769457936 -0.1426491439 -0.9151847363
v 7.154634476 16.73435783 0.9999997616
vn -0.3580740988 -0.1846083403 -0.9152609706
v 8.333676338 14.6465435 0.9999997616
vn -0.2615303695 -0.1752065569 -0.9491599202
v 31.3385849 5.689916611 0.9999997616
vn 0.110864982 -0.391287446 -0.9135661125
v 28.98861122 5.213750839 0.9999997616
vn 0.06573361903 -0.4025670886 -0.9130272865
v 42.98935699 38.3434906 0.9999997616
vn 0.2510731518 0.1898295879 -0.9491717219
v 42.98935699 13.65651035 0.9999997616
vn 0.3304079175 -0.2305644006 -0.9152435064
v 41.47156525 11.8003273 0.9999997616
vn 0.3021419644 -0.2668755949 -0.9151434898
v 39.7520752 10.12926006 0.9999997616
vn 0.2700099647 -0.2998655438 -0.9149728417
v 37.85330963 8.665090561 0.9999997616
vn 0.2343862057 -0.3291361332 -0.9147308469
v 35.8000145 7.426908493 0.9999997616
vn 0.1956833005 -0.3543314934 -0.9144163132
v 33.61896133 6.430854797 0.9999997616
vn 0.1543498784 -0.3751369119 -0.9140286446
v 13.17639446 9.370054245 0.9999997616
vn -0.2414487302 -0.3257707953 -0.914098382
v 11.36431122 10.94023228 0.9999997616
vn -0.2777017951 -0.2968639433 -0.9136484861
v 9.743027687 12.70673943 0.9999997616
vn -0.3106306195 -0.2640373707 -0.9131225944
v 5.759366989 14.54457855 0.9999997616
vn 0.17186746 0.101508677 -0.9798762798
v 4.688786983 16.68645477 0.9999997616
vn 0.1813780963 0.08329182118 -0.9798797965
v 3.84411025 18.92705917 0.9999997616
vn 0.1889365911 0.06418587267 -0.9798893332
v 18.35893631 4.033568382 0.9999997616
vn 0.06203538924 0.1895566732 -0.9799081087
v 16.14082336 4.93565464 0.9999997616
vn 0.08115200698 0.1820722818 -0.9799306393
v 14.02722168 6.061031342 0.9999997616
vn 0.09937279671 0.1726417243 -0.9799591303
v 12.04053402 7.397761345 0.9999997616
vn 0.1164981499 0.1613717377 -0.9799935222
v 10.20182133 8.931684494 0.9999997616
vn 0.1323410124 0.1483899504 -0.9800338149
v 8.53057003 10.64653111 0.9999997616
vn 0.1467292756 0.1338428408 -0.9800798893
v 7.044502258 12.52413082 0.9999997616
vn 0.1860708296 0.1375276893 -0.9728636742
v 45.34359741 17.82532883 0.9999997616
vn 0.3788851202 -0.1516747475 -0.9129298329
v 24.20292473 46.922966 0.9999997616
vn -0.03290826455 0.3130452633 -0.9491679072
v 26.59967804 46.991436 0.9999997616
vn 0.003827467794 0.4028212428 -0.9152706861
v 19.51064301 6.027814388 0.9999997616
vn -0.1173348352 -0.3860000372 -0.9150062799
v 17.27628517 6.897728443 0.9999997616
vn -0.1607781947 -0.3705871403 -0.914776206
v 15.155653 8.016670227 0.9999997616
vn -0.2023160309 -0.3504366577 -0.9144738317
v 3.23429203 21.24263763 0.9999997616
vn 0.1944603175 0.04440203309 -0.9799048901
v 2.865796328 23.60864449 0.9999997616
vn 0.1978900135 0.02415923029 -0.9799264669
v 2.742528439 26 0.9999997616
vn 0.1991899908 0.003681466682 -0.9799540043
v 47.76444626 34.08518219 1.999999762
vn 0.6698012948 -0.08840651065 0.7372587919
v 48.63657761 31.44965935 1.999999762
vn 0.9774778485 0.2110272795 -0.002129206434
v 48.49061966 31.92300606 1.999999762
vn 0.3398268521 0.07336506993 0.9376221299
v 30.01754379 3.065901279 1.999999762
vn 0.1349961162 -0.990844965 -0.001517390949
v 35.55527496 4.778243542 1.999999762
vn 0.2744716406 -0.9280751348 0.2516780198
v 38.13972473 6.14317894 1.999999762
vn 0.377086401 -0.7588227391 0.5310309529
v 46.57990265 36.86894608 1.999999762
vn 0.9095481038 0.3660871089 0.1967293471
v 16.41526985 4.783710957 1.999999762
vn -0.3813607097 -0.9244251847 -0.00144693465
v 22.0225563 3.068662882 1.999999762
vn -0.1315248013 -0.924002409 0.3590553403
v 24.18784714 2.787297249 1.999999762
vn -0.1013589129 -0.9948481321 -0.001885838807
v 5.420102119 36.86894608 1.999999762
vn -0.8911516666 0.4004742801 0.2132346928
v 4.507210732 34.92895889 1.999999762
vn -0.8699471354 0.4557286799 0.1884232759
v 3.032605171 29.40000153 1.999999762
vn -0.543433845 0.4231253564 0.7250134945
v 11.46728325 44.17873764 1.999999762
vn -0.5170388222 0.8219637275 0.2388440073
v 7.044502258 39.47587204 1.999999762
vn -0.2735904753 0.2154297829 0.9374104142
v 40.89857864 43.8589592 1.999999762
vn 0.2109122574 0.2760362923 0.9377206564
v 36.26088333 46.88972473 1.999999762
vn 0.5464823842 0.8068705201 0.224314481
v 30.74345589 48.78520966 1.999999762
vn 0.2435939163 0.8014761806 0.5461665988
v 43.21119308 41.68082809 1.999999762
vn 0.7498547435 0.6616007686 -0.001498930389
v 48.63634109 31.40946579 18
vn 0.9712247252 0.1984611303 -0.1316649616
v 42.69794846 9.787342072 1.999999762
vn 0.5387521386 -0.6036477685 0.587669611
v 44.62813187 12.03195953 1.999999762
vn 0.7856676579 -0.6186459064 -0.001885804464
v 29.89940643 3.087402105 1.999999762
vn -0.134709537 -0.6138169765 0.7778701782
v 49.03809357 29.30340004 18
vn 0.8614669442 0.2156790793 -0.459736079
v 49.13583374 23.47027588 1.999999762
vn 0.9796721339 -0.07330268621 0.1867330819
v 48.4424057 19.8352108 1.999999762
vn 0.774571836 -0.3026391864 0.5553809404
v 46.204216 14.4476881 1.999999762
vn 0.7688505054 -0.5632442236 0.3026959896
v 11.46728325 7.821266174 1.999999762
vn -0.5613543987 -0.7552298307 0.3383920193
v 13.20185089 6.561028481 1.999999762
vn -0.5247402191 -0.6501334906 0.5495217443
v 22.10059547 48.91260147 1.999999762
vn 0.3025479913 0.8074805737 0.5063988566
v 16.14082336 47.06434631 1.999999762
vn -0.1598465294 0.3081448078 0.9378144145
v 24.88854218 49.25679016 1.999999762
vn 0.002651566407 0.9999948144 -0.001834141673
v 5.420102119 15.13105392 1.999999762
vn -0.7892728448 -0.3015613854 0.5348917246
v 6.944619656 12.63741398 1.999999762
vn -0.7500158548 -0.3962138891 0.5296137929
v 2.858893871 23.43042755 1.999999762
vn -0.998903811 -0.04676065594 -0.002143308055
v 4.507210732 17.07104301 1.999999762
vn -0.8610031605 -0.3896487355 0.32687518
v 3.794018745 32.2896843 18
vn 0.04786465317 0.9974467754 -0.05299902335
v 4.450058937 33.91239929 1.999999762
vn -0.4853874147 -0.8695815206 0.0907029435
v 4.890909195 33.53598785 18
vn -0.8353573084 -0.5467925668 -0.05653339624
v 4.991591454 33.26504135 18
vn -0.9680120349 -0.2416089624 -0.06765914708
v 5.008244991 33.0480423 1.999999762
vn -0.9977961183 0.06287132949 0.0212147031
v 4.830588341 32.57868576 1.999999762
vn -0.7613292336 0.6483623385 0.002004662529
v 4.355893135 32.26312256 1.999999762
vn -0.1940623075 0.9804080725 0.03376107663
v 4.220139027 34.20389557 1.999999762
vn -0.8883635402 0.2892237902 0.3565947413
v 4.59866333 35.00828171 1.999999762
vn -0.372769177 0.9278728962 0.009749550372
v 4.874361515 34.98406219 18
vn 0.2293096632 0.953738153 -0.1944237947
v 5.741406918 36.46568298 1.999999762
vn -0.6439464688 -0.7616994977 0.07174149156
v 6.067801476 35.84080505 18
vn -0.9868760109 -0.1532804668 -0.05080174655
v 3.794018745 19.71031761 18
vn 0.06779528409 -0.9183187485 -0.3899929821
v 3.458880663 22.55921173 18
vn -0.001434142934 -0.9998915195 -0.0146604972
v 3.510672331 20.81387901 18
vn -0.4443353117 0.8921430707 -0.08152822405
v 3.673935413 22.52580261 1.999999762
vn -0.3338747919 -0.9426165819 0.001259640674
v 4.260087967 21.92697334 1.999999762
vn -0.9740465283 -0.2234103978 0.03634727001
v 4.24669981 21.42529869 1.999999762
vn -0.9307463765 0.3612827957 0.05644439533
v 3.90221858 20.97115707 18
vn -0.6260819435 0.7768627405 -0.06712411344
v 3.708693981 20.87159157 18
vn -0.4009275436 0.9132800102 -0.0719493553
v 3.039594412 22.59186172 18
vn -0.4898284078 -0.8717973232 -0.006127618253
v 2.990668297 23.65594482 18
vn -0.5658276081 0.8231703043 -0.04722033814
v 3.159356833 23.69543648 1.999999762
vn -0.2494647652 0.9130820632 0.3225653768
v 3.345837831 25.37536049 18
vn -0.3280185163 -0.9420013428 -0.07097388059
v 3.922563314 24.46619606 1.999999762
vn -0.9967907071 0.0734423399 0.03185207769
v 3.79243803 25.0211544 1.999999762
vn -0.8806177974 -0.4712284207 0.04955842346
v 3.44618535 23.78039742 18
vn -0.5280364156 0.8492138982 -0.003649543505
v 2.793489456 25.49643898 18
vn -0.5951049328 -0.8033652306 -0.02131795324
v 3.44618535 28.21960449 18
vn -0.3879858255 -0.9216458201 -0.005996687803
v 2.793489456 26.50356293 18
vn -0.7458695173 0.6657156348 -0.0223899316
v 3.679963827 28.04961395 1.999999762
vn -0.7150270343 -0.6990951896 0.00150994712
v 3.904414654 27.24532509 1.999999762
vn -0.9479183555 0.3159948289 0.03997627273
v 3.930166245 27.4614315 18
vn -0.9972205162 -0.06760162115 -0.03132570162
v 3.345837831 26.62464142 18
vn -0.413287133 0.9083115458 -0.06452792883
v 2.86416769 28.52972412 1.999999762
vn -0.9928008914 0.0723573938 0.0954502672
v 3.708693981 31.12841034 1.999999762
vn -0.4019024074 -0.9155089855 0.0178258419
v 3.180814266 29.4569397 18
vn -0.08635991812 0.9943890572 -0.06109321117
v 4.068872452 30.88887405 18
vn -0.7112797499 -0.7028821111 -0.006151134614
v 4.279795647 30.43349457 1.999999762
vn -0.9949827194 -0.09525860846 0.03058156744
v 4.090233803 29.75447273 1.999999762
vn -0.7323876023 0.6785443425 0.05644454062
v 3.673935413 29.47419739 18
vn -0.333055079 0.9403056502 -0.06999700516
v 3.36365962 31.40946579 1.999999762
vn -0.9182289243 0.2029860467 0.3400769532
v 5.453395844 34.95666885 18
vn -0.318728745 0.9478453398 -0.001098819077
v 7.212849617 38.92223358 18
vn -0.7107684016 -0.7025102973 -0.03588269651
v 8.609055519 39.84518051 18
vn -0.4200386107 0.9075040221 -0.002004562877
v 8.609055519 39.84518051 1.999999762
vn -0.3154143095 0.9489519596 0.002004571026
v 8.326339722 39.78501129 18
vn -0.09825846553 0.9942206144 -0.04325077683
v 8.856279373 39.99494934 1.999999762
vn -0.6098260283 0.7924969792 0.007795093581
v 8.856279373 39.99494934 18
vn -0.6950053573 0.7189623117 -0.007795103826
v 9.040527344 40.21766663 1.999999762
vn -0.8363653421 0.5479171872 0.01672633551
v 9.040527344 40.21766663 18
vn -0.9112108946 0.4114378989 -0.02033663169
v 9.149684906 40.59706879 18
vn -0.9938063622 0.0666743964 -0.08890160918
v 9.141317368 40.48857498 1.999999762
vn -0.9760239124 0.2052908838 0.07233925909
v 9.136214256 40.81216812 1.999999762
vn -0.9794771075 -0.1904755533 0.0659064576
v 9.114377022 40.91877365 18
vn -0.9435232282 -0.3257002532 -0.06068982184
v 8.980579376 41.17499161 1.999999762
vn -0.8619049788 -0.5017769337 0.07307369262
v 7.551953316 40.04863739 18
vn -0.07701338083 0.9969010353 -0.01603807136
v 8.980579376 41.17499161 18
vn -0.7892417908 -0.6098560691 -0.07192341238
v 7.592612267 40.04971313 1.999999762
vn 0.2530985177 0.9651769996 0.06613971293
v 7.69598484 40.0089035 18
vn 0.4367933273 0.864577055 -0.2484311908
v 7.767733574 39.95783997 1.999999762
vn 0.478620708 0.8545048833 0.2018504441
v 7.010978699 39.09115982 1.999999762
vn -0.7255446911 -0.6612876058 0.190482676
v 7.010978699 39.09115982 18
vn -0.6865187287 -0.6257179379 -0.3703635037
v 6.929554939 39.23305511 18
vn -0.9412389398 -0.336538434 -0.02847976983
v 6.929554939 39.23305511 1.999999762
vn -0.9883893132 -0.1264433861 0.08425344527
v 6.944619656 39.36258698 1.999999762
vn -0.8151192665 0.5368275046 0.2177080661
v 6.239699364 37.52099991 18
vn 0.3453535438 0.9362956882 -0.06388481706
v 6.44893074 37.46110153 1.999999762
vn 0.2033639699 0.9759802222 0.07813878357
v 6.44893074 37.46110153 18
vn 0.07540647686 0.9949127436 -0.06680203229
v 6.737981319 37.46121597 1.999999762
vn -0.1111125499 0.9916917086 0.06481926143
v 6.737981319 37.46121597 18
vn -0.2218354344 0.9729272723 -0.06481937319
v 7.0109272 37.55634689 1.999999762
vn -0.3992961049 0.9151900411 0.05467929691
v 7.0109272 37.55634689 18
vn -0.4814678729 0.874397397 -0.06014877185
v 7.18874073 37.68183517 1.999999762
vn -0.6476485729 0.7576144338 0.08106590062
v 7.18874073 37.68183517 18
vn -0.7155873179 0.69380337 -0.08106593043
v 7.325114727 37.85144424 1.999999762
vn -0.8439656496 0.5361576676 0.01603094861
v 7.325114727 37.85144424 18
vn -0.8896399736 0.4564300776 -0.01456894819
v 7.437142372 38.11790085 1.999999762
vn -0.9591217637 0.2828862369 0.007795306854
v 7.437142372 38.11790085 18
vn -0.9848322868 0.173333928 -0.007795291953
v 7.455349922 38.40637589 1.999999762
vn -0.9988384247 -0.04814337566 0.002004672308
v 7.455349922 38.40637589 18
vn -0.9871035218 -0.1600708365 -0.002004673472
v 7.377706051 38.68480301 1.999999762
vn -0.9270551801 -0.3736604154 0.03076595813
v 7.377706051 38.68480301 18
vn -0.879203856 -0.4754514098 -0.03076598234
v 7.212849617 38.92223358 1.999999762
vn -0.7706352472 -0.6363275051 0.03476540744
v 6.021391869 37.62228012 18
vn 0.2252592146 0.970148623 -0.08983288705
v 5.936659336 37.62570953 1.999999762
vn -0.06955940276 0.9929548502 0.09592789412
v 6.152810097 37.56684494 1.999999762
vn 0.3410569131 0.9371227622 0.07403419912
v 5.538947105 36.5909462 1.999999762
vn -0.5856177807 -0.8083717823 0.0598908551
v 5.504158974 36.62034607 18
vn -0.7104405761 -0.6973876953 -0.09447004646
v 5.413806915 36.78894043 18
vn -0.9105405211 -0.09577668458 -0.4021725655
v 5.443323135 36.69883728 1.999999762
vn -0.8992501497 -0.4212348759 0.1179421917
v 5.166638851 34.92033005 1.999999762
vn 0.1040124148 0.9945448041 0.007879137993
v 5.166638851 34.92033005 18
vn -0.01033172291 0.999928236 -0.006067619659
v 5.453395844 34.95666885 1.999999762
vn -0.2350219637 0.9719880223 0.002004595939
v 5.653403282 35.04247284 18
vn -0.5180470347 0.8549596071 -0.02591072209
v 5.712267876 35.08525848 1.999999762
vn -0.5346530676 0.8449422717 0.01478563622
v 5.822043419 35.18004227 18
vn -0.7579222918 0.6520485282 -0.01965913922
v 5.872951984 35.23204422 1.999999762
vn -0.7700240612 0.6368936896 0.03780737892
v 5.986991405 35.41740799 1.999999762
vn -0.8738585711 0.4852169454 0.0305895973
v 5.986991405 35.41740799 18
vn -0.9045040607 0.4251013696 -0.03407630697
v 6.057124138 35.62343216 1.999999762
vn -0.9715156555 0.2329811156 0.04332526773
v 6.057124138 35.62343216 18
vn -0.9890308976 0.1412118822 -0.04332526028
v 8.326339722 39.78501129 1.999999762
vn 0.01407910604 0.9992674589 0.03558474779
v 12.23859596 43.76229858 18
vn 0.243052572 0.9676834345 -0.06718816608
v 12.23859596 43.76229858 1.999999762
vn 0.3323900402 0.9407457709 0.06718809158
v 8.039554596 39.82112885 18
vn 0.1997923553 0.978998065 -0.04056917876
v 8.039554596 39.82112885 1.999999762
vn 0.3221784532 0.9456467032 0.04419633374
v 7.839480877 39.90677643 18
vn 0.4659900069 0.883744359 -0.04300291091
v 8.76965332 41.64548874 1.999999762
vn -0.7111751437 0.6253039837 0.3212862015
v 8.738471031 41.51886749 1.999999762
vn -0.9996361136 0.02529647015 0.009363899007
v 8.738471031 41.51886749 18
vn -0.9830775261 -0.1781269908 -0.04277159274
v 8.790885925 41.37895203 18
vn -0.8079047203 -0.5688093901 -0.1540968865
v 8.790885925 41.37895203 1.999999762
vn -0.8137939572 -0.5729557872 0.09726801515
v 9.570827484 42.20950699 1.999999762
vn 0.5080925226 0.8414648175 0.1837904453
v 9.570827484 42.20950699 18
vn 0.5143586993 0.851842463 -0.09899269789
v 9.427895546 42.25303268 1.999999762
vn 0.1160823777 0.9926751256 0.03348157555
v 9.427895546 42.25303268 18
vn -0.09081753343 0.9941341877 -0.05873102695
v 10.92488956 43.31987 18
vn -0.8389933705 -0.5327737927 -0.1106446907
v 10.98035717 43.25147247 1.999999762
vn -0.852044642 -0.5201366544 0.05897316337
v 11.07840061 43.05717087 18
vn -0.9078105688 -0.4131545126 -0.0719955191
v 11.07840061 43.05717087 1.999999762
vn -0.9476668835 -0.3121699393 0.0669138059
v 11.13095188 42.84597397 18
vn -0.9867350459 -0.150277257 -0.06140562519
v 11.13095188 42.84597397 1.999999762
vn -0.9964581728 -0.05744913965 0.06140602753
v 11.12330341 42.62847519 18
vn -0.9877970815 0.1456494629 -0.05516445637
v 11.12330341 42.62847519 1.999999762
vn -0.9705131054 0.2357748151 0.05014550313
v 11.03392792 42.3535881 18
vn -0.9099798799 0.4124392271 -0.04278416932
v 11.03392792 42.3535881 1.999999762
vn -0.8578782082 0.5120688677 0.04278410971
v 10.85915375 42.12336349 18
vn -0.7238707542 0.6887139678 -0.04103855416
v 10.85915375 42.12336349 1.999999762
vn -0.6419055462 0.7656847239 0.04103853926
v 10.6184082 41.96339035 18
vn -0.4576101005 0.8891506791 -0.002004605718
v 10.6184082 41.96339035 1.999999762
vn -0.3548079133 0.9349370599 0.002004611539
v 10.33845329 41.89145279 18
vn -0.1745806783 0.984621942 -0.006415910553
v 10.33845329 41.89145279 1.999999762
vn -0.08345984668 0.9964861274 0.007059878204
v 10.12090206 41.8974762 18
vn 0.1201163009 0.9926556349 -0.0143825179
v 10.12090206 41.8974762 1.999999762
vn 0.2123158425 0.9770952463 0.01438249089
v 9.913422585 41.96318436 18
vn 0.37180233 0.9280490875 -0.02208887786
v 9.913422585 41.96318436 1.999999762
vn 0.440079093 0.8976873159 0.02208888531
v 9.725661278 42.07323456 18
vn 0.5450198054 0.8111032248 -0.2122852057
v 9.725661278 42.07323456 1.999999762
vn 0.5932393074 0.7713007331 0.2305694669
v 10.83241463 43.61973953 1.999999762
vn -0.5061947703 0.3466012776 0.7897052765
v 10.83241463 43.61973953 18
vn -0.5661797523 0.2884382308 -0.7721682787
v 10.82183075 43.49910736 1.999999762
vn -0.9954238534 -0.07469622046 0.05959732458
v 10.82183075 43.49910736 18
vn -0.9441100359 -0.3219778836 -0.07061484456
v 10.86942101 43.38827133 1.999999762
vn -0.8477156162 -0.5194789767 0.1073302701
v 11.70902252 44.16080856 1.999999762
vn 0.62856704 0.7670888901 0.1283668876
v 11.70902252 44.16080856 18
vn 0.5045109391 0.854126811 -0.1262382716
v 11.59561539 44.2019043 1.999999762
vn 0.1639293134 0.9863045216 0.01818230748
v 11.59561539 44.2019043 18
vn -0.01414416637 0.9987027645 -0.0489150621
v 13.26097584 44.9978981 18
vn -0.8927796483 -0.4503012002 -0.01316398755
v 13.26097584 44.9978981 1.999999762
vn -0.9197510481 -0.3922892809 0.01292881276
v 13.33389187 44.79284668 18
vn -0.9735500216 -0.2283648849 -0.007059897296
v 13.33389187 44.79284668 1.999999762
vn -0.9904071093 -0.1380310655 0.006415859796
v 13.35192871 44.50435638 18
vn -0.9988101125 0.04872751981 -0.002004570561
v 13.35192871 44.50435638 1.999999762
vn -0.9870107174 0.1606418639 0.002004576614
v 13.2741251 44.22597504 18
vn -0.9396170974 0.3414580226 -0.02293651365
v 13.2741251 44.22597504 1.999999762
vn -0.9042562246 0.426243782 0.02523737587
v 13.16004944 44.04063034 18
vn -0.7990522981 0.6005013585 -0.03022449277
v 13.16004944 44.04063034 1.999999762
vn -0.7394596338 0.6725220084 0.0302245561
v 12.99933624 43.89387894 18
vn -0.5876179934 0.807992816 -0.04304236919
v 12.99933624 43.89387894 1.999999762
vn -0.5110520124 0.858659029 0.03912237287
v 12.74044037 43.7653389 18
vn -0.342111975 0.9382691979 -0.05109156296
v 12.74044037 43.7653389 1.999999762
vn -0.2345211655 0.9707674384 0.05109155551
v 12.45367718 43.72905731 18
vn -0.04971797019 0.9971242547 -0.05719602108
v 12.45367718 43.72905731 1.999999762
vn 0.04200278968 0.9971346259 0.06291545928
v 15.79670906 46.15976334 18
vn -0.9977174997 -0.06724584848 -0.006151025183
v 15.79670906 46.15976334 1.999999762
vn -0.9996365309 0.02624769323 0.006151048001
v 18.25294495 46.87422943 1.999999762
vn -0.7934266925 0.6086645126 0.001259691315
v 18.10505676 46.71456146 18
vn -0.6533309817 0.7563719749 -0.03255838156
v 18.10505676 46.71456146 1.999999762
vn -0.5811938047 0.8132269979 0.02959113009
v 17.85780334 46.56484222 18
vn -0.4196117818 0.9070597291 -0.0341851674
v 17.85780334 46.56484222 1.999999762
vn -0.3150438666 0.9484612346 0.03418521583
v 17.57507515 46.50472641 18
vn -0.09805770963 0.9941123724 -0.04610070959
v 17.57507515 46.50472641 1.999999762
vn 0.01425923221 0.9988350272 0.04610062391
v 17.28829575 46.54089737 18
vn 0.2340745479 0.9705532789 -0.05688136071
v 17.28829575 46.54089737 1.999999762
vn 0.3416434824 0.9381067157 0.05688130856
v 17.02934837 46.66933441 18
vn 0.5398523211 0.8392205238 -0.06533318013
v 17.02934837 46.66933441 1.999999762
vn 0.6307256222 0.7732508183 0.06533319503
v 16.82701683 46.87576294 18
vn 0.7703121305 0.6338433027 -0.06972745806
v 16.82701683 46.87576294 1.999999762
vn 0.8239744902 0.5622109175 0.07060364634
v 16.69165993 47.11919785 18
vn 0.7991184592 0.5989579558 -0.05156558752
v 16.57478714 47.21228409 1.999999762
vn 0.4728452563 0.8792672157 0.0575020276
v 16.57478714 47.21228409 18
vn 0.2845506668 0.9575495124 -0.0461499393
v 18.36015701 47.64806747 18
vn -0.9086667895 -0.166006133 -0.3831014037
v 18.36015701 47.64806747 1.999999762
vn -0.9718599916 -0.162760213 0.1702858359
v 18.40540886 47.35236359 18
vn -0.9990723729 -0.04135429114 -0.01200848352
v 18.40540886 47.35236359 1.999999762
vn -0.9972510338 0.07309390604 0.01215031836
v 18.35113716 47.06845474 18
vn -0.9651022553 0.2618246973 -0.005042430945
v 18.35113716 47.06845474 1.999999762
vn -0.9369903803 0.3493110836 0.005548541434
v 18.25294495 46.87422943 18
vn -0.8468158841 0.5318846107 -0.001259687822
v 14.85428905 45.27494431 1.999999762
vn 0.1546331793 0.9835868478 0.09298120439
v 14.74816704 45.29901505 18
vn 0.1812707484 0.9821209311 -0.0507879965
v 14.44574642 45.41706467 18
vn 0.4887728691 0.8664218783 -0.1020498574
v 14.54389572 45.37007523 1.999999762
vn 0.4672614932 0.8822950721 0.05676306412
v 14.28292274 45.56147385 18
vn 0.6858246922 0.7249841094 -0.06358131021
v 14.28292274 45.56147385 1.999999762
vn 0.7322064638 0.676825285 0.07603423297
v 15.68699741 46.8286972 1.999999762
vn -0.6410782933 0.4657171071 0.610021472
v 15.65702057 46.75373459 18
vn -0.9684840441 0.2482957393 -0.01969430223
v 15.66189384 46.62391281 18
vn -0.8747310638 -0.2422802299 -0.4196972847
v 15.65512085 46.66895294 1.999999762
vn -0.9543493986 -0.20621638 0.2160834521
v 16.69165993 47.11919785 1.999999762
vn 0.7863968015 0.5894227624 0.184826687
v 15.77087402 45.94366837 18
vn -0.9736118913 0.2282051444 -0.001510015805
v 15.77087402 45.94366837 1.999999762
vn -0.9485532045 0.3166148663 0.001372266328
v 15.65879345 45.67723083 18
vn -0.8894153833 0.4565317631 -0.0227810964
v 15.65879345 45.67723083 1.999999762
vn -0.8436741233 0.5362003446 0.0265165735
v 15.52238655 45.50764847 18
vn -0.7174941301 0.6959232092 -0.02988340892
v 15.52238655 45.50764847 1.999999762
vn -0.6493160129 0.7598685622 0.0314409323
v 15.34454918 45.38219452 18
vn -0.4817286432 0.8752833009 -0.04262186214
v 15.34454918 45.38219452 1.999999762
vn -0.3993862867 0.915889442 0.04046135023
v 15.07158279 45.287117 18
vn -0.200590536 0.9782611728 -0.05261665955
v 15.07158279 45.287117 1.999999762
vn -0.1162659824 0.9921355247 0.04636120051
v 12.04098892 43.85349655 18
vn 0.5157805085 0.8534367085 -0.07494162023
v 12.04098892 43.85349655 1.999999762
vn 0.592230618 0.8028823137 0.06813878566
v 11.82208061 44.04225159 18
vn 0.6783317924 0.7327517271 -0.05422927812
v 11.82208061 44.04225159 1.999999762
vn 0.6753591895 0.7295406461 0.1079832539
v 13.20185089 45.43897247 1.999999762
vn -0.5549270511 0.8047661185 0.2107308805
v 13.14015865 45.32408142 1.999999762
vn -0.9607099891 0.2727539837 0.05139588937
v 13.14015865 45.32408142 18
vn -0.9960284829 0.0719171986 -0.05248989165
v 13.15613079 45.17552567 18
vn -0.8372449875 -0.3101138473 -0.4503889978
v 13.15613079 45.17552567 1.999999762
vn -0.90926373 -0.3367894888 0.2445654571
v 14.1383791 45.76330948 1.999999762
vn 0.7374467254 0.6667714119 0.1076484472
v 14.1383791 45.76330948 18
vn 0.7395557761 0.6686783433 -0.07698367536
v 14.01908779 45.85327148 1.999999762
vn 0.4175077379 0.9042668939 0.08937954903
v 14.01908779 45.85327148 18
vn 0.2167025656 0.9754210114 -0.03992317244
v 15.76202774 46.37461853 18
vn -0.9527240992 -0.3036241829 -0.01136420202
v 15.76202774 46.37461853 1.999999762
vn -0.9715432525 -0.2365221679 0.01268927567
v 23.78940201 48.24900436 1.999999762
vn -0.7484095097 0.6631298661 0.01191659737
v 23.6286602 48.10227966 18
vn -0.6121378541 0.7904040813 -0.02342368104
v 23.6286602 48.10227966 1.999999762
vn -0.5111617446 0.8592077494 0.02181115374
v 23.36973763 47.97378922 18
vn -0.3421961963 0.9390441775 -0.03313302621
v 23.36973763 47.97378922 1.999999762
vn -0.2345190644 0.9715467095 0.03313304484
v 23.08296776 47.93756104 18
vn -0.04956414923 0.9979038239 -0.04160966724
v 23.08296776 47.93756104 1.999999762
vn 0.04224482551 0.9980579615 0.04577795416
v 22.86789322 47.97084808 18
vn 0.2434452772 0.9684111476 -0.05398352817
v 22.86789322 47.97084808 1.999999762
vn 0.3328377306 0.9414376616 0.05398351699
v 22.67030334 48.06208038 18
vn 0.484559834 0.8726092577 -0.06127711013
v 22.67030334 48.06208038 1.999999762
vn 0.5483795404 0.8339814544 0.06127709523
v 22.49784088 48.19482803 18
vn 0.6791807413 0.73088938 -0.06718831509
v 22.49784088 48.19482803 1.999999762
vn 0.7444865704 0.6642481089 0.06718831509
v 22.36861229 48.36994171 18
vn 0.844363153 0.5310522914 -0.07095299661
v 22.36861229 48.36994171 1.999999762
vn 0.8816642165 0.4665124416 0.07095310837
v 22.28139305 48.56933594 18
vn 0.9367815256 0.3428163528 -0.07012387365
v 18.34988022 47.91509247 18
vn -0.8696419001 0.4928388298 -0.02885874547
v 18.32941628 47.84748077 1.999999762
vn -0.982922554 0.1697927266 0.07094810903
v 18.32227135 47.80744171 18
vn -0.9953867197 -0.08753643185 -0.03927724063
v 21.11705399 48.55709457 1.999999762
vn -0.9800579548 0.01458465774 0.1981760114
v 22.24670219 48.74201202 18
vn 0.9487226009 0.3098863959 -0.06241689622
v 22.22299194 48.79227066 1.999999762
vn 0.872240603 0.4790589511 0.09848275036
v 22.16890717 48.8695755 18
vn 0.6629288793 0.7418891788 -0.1006266922
v 23.98137093 48.71268845 18
vn -0.9979352355 0.06422020495 -0.001034398447
v 23.98137093 48.71268845 1.999999762
vn -0.9868447781 0.1616584212 0.001989540411
v 23.93452454 48.5001564 18
vn -0.9483229518 0.3172748089 -0.004497734364
v 23.90351486 48.43432236 1.999999762
vn -0.9115120769 0.4112233818 0.006408559158
v 23.8309536 48.30874634 18
vn -0.8114123344 0.5843249559 -0.01320635807
v 19.86495972 47.50037384 18
vn 0.4793331623 0.8725026846 -0.09475633502
v 19.93144798 47.47079086 1.999999762
vn 0.4385583699 0.8971487284 0.0528274104
v 19.6906395 47.63067245 18
vn 0.6600017548 0.7483481169 -0.06612718105
v 19.6906395 47.63067245 1.999999762
vn 0.7225085497 0.6879554391 0.06854695827
v 19.51577568 47.86083221 18
vn 0.8417077661 0.5352555513 -0.07091909647
v 19.51577568 47.86083221 1.999999762
vn 0.8859550953 0.4579595625 0.07318907231
v 21.25654602 48.78520966 1.999999762
vn -0.2109120041 0.9131984711 0.3486899734
v 21.15689087 48.7010994 1.999999762
vn -0.7937788367 0.6079791188 0.01663119718
v 21.15689087 48.7010994 18
vn -0.8997553587 0.4335995018 -0.04931314662
v 21.11705399 48.55709457 18
vn -0.9187589884 0.01367244218 -0.3945820332
v 20.97428131 47.73854828 18
vn -0.8291181922 0.5590189695 -0.007795281708
v 20.97428131 47.73854828 1.999999762
vn -0.761080265 0.6486546397 0.002004558221
v 20.76353455 47.54072189 18
vn -0.5992766619 0.8005394936 -0.002004605951
v 20.76353455 47.54072189 1.999999762
vn -0.5055196881 0.8627798557 0.007795255166
v 20.49946404 47.423172 18
vn -0.3356051445 0.9404172897 -0.05463036895
v 20.49946404 47.423172 1.999999762
vn -0.2183104455 0.9740493298 0.05973666534
v 20.2839489 47.3928833 18
vn -0.03367320821 0.9984936118 -0.0433204025
v 20.2114315 47.39896393 1.999999762
vn 0.09873423725 0.9935347438 0.05603759363
v 20.06842422 47.42312622 18
vn 0.2481785119 0.9673867822 -0.05069771037
v 19.41749763 48.10502243 1.999999762
vn 0.8594298363 0.4892652035 0.1483235657
v 19.41749763 48.10502243 18
vn 0.8673527241 0.4937756062 -0.062329337
v 19.30771065 48.22631073 1.999999762
vn 0.6106415987 0.7907885313 0.04207494482
v 19.30771065 48.22631073 18
vn 0.4271873832 0.9041259289 -0.008200786076
v 21.15063477 48.28059006 18
vn -0.9992067814 -0.02954312786 -0.02670271695
v 21.15063477 48.28059006 1.999999762
vn -0.997841537 0.0601407364 0.02636991814
v 21.10827827 47.99466324 18
vn -0.9667026401 0.2553550601 -0.0167265553
v 21.10827827 47.99466324 1.999999762
vn -0.9318579435 0.3623394966 0.01873024181
v 26.17888832 48.14214325 1.999999762
vn -0.1952260882 0.9802263379 0.03229658306
v 25.85547447 48.13018036 18
vn 0.09332866222 0.9948917627 -0.03847320005
v 26.88018227 49.06276321 1.999999762
vn -0.9159702659 0.2851483524 0.2822921872
v 49.27045822 26.38991165 18
vn 0.8838170171 0.1026117951 -0.456440866
v 49.27045822 25.61008835 18
vn 0.9472541809 -0.03774416819 -0.3182528019
v 49.25747299 26 18
vn 0.3440023363 -1.918716767e-16 -0.9389687777
v 49.27045822 25.61008835 1.999999762
vn 0.9645875096 -0.1138982996 0.2379035056
v 49.27045822 26.38991165 1.999999762
vn 0.936424315 0.03219239786 0.3493896723
v 26.88928223 49.10240555 18
vn -0.9340668321 0.3288531601 -0.1391934156
v 26.95458031 49.19233704 18
vn -0.7318558693 0.6813759208 -0.01066930871
v 22.28139305 48.56933594 1.999999762
vn 0.9541109204 0.2891349196 0.07793166488
v 24.14969444 49.20005798 1.999999762
vn -0.1028982103 0.9160981774 0.3875256181
v 26.6927948 48.45875168 18
vn -0.8236738443 0.5669540167 -0.01115835086
v 26.6927948 48.45875168 1.999999762
vn -0.7671274543 0.6414307356 0.009061250836
v 26.53832817 48.30543518 18
vn -0.6498004198 0.760104239 -0.001010239124
v 26.53832817 48.30543518 1.999999762
vn -0.5258952975 0.8505435586 0.003133688122
v 26.35373306 48.19015884 18
vn -0.4099512696 0.912103653 -0.002619841136
v 24.0402832 49.1291008 1.999999762
vn -0.7070974708 0.7063627839 0.03263027966
v 24.0402832 49.1291008 18
vn -0.8361042142 0.5461075902 -0.05192506313
v 46.57013702 15.09206295 18
vn 0.9079819322 -0.419000864 0.002654677955
v 46.21199036 14.45356846 18
vn 0.8580266237 -0.5136048198 0.0006785357837
v 46.13226318 14.3936224 18
vn 0.4013664722 -0.5166027546 -0.7563243508
v 46.24063492 14.54457855 18
vn 0.3063055277 -0.1611731648 -0.9381898046
v 25.20094299 48.64867783 1.999999762
vn 0.9320585728 0.3537981808 0.07806159556
v 25.1394043 48.85743713 18
vn 0.977129519 0.2040917873 -0.05970320106
v 26.95458031 49.19233704 1.999999762
vn -0.6170190573 0.7855026722 0.04767630249
v 44.95549774 12.52413082 18
vn 0.2784277201 -0.2022892684 -0.9389126897
v 45.05538177 12.63741398 18
vn 0.8001807332 -0.4154446125 -0.4325697422
v 44.59701157 12.00652218 18
vn 0.7323621511 -0.6089550257 -0.3046628833
v 42.62237167 9.755330086 18
vn 0.2866544425 -0.6429073215 -0.7102812529
v 43.23034668 10.35451126 18
vn 0.7968038321 -0.5724793077 -0.1933158636
v 42.73058701 9.807376862 18
vn 0.715023458 -0.6990997195 0.0009892802918
v 48.4424057 19.8352108 18
vn 0.9433187246 -0.2873809636 -0.1660178602
v 47.49279022 17.07104301 18
vn 0.8815642595 -0.4096180499 -0.2346433848
v 47.77642822 17.78118515 18
vn 0.8661615252 -0.2634092569 -0.4247113764
v 49.14110947 23.43042755 18
vn 0.9964113235 -0.08461984247 0.001995019149
v 49.03809357 22.69659996 18
vn 0.9319267273 -0.1585339904 -0.3261587322
v 48.63634109 20.59053612 18
vn 0.9153646231 -0.1529435962 -0.3724458516
v 25.12662888 49.03310013 18
vn 0.9709623456 0.2010791004 -0.1296120584
v 25.08544731 49.14647293 1.999999762
vn 0.9108117819 0.412568897 0.01445167325
v 25.08544731 49.14647293 18
vn 0.7769923806 0.6271628737 -0.0543099381
v 26.86584091 48.94028091 18
vn -0.960301578 0.1600010097 -0.2285182178
v 26.86059761 48.85743713 1.999999762
vn -0.978556633 0.205096066 0.01904148236
v 26.79905891 48.64867783 18
vn -0.9466369748 0.3217012286 -0.01966677979
v 26.79905891 48.64867783 1.999999762
vn -0.9064378142 0.4220504761 0.01561653242
v 23.98271179 48.99122238 18
vn -0.9022771716 0.1276489198 -0.4118271768
v 23.98271179 48.99122238 1.999999762
vn -0.9646690488 0.1364757568 0.2253618538
v 25.13301659 48.94526672 1.999999762
vn 0.9774704576 0.1861762702 0.09944786876
v 25.85547447 48.13018036 1.999999762
vn 0.2004711628 0.9786600471 0.04511967301
v 25.58249092 48.22520447 18
vn 0.4309301972 0.9009023309 -0.0517123118
v 25.58249092 48.22520447 1.999999762
vn 0.5292856097 0.8465641141 0.05644441023
v 25.35591888 48.40468597 18
vn 0.7027534246 0.7087734938 -0.06146387011
v 25.35591888 48.40468597 1.999999762
vn 0.7777512074 0.625171721 0.06529466063
v 25.20094299 48.64867783 18
vn 0.8805707097 0.4695011675 -0.06452830881
v 26.14452553 48.13018036 18
vn -0.1192910299 0.9909772277 -0.0611044392
v 46.24063492 37.45542145 18
vn 0.3116885722 0.1559627652 -0.9372971058
v 8.76965332 41.64548874 18
vn -0.7131928802 0.5351355076 -0.4527536929
v 5.768095016 37.52317429 18
vn -0.8629136086 0.5053467751 0.002187499544
v 4.226036072 34.23113632 18
vn -0.9399049878 0.3026044965 -0.1581426412
v 47.77986145 34.20389557 18
vn 0.9143099189 0.2903927565 -0.2823285758
v 18.43820381 3.988967657 18
vn -0.3410642445 -0.8933128715 -0.2926897407
v 21.8303833 3.119348049 18
vn -0.06447806209 -0.338005513 -0.9389328361
v 24.14969444 2.799944401 18
vn -0.1295126379 -0.9406399727 -0.3137243092
v 3.36365962 20.59053612 18
vn -0.9269027114 -0.1997522265 -0.3177269697
v 4.507210732 17.07104301 18
vn -0.7699103951 -0.4499469399 -0.4525325894
v 6.944619656 12.63741398 18
vn -0.8048634529 -0.5266144872 -0.2736275792
v 2.729541779 25.61008835 18
vn -0.8910329342 -0.0991826877 -0.4429707527
v 2.96190691 22.69659996 18
vn -0.9513908625 -0.2502406538 -0.1795411855
v 3.557594776 32.16479111 18
vn -0.9073394537 0.2736994028 -0.3190983534
v 2.96190691 29.30340004 18
vn -0.9581329823 0.188277632 -0.2157143354
v 11.43081284 7.83816433 18
vn -0.6021772623 -0.7983593941 0.002186545171
v 13.82197762 6.155371666 18
vn -0.4676215947 -0.8839261532 0.002143299673
v 9.269412994 9.807376862 18
vn -0.7076300383 -0.706581533 0.001494875527
v 36.26088333 46.88972473 18
vn 0.4462504089 0.8335552216 -0.3256474137
v 33.60282135 47.98387146 18
vn 0.3332058787 0.465620935 -0.8198603392
v 27.85030746 49.20005798 18
vn 0.09715740383 0.9542775154 -0.2826922238
v 40.56918716 44.16183853 18
vn 0.5629927516 0.8264593482 0.002040719148
v 38.13972473 45.85682297 18
vn 0.425544858 0.8921306729 -0.151705116
v 41.13358307 8.31834507 18
vn 0.685325563 -0.6195286512 -0.3827703595
v 38.13972473 6.14317894 18
vn 0.4949933887 -0.8431703448 -0.2098698318
v 35.85917664 4.93565464 18
vn 0.1598464996 -0.308145076 -0.9378143549
v 32.82014084 3.747990608 18
vn 0.2436220944 -0.9193512201 -0.3089362681
v 27.81215477 2.787297249 18
vn 0.1013590097 -0.9948484898 0.001671772799
v 13.86027908 45.85682297 18
vn -0.4706845582 0.8303216696 -0.2983655632
v 11.46728325 44.17873764 18
vn -0.5630512834 0.7578202486 -0.3296691179
v 22.0225563 48.93133926 18
vn -0.1155017987 0.9461317062 -0.3024799824
v 18.43820381 48.0110321 18
vn -0.3264191747 0.8229992986 -0.4648899734
v 48.4424057 32.16479111 18
vn 0.8583561778 0.3237614334 -0.3979989886
v 45.05538177 39.36258698 18
vn 0.7890264988 0.5188381672 -0.3290047646
v 43.23034668 41.64548874 18
vn 0.7424534559 0.6334970593 -0.2178172916
v 24.14932251 49.19657516 18
vn -0.1565003544 0.8422716856 -0.5158352852
v 46.204216 37.55231094 18
vn 0.7055681348 0.5514267087 -0.4450867176
v 49.03809357 29.30340004 1.999999762
vn 0.9800356627 0.1683136076 0.105833143
v 40.53271866 7.821266174 18
vn 0.5916531086 -0.7938602567 -0.1404723078
v 49.13583374 28.52972412 1.999999762
vn 0.8469086885 0.03638072312 0.5304923654
v 46.57013702 36.9079361 18
vn 0.8858697414 0.4639320672 0.001338197151
v 49.11223221 28.45301819 18
vn 0.7551051378 -0.1592495441 -0.6359683871
v 47.51660919 34.89657974 18
vn 0.914835453 0.4038224816 0.001885775011
v 49.14110947 28.56957054 18
vn 0.9944458604 0.1052446514 0.0009857064579
v 49.03809357 22.69659996 1.999999762
vn 0.9565898776 -0.2397334278 0.1657216847
v 46.58619308 36.78894043 18
vn 0.6696454287 0.07871958613 -0.7384972572
v 48.63657761 20.55034065 1.999999762
vn 0.9734139442 -0.2290502936 -0.001112892991
v 44.95549774 39.47587204 18
vn 0.2746683955 0.2106969506 -0.9381706119
v 48.49061966 20.07699394 1.999999762
vn 0.3398268223 -0.07336504012 0.9376221299
v 44.59701157 39.99347687 18
vn 0.6588492393 0.6015582681 -0.4517137706
v 47.49279022 17.07104301 1.999999762
vn 0.71934551 -0.4202176034 0.5531358123
v 42.69652176 42.21395874 18
vn 0.5675465465 0.7124159932 -0.4127400815
v 47.76938629 17.73652458 1.999999762
vn 0.9330529571 -0.3597385287 -0.0005739586777
v 41.11014938 43.71431732 18
vn 0.6635319591 0.7481435537 0.002562134294
v 46.57013702 15.09206295 1.999999762
vn 0.882279098 -0.4707251191 -0.001220016857
v 41.16888809 43.60958481 18
vn 0.7797791362 0.3431522548 -0.5236324668
v 44.52729797 11.96676159 1.999999762
vn 0.3901186883 -0.8057221174 0.4456672072
v 38.79814911 45.43897247 18
vn 0.5404646397 0.7846366167 -0.3037158847
v 45.05538177 12.63741398 1.999999762
vn 0.7780498266 -0.5053017139 0.3732407391
v 35.55527496 47.22175598 18
vn 0.2689045072 0.8503678441 -0.4522884488
v 43.23034668 10.35451126 1.999999762
vn 0.7406415343 -0.6351461411 0.2191791534
v 35.85917664 47.06434631 18
vn 0.1464716196 0.3112680912 -0.9389665723
v 40.53271866 7.821266174 1.999999762
vn 0.4425254166 -0.7192494869 0.535585165
v 33.52798462 48.03277206 18
vn 0.3167906404 0.948495388 0.0003989198303
v 40.89857864 8.141042709 1.999999762
vn 0.2192911953 -0.2650768459 0.9389598966
v 32.82014084 48.25201035 18
vn 0.1522583961 0.8779321313 -0.4539301693
v 38.79814911 6.561028481 1.999999762
vn 0.5643641353 -0.8195363283 0.09926380217
v 30.74345589 48.78520966 18
vn 0.2153606564 0.9454646707 -0.2443693131
v 36.23006439 5.084471703 1.999999762
vn 0.4386769533 -0.8986439109 -0.001301567769
v 29.9774437 48.93133926 18
vn 0.04047853872 0.9191948771 -0.3917170465
v 32.74036789 3.756799221 1.999999762
vn -0.2983561456 -0.8960087299 0.3288646042
v 27.07202148 49.24901962 18
vn -0.05502510071 0.9796683788 -0.1929301918
v 32.86027145 3.750276566 1.999999762
vn 0.2719845772 -0.9622997642 -0.001885814592
v 24.88854218 49.25679016 18
vn -0.05501855537 0.9984846115 0.001215776545
v 30.70718765 3.197457075 1.999999762
vn 0.2097794712 -0.9777482748 -0.0009541940526
v 24.99515343 49.22716141 18
vn 0.1569084376 0.6303939223 -0.7602521181
v 30.16961861 3.119348049 1.999999762
vn 0.06269335747 -0.3428092003 0.9373107553
v 21.8303833 48.88065338 18
vn -0.07411193103 0.3380307853 -0.9382124543
v 27.07202148 2.750979424 1.999999762
vn -0.03336911649 -0.8352403045 0.548871696
v 21.25654602 48.78520966 18
vn -0.2624510229 0.8505379558 -0.4557462037
v 24.07876778 2.837500334 1.999999762
vn -0.4678540528 -0.7041398883 0.5341344476
v 19.17986107 48.25201035 18
vn -0.2746396065 0.93646878 -0.2181726098
v 24.92797852 2.750979424 1.999999762
vn 0.002070717514 -0.9457432032 0.3249084651
v 15.73911858 46.88972473 18
vn -0.4848521054 0.7899656296 -0.3753302395
v 21.25654602 3.214787483 1.999999762
vn -0.295101285 -0.931509614 0.2126149088
v 16.44472313 47.22175598 18
vn -0.379779011 0.9097242951 -0.1678379476
v 18.39718056 4.016128063 1.999999762
vn -0.329195112 -0.4674948454 0.8204140067
v 13.20185089 45.43897247 18
vn -0.6251344085 0.764203012 -0.1587475538
v 18.47201347 3.967228174 1.999999762
vn -0.3240963221 -0.9460237622 -0.0007749121869
v 11.10142326 43.8589592 18
vn -0.22875081 0.2597978711 -0.9381780624
v 15.73911858 5.110277176 1.999999762
vn -0.4641226828 -0.6954764128 0.5485459566
v 10.88985252 43.71431732 18
vn -0.686473906 0.7271524072 0.00173557899
v 16.14082336 4.93565464 1.999999762
vn -0.1271563619 -0.3236958683 0.9375778437
v 9.302051544 42.21266174 18
vn -0.6359941363 0.6443068981 -0.4247117043
v 13.82197762 6.155371666 1.999999762
vn -0.5236941576 -0.8519053459 -0.001301504089
v 7.402989864 39.99347687 18
vn -0.7496989965 0.6206596494 -0.2296366841
v 10.86641884 8.31834507 1.999999762
vn -0.701561749 -0.6683734059 0.2471601963
v 6.944619656 39.36258698 18
vn -0.7932245135 0.4530318975 -0.4068869352
v 8.76965332 10.35451126 1.999999762
vn -0.7922458053 -0.5832147002 0.1794636399
v 5.429864883 36.9079361 18
vn -0.9006322026 0.4345783293 0.001818774035
v 7.044502258 12.52413082 1.999999762
vn -0.2784276009 -0.2022898644 0.9389126301
v 5.859963894 37.6004982 18
vn -0.4229601324 0.5968663096 -0.6818029881
v 7.402989864 12.00652218 1.999999762
vn -0.7560824156 -0.6107429266 0.2352284938
v 4.507210732 34.92895889 18
vn -0.8671831489 0.3813370764 -0.3202739954
v 5.759366989 14.54457855 1.999999762
vn -0.3016453087 -0.1658301651 0.9388878942
v 3.509379864 31.92300606 18
vn -0.3374013901 0.07640326023 -0.9382551908
v 4.220139027 17.79610443 1.999999762
vn -0.9207956195 -0.2652047873 0.2860101759
v 3.36365962 31.40946579 18
vn -0.8812818527 0.1243172735 -0.4559468031
v 3.36365962 20.59053612 1.999999762
vn -0.967069149 -0.1296108663 0.2190395594
v 2.858893871 28.56957054 18
vn -0.996219337 0.0868531242 0.001885856618
v 2.887768269 23.54698372 1.999999762
vn -0.8069993854 0.4713779986 0.3557453156
v 2.729541779 26.38991165 18
vn -0.9876955748 0.03716006503 -0.1519097537
v 2.742528439 26 1.999999762
vn -0.3440023363 -1.152744211e-16 0.9389687777
v 2.887768269 23.54698372 18
vn -0.6387293935 0.1450976878 -0.7556264997
v 2.729541779 26.38991165 1.999999762
vn -0.832336247 0.09068208188 0.54680264
v 2.858893871 23.43042755 18
vn -0.9938049316 -0.1111305952 0.001301510376
v 2.950739622 29.27560043 1.999999762
vn -0.9817755222 0.1900175363 -0.003190860851
v 3.557594776 19.8352108 18
vn -0.8301579952 -0.3382759094 -0.4431783855
v 3.557594776 32.16479111 1.999999762
vn -0.8975991011 0.3464543223 0.2725532949
v 3.509379864 20.07699394 18
vn -0.3332482576 -0.08556390554 -0.9389485717
v 5.759366989 37.45542145 1.999999762
vn -0.3016451597 0.1658302695 0.9388878942
v 4.226550102 17.88066292 18
vn -0.6893899441 0.06593053043 -0.72138381
v 5.79578352 37.55231094 1.999999762
vn -0.68943578 0.4864995182 0.5366530418
v 4.229519844 17.76119995 18
vn -0.9172475934 -0.3415097296 -0.2050073147
v 7.472703934 40.03324127 1.999999762
vn -0.3422901928 0.5031004548 0.7935536504
v 5.420102119 15.13105392 18
vn -0.8732361794 -0.4211736917 -0.245094493
v 7.371866703 39.96804047 1.999999762
vn -0.7856657505 0.6186465621 -0.002410261892
v 5.768095016 14.47682571 18
vn -0.8570094705 -0.5152971745 0.001885846839
v 9.303479195 42.21395874 1.999999762
vn -0.6169505715 0.7314554453 0.2904220819
v 7.402989864 12.00652218 18
vn -0.6932207942 -0.6926243305 -0.1992898732
v 10.88985252 43.71431732 1.999999762
vn -0.6450699568 0.7641227245 -0.001100564026
v 8.76965332 10.35451126 18
vn -0.7170943618 -0.6169934273 -0.3241832852
v 13.86027908 45.85682297 1.999999762
vn -0.3908738196 0.9087650776 0.1461630315
v 11.10142326 8.141042709 18
vn -0.2241877019 -0.2668338418 -0.9373044372
v 15.76993561 46.91552734 1.999999762
vn -0.4439918995 0.8960302472 -0.0009789089672
v 10.83111286 8.390416145 18
vn -0.7389227152 -0.2769161463 -0.6142562032
v 16.44472313 47.22175598 1.999999762
vn -0.2604626119 0.7858343124 0.5609132051
v 10.88985252 8.285686493 18
vn -0.6580916047 -0.7529376149 0.0006067262148
v 19.17986107 48.25201035 1.999999762
vn -0.1843599677 0.8255705237 0.5333335996
v 13.20185089 6.561028481 18
vn -0.5594034791 -0.7967113853 -0.2287327945
v 21.98245811 48.9341011 1.999999762
vn -0.1492368877 0.9887996912 -0.001885773847
v 15.73911858 5.110277176 18
vn -0.475081265 -0.8660743833 -0.1556050181
v 24.99515343 49.22716141 1.999999762
vn 0.4049324393 0.7874987125 0.4646240175
v 16.40519714 4.785539627 18
vn -0.3977298737 -0.9175005555 0.001918718335
v 27.8506794 49.19657516 1.999999762
vn 0.1379962116 0.7990480661 0.5852172375
v 19.17986107 3.747990608 18
vn -0.1903871894 -0.9664123058 -0.1726268381
v 27.07202148 49.24901962 1.999999762
vn 0.02562166937 0.9744873047 0.2229754329
v 22.0225563 3.068662882 18
vn -0.03712545335 -0.8961317539 -0.4422325194
v 30.16961861 48.88065338 1.999999762
vn 0.06447871029 0.3380053341 0.9389328361
v 21.25654602 3.214787483 18
vn -0.2136961222 -0.9238449335 -0.3175602257
v 33.56179428 48.0110321 1.999999762
vn 0.3205473721 0.7825907469 0.5336675644
v 24.20509529 2.811894417 18
vn -0.008691980503 -0.3459463418 -0.9382140636
v 38.79814911 45.43897247 1.999999762
vn 0.6251337528 0.7642035484 0.1587472856
v 24.88854218 2.743212223 18
vn -0.02412783913 -0.9997051954 0.002715955721
v 40.56918716 44.16183853 1.999999762
vn 0.6209185123 0.7838733196 -0.001684050774
v 27.07202148 2.750979424 18
vn 0.02366570942 -0.969615519 -0.2434865385
v 41.13358307 43.68165588 1.999999762
vn 0.5979177356 0.5668708682 0.5667026043
v 29.9774437 3.068662882 18
vn 0.1136235818 -0.9576020241 -0.26474154
v 43.25632095 41.57979965 1.999999762
vn 0.5142798424 0.2650182247 0.8156479597
v 30.74345589 3.214787483 18
vn 0.2723326087 -0.9380188584 -0.214372471
v 45.05538177 39.36258698 1.999999762
vn 0.8417984843 0.4604766071 0.2816675901
v 33.52798462 3.967228174 18
vn 0.3240968883 -0.9460235834 0.0007749103825
v 44.62813187 39.96804047 1.999999762
vn 0.7969648242 0.6040249467 -0.0009856510442
v 33.60282135 4.016128063 18
vn 0.3536406159 -0.4953886569 -0.7934282422
v 47.49279022 34.92895889 1.999999762
vn 0.8881198168 0.4079958498 0.2116188556
v 35.55527496 4.778243542 18
vn 0.3491988778 -0.8764005899 -0.3316356242
v 47.77396393 34.23113632 1.999999762
vn 0.9399044514 0.3026060462 0.15814282
v 36.23006439 5.084471703 18
vn 0.4957608879 -0.8684564233 0.002131996676
v 48.62254333 31.33040619 1.999999762
vn 0.6429982781 -0.1340468079 0.7540454865
v 38.79814911 6.561028481 18
vn 0.5611641407 -0.7007498741 -0.4405047894
# mm_gid 0
g mmGroup0
f 389//389 1916//1916 1914//1914 
f 390//390 1916//1916 389//389 
f 391//391 1840//1840 1842//1842 
f 364//364 1840//1840 391//391 
f 1838//1838 1840//1840 364//364 
f 339//339 1838//1838 364//364 
f 1836//1836 1838//1838 339//339 
f 345//345 1836//1836 339//339 
f 1834//1834 1836//1836 345//345 
f 344//344 1834//1834 345//345 
f 1832//1832 1834//1834 344//344 
f 340//340 1832//1832 344//344 
f 1830//1830 1832//1832 340//340 
f 331//331 1830//1830 340//340 
f 1829//1829 1830//1830 331//331 
f 357//357 1829//1829 331//331 
f 1824//1824 1829//1829 357//357 
f 325//325 1824//1824 357//357 
f 1821//1821 1824//1824 325//325 
f 347//347 1821//1821 325//325 
f 1823//1823 1821//1821 347//347 
f 346//346 1823//1823 347//347 
f 346//346 1905//1905 1823//1823 
f 1903//1903 1905//1905 346//346 
f 349//349 1903//1903 346//346 
f 349//349 1901//1901 1903//1903 
f 1899//1899 1901//1901 349//349 
f 333//333 1899//1899 349//349 
f 333//333 1897//1897 1899//1899 
f 1895//1895 1897//1897 333//333 
f 348//348 1895//1895 333//333 
f 348//348 1893//1893 1895//1895 
f 1891//1891 1893//1893 348//348 
f 328//328 1891//1891 348//348 
f 328//328 1889//1889 1891//1891 
f 1887//1887 1889//1889 328//328 
f 327//327 1887//1887 328//328 
f 327//327 1885//1885 1887//1887 
f 1883//1883 1885//1885 327//327 
f 330//330 1883//1883 327//327 
f 330//330 1881//1881 1883//1883 
f 329//329 1881//1881 330//330 
f 329//329 1879//1879 1881//1881 
f 1877//1877 1879//1879 329//329 
f 332//332 1877//1877 329//329 
f 332//332 1875//1875 1877//1877 
f 1873//1873 1875//1875 332//332 
f 324//324 1873//1873 332//332 
f 324//324 1871//1871 1873//1873 
f 1869//1869 1871//1871 324//324 
f 363//363 1869//1869 324//324 
f 363//363 1867//1867 1869//1869 
f 1865//1865 1867//1867 363//363 
f 362//362 1865//1865 363//363 
f 362//362 1863//1863 1865//1865 
f 1860//1860 1863//1863 362//362 
f 350//350 1860//1860 362//362 
f 350//350 1858//1858 1860//1860 
f 1859//1859 1858//1858 350//350 
f 337//337 1859//1859 350//350 
f 337//337 1857//1857 1859//1859 
f 1855//1855 1857//1857 337//337 
f 388//388 1855//1855 337//337 
f 1853//1853 1855//1855 388//388 
f 387//387 1853//1853 388//388 
f 1851//1851 1853//1853 387//387 
f 365//365 1851//1851 387//387 
f 1846//1846 1851//1851 365//365 
f 342//342 1846//1846 365//365 
f 1848//1848 1846//1846 342//342 
f 338//338 1848//1848 342//342 
f 1925//1925 1848//1848 338//338 
f 335//335 1925//1925 338//338 
f 1923//1923 1925//1925 335//335 
f 336//336 1923//1923 335//335 
f 1921//1921 1923//1923 336//336 
f 334//334 1921//1921 336//336 
f 1920//1920 1921//1921 334//334 
f 334//334 343//343 1920//1920 
f 390//390 1842//1842 1916//1916 
f 391//391 1842//1842 390//390 
f 341//341 1914//1914 1918//1918 
f 389//389 1914//1914 341//341 
f 343//343 1918//1918 1920//1920 
f 341//341 1918//1918 343//343 
f 1919//1919 1962//1962 1909//1909 
f 1917//1917 1962//1962 1919//1919 
f 1958//1958 1917//1917 1913//1913 
f 1962//1962 1917//1917 1958//1958 
f 1910//1910 1924//1924 1922//1922 
f 1911//1911 1924//1924 1910//1910 
f 1849//1849 1924//1924 1911//1911 
f 1956//1956 1849//1849 1911//1911 
f 1847//1847 1849//1849 1956//1956 
f 1957//1957 1847//1847 1956//1956 
f 1845//1845 1847//1847 1957//1957 
f 1953//1953 1845//1845 1957//1957 
f 1850//1850 1845//1845 1953//1953 
f 1954//1954 1850//1850 1953//1953 
f 1852//1852 1850//1850 1954//1954 
f 1955//1955 1852//1852 1954//1954 
f 1854//1854 1852//1852 1955//1955 
f 1912//1912 1854//1854 1955//1955 
f 1856//1856 1854//1854 1912//1912 
f 1946//1946 1856//1856 1912//1912 
f 1861//1861 1856//1856 1946//1946 
f 1947//1947 1861//1861 1946//1946 
f 1862//1862 1861//1861 1947//1947 
f 1944//1944 1862//1862 1947//1947 
f 1944//1944 1864//1864 1862//1862 
f 1866//1866 1864//1864 1944//1944 
f 1945//1945 1866//1866 1944//1944 
f 1945//1945 1868//1868 1866//1866 
f 1870//1870 1868//1868 1945//1945 
f 1959//1959 1870//1870 1945//1945 
f 1959//1959 1872//1872 1870//1870 
f 1874//1874 1872//1872 1959//1959 
f 1960//1960 1874//1874 1959//1959 
f 1960//1960 1876//1876 1874//1874 
f 1878//1878 1876//1876 1960//1960 
f 1961//1961 1878//1878 1960//1960 
f 1961//1961 1880//1880 1878//1878 
f 1882//1882 1880//1880 1961//1961 
f 1948//1948 1882//1882 1961//1961 
f 1948//1948 1884//1884 1882//1882 
f 1949//1949 1884//1884 1948//1948 
f 1949//1949 1886//1886 1884//1884 
f 1888//1888 1886//1886 1949//1949 
f 1907//1907 1888//1888 1949//1949 
f 1907//1907 1890//1890 1888//1888 
f 1892//1892 1890//1890 1907//1907 
f 1908//1908 1892//1892 1907//1907 
f 1908//1908 1894//1894 1892//1892 
f 1896//1896 1894//1894 1908//1908 
f 1966//1966 1896//1896 1908//1908 
f 1966//1966 1898//1898 1896//1896 
f 1900//1900 1898//1898 1966//1966 
f 1967//1967 1900//1900 1966//1966 
f 1967//1967 1902//1902 1900//1900 
f 1904//1904 1902//1902 1967//1967 
f 1906//1906 1904//1904 1967//1967 
f 1906//1906 1822//1822 1904//1904 
f 1820//1820 1822//1822 1906//1906 
f 1952//1952 1820//1820 1906//1906 
f 1952//1952 1825//1825 1820//1820 
f 1827//1827 1825//1825 1952//1952 
f 1950//1950 1827//1827 1952//1952 
f 1950//1950 1826//1826 1827//1827 
f 1828//1828 1826//1826 1950//1950 
f 1951//1951 1828//1828 1950//1950 
f 1951//1951 1831//1831 1828//1828 
f 1833//1833 1831//1831 1951//1951 
f 1963//1963 1833//1833 1951//1951 
f 1835//1835 1833//1833 1963//1963 
f 1964//1964 1835//1835 1963//1963 
f 1837//1837 1835//1835 1964//1964 
f 1965//1965 1837//1837 1964//1964 
f 1839//1839 1837//1837 1965//1965 
f 1943//1943 1839//1839 1965//1965 
f 1841//1841 1839//1839 1943//1943 
f 1942//1942 1841//1841 1943//1943 
f 1843//1843 1841//1841 1942//1942 
f 1941//1941 1843//1843 1942//1942 
f 1844//1844 1843//1843 1941//1941 
f 1940//1940 1844//1844 1941//1941 
f 1915//1915 1844//1844 1940//1940 
f 1940//1940 1937//1937 1915//1915 
f 1909//1909 1922//1922 1919//1919 
f 1910//1910 1922//1922 1909//1909 
f 1913//1913 1937//1937 1958//1958 
f 1915//1915 1937//1937 1913//1913 
f 1916//1916 1844//1844 1915//1915 
f 1842//1842 1844//1844 1916//1916 
f 1842//1842 1843//1843 1844//1844 
f 1840//1840 1843//1843 1842//1842 
f 1840//1840 1841//1841 1843//1843 
f 1838//1838 1841//1841 1840//1840 
f 1838//1838 1839//1839 1841//1841 
f 1836//1836 1839//1839 1838//1838 
f 1836//1836 1837//1837 1839//1839 
f 1834//1834 1837//1837 1836//1836 
f 1834//1834 1835//1835 1837//1837 
f 1832//1832 1835//1835 1834//1834 
f 1832//1832 1833//1833 1835//1835 
f 1830//1830 1833//1833 1832//1832 
f 1830//1830 1831//1831 1833//1833 
f 1829//1829 1831//1831 1830//1830 
f 1829//1829 1828//1828 1831//1831 
f 1829//1829 1826//1826 1828//1828 
f 1824//1824 1826//1826 1829//1829 
f 1824//1824 1827//1827 1826//1826 
f 1824//1824 1825//1825 1827//1827 
f 1821//1821 1825//1825 1824//1824 
f 1821//1821 1820//1820 1825//1825 
f 1821//1821 1822//1822 1820//1820 
f 1823//1823 1822//1822 1821//1821 
f 1823//1823 1904//1904 1822//1822 
f 1905//1905 1904//1904 1823//1823 
f 1905//1905 1902//1902 1904//1904 
f 1903//1903 1902//1902 1905//1905 
f 1903//1903 1900//1900 1902//1902 
f 1901//1901 1900//1900 1903//1903 
f 1901//1901 1898//1898 1900//1900 
f 1899//1899 1898//1898 1901//1901 
f 1899//1899 1896//1896 1898//1898 
f 1897//1897 1896//1896 1899//1899 
f 1897//1897 1894//1894 1896//1896 
f 1895//1895 1894//1894 1897//1897 
f 1895//1895 1892//1892 1894//1894 
f 1893//1893 1892//1892 1895//1895 
f 1893//1893 1890//1890 1892//1892 
f 1891//1891 1890//1890 1893//1893 
f 1891//1891 1888//1888 1890//1890 
f 1889//1889 1888//1888 1891//1891 
f 1889//1889 1886//1886 1888//1888 
f 1887//1887 1886//1886 1889//1889 
f 1887//1887 1884//1884 1886//1886 
f 1885//1885 1884//1884 1887//1887 
f 1885//1885 1882//1882 1884//1884 
f 1883//1883 1882//1882 1885//1885 
f 1883//1883 1880//1880 1882//1882 
f 1881//1881 1880//1880 1883//1883 
f 1881//1881 1878//1878 1880//1880 
f 1879//1879 1878//1878 1881//1881 
f 1879//1879 1876//1876 1878//1878 
f 1877//1877 1876//1876 1879//1879 
f 1877//1877 1874//1874 1876//1876 
f 1875//1875 1874//1874 1877//1877 
f 1875//1875 1872//1872 1874//1874 
f 1873//1873 1872//1872 1875//1875 
f 1873//1873 1870//1870 1872//1872 
f 1871//1871 1870//1870 1873//1873 
f 1871//1871 1868//1868 1870//1870 
f 1869//1869 1868//1868 1871//1871 
f 1869//1869 1866//1866 1868//1868 
f 1867//1867 1866//1866 1869//1869 
f 1867//1867 1864//1864 1866//1866 
f 1865//1865 1864//1864 1867//1867 
f 1865//1865 1862//1862 1864//1864 
f 1863//1863 1862//1862 1865//1865 
f 1863//1863 1861//1861 1862//1862 
f 1860//1860 1861//1861 1863//1863 
f 1858//1858 1861//1861 1860//1860 
f 1858//1858 1856//1856 1861//1861 
f 1859//1859 1856//1856 1858//1858 
f 1857//1857 1856//1856 1859//1859 
f 1857//1857 1854//1854 1856//1856 
f 1855//1855 1854//1854 1857//1857 
f 1855//1855 1852//1852 1854//1854 
f 1853//1853 1852//1852 1855//1855 
f 1853//1853 1850//1850 1852//1852 
f 1851//1851 1850//1850 1853//1853 
f 1851//1851 1845//1845 1850//1850 
f 1846//1846 1845//1845 1851//1851 
f 1846//1846 1847//1847 1845//1845 
f 1848//1848 1847//1847 1846//1846 
f 1848//1848 1849//1849 1847//1847 
f 1925//1925 1849//1849 1848//1848 
f 1925//1925 1924//1924 1849//1849 
f 1923//1923 1924//1924 1925//1925 
f 1923//1923 1922//1922 1924//1924 
f 1921//1921 1922//1922 1923//1923 
f 1921//1921 1919//1919 1922//1922 
f 1920//1920 1919//1919 1921//1921 
f 1917//1917 1920//1920 1918//1918 
f 1919//1919 1920//1920 1917//1917 
f 1913//1913 1918//1918 1914//1914 
f 1917//1917 1918//1918 1913//1913 
f 1915//1915 1914//1914 1916//1916 
f 1913//1913 1914//1914 1915//1915 
f 1946//1946 2005//2005 2006//2006 
f 1946//1946 2004//2004 2005//2005 
f 1912//1912 2004//2004 1946//1946 
f 1912//1912 2003//2003 2004//2004 
f 1955//1955 2003//2003 1912//1912 
f 1955//1955 2002//2002 2003//2003 
f 2001//2001 2002//2002 1955//1955 
f 1956//1956 2013//2013 2014//2014 
f 1956//1956 2012//2012 2013//2013 
f 1911//1911 2012//2012 1956//1956 
f 1911//1911 2011//2011 2012//2012 
f 1910//1910 2011//2011 1911//1911 
f 1910//1910 1962//1962 2011//2011 
f 1909//1909 1962//1962 1910//1910 
f 1944//1944 1988//1988 1989//1989 
f 1944//1944 1987//1987 1988//1988 
f 1947//1947 1987//1987 1944//1944 
f 1947//1947 2006//2006 1987//1987 
f 1946//1946 2006//2006 1947//1947 
f 1959//1959 1991//1991 1992//1992 
f 1959//1959 1990//1990 1991//1991 
f 1945//1945 1990//1990 1959//1959 
f 1945//1945 1989//1989 1990//1990 
f 1944//1944 1989//1989 1945//1945 
f 1942//1942 1978//1978 1979//1979 
f 1942//1942 1977//1977 1978//1978 
f 1943//1943 1977//1977 1942//1942 
f 1943//1943 1976//1976 1977//1977 
f 1965//1965 1976//1976 1943//1943 
f 1965//1965 1975//1975 1976//1976 
f 1974//1974 1975//1975 1965//1965 
f 1979//1979 1941//1941 1942//1942 
f 1980//1980 1941//1941 1979//1979 
f 1980//1980 1940//1940 1941//1941 
f 1981//1981 1940//1940 1980//1980 
f 1981//1981 1937//1937 1940//1940 
f 1958//1958 1937//1937 1981//1981 
f 1953//1953 1999//1999 2000//2000 
f 1953//1953 1998//1998 1999//1999 
f 1957//1957 1998//1998 1953//1953 
f 1957//1957 2014//2014 1998//1998 
f 1956//1956 2014//2014 1957//1957 
f 1954//1954 2001//2001 1955//1955 
f 1954//1954 2000//2000 2001//2001 
f 1953//1953 2000//2000 1954//1954 
f 1950//1950 1936//1936 1939//1939 
f 1950//1950 1935//1935 1936//1936 
f 1952//1952 1935//1935 1950//1950 
f 1952//1952 1934//1934 1935//1935 
f 1906//1906 1934//1934 1952//1952 
f 1906//1906 1933//1933 1934//1934 
f 1932//1932 1933//1933 1906//1906 
f 1963//1963 1972//1972 1973//1973 
f 1963//1963 1938//1938 1972//1972 
f 1951//1951 1938//1938 1963//1963 
f 1951//1951 1939//1939 1938//1938 
f 1950//1950 1939//1939 1951//1951 
f 1962//1962 2007//2007 2008//2008 
f 1962//1962 1986//1986 2007//2007 
f 1958//1958 1986//1986 1962//1962 
f 1958//1958 1985//1985 1986//1986 
f 1984//1984 1985//1985 1958//1958 
f 1907//1907 1927//1927 1928//1928 
f 1907//1907 1926//1926 1927//1927 
f 1949//1949 1926//1926 1907//1907 
f 1949//1949 1996//1996 1926//1926 
f 1948//1948 1996//1996 1949//1949 
f 1948//1948 1995//1995 1996//1996 
f 1961//1961 1995//1995 1948//1948 
f 1961//1961 1994//1994 1995//1995 
f 1993//1993 1994//1994 1961//1961 
f 1966//1966 1930//1930 1931//1931 
f 1966//1966 1929//1929 1930//1930 
f 1908//1908 1929//1929 1966//1966 
f 1908//1908 1928//1928 1929//1929 
f 1907//1907 1928//1928 1908//1908 
f 1967//1967 1932//1932 1906//1906 
f 1967//1967 1931//1931 1932//1932 
f 1966//1966 1931//1931 1967//1967 
f 1964//1964 1974//1974 1965//1965 
f 1964//1964 1973//1973 1974//1974 
f 1963//1963 1973//1973 1964//1964 
f 1962//1962 2010//2010 2011//2011 
f 1962//1962 2009//2009 2010//2010 
f 2008//2008 2009//2009 1962//1962 
f 1960//1960 1993//1993 1961//1961 
f 1960//1960 1992//1992 1993//1993 
f 1959//1959 1992//1992 1960//1960 
f 1958//1958 1983//1983 1984//1984 
f 1958//1958 1982//1982 1983//1983 
f 1981//1981 1982//1982 1958//1958 
f 1972//1972 2041//2041 2034//2034 
f 1938//1938 2041//2041 1972//1972 
f 1938//1938 2042//2042 2041//2041 
f 1939//1939 2042//2042 1938//1938 
f 1939//1939 2043//2043 2042//2042 
f 1936//1936 2043//2043 1939//1939 
f 1936//1936 2044//2044 2043//2043 
f 1935//1935 2044//2044 1936//1936 
f 1935//1935 2045//2045 2044//2044 
f 1934//1934 2045//2045 1935//1935 
f 1934//1934 2046//2046 2045//2045 
f 1933//1933 2046//2046 1934//1934 
f 1933//1933 2058//2058 2046//2046 
f 1932//1932 2058//2058 1933//1933 
f 1932//1932 2057//2057 2058//2058 
f 1931//1931 2057//2057 1932//1932 
f 1931//1931 2056//2056 2057//2057 
f 1930//1930 2056//2056 1931//1931 
f 1930//1930 2074//2074 2056//2056 
f 1929//1929 2074//2074 1930//1930 
f 1929//1929 2073//2073 2074//2074 
f 1928//1928 2073//2073 1929//1929 
f 1928//1928 2072//2072 2073//2073 
f 1927//1927 2072//2072 1928//1928 
f 1927//1927 2025//2025 2072//2072 
f 1926//1926 2025//2025 1927//1927 
f 1926//1926 2024//2024 2025//2025 
f 1996//1996 2024//2024 1926//1926 
f 1996//1996 2023//2023 2024//2024 
f 1995//1995 2023//2023 1996//1996 
f 1995//1995 2048//2048 2023//2023 
f 1994//1994 2048//2048 1995//1995 
f 1994//1994 2047//2047 2048//2048 
f 1993//1993 2047//2047 1994//1994 
f 1993//1993 2055//2055 2047//2047 
f 1992//1992 2055//2055 1993//1993 
f 1992//1992 2054//2054 2055//2055 
f 1991//1991 2054//2054 1992//1992 
f 1991//1991 2053//2053 2054//2054 
f 1990//1990 2053//2053 1991//1991 
f 1990//1990 2052//2052 2053//2053 
f 1989//1989 2052//2052 1990//1990 
f 1989//1989 2051//2051 2052//2052 
f 1988//1988 2051//2051 1989//1989 
f 1988//1988 2050//2050 2051//2051 
f 1987//1987 2050//2050 1988//1988 
f 1987//1987 2038//2038 2050//2050 
f 2006//2006 2038//2038 1987//1987 
f 2006//2006 2069//2069 2038//2038 
f 2005//2005 2069//2069 2006//2006 
f 2005//2005 2031//2031 2069//2069 
f 2004//2004 2031//2031 2005//2005 
f 2004//2004 2030//2030 2031//2031 
f 2003//2003 2030//2030 2004//2004 
f 2003//2003 2029//2029 2030//2030 
f 2002//2002 2029//2029 2003//2003 
f 2002//2002 2028//2028 2029//2029 
f 2001//2001 2028//2028 2002//2002 
f 2001//2001 2027//2027 2028//2028 
f 2000//2000 2027//2027 2001//2001 
f 2000//2000 2026//2026 2027//2027 
f 1999//1999 2026//2026 2000//2000 
f 1999//1999 2040//2040 2026//2026 
f 1998//1998 2040//2040 1999//1999 
f 1998//1998 2039//2039 2040//2040 
f 2014//2014 2039//2039 1998//1998 
f 2014//2014 2049//2049 2039//2039 
f 2013//2013 2049//2049 2014//2014 
f 2013//2013 2018//2018 2049//2049 
f 2012//2012 2018//2018 2013//2013 
f 2012//2012 2017//2017 2018//2018 
f 2011//2011 2017//2017 2012//2012 
f 2011//2011 2016//2016 2017//2017 
f 2010//2010 2016//2016 2011//2011 
f 2010//2010 2015//2015 2016//2016 
f 2009//2009 2015//2015 2010//2010 
f 2009//2009 1997//1997 2015//2015 
f 2008//2008 1997//1997 2009//2009 
f 2008//2008 2032//2032 1997//1997 
f 2007//2007 2032//2032 2008//2008 
f 2007//2007 2033//2033 2032//2032 
f 1986//1986 2033//2033 2007//2007 
f 1986//1986 2071//2071 2033//2033 
f 1985//1985 2071//2071 1986//1986 
f 1985//1985 2070//2070 2071//2071 
f 1984//1984 2070//2070 1985//1985 
f 1984//1984 1971//1971 2070//2070 
f 1983//1983 1971//1971 1984//1984 
f 1983//1983 1970//1970 1971//1971 
f 1982//1982 1970//1970 1983//1983 
f 1982//1982 1969//1969 1970//1970 
f 1981//1981 1969//1969 1982//1982 
f 1981//1981 1968//1968 1969//1969 
f 1980//1980 1968//1968 1981//1981 
f 1980//1980 2022//2022 1968//1968 
f 1979//1979 2022//2022 1980//1980 
f 1979//1979 2021//2021 2022//2022 
f 1978//1978 2021//2021 1979//1979 
f 1978//1978 2020//2020 2021//2021 
f 1977//1977 2020//2020 1978//1978 
f 1977//1977 2019//2019 2020//2020 
f 1976//1976 2019//2019 1977//1977 
f 1976//1976 2037//2037 2019//2019 
f 1975//1975 2037//2037 1976//1976 
f 1975//1975 2036//2036 2037//2037 
f 1974//1974 2036//2036 1975//1975 
f 1974//1974 2035//2035 2036//2036 
f 1973//1973 2035//2035 1974//1974 
f 1973//1973 2034//2034 2035//2035 
f 1972//1972 2034//2034 1973//1973 
f 2070//2070 161//161 141//141 
f 2070//2070 158//158 161//161 
f 1971//1971 158//158 2070//2070 
f 1971//1971 159//159 158//158 
f 1970//1970 159//159 1971//1971 
f 1970//1970 160//160 159//159 
f 1969//1969 160//160 1970//1970 
f 1969//1969 181//181 160//160 
f 1968//1968 181//181 1969//1969 
f 1968//1968 182//182 181//181 
f 2022//2022 182//182 1968//1968 
f 2022//2022 183//183 182//182 
f 2021//2021 183//183 2022//2022 
f 2021//2021 156//156 183//183 
f 2020//2020 156//156 2021//2021 
f 2020//2020 157//157 156//156 
f 2019//2019 157//157 2020//2020 
f 2019//2019 186//186 157//157 
f 2037//2037 186//186 2019//2019 
f 2037//2037 185//185 186//186 
f 184//184 185//185 2037//2037 
f 2049//2049 137//137 142//142 
f 2049//2049 138//138 137//137 
f 2018//2018 138//138 2049//2049 
f 2018//2018 120//120 138//138 
f 2017//2017 120//120 2018//2018 
f 2017//2017 146//146 120//120 
f 2016//2016 146//146 2017//2017 
f 2016//2016 145//145 146//146 
f 2015//2015 145//145 2016//2016 
f 2015//2015 144//144 145//145 
f 1997//1997 144//144 2015//2015 
f 1997//1997 139//139 144//144 
f 2032//2032 139//139 1997//1997 
f 2032//2032 143//143 139//139 
f 2033//2033 143//143 2032//2032 
f 2033//2033 140//140 143//143 
f 2071//2071 140//140 2033//2033 
f 2071//2071 141//141 140//140 
f 2070//2070 141//141 2071//2071 
f 2038//2038 121//121 153//153 
f 2038//2038 128//128 121//121 
f 2069//2069 128//128 2038//2038 
f 2069//2069 129//129 128//128 
f 2031//2031 129//129 2069//2069 
f 2031//2031 130//130 129//129 
f 2030//2030 130//130 2031//2031 
f 2030//2030 131//131 130//130 
f 2029//2029 131//131 2030//2030 
f 2029//2029 132//132 131//131 
f 2028//2028 132//132 2029//2029 
f 2028//2028 133//133 132//132 
f 2027//2027 133//133 2028//2028 
f 2027//2027 134//134 133//133 
f 2026//2026 134//134 2027//2027 
f 2026//2026 135//135 134//134 
f 2040//2040 135//135 2026//2026 
f 2040//2040 136//136 135//135 
f 2039//2039 136//136 2040//2040 
f 2039//2039 142//142 136//136 
f 2049//2049 142//142 2039//2039 
f 2023//2023 149//149 148//148 
f 2023//2023 123//123 149//149 
f 2048//2048 123//123 2023//2023 
f 2048//2048 124//124 123//123 
f 2047//2047 124//124 2048//2048 
f 2047//2047 125//125 124//124 
f 2055//2055 125//125 2047//2047 
f 2055//2055 126//126 125//125 
f 2054//2054 126//126 2055//2055 
f 2054//2054 150//150 126//126 
f 2053//2053 150//150 2054//2054 
f 2053//2053 151//151 150//150 
f 2052//2052 151//151 2053//2053 
f 2052//2052 152//152 151//151 
f 2051//2051 152//152 2052//2052 
f 2051//2051 122//122 152//152 
f 2050//2050 122//122 2051//2051 
f 2050//2050 153//153 122//122 
f 2038//2038 153//153 2050//2050 
f 2036//2036 184//184 2037//2037 
f 2036//2036 155//155 184//184 
f 2035//2035 155//155 2036//2036 
f 2035//2035 187//187 155//155 
f 2034//2034 187//187 2035//2035 
f 2034//2034 2077//2077 187//187 
f 2041//2041 2077//2077 2034//2034 
f 2041//2041 2076//2076 2077//2077 
f 2042//2042 2076//2076 2041//2041 
f 2042//2042 2075//2075 2076//2076 
f 2043//2043 2075//2075 2042//2042 
f 2043//2043 2061//2061 2075//2075 
f 2044//2044 2061//2061 2043//2043 
f 2044//2044 2060//2060 2061//2061 
f 2045//2045 2060//2060 2044//2044 
f 2045//2045 2059//2059 2060//2060 
f 2046//2046 2059//2059 2045//2045 
f 2046//2046 2068//2068 2059//2059 
f 2067//2067 2068//2068 2046//2046 
f 2058//2058 2067//2067 2046//2046 
f 2058//2058 2066//2066 2067//2067 
f 2057//2057 2066//2066 2058//2058 
f 2057//2057 2065//2065 2066//2066 
f 2056//2056 2065//2065 2057//2057 
f 2056//2056 2064//2064 2065//2065 
f 2074//2074 2064//2064 2056//2056 
f 2074//2074 2063//2063 2064//2064 
f 2073//2073 2063//2063 2074//2074 
f 2073//2073 2062//2062 2063//2063 
f 2072//2072 2062//2062 2073//2073 
f 2072//2072 127//127 2062//2062 
f 2025//2025 127//127 2072//2072 
f 2025//2025 147//147 127//127 
f 2024//2024 147//147 2025//2025 
f 2024//2024 148//148 147//147 
f 2023//2023 148//148 2024//2024 
f 187//187 224//224 254//254 
f 2077//2077 224//224 187//187 
f 2077//2077 162//162 224//224 
f 2076//2076 162//162 2077//2077 
f 2076//2076 170//170 162//162 
f 2075//2075 170//170 2076//2076 
f 2075//2075 171//171 170//170 
f 2061//2061 171//171 2075//2075 
f 2061//2061 172//172 171//171 
f 2060//2060 172//172 2061//2061 
f 2060//2060 163//163 172//172 
f 2059//2059 163//163 2060//2060 
f 2059//2059 164//164 163//163 
f 2068//2068 164//164 2059//2059 
f 2068//2068 165//165 164//164 
f 2067//2067 165//165 2068//2068 
f 2067//2067 166//166 165//165 
f 2066//2066 166//166 2067//2067 
f 2066//2066 167//167 166//166 
f 2065//2065 167//167 2066//2066 
f 2065//2065 168//168 167//167 
f 2064//2064 168//168 2065//2065 
f 2064//2064 169//169 168//168 
f 2063//2063 169//169 2064//2064 
f 2063//2063 173//173 169//169 
f 2062//2062 173//173 2063//2063 
f 2062//2062 174//174 173//173 
f 127//127 174//174 2062//2062 
f 127//127 175//175 174//174 
f 147//147 175//175 127//127 
f 147//147 176//176 175//175 
f 148//148 176//176 147//147 
f 148//148 177//177 176//176 
f 149//149 177//177 148//148 
f 149//149 154//154 177//177 
f 123//123 154//154 149//149 
f 123//123 180//180 154//154 
f 124//124 180//180 123//123 
f 124//124 178//178 180//180 
f 125//125 178//178 124//124 
f 125//125 179//179 178//178 
f 126//126 179//179 125//125 
f 126//126 215//215 179//179 
f 150//150 215//215 126//126 
f 150//150 216//216 215//215 
f 151//151 216//216 150//150 
f 151//151 217//217 216//216 
f 152//152 217//217 151//151 
f 152//152 218//218 217//217 
f 122//122 218//218 152//152 
f 122//122 190//190 218//218 
f 153//153 190//190 122//122 
f 153//153 191//191 190//190 
f 121//121 191//191 153//153 
f 121//121 192//192 191//191 
f 128//128 192//192 121//121 
f 128//128 193//193 192//192 
f 129//129 193//193 128//128 
f 129//129 194//194 193//193 
f 130//130 194//194 129//129 
f 130//130 195//195 194//194 
f 131//131 195//195 130//130 
f 131//131 214//214 195//195 
f 132//132 214//214 131//131 
f 132//132 204//204 214//214 
f 133//133 204//204 132//132 
f 133//133 203//203 204//204 
f 134//134 203//203 133//133 
f 134//134 199//199 203//203 
f 135//135 199//199 134//134 
f 135//135 200//200 199//199 
f 136//136 200//200 135//135 
f 136//136 201//201 200//200 
f 142//142 201//201 136//136 
f 142//142 202//202 201//201 
f 137//137 202//202 142//142 
f 137//137 213//213 202//202 
f 138//138 213//213 137//137 
f 138//138 205//205 213//213 
f 120//120 205//205 138//138 
f 120//120 206//206 205//205 
f 146//146 206//206 120//120 
f 146//146 207//207 206//206 
f 145//145 207//207 146//146 
f 145//145 208//208 207//207 
f 144//144 208//208 145//145 
f 144//144 209//209 208//208 
f 139//139 209//209 144//144 
f 139//139 212//212 209//209 
f 143//143 212//212 139//139 
f 143//143 210//210 212//212 
f 140//140 210//210 143//143 
f 140//140 211//211 210//210 
f 141//141 211//211 140//140 
f 141//141 219//219 211//211 
f 161//161 219//219 141//141 
f 161//161 220//220 219//219 
f 158//158 220//220 161//161 
f 158//158 221//221 220//220 
f 159//159 221//221 158//158 
f 159//159 189//189 221//221 
f 160//160 189//189 159//159 
f 160//160 196//196 189//189 
f 181//181 196//196 160//160 
f 181//181 188//188 196//196 
f 182//182 188//188 181//181 
f 182//182 197//197 188//188 
f 183//183 197//197 182//182 
f 183//183 198//198 197//197 
f 156//156 198//198 183//183 
f 156//156 249//249 198//198 
f 157//157 249//249 156//156 
f 157//157 250//250 249//249 
f 186//186 250//250 157//157 
f 186//186 251//251 250//250 
f 185//185 251//251 186//186 
f 185//185 252//252 251//251 
f 184//184 252//252 185//185 
f 184//184 253//253 252//252 
f 155//155 253//253 184//184 
f 155//155 254//254 253//253 
f 187//187 254//254 155//155 
f 224//224 280//280 225//225 
f 162//162 280//280 224//224 
f 162//162 281//281 280//280 
f 170//170 281//281 162//162 
f 170//170 277//277 281//281 
f 171//171 277//277 170//170 
f 171//171 278//278 277//277 
f 172//172 278//278 171//171 
f 172//172 279//279 278//278 
f 163//163 279//279 172//172 
f 163//163 276//276 279//279 
f 164//164 276//276 163//163 
f 164//164 275//275 276//276 
f 165//165 275//275 164//164 
f 165//165 273//273 275//275 
f 166//166 273//273 165//165 
f 166//166 274//274 273//273 
f 167//167 274//274 166//166 
f 167//167 271//271 274//274 
f 168//168 271//271 167//167 
f 168//168 270//270 271//271 
f 169//169 270//270 168//168 
f 169//169 269//269 270//270 
f 173//173 269//269 169//169 
f 173//173 272//272 269//269 
f 174//174 272//272 173//173 
f 174//174 268//268 272//272 
f 175//175 268//268 174//174 
f 175//175 267//267 268//268 
f 176//176 267//267 175//175 
f 176//176 266//266 267//267 
f 177//177 266//266 176//176 
f 177//177 265//265 266//266 
f 154//154 265//265 177//177 
f 154//154 264//264 265//265 
f 180//180 264//264 154//154 
f 180//180 289//289 264//264 
f 178//178 289//289 180//180 
f 178//178 257//257 289//289 
f 179//179 257//257 178//178 
f 179//179 263//263 257//257 
f 215//215 263//263 179//179 
f 215//215 262//262 263//263 
f 216//216 262//262 215//215 
f 216//216 287//287 262//262 
f 217//217 287//287 216//216 
f 217//217 261//261 287//287 
f 218//218 261//261 217//217 
f 218//218 260//260 261//261 
f 190//190 260//260 218//218 
f 190//190 259//259 260//260 
f 191//191 259//259 190//190 
f 191//191 258//258 259//259 
f 192//192 258//258 191//191 
f 192//192 288//288 258//258 
f 193//193 288//288 192//192 
f 193//193 286//286 288//288 
f 194//194 286//286 193//193 
f 194//194 285//285 286//286 
f 195//195 285//285 194//194 
f 195//195 284//284 285//285 
f 214//214 284//284 195//195 
f 214//214 283//283 284//284 
f 204//204 283//283 214//214 
f 204//204 247//247 283//283 
f 203//203 247//247 204//204 
f 203//203 246//246 247//247 
f 199//199 246//246 203//203 
f 199//199 241//241 246//246 
f 200//200 241//241 199//199 
f 200//200 245//245 241//241 
f 201//201 245//245 200//200 
f 201//201 244//244 245//245 
f 202//202 244//244 201//201 
f 202//202 242//242 244//244 
f 213//213 242//242 202//202 
f 213//213 243//243 242//242 
f 205//205 243//243 213//213 
f 205//205 237//237 243//243 
f 206//206 237//237 205//205 
f 206//206 282//282 237//237 
f 207//207 282//282 206//206 
f 207//207 222//222 282//282 
f 208//208 222//222 207//207 
f 208//208 236//236 222//222 
f 209//209 236//236 208//208 
f 209//209 235//235 236//236 
f 212//212 235//235 209//209 
f 212//212 234//234 235//235 
f 210//210 234//234 212//212 
f 210//210 240//240 234//234 
f 211//211 240//240 210//210 
f 211//211 238//238 240//240 
f 219//219 238//238 211//211 
f 219//219 239//239 238//238 
f 220//220 239//239 219//219 
f 220//220 233//233 239//239 
f 221//221 233//233 220//220 
f 221//221 232//232 233//233 
f 189//189 232//232 221//221 
f 189//189 231//231 232//232 
f 196//196 231//231 189//189 
f 196//196 256//256 231//231 
f 188//188 256//256 196//196 
f 188//188 255//255 256//256 
f 197//197 255//255 188//188 
f 197//197 230//230 255//255 
f 198//198 230//230 197//197 
f 198//198 223//223 230//230 
f 249//249 223//223 198//198 
f 249//249 248//248 223//223 
f 250//250 248//248 249//249 
f 250//250 229//229 248//248 
f 251//251 229//229 250//250 
f 251//251 228//228 229//229 
f 252//252 228//228 251//251 
f 252//252 227//227 228//228 
f 253//253 227//227 252//252 
f 253//253 226//226 227//227 
f 254//254 226//226 253//253 
f 254//254 225//225 226//226 
f 224//224 225//225 254//254 
f 225//225 314//314 2148//2148 
f 225//225 2563//2563 314//314 
f 280//280 2563//2563 225//225 
f 280//280 2561//2561 2563//2563 
f 100//100 2561//2561 280//280 
f 2090//2090 225//225 2148//2148 
f 2090//2090 226//226 225//225 
f 315//315 226//226 2090//2090 
f 2155//2155 226//226 315//315 
f 2155//2155 227//227 226//226 
f 2567//2567 227//227 2155//2155 
f 228//228 2089//2089 316//316 
f 228//228 2121//2121 2089//2089 
f 227//227 2121//2121 228//228 
f 227//227 311//311 2121//2121 
f 2567//2567 311//311 227//227 
f 229//229 2088//2088 2569//2569 
f 229//229 316//316 2088//2088 
f 228//228 316//316 229//229 
f 2571//2571 229//229 2569//2569 
f 2571//2571 248//248 229//229 
f 2179//2179 248//248 2571//2571 
f 223//223 290//290 2222//2222 
f 223//223 2573//2573 290//290 
f 248//248 2573//2573 223//223 
f 248//248 2092//2092 2573//2573 
f 2179//2179 2092//2092 248//248 
f 230//230 2577//2577 351//351 
f 230//230 2222//2222 2577//2577 
f 223//223 2222//2222 230//230 
f 256//256 2328//2328 2581//2581 
f 256//256 352//352 2328//2328 
f 255//255 352//352 256//256 
f 255//255 2091//2091 352//352 
f 2253//2253 2091//2091 255//255 
f 230//230 2253//2253 255//255 
f 230//230 351//351 2253//2253 
f 231//231 2309//2309 2108//2108 
f 231//231 353//353 2309//2309 
f 256//256 353//353 231//231 
f 2585//2585 231//231 2108//2108 
f 2585//2585 232//232 231//231 
f 354//354 232//232 2585//2585 
f 233//233 355//355 2373//2373 
f 233//233 2587//2587 355//355 
f 232//232 2587//2587 233//233 
f 232//232 354//354 2587//2587 
f 239//239 2107//2107 356//356 
f 239//239 2373//2373 2107//2107 
f 233//233 2373//2373 239//239 
f 240//240 2595//2595 2593//2593 
f 240//240 326//326 2595//2595 
f 238//238 326//326 240//240 
f 238//238 2591//2591 326//326 
f 2405//2405 2591//2591 238//238 
f 239//239 2405//2405 238//238 
f 239//239 356//356 2405//2405 
f 2593//2593 234//234 240//240 
f 866//866 234//234 2593//2593 
f 235//235 317//317 871//871 
f 235//235 2095//2095 317//317 
f 234//234 2095//2095 235//235 
f 234//234 2597//2597 2095//2095 
f 866//866 2597//2597 234//234 
f 2599//2599 235//235 871//871 
f 2599//2599 236//236 235//235 
f 318//318 236//236 2599//2599 
f 282//282 911//911 2601//2601 
f 282//282 319//319 911//911 
f 222//222 319//319 282//282 
f 222//222 2094//2094 319//319 
f 883//883 2094//2094 222//222 
f 236//236 883//883 222//222 
f 236//236 318//318 883//883 
f 237//237 952//952 2093//2093 
f 237//237 292//292 952//952 
f 282//282 292//292 237//237 
f 243//243 2605//2605 983//983 
f 237//237 2605//2605 243//243 
f 237//237 2093//2093 2605//2605 
f 2607//2607 243//243 983//983 
f 2607//2607 242//242 243//243 
f 320//320 242//242 2607//2607 
f 1005//1005 242//242 320//320 
f 1005//1005 244//244 242//242 
f 2609//2609 244//244 1005//1005 
f 245//245 2084//2084 322//322 
f 245//245 1070//1070 2084//2084 
f 244//244 1070//1070 245//245 
f 244//244 321//321 1070//1070 
f 2609//2609 321//321 244//244 
f 241//241 2613//2613 2615//2615 
f 241//241 322//322 2613//2613 
f 245//245 322//322 241//241 
f 2078//2078 241//241 2615//2615 
f 2078//2078 246//246 241//241 
f 1095//1095 246//246 2078//2078 
f 247//247 297//297 2486//2486 
f 247//247 2617//2617 297//297 
f 246//246 2617//2617 247//247 
f 246//246 2080//2080 2617//2617 
f 1095//1095 2080//2080 246//246 
f 2488//2488 247//247 2486//2486 
f 2488//2488 283//283 247//247 
f 291//291 283//283 2488//2488 
f 2401//2401 283//283 291//291 
f 2401//2401 284//284 283//283 
f 2400//2400 284//284 2401//2401 
f 286//286 1238//1238 2497//2497 
f 286//286 293//293 1238//1238 
f 285//285 293//293 286//286 
f 285//285 2493//2493 293//293 
f 2102//2102 2493//2493 285//285 
f 298//298 284//284 2400//2400 
f 298//298 285//285 284//284 
f 2102//2102 285//285 298//298 
f 288//288 2103//2103 1245//1245 
f 286//286 2103//2103 288//288 
f 286//286 2497//2497 2103//2103 
f 2499//2499 288//288 1245//1245 
f 2499//2499 258//258 288//288 
f 294//294 258//258 2499//2499 
f 1250//1250 258//258 294//294 
f 1250//1250 259//259 258//258 
f 2104//2104 259//259 1250//1250 
f 260//260 2505//2505 295//295 
f 260//260 2507//2507 2505//2505 
f 259//259 2507//2507 260//260 
f 259//259 323//323 2507//2507 
f 2104//2104 323//323 259//259 
f 287//287 2098//2098 1363//1363 
f 261//261 2098//2098 287//287 
f 261//261 2509//2509 2098//2098 
f 295//295 2509//2509 261//261 
f 261//261 260//260 295//295 
f 262//262 296//296 2515//2515 
f 262//262 2511//2511 296//296 
f 287//287 2511//2511 262//262 
f 287//287 2513//2513 2511//2511 
f 1363//1363 2513//2513 287//287 
f 2083//2083 262//262 2515//2515 
f 2083//2083 263//263 262//262 
f 299//299 263//263 2083//2083 
f 1443//1443 263//263 299//299 
f 1443//1443 257//257 263//263 
f 2082//2082 257//257 1443//1443 
f 264//264 1467//1467 2525//2525 
f 264//264 301//301 1467//1467 
f 289//289 301//301 264//264 
f 289//289 2519//2519 301//301 
f 1430//1430 2519//2519 289//289 
f 300//300 257//257 2082//2082 
f 300//300 289//289 257//257 
f 1430//1430 289//289 300//300 
f 265//265 2100//2100 1492//1492 
f 264//264 2100//2100 265//265 
f 264//264 2525//2525 2100//2100 
f 2527//2527 265//265 1492//1492 
f 2527//2527 266//266 265//265 
f 302//302 266//266 2527//2527 
f 2531//2531 266//266 302//302 
f 2531//2531 267//267 266//266 
f 2529//2529 267//267 2531//2531 
f 268//268 2533//2533 304//304 
f 268//268 2086//2086 2533//2533 
f 267//267 2086//2086 268//268 
f 267//267 303//303 2086//2086 
f 2529//2529 303//303 267//267 
f 269//269 1620//1620 2541//2541 
f 269//269 2535//2535 1620//1620 
f 272//272 2535//2535 269//269 
f 1611//1611 2535//2535 272//272 
f 272//272 304//304 1611//1611 
f 268//268 304//304 272//272 
f 2539//2539 269//269 2541//2541 
f 2539//2539 270//270 269//269 
f 305//305 270//270 2539//2539 
f 271//271 310//310 2105//2105 
f 271//271 2106//2106 310//310 
f 270//270 2106//2106 271//271 
f 270//270 1628//1628 2106//2106 
f 305//305 1628//1628 270//270 
f 274//274 2545//2545 306//306 
f 274//274 2105//2105 2545//2545 
f 271//271 2105//2105 274//274 
f 275//275 2551//2551 2549//2549 
f 275//275 307//307 2551//2551 
f 273//273 307//307 275//275 
f 273//273 2547//2547 307//307 
f 1701//1701 2547//2547 273//273 
f 274//274 1701//1701 273//273 
f 274//274 306//306 1701//1701 
f 276//276 1783//1783 2553//2553 
f 276//276 2111//2111 1783//1783 
f 275//275 2111//2111 276//276 
f 275//275 2549//2549 2111//2111 
f 2110//2110 276//276 2553//2553 
f 2110//2110 279//279 276//276 
f 308//308 279//279 2110//2110 
f 2113//2113 279//279 308//308 
f 2113//2113 278//278 279//279 
f 2555//2555 278//278 2113//2113 
f 277//277 2557//2557 313//313 
f 277//277 1812//1812 2557//2557 
f 278//278 1812//1812 277//277 
f 278//278 309//309 1812//1812 
f 2555//2555 309//309 278//278 
f 2559//2559 281//281 83//83 
f 312//312 281//281 2559//2559 
f 312//312 280//280 281//281 
f 100//100 280//280 312//312 
f 281//281 313//313 83//83 
f 277//277 313//313 281//281 
f 2601//2601 292//292 282//282 
f 2581//2581 353//353 256//256 
f 812//812 825//825 821//821 
f 852//852 825//825 812//812 
f 852//852 817//817 825//825 
f 800//800 817//817 852//852 
f 825//825 823//823 821//821 
f 852//852 862//862 800//800 
f 839//839 862//862 852//852 
f 852//852 841//841 839//839 
f 864//864 841//841 852//852 
f 852//852 865//865 864//864 
f 818//818 865//865 852//852 
f 852//852 2593//2593 820//820 
f 858//858 2593//2593 852//852 
f 820//820 818//818 852//852 
f 2593//2593 858//858 866//866 
f 853//853 846//846 844//844 
f 847//847 846//846 853//853 
f 853//853 836//836 835//835 
f 842//842 836//836 853//853 
f 853//853 875//875 847//847 
f 870//870 875//875 853//853 
f 853//853 859//859 895//895 
f 853//853 834//834 859//859 
f 835//835 834//834 853//853 
f 844//844 842//842 853//853 
f 855//855 853//853 895//895 
f 317//317 855//855 895//895 
f 317//317 2095//2095 855//855 
f 317//317 895//895 872//872 
f 317//317 872//872 871//871 
f 897//897 889//889 887//887 
f 897//897 880//880 889//889 
f 891//891 880//880 897//897 
f 897//897 893//893 891//891 
f 876//876 882//882 878//878 
f 901//901 882//882 876//876 
f 901//901 868//868 882//882 
f 897//897 868//868 901//901 
f 893//893 897//897 901//901 
f 909//909 897//897 887//887 
f 318//318 897//897 909//909 
f 885//885 897//897 318//318 
f 318//318 909//909 884//884 
f 318//318 2599//2599 885//885 
f 318//318 884//884 883//883 
f 902//902 920//920 933//933 
f 902//902 929//929 910//910 
f 902//902 933//933 931//931 
f 902//902 922//922 920//920 
f 923//923 922//922 902//902 
f 902//902 925//925 923//923 
f 927//927 925//925 902//902 
f 902//902 928//928 927//927 
f 902//902 935//935 928//928 
f 910//910 935//935 902//902 
f 319//319 929//929 902//902 
f 319//319 905//905 929//929 
f 2094//2094 905//905 319//319 
f 319//319 912//912 911//911 
f 319//319 902//902 912//912 
f 957//957 953//953 969//969 
f 955//955 953//953 957//957 
f 957//957 938//938 946//946 
f 939//939 938//938 957//957 
f 938//938 951//951 946//946 
f 916//916 951//951 938//938 
f 916//916 966//966 964//964 
f 938//938 966//966 916//916 
f 957//957 969//969 939//939 
f 962//962 916//916 964//964 
f 962//962 940//940 916//916 
f 952//952 942//942 940//940 
f 292//292 942//942 952//952 
f 940//940 960//960 952//952 
f 942//942 292//292 2601//2601 
f 962//962 960//960 940//940 
f 1000//1000 1003//1003 1002//1002 
f 979//979 1003//1003 1000//1000 
f 945//945 1000//1000 973//973 
f 1000//1000 981//981 979//979 
f 945//945 981//981 1000//1000 
f 945//945 997//997 986//986 
f 945//945 999//999 997//997 
f 945//945 976//976 999//999 
f 973//973 976//976 945//945 
f 948//948 945//945 986//986 
f 986//986 2605//2605 948//948 
f 984//984 2605//2605 986//986 
f 2605//2605 984//984 983//983 
f 995//995 1011//1011 996//996 
f 1032//1032 1011//1011 995//995 
f 1035//1035 1032//1032 995//995 
f 1013//1013 1006//1006 1035//1035 
f 1035//1035 992//992 1013//1013 
f 1035//1035 995//995 992//992 
f 1013//1013 1008//1008 1006//1006 
f 1010//1010 1008//1008 1013//1013 
f 1013//1013 987//987 1010//1010 
f 1013//1013 989//989 987//987 
f 1013//1013 2607//2607 989//989 
f 320//320 1037//1037 1005//1005 
f 1013//1013 1037//1037 320//320 
f 2607//2607 1013//1013 320//320 
f 1065//1065 1021//1021 1019//1019 
f 1023//1023 1021//1021 1065//1065 
f 1030//1030 1065//1065 1028//1028 
f 1071//1071 1065//1065 1019//1019 
f 1071//1071 1044//1044 1065//1065 
f 1067//1067 1044//1044 1071//1071 
f 1065//1065 1025//1025 1023//1023 
f 1065//1065 1027//1027 1025//1025 
f 1030//1030 1027//1027 1065//1065 
f 1071//1071 1069//1069 1067//1067 
f 1071//1071 1014//1014 1069//1069 
f 321//321 1071//1071 1039//1039 
f 1016//1016 1071//1071 321//321 
f 1016//1016 1014//1014 1071//1071 
f 1070//1070 321//321 1039//1039 
f 321//321 2609//2609 1016//1016 
f 1050//1050 1046//1046 1060//1060 
f 1050//1050 1048//1048 1046//1046 
f 1050//1050 1056//1056 1104//1104 
f 1060//1060 1056//1056 1050//1050 
f 1104//1104 1058//1058 1061//1061 
f 1104//1104 1051//1051 1050//1050 
f 1061//1061 1051//1051 1104//1104 
f 1104//1104 1064//1064 1058//1058 
f 1104//1104 1100//1100 1064//1064 
f 1104//1104 1042//1042 1100//1100 
f 322//322 1101//1101 2613//2613 
f 322//322 1074//1074 1101//1101 
f 322//322 1054//1054 1042//1042 
f 322//322 1104//1104 1074//1074 
f 1042//1042 1104//1104 322//322 
f 322//322 2084//2084 1054//1054 
f 1098//1098 1085//1085 1105//1105 
f 1098//1098 1086//1086 1085//1085 
f 1098//1098 1089//1089 1086//1086 
f 1098//1098 1084//1084 1072//1072 
f 1094//1094 1084//1084 1098//1098 
f 1098//1098 1081//1081 1089//1089 
f 1081//1081 1098//1098 1072//1072 
f 1098//1098 1092//1092 1094//1094 
f 1075//1075 1092//1092 1098//1098 
f 1075//1075 1098//1098 1097//1097 
f 1091//1091 1075//1075 1097//1097 
f 1091//1091 2078//2078 1075//1075 
f 2078//2078 1091//1091 1095//1095 
f 1135//1135 1111//1111 1138//1138 
f 1113//1113 1111//1111 1135//1135 
f 1135//1135 1108//1108 1113//1113 
f 1139//1139 1108//1108 1135//1135 
f 1135//1135 1117//1117 1114//1114 
f 1135//1135 1121//1121 1119//1119 
f 1135//1135 1127//1127 1117//1117 
f 1119//1119 1127//1127 1135//1135 
f 1139//1139 1135//1135 1114//1114 
f 1124//1124 1135//1135 1138//1138 
f 297//297 1122//1122 2486//2486 
f 297//297 1124//1124 1122//1122 
f 1135//1135 1124//1124 297//297 
f 297//297 2617//2617 1135//1135 
f 1159//1159 1172//1172 1170//1170 
f 1157//1157 1172//1172 1159//1159 
f 1168//1168 1146//1146 1132//1132 
f 1146//1146 1168//1168 1144//1144 
f 1159//1159 1149//1149 1157//1157 
f 1151//1151 1149//1149 1159//1159 
f 1159//1159 1129//1129 1152//1152 
f 1159//1159 1168//1168 1132//1132 
f 1159//1159 1170//1170 1168//1168 
f 1152//1152 1151//1151 1159//1159 
f 1129//1129 1159//1159 291//291 
f 1116//1116 1129//1129 291//291 
f 291//291 1155//1155 2401//2401 
f 291//291 2488//2488 1116//1116 
f 1159//1159 1155//1155 291//291 
f 1142//1142 1180//1180 1203//1203 
f 1201//1201 1180//1180 1142//1142 
f 1142//1142 1205//1205 1178//1178 
f 1142//1142 1160//1160 1206//1206 
f 1160//1160 1165//1165 1183//1183 
f 1160//1160 1148//1148 1165//1165 
f 1160//1160 1173//1173 1148//1148 
f 1201//1201 1142//1142 1178//1178 
f 1142//1142 1173//1173 1160//1160 
f 1206//1206 1205//1205 1142//1142 
f 298//298 1160//1160 1183//1183 
f 1162//1162 1160//1160 298//298 
f 298//298 1175//1175 2102//2102 
f 298//298 1183//1183 1175//1175 
f 2400//2400 1162//1162 298//298 
f 1184//1184 1196//1196 1193//1193 
f 1184//1184 1210//1210 1196//1196 
f 1214//1214 1210//1210 1184//1184 
f 1212//1212 1210//1210 1214//1214 
f 1184//1184 1189//1189 1241//1241 
f 1190//1190 1189//1189 1184//1184 
f 1184//1184 1200//1200 1190//1190 
f 1194//1194 1200//1200 1184//1184 
f 1184//1184 1192//1192 1194//1194 
f 1184//1184 1198//1198 1192//1192 
f 1184//1184 1193//1193 1198//1198 
f 293//293 2493//2493 1186//1186 
f 293//293 1240//1240 1238//1238 
f 293//293 1184//1184 1241//1241 
f 293//293 1186//1186 1184//1184 
f 293//293 1241//1241 1240//1240 
f 1236//1236 1208//1208 1270//1270 
f 1236//1236 1227//1227 1208//1208 
f 1228//1228 1231//1231 1216//1216 
f 1236//1236 1218//1218 1227//1227 
f 1220//1220 1218//1218 1236//1236 
f 1236//1236 1222//1222 1225//1225 
f 1236//1236 1228//1228 1222//1222 
f 1249//1249 1228//1228 1236//1236 
f 1249//1249 1231//1231 1228//1228 
f 1225//1225 1220//1220 1236//1236 
f 1246//1246 1236//1236 1270//1270 
f 1246//1246 1232//1232 1236//1236 
f 1245//1245 1232//1232 1246//1246 
f 2103//2103 1232//1232 1245//1245 
f 1271//1271 1253//1253 1243//1243 
f 1258//1258 1253//1253 1271//1271 
f 1253//1253 1257//1257 1255//1255 
f 1271//1271 1267//1267 1264//1264 
f 1243//1243 1267//1267 1271//1271 
f 1257//1257 1253//1253 1258//1258 
f 294//294 1282//1282 1260//1260 
f 1271//1271 1282//1282 294//294 
f 1271//1271 1274//1274 1282//1282 
f 1271//1271 1266//1266 1274//1274 
f 1271//1271 1262//1262 1266//1266 
f 1271//1271 1264//1264 1262//1262 
f 294//294 1269//1269 1271//1271 
f 2499//2499 1269//1269 294//294 
f 1260//1260 1250//1250 294//294 
f 1283//1283 1277//1277 1276//1276 
f 1283//1283 1279//1279 1277//1277 
f 1288//1288 1279//1279 1283//1283 
f 1296//1296 1294//1294 1279//1279 
f 1279//1279 1288//1288 1296//1296 
f 1283//1283 1307//1307 1285//1285 
f 1297//1297 1307//1307 1283//1283 
f 1283//1283 1301//1301 1299//1299 
f 1299//1299 1297//1297 1283//1283 
f 1276//1276 1301//1301 1283//1283 
f 1285//1285 1305//1305 1283//1283 
f 1285//1285 323//323 2104//2104 
f 2104//2104 1305//1305 1285//1285 
f 2507//2507 323//323 1289//1289 
f 1285//1285 1289//1289 323//323 
f 1291//1291 1312//1312 1340//1340 
f 1342//1342 1312//1312 1291//1291 
f 1314//1314 1319//1319 1313//1313 
f 1314//1314 1326//1326 1319//1319 
f 1314//1314 1328//1328 1326//1326 
f 1291//1291 1328//1328 1314//1314 
f 1291//1291 1314//1314 1342//1342 
f 1291//1291 1316//1316 1337//1337 
f 1291//1291 1340//1340 1316//1316 
f 295//295 1291//1291 1337//1337 
f 295//295 1292//1292 1291//1291 
f 295//295 2505//2505 1292//1292 
f 1333//1333 1331//1331 295//295 
f 1333//1333 295//295 1337//1337 
f 2509//2509 295//295 1331//1331 
f 1336//1336 1348//1348 1374//1374 
f 1336//1336 1350//1350 1348//1348 
f 1346//1346 1374//1374 1348//1348 
f 1376//1376 1336//1336 1335//1335 
f 1350//1350 1336//1336 1376//1376 
f 1367//1367 1376//1376 1335//1335 
f 1367//1367 1345//1345 1376//1376 
f 1367//1367 1372//1372 1345//1345 
f 1360//1360 1372//1372 1367//1367 
f 1367//1367 1362//1362 1360//1360 
f 1324//1324 1362//1362 1367//1367 
f 2098//2098 1367//1367 1364//1364 
f 2098//2098 1364//1364 1363//1363 
f 1367//1367 1323//1323 1324//1324 
f 2098//2098 1323//1323 1367//1367 
f 1368//1368 1355//1355 1401//1401 
f 1353//1353 1355//1355 1368//1368 
f 1368//1368 1352//1352 1353//1353 
f 1368//1368 1358//1358 1352//1352 
f 1368//1368 1405//1405 1358//1358 
f 1381//1381 1385//1385 1383//1383 
f 1381//1381 1409//1409 1385//1385 
f 1381//1381 1380//1380 1409//1409 
f 1368//1368 1381//1381 1405//1405 
f 1380//1380 1381//1381 1368//1368 
f 1370//1370 1368//1368 1401//1401 
f 296//296 1401//1401 1411//1411 
f 1370//1370 1401//1401 296//296 
f 296//296 1411//1411 2515//2515 
f 1370//1370 296//296 2511//2511 
f 1441//1441 1388//1388 1386//1386 
f 1390//1390 1388//1388 1441//1441 
f 1392//1392 1396//1396 1395//1395 
f 1392//1392 1439//1439 1396//1396 
f 1392//1392 1416//1416 1439//1439 
f 1441//1441 1392//1392 1390//1390 
f 1392//1392 1418//1418 1416//1416 
f 1392//1392 1441//1441 1418//1418 
f 1423//1423 1403//1403 1442//1442 
f 1423//1423 299//299 1403//1403 
f 1441//1441 1423//1423 1442//1442 
f 1386//1386 1423//1423 1441//1441 
f 1423//1423 1443//1443 299//299 
f 1378//1378 1403//1403 299//299 
f 2083//2083 1378//1378 299//299 
f 1433//1433 1424//1424 1421//1421 
f 1433//1433 1426//1426 1424//1424 
f 1476//1476 1429//1429 1428//1428 
f 1476//1476 1436//1436 1433//1433 
f 1476//1476 1438//1438 1436//1436 
f 1476//1476 1431//1431 1429//1429 
f 1428//1428 1438//1438 1476//1476 
f 1476//1476 1473//1473 1431//1431 
f 1421//1421 1476//1476 1433//1433 
f 1431//1431 1430//1430 300//300 
f 300//300 1445//1445 1431//1431 
f 1445//1445 300//300 2082//2082 
f 1431//1431 1473//1473 1430//1430 
f 1465//1465 1448//1448 1477//1477 
f 1447//1447 1448//1448 1465//1465 
f 1454//1454 1461//1461 1457//1457 
f 1454//1454 1463//1463 1461//1461 
f 1454//1454 1466//1466 1463//1463 
f 1450//1450 1466//1466 1454//1454 
f 1454//1454 1460//1460 1465//1465 
f 1455//1455 1460//1460 1454//1454 
f 1454//1454 1457//1457 1455//1455 
f 1450//1450 1454//1454 1468//1468 
f 301//301 1450//1450 1467//1467 
f 2519//2519 1450//1450 301//301 
f 1468//1468 1467//1467 1450//1450 
f 1477//1477 1454//1454 1465//1465 
f 1500//1500 1508//1508 1485//1485 
f 1500//1500 1510//1510 1508//1508 
f 1500//1500 1484//1484 1510//1510 
f 1500//1500 1513//1513 1484//1484 
f 1482//1482 1513//1513 1500//1500 
f 1500//1500 1489//1489 1482//1482 
f 1495//1495 1489//1489 1500//1500 
f 1500//1500 1497//1497 1495//1495 
f 1500//1500 1472//1472 1491//1491 
f 1491//1491 1497//1497 1500//1500 
f 1472//1472 1500//1500 1494//1494 
f 1494//1494 2100//2100 1472//1472 
f 2100//2100 1494//1494 1492//1492 
f 1543//1543 1504//1504 1526//1526 
f 1543//1543 1541//1541 1504//1504 
f 1526//1526 1545//1545 1543//1543 
f 1526//1526 1517//1517 1545//1545 
f 1519//1519 1517//1517 1526//1526 
f 1526//1526 1521//1521 1519//1519 
f 1526//1526 1547//1547 1521//1521 
f 1522//1522 1547//1547 1526//1526 
f 1526//1526 1524//1524 1522//1522 
f 1501//1501 1524//1524 1526//1526 
f 302//302 1501//1501 1526//1526 
f 1503//1503 1501//1501 302//302 
f 302//302 1526//1526 1530//1530 
f 302//302 1530//1530 2531//2531 
f 2527//2527 1503//1503 302//302 
f 1528//1528 1552//1552 1550//1550 
f 1554//1554 1552//1552 1528//1528 
f 1528//1528 1540//1540 1538//1538 
f 1534//1534 1540//1540 1528//1528 
f 1528//1528 1579//1579 1577//1577 
f 1550//1550 1579//1579 1528//1528 
f 1528//1528 1532//1532 1534//1534 
f 1575//1575 1532//1532 1528//1528 
f 1577//1577 1575//1575 1528//1528 
f 1549//1549 1528//1528 1538//1538 
f 303//303 1528//1528 1549//1549 
f 303//303 1549//1549 1580//1580 
f 303//303 2529//2529 1528//1528 
f 303//303 1580//1580 2086//2086 
f 1588//1588 1572//1572 1571//1571 
f 1584//1584 1572//1572 1588//1588 
f 1588//1588 1610//1610 1586//1586 
f 1588//1588 1556//1556 1610//1610 
f 1563//1563 1568//1568 1588//1588 
f 1559//1559 1568//1568 1563//1563 
f 1563//1563 1548//1548 1559//1559 
f 1565//1565 1548//1548 1563//1563 
f 1586//1586 1584//1584 1588//1588 
f 1563//1563 1588//1588 1571//1571 
f 304//304 1558//1558 1556//1556 
f 304//304 1588//1588 1612//1612 
f 304//304 1556//1556 1588//1588 
f 1558//1558 304//304 2533//2533 
f 304//304 1612//1612 1611//1611 
f 1621//1621 1601//1601 1599//1599 
f 1621//1621 1589//1589 1604//1604 
f 1621//1621 1593//1593 1591//1591 
f 1607//1607 1593//1593 1621//1621 
f 1621//1621 1603//1603 1601//1601 
f 1604//1604 1603//1603 1621//1621 
f 1621//1621 1595//1595 1607//1607 
f 1621//1621 1597//1597 1595//1595 
f 1599//1599 1597//1597 1621//1621 
f 1621//1621 2535//2535 1615//1615 
f 1621//1621 1620//1620 2535//2535 
f 1615//1615 1589//1589 1621//1621 
f 1633//1633 1622//1622 1636//1636 
f 1626//1626 1622//1622 1633//1633 
f 1636//1636 1624//1624 1633//1633 
f 1622//1622 1647//1647 1631//1631 
f 1622//1622 1638//1638 1617//1617 
f 1640//1640 1638//1638 1622//1622 
f 1622//1622 1642//1642 1640//1640 
f 1626//1626 1642//1642 1622//1622 
f 1622//1622 1618//1618 1647//1647 
f 1617//1617 1618//1618 1622//1622 
f 1634//1634 1619//1619 1622//1622 
f 1634//1634 1622//1622 1631//1631 
f 305//305 1634//1634 1628//1628 
f 2539//2539 1634//1634 305//305 
f 1634//1634 2539//2539 1619//1619 
f 1680//1680 1678//1678 1683//1683 
f 1683//1683 1681//1681 1680//1680 
f 1678//1678 1660//1660 1676//1676 
f 1683//1683 1682//1682 1681//1681 
f 1678//1678 1670//1670 1683//1683 
f 1678//1678 1658//1658 1670//1670 
f 1678//1678 1676//1676 1658//1658 
f 1678//1678 1665//1665 1660//1660 
f 1678//1678 1657//1657 1665//1665 
f 1673//1673 1657//1657 1678//1678 
f 1657//1657 1673//1673 310//310 
f 310//310 2106//2106 1653//1653 
f 310//310 1653//1653 1657//1657 
f 1673//1673 1672//1672 310//310 
f 2105//2105 310//310 1672//1672 
f 1698//1698 1714//1714 1712//1712 
f 1695//1695 1714//1714 1698//1698 
f 1691//1691 1666//1666 1700//1700 
f 1666//1666 1687//1687 1669//1669 
f 1666//1666 1689//1689 1687//1687 
f 1691//1691 1689//1689 1666//1666 
f 1698//1698 1691//1691 1700//1700 
f 1712//1712 1691//1691 1698//1698 
f 1709//1709 1666//1666 1669//1669 
f 306//306 1666//1666 1709//1709 
f 306//306 1664//1664 1666//1666 
f 2545//2545 1664//1664 306//306 
f 306//306 1703//1703 1701//1701 
f 306//306 1709//1709 1703//1703 
f 1724//1724 1684//1684 1705//1705 
f 1708//1708 1684//1684 1724//1724 
f 1729//1729 1745//1745 1724//1724 
f 1747//1747 1745//1745 1729//1729 
f 1729//1729 1721//1721 1747//1747 
f 1748//1748 1721//1721 1729//1729 
f 1729//1729 1750//1750 1748//1748 
f 1751//1751 1750//1750 1729//1729 
f 1729//1729 1716//1716 1751//1751 
f 1716//1716 1734//1734 2551//2551 
f 1734//1734 1716//1716 1729//1729 
f 1705//1705 1729//1729 1724//1724 
f 2551//2551 1717//1717 1716//1716 
f 307//307 1717//1717 2551//2551 
f 307//307 1692//1692 1717//1717 
f 307//307 2547//2547 1692//1692 
f 1735//1735 1739//1739 1737//1737 
f 1741//1741 1739//1739 1735//1735 
f 1735//1735 1726//1726 1741//1741 
f 1735//1735 1744//1744 1726//1726 
f 1762//1762 1744//1744 1735//1735 
f 1762//1762 1759//1759 1744//1744 
f 1756//1756 1759//1759 1762//1762 
f 1762//1762 1779//1779 1756//1756 
f 1781//1781 1779//1779 1762//1762 
f 1762//1762 1727//1727 1781//1781 
f 1784//1784 1732//1732 1727//1727 
f 1762//1762 1784//1784 1727//1727 
f 1732//1732 1784//1784 1783//1783 
f 1783//1783 2111//2111 1732//1732 
f 1752//1752 1773//1773 1761//1761 
f 1818//1818 1773//1773 1752//1752 
f 1767//1767 1773//1773 1818//1818 
f 1773//1773 1764//1764 1761//1761 
f 1764//1764 1773//1773 1771//1771 
f 1818//1818 1768//1768 1767//1767 
f 1818//1818 1792//1792 1790//1790 
f 1815//1815 1792//1792 1818//1818 
f 1818//1818 1790//1790 1768//1768 
f 1818//1818 1770//1770 1815//1815 
f 308//308 1818//1818 1816//1816 
f 1770//1770 1818//1818 308//308 
f 308//308 1776//1776 1770//1770 
f 2113//2113 308//308 1816//1816 
f 308//308 2110//2110 1776//1776 
f 62//62 1809//1809 1803//1803 
f 1804//1804 1809//1809 62//62 
f 1797//1797 1801//1801 1799//1799 
f 62//62 1786//1786 1804//1804 
f 1789//1789 1786//1786 62//62 
f 62//62 1801//1801 1787//1787 
f 1803//1803 1801//1801 62//62 
f 1801//1801 1807//1807 1787//1787 
f 1801//1801 1795//1795 1807//1807 
f 1801//1801 1797//1797 1795//1795 
f 1789//1789 1806//1806 1812//1812 
f 309//309 1814//1814 1789//1789 
f 1789//1789 62//62 1806//1806 
f 1789//1789 1812//1812 309//309 
f 309//309 2555//2555 1814//1814 
f 65//65 71//71 2129//2129 
f 65//65 68//68 71//71 
f 65//65 74//74 68//68 
f 80//80 74//74 65//65 
f 2130//2130 74//74 80//80 
f 80//80 77//77 2131//2131 
f 76//76 77//77 80//80 
f 80//80 79//79 76//76 
f 61//61 79//79 80//80 
f 80//80 70//70 2130//2130 
f 2131//2131 70//70 80//80 
f 313//313 61//61 82//82 
f 63//63 61//61 313//313 
f 61//61 80//80 82//82 
f 2557//2557 63//63 313//313 
f 83//83 313//313 82//82 
f 2136//2136 87//87 105//105 
f 2136//2136 90//90 87//87 
f 2138//2138 97//97 92//92 
f 2138//2138 98//98 97//97 
f 2136//2136 89//89 90//90 
f 2139//2139 89//89 2136//2136 
f 2138//2138 2136//2136 98//98 
f 2136//2136 95//95 2139//2139 
f 2138//2138 95//95 2136//2136 
f 100//100 84//84 102//102 
f 2559//2559 84//84 100//100 
f 105//105 102//102 84//84 
f 105//105 84//84 2136//2136 
f 312//312 2559//2559 100//100 
f 106//106 114//114 2145//2145 
f 119//119 114//114 106//106 
f 113//113 108//108 106//106 
f 2144//2144 108//108 113//113 
f 106//106 1//1 119//119 
f 106//106 110//110 113//113 
f 117//117 110//110 106//106 
f 106//106 2145//2145 117//117 
f 106//106 5//5 1//1 
f 106//106 103//103 5//5 
f 7//7 103//103 106//106 
f 7//7 101//101 103//103 
f 314//314 7//7 2//2 
f 101//101 7//7 314//314 
f 314//314 2563//2563 101//101 
f 2148//2148 314//314 2//2 
f 15//15 2152//2152 13//13 
f 11//11 2152//2152 15//15 
f 2149//2149 2152//2152 11//11 
f 31//31 2152//2152 2149//2149 
f 31//31 18//18 2152//2152 
f 21//21 18//18 31//31 
f 31//31 23//23 20//20 
f 27//27 23//23 31//31 
f 31//31 2153//2153 21//21 
f 20//20 2153//2153 31//31 
f 31//31 6//6 27//27 
f 31//31 315//315 6//6 
f 2090//2090 6//6 315//315 
f 315//315 24//24 2155//2155 
f 315//315 31//31 24//24 
f 41//41 43//43 2118//2118 
f 2119//2119 43//43 41//41 
f 38//38 32//32 48//48 
f 32//32 36//36 2115//2115 
f 32//32 34//34 36//36 
f 38//38 34//34 32//32 
f 38//38 41//41 2118//2118 
f 2120//2120 41//41 38//38 
f 2120//2120 38//38 48//48 
f 311//311 2115//2115 50//50 
f 2567//2567 2115//2115 311//311 
f 50//50 44//44 311//311 
f 2115//2115 30//30 32//32 
f 30//30 2115//2115 2567//2567 
f 2121//2121 311//311 44//44 
f 49//49 2212//2212 2214//2214 
f 2211//2211 2212//2212 49//49 
f 2209//2209 2205//2205 2207//2207 
f 49//49 2209//2209 2211//2211 
f 49//49 2124//2124 2201//2201 
f 60//60 2124//2124 49//49 
f 49//49 59//59 60//60 
f 56//56 59//59 49//49 
f 56//56 49//49 2214//2214 
f 49//49 2205//2205 2209//2209 
f 2204//2204 49//49 2201//2201 
f 2204//2204 52//52 49//49 
f 316//316 52//52 2204//2204 
f 316//316 2204//2204 2088//2088 
f 316//316 2122//2122 52//52 
f 2089//2089 2122//2122 316//316 
f 2195//2195 2187//2187 2189//2189 
f 2197//2197 2187//2187 2195//2195 
f 2191//2191 2193//2193 2195//2195 
f 2175//2175 2181//2181 2183//2183 
f 2175//2175 2200//2200 2181//2181 
f 2191//2191 2195//2195 2189//2189 
f 2175//2175 2187//2187 2197//2197 
f 2175//2175 2185//2185 2187//2187 
f 2183//2183 2185//2185 2175//2175 
f 2175//2175 2199//2199 2200//2200 
f 2178//2178 2199//2199 2175//2175 
f 2571//2571 2199//2199 2178//2178 
f 2571//2571 2178//2178 2179//2179 
f 2216//2216 2163//2163 2166//2166 
f 2161//2161 2163//2163 2216//2216 
f 2216//2216 2159//2159 2161//2161 
f 2166//2166 2220//2220 2216//2216 
f 2166//2166 2174//2174 2220//2220 
f 2174//2174 2169//2169 2226//2226 
f 2167//2167 2169//2169 2174//2174 
f 2166//2166 2167//2167 2174//2174 
f 2226//2226 290//290 2573//2573 
f 2226//2226 2172//2172 2174//2174 
f 2573//2573 2172//2172 2226//2226 
f 290//290 2223//2223 2222//2222 
f 2226//2226 2223//2223 290//290 
f 2252//2252 2234//2234 2232//2232 
f 2236//2236 2234//2234 2252//2252 
f 2252//2252 2238//2238 2236//2236 
f 2240//2240 2238//2238 2252//2252 
f 2242//2242 2246//2246 2244//2244 
f 2252//2252 2242//2242 2240//2240 
f 2250//2250 2242//2242 2252//2252 
f 2242//2242 2248//2248 2246//2246 
f 2242//2242 2250//2250 2248//2248 
f 2257//2257 2227//2227 2252//2252 
f 2227//2227 2255//2255 2253//2253 
f 2227//2227 2257//2257 2255//2255 
f 2232//2232 2257//2257 2252//2252 
f 2229//2229 2227//2227 351//351 
f 351//351 2577//2577 2229//2229 
f 2227//2227 2253//2253 351//351 
f 2269//2269 2263//2263 2332//2332 
f 2269//2269 2265//2265 2263//2263 
f 2265//2265 2269//2269 2267//2267 
f 2332//2332 2273//2273 2271//2271 
f 2275//2275 2273//2273 2332//2332 
f 2269//2269 2332//2332 2271//2271 
f 2332//2332 2277//2277 2275//2275 
f 2218//2218 2277//2277 2332//2332 
f 2332//2332 2325//2325 2218//2218 
f 2327//2327 2325//2325 2332//2332 
f 2332//2332 2329//2329 2258//2258 
f 2332//2332 2258//2258 2327//2327 
f 2328//2328 2258//2258 2329//2329 
f 352//352 2258//2258 2328//2328 
f 2260//2260 2258//2258 352//352 
f 2091//2091 2260//2260 352//352 
f 2317//2317 2338//2338 2312//2312 
f 2279//2279 2338//2338 2317//2317 
f 2279//2279 2317//2317 2315//2315 
f 2312//2312 2319//2319 2317//2317 
f 2312//2312 2321//2321 2319//2319 
f 2312//2312 2303//2303 2323//2323 
f 2312//2312 2306//2306 2303//2303 
f 2312//2312 2308//2308 2306//2306 
f 2312//2312 2333//2333 2308//2308 
f 2323//2323 2321//2321 2312//2312 
f 2312//2312 2309//2309 2335//2335 
f 2333//2333 2312//2312 2335//2335 
f 353//353 2335//2335 2309//2309 
f 2335//2335 353//353 2581//2581 
f 2282//2282 2301//2301 2299//2299 
f 2301//2301 2282//2282 2280//2280 
f 2297//2297 2288//2288 2286//2286 
f 2290//2290 2288//2288 2297//2297 
f 2297//2297 2286//2286 2284//2284 
f 2297//2297 2292//2292 2290//2290 
f 2297//2297 2313//2313 2292//2292 
f 2282//2282 2297//2297 2284//2284 
f 2299//2299 2297//2297 2282//2282 
f 2313//2313 2356//2356 354//354 
f 2356//2356 2313//2313 2297//2297 
f 2294//2294 2313//2313 354//354 
f 2585//2585 2294//2294 354//354 
f 2358//2358 2386//2386 2372//2372 
f 355//355 2386//2386 2358//2358 
f 2380//2380 2378//2378 2393//2393 
f 2393//2393 2382//2382 2380//2380 
f 2391//2391 2382//2382 2393//2393 
f 2358//2358 2370//2370 2368//2368 
f 2382//2382 2358//2358 2384//2384 
f 2382//2382 2391//2391 2358//2358 
f 2372//2372 2370//2370 2358//2358 
f 2358//2358 2368//2368 2384//2384 
f 355//355 2374//2374 2373//2373 
f 355//355 2358//2358 2374//2374 
f 355//355 2388//2388 2386//2386 
f 2388//2388 355//355 2587//2587 
f 2440//2440 2365//2365 2363//2363 
f 2339//2339 2365//2365 2440//2440 
f 2440//2440 2341//2341 2339//2339 
f 2343//2343 2341//2341 2440//2440 
f 2440//2440 2349//2349 2347//2347 
f 2351//2351 2349//2349 2440//2440 
f 2440//2440 2353//2353 2351//2351 
f 2404//2404 2353//2353 2440//2440 
f 2440//2440 2345//2345 2343//2343 
f 2440//2440 2347//2347 2345//2345 
f 2440//2440 2360//2360 2404//2404 
f 2360//2360 2440//2440 356//356 
f 356//356 2107//2107 2360//2360 
f 2440//2440 2411//2411 356//356 
f 2405//2405 356//356 2411//2411 
f 2407//2407 2394//2394 2409//2409 
f 2438//2438 2394//2394 2407//2407 
f 2436//2436 2394//2394 2438//2438 
f 2396//2396 2394//2394 2436//2436 
f 2442//2442 2394//2394 2396//2396 
f 2396//2396 2444//2444 2442//2442 
f 2396//2396 2446//2446 2444//2444 
f 2417//2417 2446//2446 2396//2396 
f 2396//2396 2441//2441 2417//2417 
f 326//326 2441//2441 2396//2396 
f 326//326 2433//2433 2441//2441 
f 2396//2396 2419//2419 326//326 
f 326//326 2591//2591 2433//2433 
f 2595//2595 326//326 2419//2419 
f 330//330 368//368 369//369 
f 330//330 367//367 368//368 
f 327//327 367//367 330//330 
f 327//327 366//366 367//367 
f 328//328 366//366 327//327 
f 328//328 379//379 366//366 
f 348//348 379//379 328//328 
f 348//348 358//358 379//379 
f 384//384 358//358 348//348 
f 332//332 372//372 373//373 
f 332//332 370//370 372//372 
f 329//329 370//370 332//332 
f 329//329 369//369 370//370 
f 330//330 369//369 329//329 
f 357//357 360//360 359//359 
f 357//357 361//361 360//360 
f 331//331 361//361 357//357 
f 331//331 417//417 361//361 
f 340//340 417//417 331//331 
f 340//340 415//415 417//417 
f 414//414 415//415 340//340 
f 347//347 386//386 380//380 
f 347//347 385//385 386//386 
f 325//325 385//385 347//347 
f 325//325 359//359 385//385 
f 357//357 359//359 325//325 
f 363//363 375//375 376//376 
f 363//363 374//374 375//375 
f 324//324 374//374 363//363 
f 324//324 373//373 374//374 
f 332//332 373//373 324//324 
f 421//421 338//338 395//395 
f 422//422 338//338 421//421 
f 422//422 335//335 338//338 
f 394//394 335//335 422//422 
f 394//394 336//336 335//335 
f 423//423 336//336 394//394 
f 423//423 334//334 336//336 
f 406//406 334//334 423//423 
f 406//406 343//343 334//334 
f 341//341 343//343 406//406 
f 389//389 393//393 400//400 
f 389//389 425//425 393//393 
f 341//341 425//425 389//389 
f 341//341 424//424 425//425 
f 411//411 424//424 341//341 
f 388//388 399//399 419//419 
f 388//388 398//398 399//399 
f 337//337 398//398 388//388 
f 337//337 378//378 398//398 
f 350//350 378//378 337//337 
f 350//350 377//377 378//378 
f 371//371 377//377 350//350 
f 342//342 395//395 338//338 
f 342//342 396//396 395//395 
f 365//365 396//396 342//342 
f 365//365 397//397 396//396 
f 420//420 397//397 365//365 
f 341//341 418//418 411//411 
f 341//341 407//407 418//418 
f 406//406 407//407 341//341 
f 345//345 412//412 413//413 
f 345//345 405//405 412//412 
f 339//339 405//405 345//345 
f 339//339 404//404 405//405 
f 364//364 404//404 339//339 
f 364//364 392//392 404//404 
f 403//403 392//392 364//364 
f 344//344 414//414 340//340 
f 344//344 413//413 414//414 
f 345//345 413//413 344//344 
f 349//349 382//382 383//383 
f 349//349 381//381 382//382 
f 346//346 381//381 349//349 
f 346//346 380//380 381//381 
f 347//347 380//380 346//346 
f 333//333 384//384 348//348 
f 333//333 383//383 384//384 
f 349//349 383//383 333//333 
f 362//362 371//371 350//350 
f 362//362 376//376 371//371 
f 363//363 376//376 362//362 
f 402//402 389//389 401//401 
f 403//403 389//389 402//402 
f 403//403 391//391 389//389 
f 364//364 391//391 403//403 
f 387//387 420//420 365//365 
f 387//387 419//419 420//420 
f 388//388 419//419 387//387 
f 400//400 401//401 389//389 
f 391//391 390//390 389//389 
f 426//426 361//361 417//417 
f 429//429 361//361 426//426 
f 429//429 360//360 361//361 
f 455//455 360//360 429//429 
f 455//455 359//359 360//360 
f 454//454 359//359 455//455 
f 454//454 385//385 359//359 
f 453//453 385//385 454//454 
f 453//453 386//386 385//385 
f 410//410 386//386 453//453 
f 410//410 380//380 386//386 
f 409//409 380//380 410//410 
f 409//409 381//381 380//380 
f 416//416 381//381 409//409 
f 416//416 382//382 381//381 
f 408//408 382//382 416//416 
f 408//408 383//383 382//382 
f 473//473 383//383 408//408 
f 473//473 384//384 383//383 
f 472//472 384//384 473//473 
f 472//472 358//358 384//384 
f 471//471 358//358 472//472 
f 471//471 379//379 358//358 
f 463//463 379//379 471//471 
f 463//463 366//366 379//379 
f 462//462 366//366 463//463 
f 462//462 367//367 366//366 
f 461//461 367//367 462//462 
f 461//461 368//368 367//367 
f 466//466 368//368 461//461 
f 466//466 369//369 368//368 
f 465//465 369//369 466//466 
f 465//465 370//370 369//369 
f 464//464 370//370 465//465 
f 464//464 372//372 370//370 
f 493//493 372//372 464//464 
f 493//493 373//373 372//372 
f 492//492 373//373 493//493 
f 492//492 374//374 373//373 
f 491//491 374//374 492//492 
f 491//491 375//375 374//374 
f 490//490 375//375 491//491 
f 490//490 376//376 375//375 
f 489//489 376//376 490//490 
f 489//489 371//371 376//376 
f 488//488 371//371 489//489 
f 488//488 377//377 371//371 
f 487//487 377//377 488//488 
f 487//487 378//378 377//377 
f 467//467 378//378 487//487 
f 467//467 398//398 378//378 
f 445//445 398//398 467//467 
f 445//445 399//399 398//398 
f 444//444 399//399 445//445 
f 444//444 419//419 399//399 
f 428//428 419//419 444//444 
f 428//428 420//420 419//419 
f 458//458 420//420 428//428 
f 458//458 397//397 420//420 
f 457//457 397//397 458//458 
f 457//457 396//396 397//397 
f 456//456 396//396 457//457 
f 456//456 395//395 396//396 
f 433//433 395//395 456//456 
f 433//433 421//421 395//395 
f 432//432 421//421 433//433 
f 432//432 422//422 421//421 
f 431//431 422//422 432//432 
f 431//431 394//394 422//422 
f 430//430 394//394 431//431 
f 430//430 423//423 394//394 
f 452//452 423//423 430//430 
f 452//452 406//406 423//423 
f 451//451 406//406 452//452 
f 451//451 407//407 406//406 
f 450//450 407//407 451//451 
f 450//450 418//418 407//407 
f 449//449 418//418 450//450 
f 449//449 411//411 418//418 
f 448//448 411//411 449//449 
f 448//448 424//424 411//411 
f 447//447 424//424 448//448 
f 447//447 425//425 424//424 
f 446//446 425//425 447//447 
f 446//446 393//393 425//425 
f 427//427 393//393 446//446 
f 427//427 400//400 393//393 
f 459//459 400//400 427//427 
f 459//459 401//401 400//400 
f 434//434 401//401 459//459 
f 434//434 402//402 401//401 
f 443//443 402//402 434//434 
f 443//443 403//403 402//402 
f 442//442 403//403 443//443 
f 442//442 392//392 403//403 
f 439//439 392//392 442//442 
f 439//439 404//404 392//392 
f 438//438 404//404 439//439 
f 438//438 405//405 404//404 
f 440//440 405//405 438//438 
f 440//440 412//412 405//405 
f 437//437 412//412 440//440 
f 437//437 413//413 412//412 
f 436//436 413//413 437//437 
f 436//436 414//414 413//413 
f 441//441 414//414 436//436 
f 441//441 415//415 414//414 
f 435//435 415//415 441//441 
f 435//435 417//417 415//415 
f 426//426 417//417 435//435 
f 473//473 507//507 516//516 
f 473//473 506//506 507//507 
f 408//408 506//506 473//473 
f 408//408 505//505 506//506 
f 416//416 505//505 408//408 
f 416//416 504//504 505//505 
f 409//409 504//504 416//416 
f 409//409 510//510 504//504 
f 410//410 510//510 409//409 
f 410//410 509//509 510//510 
f 453//453 509//509 410//410 
f 453//453 508//508 509//509 
f 454//454 508//508 453//453 
f 454//454 503//503 508//508 
f 455//455 503//503 454//454 
f 455//455 502//502 503//503 
f 429//429 502//502 455//455 
f 429//429 527//527 502//502 
f 426//426 527//527 429//429 
f 426//426 496//496 527//527 
f 452//452 468//468 480//480 
f 452//452 481//481 468//468 
f 430//430 481//481 452//452 
f 430//430 460//460 481//481 
f 431//431 460//460 430//430 
f 431//431 486//486 460//460 
f 432//432 486//486 431//431 
f 432//432 485//485 486//486 
f 433//433 485//485 432//432 
f 433//433 484//484 485//485 
f 456//456 484//484 433//433 
f 456//456 483//483 484//484 
f 457//457 483//483 456//456 
f 457//457 482//482 483//483 
f 458//458 482//482 457//457 
f 458//458 475//475 482//482 
f 428//428 475//475 458//458 
f 428//428 559//559 475//475 
f 444//444 559//559 428//428 
f 444//444 558//558 559//559 
f 557//557 558//558 444//444 
f 434//434 498//498 499//499 
f 434//434 497//497 498//498 
f 459//459 497//497 434//434 
f 459//459 479//479 497//497 
f 427//427 479//479 459//459 
f 427//427 478//478 479//479 
f 446//446 478//478 427//427 
f 446//446 474//474 478//478 
f 447//447 474//474 446//446 
f 447//447 477//477 474//474 
f 448//448 477//477 447//447 
f 448//448 476//476 477//477 
f 449//449 476//476 448//448 
f 449//449 470//470 476//476 
f 450//450 470//470 449//449 
f 450//450 469//469 470//470 
f 451//451 469//469 450//450 
f 451//451 480//480 469//469 
f 452//452 480//480 451//451 
f 435//435 496//496 426//426 
f 435//435 495//495 496//496 
f 526//526 495//495 435//435 
f 441//441 526//526 435//435 
f 441//441 525//525 526//526 
f 436//436 525//525 441//441 
f 436//436 524//524 525//525 
f 437//437 524//524 436//436 
f 437//437 523//523 524//524 
f 440//440 523//523 437//437 
f 440//440 522//522 523//523 
f 438//438 522//522 440//440 
f 438//438 521//521 522//522 
f 439//439 521//521 438//438 
f 439//439 501//501 521//521 
f 442//442 501//501 439//439 
f 442//442 500//500 501//501 
f 443//443 500//500 442//442 
f 443//443 499//499 500//500 
f 434//434 499//499 443//443 
f 445//445 557//557 444//444 
f 445//445 531//531 557//557 
f 467//467 531//531 445//445 
f 467//467 534//534 531//531 
f 487//487 534//534 467//467 
f 487//487 533//533 534//534 
f 488//488 533//533 487//487 
f 488//488 532//532 533//533 
f 489//489 532//532 488//488 
f 489//489 556//556 532//532 
f 490//490 556//556 489//489 
f 490//490 555//555 556//556 
f 491//491 555//555 490//490 
f 491//491 535//535 555//555 
f 492//492 535//535 491//491 
f 492//492 515//515 535//535 
f 493//493 515//515 492//492 
f 493//493 514//514 515//515 
f 517//517 514//514 493//493 
f 464//464 517//517 493//493 
f 464//464 513//513 517//517 
f 465//465 513//513 464//464 
f 465//465 518//518 513//513 
f 466//466 518//518 465//465 
f 466//466 519//519 518//518 
f 461//461 519//519 466//466 
f 461//461 520//520 519//519 
f 462//462 520//520 461//461 
f 462//462 494//494 520//520 
f 463//463 494//494 462//462 
f 463//463 512//512 494//494 
f 471//471 512//512 463//463 
f 471//471 511//511 512//512 
f 472//472 511//511 471//471 
f 472//472 516//516 511//511 
f 473//473 516//516 472//472 
f 475//475 562//562 588//588 
f 475//475 603//603 562//562 
f 559//559 603//603 475//475 
f 559//559 623//623 603//603 
f 624//624 623//623 559//559 
f 482//482 570//570 587//587 
f 482//482 588//588 570//570 
f 475//475 588//588 482//482 
f 483//483 586//586 576//576 
f 483//483 587//587 586//586 
f 482//482 587//587 483//483 
f 484//484 574//574 577//577 
f 484//484 576//576 574//574 
f 483//483 576//576 484//484 
f 485//485 578//578 573//573 
f 485//485 577//577 578//578 
f 484//484 577//577 485//485 
f 486//486 572//572 585//585 
f 486//486 573//573 572//572 
f 485//485 573//573 486//486 
f 460//460 584//584 583//583 
f 460//460 585//585 584//584 
f 486//486 585//585 460//460 
f 481//481 575//575 571//571 
f 481//481 583//583 575//575 
f 460//460 583//583 481//481 
f 468//468 579//579 582//582 
f 468//468 571//571 579//579 
f 481//481 571//571 468//468 
f 480//480 581//581 580//580 
f 480//480 582//582 581//581 
f 468//468 582//582 480//480 
f 469//469 564//564 563//563 
f 469//469 580//580 564//564 
f 480//480 580//580 469//469 
f 470//470 595//595 568//568 
f 470//470 563//563 595//595 
f 469//469 563//563 470//470 
f 476//476 593//593 569//569 
f 476//476 568//568 593//593 
f 470//470 568//568 476//476 
f 477//477 592//592 591//591 
f 477//477 569//569 592//592 
f 476//476 569//569 477//477 
f 474//474 567//567 566//566 
f 474//474 591//591 567//567 
f 477//477 591//591 474//474 
f 478//478 565//565 594//594 
f 478//478 566//566 565//565 
f 474//474 566//566 478//478 
f 479//479 590//590 589//589 
f 479//479 594//594 590//590 
f 478//478 594//594 479//479 
f 497//497 544//544 543//543 
f 497//497 589//589 544//544 
f 479//479 589//589 497//497 
f 498//498 528//528 542//542 
f 498//498 543//543 528//528 
f 497//497 543//543 498//498 
f 499//499 541//541 554//554 
f 499//499 542//542 541//541 
f 498//498 542//542 499//499 
f 500//500 549//549 553//553 
f 500//500 554//554 549//549 
f 499//499 554//554 500//500 
f 501//501 550//550 552//552 
f 501//501 553//553 550//550 
f 500//500 553//553 501//501 
f 521//521 551//551 540//540 
f 521//521 552//552 551//551 
f 501//501 552//552 521//521 
f 522//522 539//539 538//538 
f 522//522 540//540 539//539 
f 521//521 540//540 522//522 
f 523//523 548//548 547//547 
f 523//523 538//538 548//548 
f 522//522 538//538 523//523 
f 524//524 546//546 545//545 
f 524//524 547//547 546//546 
f 523//523 547//547 524//524 
f 525//525 537//537 536//536 
f 525//525 545//545 537//537 
f 524//524 545//545 525//525 
f 526//526 561//561 529//529 
f 526//526 536//536 561//561 
f 525//525 536//536 526//526 
f 495//495 530//530 560//560 
f 495//495 529//529 530//530 
f 526//526 529//529 495//495 
f 527//527 648//648 650//650 
f 527//527 649//649 648//648 
f 496//496 649//649 527//527 
f 496//496 560//560 649//649 
f 495//495 560//560 496//496 
f 502//502 647//647 651//651 
f 502//502 650//650 647//647 
f 527//527 650//650 502//502 
f 503//503 640//640 639//639 
f 503//503 651//651 640//640 
f 502//502 651//651 503//503 
f 508//508 638//638 655//655 
f 508//508 639//639 638//638 
f 503//503 639//639 508//508 
f 509//509 656//656 646//646 
f 509//509 655//655 656//656 
f 508//508 655//655 509//509 
f 510//510 645//645 654//654 
f 510//510 646//646 645//645 
f 509//509 646//646 510//510 
f 504//504 653//653 652//652 
f 504//504 654//654 653//653 
f 510//510 654//654 504//504 
f 505//505 632//632 631//631 
f 505//505 652//652 632//632 
f 504//504 652//652 505//505 
f 506//506 663//663 637//637 
f 506//506 631//631 663//663 
f 505//505 631//631 506//506 
f 507//507 636//636 635//635 
f 507//507 637//637 636//636 
f 506//506 637//637 507//507 
f 516//516 634//634 662//662 
f 516//516 635//635 634//634 
f 507//507 635//635 516//516 
f 511//511 661//661 660//660 
f 511//511 662//662 661//661 
f 516//516 662//662 511//511 
f 512//512 659//659 633//633 
f 512//512 660//660 659//659 
f 511//511 660//660 512//512 
f 494//494 658//658 657//657 
f 494//494 633//633 658//658 
f 512//512 633//633 494//494 
f 520//520 621//621 620//620 
f 520//520 657//657 621//621 
f 494//494 657//657 520//520 
f 519//519 622//622 619//619 
f 519//519 620//620 622//622 
f 520//520 620//620 519//519 
f 518//518 618//618 617//617 
f 518//518 619//619 618//618 
f 519//519 619//619 518//518 
f 513//513 616//616 596//596 
f 513//513 617//617 616//616 
f 518//518 617//617 513//513 
f 517//517 615//615 614//614 
f 517//517 596//596 615//615 
f 513//513 596//596 517//517 
f 514//514 610//610 609//609 
f 514//514 614//614 610//610 
f 517//517 614//614 514//514 
f 515//515 608//608 607//607 
f 515//515 609//609 608//608 
f 514//514 609//609 515//515 
f 535//535 606//606 605//605 
f 535//535 607//607 606//606 
f 515//515 607//607 535//535 
f 555//555 604//604 613//613 
f 555//555 605//605 604//604 
f 535//535 605//605 555//555 
f 556//556 612//612 611//611 
f 556//556 613//613 612//612 
f 555//555 613//613 556//556 
f 532//532 598//598 597//597 
f 532//532 611//611 598//598 
f 556//556 611//611 532//532 
f 533//533 629//629 600//600 
f 533//533 597//597 629//629 
f 532//532 597//597 533//533 
f 534//534 601//601 602//602 
f 534//534 600//600 601//601 
f 533//533 600//600 534//534 
f 531//531 628//628 627//627 
f 531//531 602//602 628//628 
f 534//534 602//602 531//531 
f 557//557 626//626 599//599 
f 557//557 627//627 626//626 
f 531//531 627//627 557//557 
f 558//558 625//625 624//624 
f 558//558 599//599 625//625 
f 557//557 599//599 558//558 
f 559//559 558//558 624//624 
f 560//560 711//711 710//710 
f 560//560 712//712 711//711 
f 530//530 712//712 560//560 
f 530//530 706//706 712//712 
f 529//529 706//706 530//530 
f 529//529 707//707 706//706 
f 561//561 707//707 529//529 
f 561//561 708//708 707//707 
f 536//536 708//708 561//561 
f 536//536 709//709 708//708 
f 537//537 709//709 536//536 
f 537//537 699//699 709//709 
f 545//545 699//699 537//537 
f 545//545 700//700 699//699 
f 546//546 700//700 545//545 
f 546//546 702//702 700//700 
f 547//547 702//702 546//546 
f 547//547 730//730 702//702 
f 548//548 730//730 547//547 
f 548//548 701//701 730//730 
f 538//538 701//701 548//548 
f 538//538 731//731 701//701 
f 539//539 731//731 538//538 
f 539//539 705//705 731//731 
f 540//540 705//705 539//539 
f 540//540 728//728 705//705 
f 551//551 728//728 540//540 
f 551//551 729//729 728//728 
f 552//552 729//729 551//551 
f 552//552 703//703 729//729 
f 550//550 703//703 552//552 
f 550//550 727//727 703//703 
f 553//553 727//727 550//550 
f 553//553 704//704 727//727 
f 549//549 704//704 553//553 
f 549//549 689//689 704//704 
f 554//554 689//689 549//549 
f 554//554 725//725 689//689 
f 541//541 725//725 554//554 
f 541//541 726//726 725//725 
f 542//542 726//726 541//541 
f 542//542 664//664 726//726 
f 528//528 664//664 542//542 
f 528//528 690//690 664//664 
f 543//543 690//690 528//528 
f 543//543 683//683 690//690 
f 544//544 683//683 543//543 
f 544//544 687//687 683//683 
f 589//589 687//687 544//544 
f 589//589 688//688 687//687 
f 590//590 688//688 589//589 
f 590//590 681//681 688//688 
f 594//594 681//681 590//590 
f 594//594 682//682 681//681 
f 565//565 682//682 594//594 
f 565//565 684//684 682//682 
f 566//566 684//684 565//565 
f 566//566 686//686 684//684 
f 567//567 686//686 566//566 
f 567//567 678//678 686//686 
f 591//591 678//678 567//567 
f 591//591 679//679 678//678 
f 592//592 679//679 591//591 
f 592//592 680//680 679//679 
f 569//569 680//680 592//592 
f 569//569 685//685 680//680 
f 593//593 685//685 569//569 
f 593//593 674//674 685//685 
f 568//568 674//674 593//593 
f 568//568 675//675 674//674 
f 595//595 675//675 568//568 
f 595//595 676//676 675//675 
f 563//563 676//676 595//595 
f 563//563 677//677 676//676 
f 564//564 677//677 563//563 
f 564//564 672//672 677//677 
f 580//580 672//672 564//564 
f 580//580 673//673 672//672 
f 581//581 673//673 580//580 
f 581//581 696//696 673//673 
f 582//582 696//696 581//581 
f 582//582 697//697 696//696 
f 579//579 697//697 582//582 
f 579//579 665//665 697//697 
f 571//571 665//665 579//579 
f 571//571 670//670 665//665 
f 575//575 670//670 571//571 
f 575//575 666//666 670//670 
f 583//583 666//666 575//575 
f 583//583 667//667 666//666 
f 584//584 667//667 583//583 
f 584//584 694//694 667//667 
f 585//585 694//694 584//584 
f 585//585 695//695 694//694 
f 572//572 695//695 585//585 
f 572//572 668//668 695//695 
f 573//573 668//668 572//572 
f 573//573 669//669 668//668 
f 578//578 669//669 573//573 
f 578//578 671//671 669//669 
f 577//577 671//671 578//578 
f 577//577 693//693 671//671 
f 574//574 693//693 577//577 
f 574//574 644//644 693//693 
f 576//576 644//644 574//574 
f 576//576 691//691 644//644 
f 586//586 691//691 576//576 
f 586//586 692//692 691//691 
f 587//587 692//692 586//586 
f 587//587 641//641 692//692 
f 570//570 641//641 587//587 
f 570//570 642//642 641//641 
f 588//588 642//642 570//570 
f 588//588 630//630 642//642 
f 562//562 630//630 588//588 
f 562//562 643//643 630//630 
f 603//603 643//643 562//562 
f 603//603 768//768 643//643 
f 623//623 768//768 603//603 
f 623//623 799//799 768//768 
f 624//624 799//799 623//623 
f 624//624 767//767 799//799 
f 625//625 767//767 624//624 
f 625//625 796//796 767//767 
f 599//599 796//796 625//625 
f 599//599 797//797 796//796 
f 626//626 797//797 599//599 
f 626//626 798//798 797//797 
f 627//627 798//798 626//626 
f 627//627 793//793 798//798 
f 628//628 793//793 627//627 
f 628//628 794//794 793//793 
f 602//602 794//794 628//628 
f 602//602 795//795 794//794 
f 601//601 795//795 602//602 
f 601//601 770//770 795//795 
f 600//600 770//770 601//601 
f 600//600 771//771 770//770 
f 629//629 771//771 600//600 
f 629//629 772//772 771//771 
f 597//597 772//772 629//629 
f 597//597 773//773 772//772 
f 598//598 773//773 597//597 
f 598//598 758//758 773//773 
f 611//611 758//758 598//598 
f 611//611 769//769 758//758 
f 612//612 769//769 611//611 
f 612//612 756//756 769//769 
f 613//613 756//756 612//612 
f 613//613 753//753 756//756 
f 604//604 753//753 613//613 
f 604//604 757//757 753//753 
f 605//605 757//757 604//604 
f 605//605 750//750 757//757 
f 606//606 750//750 605//605 
f 606//606 732//732 750//750 
f 607//607 732//732 606//606 
f 607//607 751//751 732//732 
f 608//608 751//751 607//607 
f 608//608 752//752 751//751 
f 609//609 752//752 608//608 
f 609//609 755//755 752//752 
f 610//610 755//755 609//609 
f 610//610 747//747 755//755 
f 614//614 747//747 610//610 
f 614//614 748//748 747//747 
f 615//615 748//748 614//614 
f 615//615 754//754 748//748 
f 596//596 754//754 615//615 
f 596//596 749//749 754//754 
f 616//616 749//749 596//596 
f 616//616 743//743 749//749 
f 617//617 743//743 616//616 
f 617//617 744//744 743//743 
f 618//618 744//744 617//617 
f 618//618 745//745 744//744 
f 619//619 745//745 618//618 
f 619//619 746//746 745//745 
f 622//622 746//746 619//619 
f 622//622 734//734 746//746 
f 620//620 734//734 622//622 
f 620//620 740//740 734//734 
f 621//621 740//740 620//620 
f 621//621 741//741 740//740 
f 657//657 741//741 621//621 
f 657//657 742//742 741//741 
f 658//658 742//742 657//657 
f 658//658 765//765 742//742 
f 633//633 765//765 658//658 
f 633//633 733//733 765//765 
f 659//659 733//733 633//633 
f 659//659 737//737 733//733 
f 660//660 737//737 659//659 
f 660//660 738//738 737//737 
f 661//661 738//738 660//660 
f 661//661 739//739 738//738 
f 662//662 739//739 661//661 
f 662//662 762//762 739//739 
f 634//634 762//762 662//662 
f 634//634 763//763 762//762 
f 635//635 763//763 634//634 
f 635//635 764//764 763//763 
f 636//636 764//764 635//635 
f 636//636 735//735 764//764 
f 637//637 735//735 636//636 
f 637//637 736//736 735//735 
f 663//663 736//736 637//637 
f 663//663 722//722 736//736 
f 631//631 722//722 663//663 
f 631//631 759//759 722//722 
f 632//632 759//759 631//631 
f 632//632 760//760 759//759 
f 652//652 760//760 632//632 
f 652//652 761//761 760//760 
f 653//653 761//761 652//652 
f 653//653 719//719 761//761 
f 654//654 719//719 653//653 
f 654//654 720//720 719//719 
f 645//645 720//720 654//654 
f 645//645 723//723 720//720 
f 646//646 723//723 645//645 
f 646//646 721//721 723//723 
f 656//656 721//721 646//646 
f 656//656 715//715 721//721 
f 655//655 715//715 656//656 
f 655//655 716//716 715//715 
f 638//638 716//716 655//655 
f 638//638 717//717 716//716 
f 639//639 717//717 638//638 
f 639//639 718//718 717//717 
f 640//640 718//718 639//639 
f 640//640 724//724 718//718 
f 651//651 724//724 640//640 
f 651//651 714//714 724//724 
f 647//647 714//714 651//651 
f 647//647 713//713 714//714 
f 650//650 713//713 647//647 
f 648//648 713//713 650//650 
f 648//648 698//698 713//713 
f 649//649 698//698 648//648 
f 649//649 710//710 698//698 
f 560//560 710//710 649//649 
f 692//692 2097//2097 2481//2481 
f 692//692 774//774 2097//2097 
f 641//641 774//774 692//692 
f 641//641 2101//2101 774//774 
f 642//642 2101//2101 641//641 
f 642//642 2490//2490 2101//2101 
f 630//630 2490//2490 642//642 
f 630//630 1130//1130 2490//2490 
f 643//643 1130//1130 630//630 
f 643//643 2397//2397 1130//1130 
f 768//768 2397//2397 643//643 
f 768//768 2399//2399 2397//2397 
f 2398//2398 2399//2399 768//768 
f 693//693 1102//1102 792//792 
f 693//693 2453//2453 1102//1102 
f 644//644 2453//2453 693//693 
f 644//644 786//786 2453//2453 
f 691//691 786//786 644//644 
f 691//691 2481//2481 786//786 
f 692//692 2481//2481 691//691 
f 669//669 2449//2449 2485//2485 
f 669//669 2494//2494 2449//2449 
f 671//671 2494//2494 669//669 
f 671//671 792//792 2494//2494 
f 693//693 792//792 671//671 
f 667//667 791//791 2483//2483 
f 667//667 2498//2498 791//791 
f 694//694 2498//2498 667//667 
f 694//694 2496//2496 2498//2498 
f 695//695 2496//2496 694//694 
f 695//695 2482//2482 2496//2496 
f 668//668 2482//2482 695//695 
f 668//668 2485//2485 2482//2482 
f 669//669 2485//2485 668//668 
f 665//665 2504//2504 959//959 
f 665//665 790//790 2504//2504 
f 670//670 790//790 665//665 
f 670//670 2500//2500 790//790 
f 666//666 2500//2500 670//670 
f 666//666 2483//2483 2500//2500 
f 667//667 2483//2483 666//666 
f 673//673 2471//2471 788//788 
f 673//673 2506//2506 2471//2471 
f 696//696 2506//2506 673//673 
f 696//696 789//789 2506//2506 
f 697//697 789//789 696//696 
f 697//697 959//959 789//789 
f 665//665 959//959 697//697 
f 677//677 2510//2510 2508//2508 
f 677//677 2467//2467 2510//2510 
f 672//672 2467//2467 677//677 
f 672//672 788//788 2467//2467 
f 673//673 788//788 672//672 
f 685//685 787//787 2516//2516 
f 685//685 2514//2514 787//787 
f 674//674 2514//2514 685//685 
f 674//674 2468//2468 2514//2514 
f 675//675 2468//2468 674//674 
f 676//676 2468//2468 675//675 
f 676//676 2508//2508 2468//2468 
f 677//677 2508//2508 676//676 
f 686//686 2520//2520 816//816 
f 686//686 2469//2469 2520//2520 
f 678//678 2469//2469 686//686 
f 678//678 766//766 2469//2469 
f 679//679 766//766 678//678 
f 679//679 2518//2518 766//766 
f 680//680 2518//2518 679//679 
f 680//680 2516//2516 2518//2518 
f 685//685 2516//2516 680//680 
f 682//682 2524//2524 2484//2484 
f 684//684 2524//2524 682//682 
f 684//684 816//816 2524//2524 
f 686//686 816//816 684//684 
f 683//683 815//815 2530//2530 
f 683//683 2528//2528 815//815 
f 687//687 2528//2528 683//683 
f 687//687 2526//2526 2528//2528 
f 688//688 2526//2526 687//687 
f 688//688 2479//2479 2526//2526 
f 681//681 2479//2479 688//688 
f 681//681 2484//2484 2479//2479 
f 682//682 2484//2484 681//681 
f 726//726 2534//2534 2532//2532 
f 726//726 814//814 2534//2534 
f 664//664 814//814 726//726 
f 664//664 2480//2480 814//814 
f 690//690 2480//2480 664//664 
f 690//690 2530//2530 2480//2480 
f 683//683 2530//2530 690//690 
f 704//704 2536//2536 808//808 
f 704//704 2477//2477 2536//2536 
f 689//689 2477//2477 704//704 
f 689//689 809//809 2477//2477 
f 725//725 809//809 689//689 
f 725//725 2532//2532 809//809 
f 726//726 2532//2532 725//725 
f 703//703 2538//2538 2254//2254 
f 703//703 2478//2478 2538//2538 
f 727//727 2478//2478 703//703 
f 727//727 808//808 2478//2478 
f 704//704 808//808 727//727 
f 731//731 801//801 2544//2544 
f 731//731 2450//2450 801//801 
f 705//705 2450//2450 731//731 
f 705//705 2542//2542 2450//2450 
f 728//728 2542//2542 705//705 
f 729//729 2542//2542 728//728 
f 729//729 2254//2254 2542//2542 
f 703//703 2254//2254 729//729 
f 700//700 2203//2203 832//832 
f 700//700 2550//2550 2203//2203 
f 702//702 2550//2550 700//700 
f 702//702 833//833 2550//2550 
f 730//730 833//833 702//702 
f 730//730 2546//2546 833//833 
f 701//701 2546//2546 730//730 
f 701//701 2544//2544 2546//2546 
f 731//731 2544//2544 701//701 
f 709//709 2452//2452 47//47 
f 709//709 2552//2552 2452//2452 
f 699//699 2552//2552 709//709 
f 699//699 832//832 2552//2552 
f 700//700 832//832 699//699 
f 712//712 803//803 2463//2463 
f 712//712 2556//2556 803//803 
f 706//706 2556//2556 712//712 
f 706//706 2554//2554 2556//2556 
f 707//707 2554//2554 706//706 
f 707//707 2462//2462 2554//2554 
f 708//708 2462//2462 707//707 
f 708//708 47//47 2462//2462 
f 709//709 47//47 708//708 
f 698//698 2560//2560 2460//2460 
f 698//698 802//802 2560//2560 
f 710//710 802//802 698//698 
f 710//710 4//4 802//802 
f 711//711 4//4 710//710 
f 711//711 2463//2463 4//4 
f 712//712 2463//2463 711//711 
f 714//714 2461//2461 828//828 
f 714//714 2562//2562 2461//2461 
f 713//713 2562//2562 714//714 
f 713//713 829//829 2562//2562 
f 713//713 2460//2460 829//829 
f 698//698 2460//2460 713//713 
f 718//718 2568//2568 2566//2566 
f 718//718 2457//2457 2568//2568 
f 724//724 2457//2457 718//718 
f 724//724 828//828 2457//2457 
f 714//714 828//828 724//724 
f 721//721 827//827 2574//2574 
f 721//721 2458//2458 827//827 
f 715//715 2458//2458 721//721 
f 715//715 2572//2572 2458//2458 
f 716//716 2572//2572 715//715 
f 716//716 2570//2570 2572//2572 
f 717//717 2570//2570 716//716 
f 717//717 2566//2566 2570//2570 
f 718//718 2566//2566 717//717 
f 761//761 2578//2578 830//830 
f 761//761 2459//2459 2578//2578 
f 719//719 2459//2459 761//761 
f 719//719 831//831 2459//2459 
f 720//720 831//831 719//719 
f 720//720 1754//1754 831//831 
f 723//723 1754//1754 720//720 
f 723//723 2574//2574 1754//1754 
f 721//721 2574//2574 723//723 
f 736//736 2584//2584 2582//2582 
f 736//736 1702//1702 2584//2584 
f 722//722 1702//1702 736//736 
f 759//759 1702//1702 722//722 
f 759//759 2580//2580 1702//1702 
f 760//760 2580//2580 759//759 
f 760//760 830//830 2580//2580 
f 761//761 830//830 760//760 
f 739//739 2590//2590 1605//1605 
f 739//739 805//805 2590//2590 
f 762//762 805//805 739//739 
f 762//762 1629//1629 805//805 
f 763//763 1629//1629 762//762 
f 763//763 2588//2588 1629//1629 
f 764//764 2588//2588 763//763 
f 764//764 806//806 2588//2588 
f 735//735 806//806 764//764 
f 735//735 1671//1671 806//806 
f 736//736 1671//1671 735//735 
f 736//736 2582//2582 1671//1671 
f 733//733 2594//2594 807//807 
f 733//733 2454//2454 2594//2594 
f 737//737 2454//2454 733//733 
f 737//737 804//804 2454//2454 
f 738//738 804//804 737//737 
f 738//738 1605//1605 804//804 
f 739//739 1605//1605 738//738 
f 742//742 2455//2455 2596//2596 
f 742//742 2598//2598 2455//2455 
f 765//765 2598//2598 742//742 
f 765//765 807//807 2598//2598 
f 733//733 807//807 765//765 
f 746//746 783//783 2604//2604 
f 746//746 1525//1525 783//783 
f 734//734 1525//1525 746//746 
f 734//734 2600//2600 1525//1525 
f 740//740 2600//2600 734//734 
f 740//740 2456//2456 2600//2600 
f 741//741 2456//2456 740//740 
f 741//741 2596//2596 2456//2456 
f 742//742 2596//2596 741//741 
f 749//749 2608//2608 779//779 
f 749//749 2606//2606 2608//2608 
f 743//743 2606//2606 749//749 
f 743//743 782//782 2606//2606 
f 744//744 782//782 743//743 
f 744//744 1493//1493 782//782 
f 745//745 1493//1493 744//744 
f 745//745 2604//2604 1493//1493 
f 746//746 2604//2604 745//745 
f 755//755 2474//2474 1414//1414 
f 755//755 2614//2614 2474//2474 
f 747//747 2614//2614 755//755 
f 747//747 2612//2612 2614//2614 
f 748//748 2612//2612 747//747 
f 2475//2475 2612//2612 748//748 
f 754//754 2475//2475 748//748 
f 754//754 779//779 2475//2475 
f 749//749 779//779 754//754 
f 757//757 2487//2487 2472//2472 
f 757//757 780//780 2487//2487 
f 750//750 780//780 757//757 
f 750//750 2618//2618 780//780 
f 732//732 2618//2618 750//750 
f 732//732 2473//2473 2618//2618 
f 751//751 2473//2473 732//732 
f 751//751 781//781 2473//2473 
f 752//752 781//781 751//751 
f 752//752 1414//1414 781//781 
f 755//755 1414//1414 752//752 
f 769//769 2424//2424 777//777 
f 769//769 2423//2423 2424//2424 
f 756//756 2423//2423 769//769 
f 756//756 778//778 2423//2423 
f 753//753 778//778 756//756 
f 753//753 2472//2472 778//778 
f 757//757 2472//2472 753//753 
f 773//773 2420//2420 2421//2421 
f 773//773 2422//2422 2420//2420 
f 758//758 2422//2422 773//773 
f 758//758 777//777 2422//2422 
f 769//769 777//777 758//758 
f 795//795 784//784 2427//2427 
f 795//795 1259//1259 784//784 
f 770//770 1259//1259 795//795 
f 770//770 2416//2416 1259//1259 
f 771//771 2416//2416 770//770 
f 771//771 2415//2415 2416//2416 
f 772//772 2415//2415 771//771 
f 772//772 2421//2421 2415//2415 
f 773//773 2421//2421 772//772 
f 798//798 2426//2426 2431//2431 
f 798//798 776//776 2426//2426 
f 793//793 776//776 798//798 
f 793//793 2428//2428 776//776 
f 794//794 2428//2428 793//793 
f 794//794 2427//2427 2428//2428 
f 795//795 2427//2427 794//794 
f 767//767 1207//1207 785//785 
f 767//767 2430//2430 1207//1207 
f 796//796 2430//2430 767//767 
f 796//796 775//775 2430//2430 
f 797//797 775//775 796//796 
f 797//797 2431//2431 775//775 
f 798//798 2431//2431 797//797 
f 799//799 2398//2398 768//768 
f 799//799 785//785 2398//2398 
f 767//767 785//785 799//799 
f 811//811 837//837 819//819 
f 863//863 837//837 811//811 
f 811//811 861//861 838//838 
f 826//826 861//861 811//811 
f 813//813 822//822 824//824 
f 824//824 811//811 813//813 
f 826//826 811//811 824//824 
f 811//811 840//840 863//863 
f 838//838 840//840 811//811 
f 766//766 810//810 2469//2469 
f 766//766 811//811 819//819 
f 851//851 811//811 766//766 
f 766//766 819//819 810//810 
f 851//851 766//766 2518//2518 
f 899//899 845//845 849//849 
f 849//849 848//848 899//899 
f 899//899 843//843 845//845 
f 850//850 843//843 899//899 
f 899//899 867//867 850//850 
f 854//854 867//867 899//899 
f 860//860 867//867 854//854 
f 854//854 857//857 860//860 
f 854//854 874//874 857//857 
f 787//787 874//874 854//854 
f 787//787 856//856 2516//2516 
f 787//787 854//854 856//856 
f 787//787 873//873 874//874 
f 873//873 787//787 2514//2514 
f 896//896 888//888 879//879 
f 886//886 888//888 896//896 
f 881//881 869//869 877//877 
f 900//900 869//869 881//881 
f 896//896 894//894 892//892 
f 890//890 894//894 896//896 
f 896//896 900//900 881//881 
f 892//892 900//900 896//896 
f 879//879 890//890 896//896 
f 896//896 908//908 886//886 
f 898//898 908//908 896//896 
f 908//908 898//898 2468//2468 
f 2468//2468 907//907 908//908 
f 907//907 2468//2468 2508//2508 
f 915//915 903//903 904//904 
f 934//934 903//903 915//915 
f 915//915 932//932 918//918 
f 930//930 932//932 915//915 
f 915//915 919//919 934//934 
f 926//926 919//919 915//915 
f 915//915 924//924 926//926 
f 913//913 924//924 915//915 
f 915//915 921//921 913//913 
f 915//915 918//918 921//921 
f 915//915 906//906 2467//2467 
f 915//915 904//904 906//906 
f 2467//2467 914//914 915//915 
f 788//788 914//914 2467//2467 
f 914//914 788//788 2471//2471 
f 956//956 936//936 954//954 
f 917//917 937//937 950//950 
f 917//917 965//965 937//937 
f 937//937 956//956 958//958 
f 956//956 968//968 936//936 
f 956//956 967//967 968//968 
f 958//958 950//950 937//937 
f 937//937 967//967 956//956 
f 917//917 963//963 965//965 
f 789//789 963//963 917//917 
f 789//789 961//961 963//963 
f 789//789 943//943 2506//2506 
f 789//789 941//941 943//943 
f 789//789 959//959 961//961 
f 917//917 941//941 789//789 
f 974//974 978//978 980//980 
f 974//974 971//971 978//978 
f 982//982 974//974 980//980 
f 947//947 974//974 982//982 
f 947//947 972//972 974//974 
f 977//977 972//972 947//947 
f 974//974 1001//1001 971//971 
f 947//947 975//975 977//977 
f 947//947 998//998 975//975 
f 949//949 998//998 947//947 
f 790//790 949//949 947//947 
f 790//790 985//985 949//949 
f 790//790 947//947 944//944 
f 790//790 2500//2500 985//985 
f 944//944 2504//2504 790//790 
f 991//991 1036//1036 1007//1007 
f 1034//1034 1036//1036 991//991 
f 994//994 1031//1031 1033//1033 
f 970//970 1031//1031 994//994 
f 970//970 994//994 993//993 
f 991//991 1033//1033 1034//1034 
f 991//991 994//994 1033//1033 
f 991//991 1007//1007 1009//1009 
f 791//791 988//988 990//990 
f 991//991 988//988 791//791 
f 1009//1009 988//988 991//991 
f 791//791 990//990 2483//2483 
f 791//791 2498//2498 1012//1012 
f 791//791 1012//1012 991//991 
f 1066//1066 1020//1020 1022//1022 
f 1066//1066 1004//1004 1029//1029 
f 1026//1026 1004//1004 1066//1066 
f 1066//1066 1018//1018 1020//1020 
f 1041//1041 1018//1018 1066//1066 
f 1041//1041 1045//1045 1068//1068 
f 1045//1045 1041//1041 1066//1066 
f 1066//1066 1024//1024 1026//1026 
f 1022//1022 1024//1024 1066//1066 
f 1041//1041 1068//1068 1015//1015 
f 2482//2482 1041//1041 1017//1017 
f 1040//1040 1041//1041 2482//2482 
f 1015//1015 1017//1017 1041//1041 
f 1040//1040 2482//2482 2485//2485 
f 1059//1059 1047//1047 1049//1049 
f 1079//1079 1062//1062 1063//1063 
f 1052//1052 1062//1062 1079//1079 
f 1049//1049 1057//1057 1059//1059 
f 1055//1055 1057//1057 1049//1049 
f 1049//1049 1079//1079 1055//1055 
f 1038//1038 1079//1079 1049//1049 
f 1079//1079 1038//1038 1052//1052 
f 1079//1079 1099//1099 1043//1043 
f 1063//1063 1099//1099 1079//1079 
f 2494//2494 1079//1079 1053//1053 
f 792//792 1079//1079 2494//2494 
f 1102//1102 1079//1079 792//792 
f 1079//1079 1043//1043 1053//1053 
f 1088//1088 1078//1078 1073//1073 
f 1088//1088 1133//1133 1078//1078 
f 1133//1133 1083//1083 1093//1093 
f 1088//1088 1080//1080 1087//1087 
f 1088//1088 1073//1073 1080//1080 
f 1093//1093 1103//1103 1133//1133 
f 1133//1133 1082//1082 1083//1083 
f 1090//1090 1082//1082 1133//1133 
f 1090//1090 1133//1133 1088//1088 
f 786//786 1133//1133 1103//1103 
f 786//786 1076//1076 1077//1077 
f 786//786 1096//1096 1133//1133 
f 786//786 1077//1077 2453//2453 
f 1103//1103 1076//1076 786//786 
f 1096//1096 786//786 2481//2481 
f 1134//1134 1110//1110 1112//1112 
f 1137//1137 1110//1110 1134//1134 
f 1134//1134 1128//1128 1120//1120 
f 1134//1134 1115//1115 1118//1118 
f 1134//1134 1126//1126 1137//1137 
f 1128//1128 1134//1134 1118//1118 
f 1134//1134 1106//1106 1115//1115 
f 1107//1107 1106//1106 1134//1134 
f 1107//1107 1134//1134 1112//1112 
f 774//774 1134//1134 1109//1109 
f 1126//1126 1134//1134 774//774 
f 774//774 2101//2101 1123//1123 
f 774//774 1123//1123 1126//1126 
f 774//774 1136//1136 2097//2097 
f 1109//1109 1136//1136 774//774 
f 1154//1154 1171//1171 1143//1143 
f 1154//1154 1145//1145 1169//1169 
f 1131//1131 1145//1145 1154//1154 
f 1145//1145 1167//1167 1147//1147 
f 1145//1145 1131//1131 1167//1167 
f 1154//1154 1156//1156 1125//1125 
f 1158//1158 1156//1156 1154//1154 
f 1154//1154 1150//1150 1158//1158 
f 1143//1143 1150//1150 1154//1154 
f 1169//1169 1171//1171 1154//1154 
f 1154//1154 1125//1125 1130//1130 
f 1130//1130 1153//1153 1154//1154 
f 1153//1153 1130//1130 2397//2397 
f 1161//1161 1202//1202 1176//1176 
f 1161//1161 1141//1141 1202//1202 
f 1140//1140 1141//1141 1161//1161 
f 1202//1202 1204//1204 1176//1176 
f 1177//1177 1204//1204 1202//1202 
f 1202//1202 1179//1179 1181//1181 
f 1181//1181 1177//1177 1202//1202 
f 1161//1161 1166//1166 1140//1140 
f 1164//1164 1166//1166 1161//1161 
f 1161//1161 1182//1182 1164//1164 
f 1163//1163 1207//1207 1182//1182 
f 785//785 1207//1207 1163//1163 
f 1161//1161 1163//1163 1182//1182 
f 2398//2398 785//785 1163//1163 
f 1213//1213 1215//1215 1211//1211 
f 1213//1213 1197//1197 1215//1215 
f 1185//1185 1197//1197 1213//1213 
f 1191//1191 1197//1197 1185//1185 
f 1185//1185 1174//1174 1199//1199 
f 1185//1185 1188//1188 1174//1174 
f 1185//1185 1195//1195 1191//1191 
f 1195//1195 1185//1185 1199//1199 
f 1185//1185 1209//1209 1188//1188 
f 2430//2430 1209//1209 1187//1187 
f 775//775 1209//1209 2430//2430 
f 1185//1185 1187//1187 1209//1209 
f 775//775 1239//1239 1209//1209 
f 2431//2431 1239//1239 775//775 
f 1223//1223 1230//1230 1235//1235 
f 1229//1229 1230//1230 1223//1223 
f 1235//1235 1226//1226 1217//1217 
f 1234//1234 1226//1226 1235//1235 
f 1224//1224 1223//1223 1235//1235 
f 1235//1235 1221//1221 1224//1224 
f 1235//1235 1219//1219 1221//1221 
f 1217//1217 1219//1219 1235//1235 
f 1235//1235 1248//1248 1234//1234 
f 776//776 1235//1235 1237//1237 
f 1247//1247 1235//1235 776//776 
f 1248//1248 1235//1235 1247//1247 
f 1237//1237 1233//1233 776//776 
f 2426//2426 776//776 1233//1233 
f 776//776 2428//2428 1247//1247 
f 1254//1254 1256//1256 1251//1251 
f 1244//1244 1242//1242 1252//1252 
f 1244//1244 1268//1268 1242//1242 
f 1251//1251 1252//1252 1254//1254 
f 1244//1244 1252//1252 1251//1251 
f 1244//1244 1265//1265 1268//1268 
f 1244//1244 1263//1263 1265//1265 
f 1244//1244 1275//1275 1261//1261 
f 1273//1273 1275//1275 1244//1244 
f 1244//1244 1281//1281 1273//1273 
f 784//784 1244//1244 1272//1272 
f 1281//1281 1244//1244 784//784 
f 1261//1261 1263//1263 1244//1244 
f 784//784 1272//1272 2427//2427 
f 784//784 1280//1280 1281//1281 
f 784//784 1259//1259 1280//1280 
f 1309//1309 1287//1287 1302//1302 
f 1278//1278 1287//1287 1309//1309 
f 1295//1295 1287//1287 1278//1278 
f 1278//1278 1286//1286 1295//1295 
f 1287//1287 1300//1300 1302//1302 
f 1287//1287 1298//1298 1300//1300 
f 1303//1303 1298//1298 1287//1287 
f 1308//1308 1298//1298 1303//1303 
f 1308//1308 1303//1303 1306//1306 
f 1290//1290 1306//1306 2415//2415 
f 1306//1306 1304//1304 2415//2415 
f 1303//1303 1304//1304 1306//1306 
f 1290//1290 2415//2415 2421//2421 
f 1315//1315 1330//1330 1325//1325 
f 1343//1343 1330//1330 1315//1315 
f 1284//1284 1311//1311 1341//1341 
f 1339//1339 1311//1311 1284//1284 
f 1315//1315 1327//1327 1329//1329 
f 1325//1325 1327//1327 1315//1315 
f 1284//1284 1338//1338 1339//1339 
f 1284//1284 1317//1317 1338//1338 
f 1284//1284 1320//1320 1317//1317 
f 1284//1284 1315//1315 1329//1329 
f 1341//1341 1315//1315 1284//1284 
f 777//777 1293//1293 2422//2422 
f 777//777 1284//1284 1293//1293 
f 1320//1320 1284//1284 777//777 
f 777//777 1332//1332 1320//1320 
f 1332//1332 777//777 2424//2424 
f 1351//1351 1318//1318 1349//1349 
f 1351//1351 1334//1334 1318//1318 
f 1347//1347 1310//1310 1375//1375 
f 1318//1318 1310//1310 1347//1347 
f 1318//1318 1347//1347 1349//1349 
f 1366//1366 1373//1373 1361//1361 
f 1366//1366 1371//1371 1373//1373 
f 1366//1366 1377//1377 1371//1371 
f 1351//1351 1377//1377 1366//1366 
f 1351//1351 1366//1366 1334//1334 
f 1366//1366 1361//1361 1321//1321 
f 778//778 1366//1366 1321//1321 
f 778//778 1365//1365 1366//1366 
f 2472//2472 1365//1365 778//778 
f 778//778 1322//1322 2423//2423 
f 1321//1321 1322//1322 778//778 
f 1406//1406 1408//1408 1410//1410 
f 1406//1406 1384//1384 1408//1408 
f 1384//1384 1407//1407 1382//1382 
f 1406//1406 1407//1407 1384//1384 
f 1357//1357 1359//1359 1369//1369 
f 1406//1406 1369//1369 1359//1359 
f 1406//1406 1410//1410 1369//1369 
f 1369//1369 1356//1356 1357//1357 
f 1369//1369 1400//1400 1354//1354 
f 780//780 1400//1400 1369//1369 
f 1393//1393 1400//1400 780//780 
f 1354//1354 1356//1356 1369//1369 
f 780//780 1369//1369 1344//1344 
f 780//780 1344//1344 2487//2487 
f 2618//2618 1393//1393 780//780 
f 1391//1391 1440//1440 1417//1417 
f 1397//1397 1440//1440 1391//1391 
f 1391//1391 1398//1398 1397//1397 
f 1394//1394 1398//1398 1391//1391 
f 1419//1419 1387//1387 1389//1389 
f 1399//1399 1387//1387 1419//1419 
f 1419//1419 1391//1391 1417//1417 
f 1389//1389 1391//1391 1419//1419 
f 1419//1419 1415//1415 1399//1399 
f 1402//1402 1415//1415 1419//1419 
f 1404//1404 1414//1414 1415//1415 
f 781//781 1379//1379 2473//2473 
f 781//781 1404//1404 1379//1379 
f 1414//1414 1404//1404 781//781 
f 1402//1402 1404//1404 1415//1415 
f 1434//1434 1422//1422 1425//1425 
f 1420//1420 1422//1422 1434//1434 
f 1434//1434 1475//1475 1420//1420 
f 1435//1435 1475//1475 1434//1434 
f 1475//1475 1412//1412 1444//1444 
f 1475//1475 1427//1427 1412//1412 
f 1437//1437 1427//1427 1475//1475 
f 1475//1475 1432//1432 1437//1437 
f 1432//1432 1475//1475 1435//1435 
f 1444//1444 2612//2612 1474//1474 
f 1474//1474 1475//1475 1444//1444 
f 2612//2612 1444//1444 1413//1413 
f 2612//2612 1413//1413 2614//2614 
f 1470//1470 1464//1464 1449//1449 
f 1462//1462 1464//1464 1470//1470 
f 1446//1446 1478//1478 1479//1479 
f 1470//1470 1458//1458 1462//1462 
f 1446//1446 1453//1453 1478//1478 
f 1446//1446 1470//1470 1453//1453 
f 1459//1459 1470//1470 1446//1446 
f 1470//1470 1456//1456 1458//1458 
f 1456//1456 1470//1470 1459//1459 
f 779//779 1470//1470 1449//1449 
f 1469//1469 1470//1470 779//779 
f 2608//2608 1469//1469 779//779 
f 1449//1449 1451//1451 779//779 
f 779//779 1452//1452 2475//2475 
f 1451//1451 1452//1452 779//779 
f 1499//1499 1507//1507 1509//1509 
f 1487//1487 1507//1507 1499//1499 
f 1499//1499 1483//1483 1481//1481 
f 1512//1512 1483//1483 1499//1499 
f 1499//1499 1511//1511 1512//1512 
f 1509//1509 1511//1511 1499//1499 
f 1499//1499 1490//1490 1496//1496 
f 1499//1499 1488//1488 1490//1490 
f 1481//1481 1488//1488 1499//1499 
f 1499//1499 1498//1498 1471//1471 
f 1496//1496 1498//1498 1499//1499 
f 782//782 1499//1499 1471//1471 
f 782//782 1493//1493 1499//1499 
f 782//782 1486//1486 2606//2606 
f 782//782 1471//1471 1486//1486 
f 1542//1542 1516//1516 1505//1505 
f 1544//1544 1516//1516 1542//1542 
f 1531//1531 1520//1520 1546//1546 
f 1518//1518 1520//1520 1531//1531 
f 1516//1516 1506//1506 1505//1505 
f 1516//1516 1531//1531 1506//1506 
f 1518//1518 1531//1531 1516//1516 
f 1531//1531 1523//1523 1502//1502 
f 1531//1531 1515//1515 1523//1523 
f 1515//1515 1531//1531 1546//1546 
f 783//783 1531//1531 1502//1502 
f 783//783 1525//1525 1531//1531 
f 1502//1502 1480//1480 783//783 
f 2604//2604 783//783 1480//1480 
f 1527//1527 1551//1551 1553//1553 
f 1527//1527 1578//1578 1551//1551 
f 1527//1527 1555//1555 1578//1578 
f 1576//1576 1555//1555 1527//1527 
f 1527//1527 1535//1535 1536//1536 
f 1514//1514 1535//1535 1527//1527 
f 1527//1527 1539//1539 1514//1514 
f 1527//1527 1537//1537 1576//1576 
f 1536//1536 1537//1537 1527//1527 
f 1527//1527 1533//1533 1539//1539 
f 1533//1533 1527//1527 1529//1529 
f 2456//2456 1533//1533 1529//1529 
f 2456//2456 1581//1581 1533//1533 
f 2596//2596 1581//1581 2456//2456 
f 1587//1587 1609//1609 1557//1557 
f 1587//1587 1585//1585 1609//1609 
f 1587//1587 1573//1573 1585//1585 
f 1587//1587 1561//1561 1573//1573 
f 1587//1587 1570//1570 1561//1561 
f 1562//1562 1570//1570 1587//1587 
f 1562//1562 1560//1560 1574//1574 
f 1562//1562 1569//1569 1560//1560 
f 1562//1562 1567//1567 1569//1569 
f 1587//1587 1567//1567 1562//1562 
f 1562//1562 1574//1574 1564//1564 
f 1587//1587 1557//1557 1566//1566 
f 807//807 1587//1587 1566//1566 
f 807//807 1613//1613 1587//1587 
f 2598//2598 807//807 1566//1566 
f 807//807 2594//2594 1613//1613 
f 1646//1646 1606//1606 1614//1614 
f 1602//1602 1606//1606 1646//1646 
f 1646//1646 1600//1600 1602//1602 
f 1646//1646 1598//1598 1600//1600 
f 1582//1582 1598//1598 1646//1646 
f 1646//1646 1592//1592 1594//1594 
f 1590//1590 1592//1592 1646//1646 
f 1646//1646 1596//1596 1582//1582 
f 1608//1608 1596//1596 1646//1646 
f 1608//1608 1646//1646 1594//1594 
f 1646//1646 2454//2454 804//804 
f 1583//1583 2454//2454 1646//1646 
f 1614//1614 1583//1583 1646//1646 
f 1645//1645 1646//1646 804//804 
f 804//804 1605//1605 1645//1645 
f 1627//1627 1635//1635 1623//1623 
f 1625//1625 1635//1635 1627//1627 
f 1627//1627 1632//1632 1625//1625 
f 1623//1623 1616//1616 1627//1627 
f 1641//1641 1616//1616 1623//1623 
f 1623//1623 1639//1639 1641//1641 
f 1637//1637 1639//1639 1623//1623 
f 1623//1623 1649//1649 1637//1637 
f 1648//1648 1649//1649 1623//1623 
f 1623//1623 1630//1630 1644//1644 
f 1644//1644 1648//1648 1623//1623 
f 805//805 1623//1623 1643//1643 
f 1630//1630 1623//1623 805//805 
f 805//805 1629//1629 1630//1630 
f 2590//2590 805//805 1643//1643 
f 1655//1655 1659//1659 1661//1661 
f 1675//1675 1659//1659 1655//1655 
f 1655//1655 1674//1674 1675//1675 
f 1651//1651 1656//1656 1652//1652 
f 1679//1679 1656//1656 1651//1651 
f 1650//1650 1655//1655 1651//1651 
f 1679//1679 1651//1651 1655//1655 
f 1650//1650 1674//1674 1655//1655 
f 1677//1677 1655//1655 1661//1661 
f 1677//1677 1662//1662 1655//1655 
f 806//806 1654//1654 2588//2588 
f 806//806 1677//1677 1654//1654 
f 1662//1662 1677//1677 806//806 
f 806//806 1663//1663 1662//1662 
f 1671//1671 1663//1663 806//806 
f 1696//1696 1711//1711 1713//1713 
f 1713//1713 1715//1715 1696//1696 
f 1697//1697 1690//1690 1711//1711 
f 1699//1699 1690//1690 1697//1697 
f 1696//1696 1697//1697 1711//1711 
f 1667//1667 1688//1688 1690//1690 
f 1667//1667 1686//1686 1688//1688 
f 1668//1668 1686//1686 1667//1667 
f 1667//1667 1710//1710 1668//1668 
f 1699//1699 1667//1667 1690//1690 
f 1710//1710 1667//1667 2584//2584 
f 1704//1704 1710//1710 2584//2584 
f 2584//2584 1702//1702 1704//1704 
f 1694//1694 1746//1746 1720//1720 
f 1694//1694 1725//1725 1746//1746 
f 1723//1723 1706//1706 1707//1707 
f 1694//1694 1723//1723 1725//1725 
f 1694//1694 1718//1718 1685//1685 
f 1694//1694 1719//1719 1718//1718 
f 1694//1694 1749//1749 1719//1719 
f 1722//1722 1749//1749 1694//1694 
f 1722//1722 1694//1694 1720//1720 
f 1694//1694 1706//1706 1723//1723 
f 830//830 1694//1694 1685//1685 
f 830//830 1730//1730 1694//1694 
f 2578//2578 1730//1730 830//830 
f 830//830 1685//1685 1693//1693 
f 830//830 1693//1693 2580//2580 
f 1731//1731 1738//1738 1740//1740 
f 1736//1736 1738//1738 1731//1731 
f 1743//1743 1731//1731 1742//1742 
f 1785//1785 1731//1731 1743//1743 
f 1731//1731 1740//1740 1742//1742 
f 1785//1785 1757//1757 1780//1780 
f 1785//1785 1755//1755 1757//1757 
f 1758//1758 1785//1785 1743//1743 
f 1755//1755 1785//1785 1758//1758 
f 1785//1785 1782//1782 1733//1733 
f 1780//1780 1782//1782 1785//1785 
f 831//831 1733//1733 1728//1728 
f 1785//1785 1733//1733 831//831 
f 831//831 1754//1754 1785//1785 
f 2459//2459 831//831 1728//1728 
f 1772//1772 1763//1763 1765//1765 
f 1772//1772 1753//1753 1763//1763 
f 1778//1778 1753//1753 1772//1772 
f 1778//1778 1772//1772 1774//1774 
f 1778//1778 1791//1791 1793//1793 
f 1778//1778 1760//1760 1769//1769 
f 1766//1766 1760//1760 1778//1778 
f 1778//1778 1769//1769 1791//1791 
f 1774//1774 1766//1766 1778//1778 
f 1775//1775 1778//1778 1793//1793 
f 1775//1775 827//827 1778//1778 
f 827//827 1817//1817 1778//1778 
f 2458//2458 1817//1817 827//827 
f 2574//2574 827//827 1777//1777 
f 1775//1775 1777//1777 827//827 
f 2126//2126 1808//1808 1810//1810 
f 1800//1800 1796//1796 1798//1798 
f 1794//1794 1796//1796 1800//1800 
f 2126//2126 1802//1802 1808//1808 
f 1800//1800 1802//1802 2126//2126 
f 1800//1800 2126//2126 1819//1819 
f 1800//1800 1788//1788 1794//1794 
f 1819//1819 1788//1788 1800//1800 
f 2126//2126 1805//1805 1813//1813 
f 1810//1810 1805//1805 2126//2126 
f 2570//2570 2126//2126 1813//1813 
f 2570//2570 1811//1811 2126//2126 
f 2570//2570 2566//2566 1811//1811 
f 2127//2127 66//66 69//69 
f 81//81 78//78 2132//2132 
f 81//81 67//67 73//73 
f 2127//2127 67//67 81//81 
f 69//69 67//67 2127//2127 
f 81//81 75//75 78//78 
f 72//72 75//75 81//81 
f 73//73 72//72 81//81 
f 81//81 2133//2133 2128//2128 
f 2132//2132 2133//2133 81//81 
f 828//828 81//81 2128//2128 
f 828//828 2134//2134 81//81 
f 828//828 2461//2461 2134//2134 
f 2128//2128 64//64 828//828 
f 2457//2457 828//828 64//64 
f 85//85 86//86 2137//2137 
f 85//85 99//99 86//86 
f 96//96 2140//2140 85//85 
f 93//93 96//96 85//85 
f 85//85 94//94 93//93 
f 85//85 91//91 88//88 
f 2137//2137 91//91 85//85 
f 85//85 88//88 94//94 
f 829//829 2460//2460 2141//2141 
f 85//85 2135//2135 829//829 
f 829//829 99//99 85//85 
f 2141//2141 99//99 829//829 
f 2135//2135 2562//2562 829//829 
f 107//107 115//115 118//118 
f 107//107 2147//2147 3//3 
f 118//118 2147//2147 107//107 
f 107//107 116//116 115//115 
f 2146//2146 116//116 107//107 
f 112//112 2142//2142 109//109 
f 112//112 107//107 2142//2142 
f 107//107 111//111 2146//2146 
f 112//112 111//111 107//107 
f 8//8 104//104 802//802 
f 104//104 107//107 3//3 
f 8//8 107//107 104//104 
f 104//104 2143//2143 802//802 
f 4//4 8//8 802//802 
f 2560//2560 802//802 2143//2143 
f 14//14 2151//2151 16//16 
f 14//14 12//12 2151//2151 
f 14//14 9//9 12//12 
f 14//14 29//29 9//9 
f 17//17 29//29 14//14 
f 29//29 25//25 2150//2150 
f 29//29 2154//2154 25//25 
f 29//29 19//19 2154//2154 
f 29//29 22//22 19//19 
f 17//17 22//22 29//29 
f 2150//2150 803//803 29//29 
f 803//803 10//10 2463//2463 
f 10//10 803//803 2150//2150 
f 803//803 2556//2556 26//26 
f 803//803 26//26 29//29 
f 46//46 2117//2117 45//45 
f 2116//2116 2117//2117 46//46 
f 40//40 37//37 42//42 
f 39//39 37//37 40//40 
f 46//46 35//35 2116//2116 
f 46//46 33//33 35//35 
f 46//46 51//51 33//33 
f 2114//2114 51//51 46//46 
f 2117//2117 40//40 45//45 
f 39//39 40//40 2117//2117 
f 51//51 28//28 2462//2462 
f 2462//2462 47//47 51//51 
f 51//51 2114//2114 28//28 
f 2208//2208 2156//2156 2206//2206 
f 2123//2123 2213//2213 2210//2210 
f 2208//2208 2123//2123 2210//2210 
f 2206//2206 2123//2123 2208//2208 
f 2123//2123 2215//2215 2213//2213 
f 2123//2123 2125//2125 2215//2215 
f 2123//2123 58//58 2125//2125 
f 57//57 58//58 2123//2123 
f 2123//2123 55//55 57//57 
f 2202//2202 55//55 2123//2123 
f 832//832 2202//2202 2123//2123 
f 2123//2123 53//53 832//832 
f 832//832 2203//2203 2202//2202 
f 832//832 54//54 2552//2552 
f 53//53 54//54 832//832 
f 2176//2176 2182//2182 2180//2180 
f 2184//2184 2182//2182 2176//2176 
f 2196//2196 2190//2190 2188//2188 
f 2192//2192 2190//2190 2196//2196 
f 2196//2196 2194//2194 2192//2192 
f 2176//2176 2186//2186 2184//2184 
f 2188//2188 2157//2157 2196//2196 
f 2176//2176 2157//2157 2188//2188 
f 2176//2176 2188//2188 2186//2186 
f 2198//2198 2176//2176 2180//2180 
f 833//833 2176//2176 2198//2198 
f 833//833 2177//2177 2176//2176 
f 2177//2177 833//833 2546//2546 
f 2198//2198 2550//2550 833//833 
f 2160//2160 2162//2162 2158//2158 
f 2160//2160 2165//2165 2164//2164 
f 2165//2165 2219//2219 2221//2221 
f 2160//2160 2219//2219 2165//2165 
f 2164//2164 2162//2162 2160//2160 
f 2173//2173 2168//2168 2165//2165 
f 2173//2173 2171//2171 2168//2168 
f 2225//2225 2171//2171 2173//2173 
f 801//801 2170//2170 2544//2544 
f 801//801 2173//2173 2170//2170 
f 2225//2225 2173//2173 801//801 
f 2221//2221 2173//2173 2165//2165 
f 2224//2224 2225//2225 801//801 
f 2450//2450 2224//2224 801//801 
f 2241//2241 2243//2243 2245//2245 
f 2241//2241 2251//2251 2239//2239 
f 2241//2241 2249//2249 2251//2251 
f 2251//2251 2237//2237 2239//2239 
f 2235//2235 2237//2237 2251//2251 
f 2251//2251 2233//2233 2235//2235 
f 2231//2231 2233//2233 2251//2251 
f 2247//2247 2241//2241 2245//2245 
f 2249//2249 2241//2241 2247//2247 
f 2231//2231 2251//2251 2228//2228 
f 2254//2254 2230//2230 2542//2542 
f 2256//2256 2231//2231 2228//2228 
f 2254//2254 2256//2256 2228//2228 
f 2230//2230 2254//2254 2228//2228 
f 2331//2331 2272//2272 2274//2274 
f 2268//2268 2264//2264 2266//2266 
f 2268//2268 2262//2262 2264//2264 
f 2268//2268 2331//2331 2262//2262 
f 2331//2331 2217//2217 2324//2324 
f 2331//2331 2276//2276 2217//2217 
f 2331//2331 2270//2270 2272//2272 
f 2268//2268 2270//2270 2331//2331 
f 2331//2331 2324//2324 2326//2326 
f 2274//2274 2276//2276 2331//2331 
f 2259//2259 2330//2330 2331//2331 
f 808//808 2330//2330 2259//2259 
f 2330//2330 808//808 2536//2536 
f 808//808 2261//2261 2478//2478 
f 2326//2326 2259//2259 2331//2331 
f 808//808 2259//2259 2261//2261 
f 2311//2311 2304//2304 2305//2305 
f 2311//2311 2320//2320 2322//2322 
f 2318//2318 2320//2320 2311//2311 
f 2316//2316 2278//2278 2314//2314 
f 2337//2337 2278//2278 2316//2316 
f 2316//2316 2311//2311 2337//2337 
f 2311//2311 2322//2322 2304//2304 
f 2311//2311 2316//2316 2318//2318 
f 2311//2311 2307//2307 2334//2334 
f 2305//2305 2307//2307 2311//2311 
f 809//809 2311//2311 2334//2334 
f 809//809 2310//2310 2311//2311 
f 2532//2532 2310//2310 809//809 
f 809//809 2336//2336 2477//2477 
f 809//809 2334//2334 2336//2336 
f 2281//2281 2300//2300 2302//2302 
f 2281//2281 2298//2298 2300//2300 
f 2296//2296 2298//2298 2281//2281 
f 2296//2296 2287//2287 2289//2289 
f 2296//2296 2291//2291 2293//2293 
f 2296//2296 2285//2285 2287//2287 
f 2283//2283 2285//2285 2296//2296 
f 2289//2289 2291//2291 2296//2296 
f 2296//2296 2281//2281 2283//2283 
f 2293//2293 2295//2295 2296//2296 
f 2296//2296 2534//2534 814//814 
f 2295//2295 2534//2534 2296//2296 
f 814//814 2355//2355 2357//2357 
f 814//814 2480//2480 2355//2355 
f 814//814 2357//2357 2296//2296 
f 2376//2376 2371//2371 2387//2387 
f 2369//2369 2371//2371 2376//2376 
f 2376//2376 2367//2367 2369//2369 
f 2385//2385 2367//2367 2376//2376 
f 2377//2377 2379//2379 2381//2381 
f 2381//2381 2392//2392 2377//2377 
f 2376//2376 2383//2383 2385//2385 
f 2376//2376 2381//2381 2383//2383 
f 2390//2390 2381//2381 2376//2376 
f 2392//2392 2381//2381 2390//2390 
f 2387//2387 815//815 2376//2376 
f 815//815 2375//2375 2376//2376 
f 2387//2387 2389//2389 815//815 
f 2530//2530 815//815 2389//2389 
f 2375//2375 815//815 2528//2528 
f 2439//2439 2364//2364 2366//2366 
f 2362//2362 2364//2364 2439//2439 
f 2439//2439 2354//2354 2359//2359 
f 2439//2439 2352//2352 2354//2354 
f 2439//2439 2350//2350 2352//2352 
f 2439//2439 2348//2348 2350//2350 
f 2439//2439 2340//2340 2342//2342 
f 2366//2366 2340//2340 2439//2439 
f 2439//2439 2346//2346 2348//2348 
f 2439//2439 2344//2344 2346//2346 
f 2439//2439 2342//2342 2344//2344 
f 2361//2361 2412//2412 2439//2439 
f 2439//2439 2359//2359 2361//2361 
f 2361//2361 2484//2484 2412//2412 
f 2484//2484 2361//2361 2479//2479 
f 2410//2410 2406//2406 2408//2408 
f 2448//2448 2406//2406 2410//2410 
f 2448//2448 2437//2437 2406//2406 
f 2448//2448 2435//2435 2437//2437 
f 2435//2435 2418//2418 2432//2432 
f 2447//2447 2418//2418 2435//2435 
f 2435//2435 2445//2445 2447//2447 
f 2435//2435 2443//2443 2445//2445 
f 2395//2395 2443//2443 2435//2435 
f 2395//2395 2435//2435 2448//2448 
f 2432//2432 2402//2402 2435//2435 
f 816//816 2402//2402 2432//2432 
f 2403//2403 2402//2402 816//816 
f 816//816 2434//2434 2524//2524 
f 2520//2520 2403//2403 816//816 
f 2432//2432 2434//2434 816//816 
f 820//820 819//819 818//818 
f 820//820 810//810 819//819 
f 2593//2593 810//810 820//820 
f 2593//2593 2469//2469 810//810 
f 812//812 811//811 852//852 
f 812//812 813//813 811//811 
f 821//821 813//813 812//812 
f 821//821 822//822 813//813 
f 823//823 822//822 821//821 
f 823//823 824//824 822//822 
f 825//825 824//824 823//823 
f 825//825 826//826 824//824 
f 817//817 826//826 825//825 
f 800//800 826//826 817//817 
f 800//800 861//861 826//826 
f 862//862 861//861 800//800 
f 862//862 838//838 861//861 
f 839//839 838//838 862//862 
f 839//839 840//840 838//838 
f 841//841 840//840 839//839 
f 841//841 863//863 840//840 
f 864//864 863//863 841//841 
f 864//864 837//837 863//863 
f 865//865 837//837 864//864 
f 865//865 819//819 837//837 
f 818//818 819//819 865//865 
f 858//858 2518//2518 866//866 
f 858//858 851//851 2518//2518 
f 852//852 851//851 858//858 
f 852//852 811//811 851//851 
f 866//866 2516//2516 2095//2095 
f 2518//2518 2516//2516 866//866 
f 855//855 854//854 853//853 
f 855//855 856//856 854//854 
f 2095//2095 856//856 855//855 
f 2095//2095 2516//2516 856//856 
f 895//895 857//857 874//874 
f 859//859 857//857 895//895 
f 859//859 860//860 857//857 
f 834//834 860//860 859//859 
f 834//834 867//867 860//860 
f 835//835 867//867 834//834 
f 835//835 850//850 867//867 
f 836//836 850//850 835//835 
f 842//842 850//850 836//836 
f 842//842 843//843 850//850 
f 844//844 843//843 842//842 
f 844//844 845//845 843//843 
f 846//846 845//845 844//844 
f 846//846 849//849 845//845 
f 847//847 849//849 846//846 
f 847//847 848//848 849//849 
f 875//875 848//848 847//847 
f 875//875 899//899 848//848 
f 870//870 899//899 875//875 
f 870//870 854//854 899//899 
f 853//853 854//854 870//870 
f 872//872 2514//2514 871//871 
f 872//872 873//873 2514//2514 
f 895//895 873//873 872//872 
f 895//895 874//874 873//873 
f 871//871 2512//2512 2599//2599 
f 2514//2514 2512//2512 871//871 
f 897//897 898//898 896//896 
f 885//885 898//898 897//897 
f 885//885 2468//2468 898//898 
f 2599//2599 2468//2468 885//885 
f 2599//2599 2512//2512 2468//2468 
f 909//909 886//886 908//908 
f 887//887 886//886 909//909 
f 887//887 888//888 886//886 
f 889//889 888//888 887//887 
f 889//889 879//879 888//888 
f 880//880 879//879 889//889 
f 880//880 890//890 879//879 
f 891//891 890//890 880//880 
f 891//891 894//894 890//890 
f 893//893 894//894 891//891 
f 893//893 892//892 894//894 
f 893//893 900//900 892//892 
f 901//901 900//900 893//893 
f 901//901 869//869 900//900 
f 876//876 869//869 901//901 
f 876//876 877//877 869//869 
f 878//878 877//877 876//876 
f 878//878 881//881 877//877 
f 882//882 881//881 878//878 
f 882//882 896//896 881//881 
f 868//868 896//896 882//882 
f 897//897 896//896 868//868 
f 884//884 2508//2508 883//883 
f 884//884 907//907 2508//2508 
f 909//909 907//907 884//884 
f 909//909 908//908 907//907 
f 883//883 2467//2467 2094//2094 
f 2508//2508 2467//2467 883//883 
f 905//905 904//904 929//929 
f 905//905 906//906 904//904 
f 2094//2094 906//906 905//905 
f 2094//2094 2467//2467 906//906 
f 902//902 930//930 915//915 
f 931//931 930//930 902//902 
f 931//931 932//932 930//930 
f 933//933 932//932 931//931 
f 933//933 918//918 932//932 
f 920//920 918//918 933//933 
f 920//920 921//921 918//918 
f 922//922 921//921 920//920 
f 922//922 913//913 921//921 
f 923//923 913//913 922//922 
f 923//923 924//924 913//913 
f 925//925 924//924 923//923 
f 925//925 926//926 924//924 
f 927//927 926//926 925//925 
f 927//927 919//919 926//926 
f 928//928 919//919 927//927 
f 928//928 934//934 919//919 
f 935//935 934//934 928//928 
f 935//935 903//903 934//934 
f 910//910 903//903 935//935 
f 910//910 904//904 903//903 
f 929//929 904//904 910//910 
f 912//912 2471//2471 911//911 
f 912//912 914//914 2471//2471 
f 902//902 914//914 912//912 
f 902//902 915//915 914//914 
f 911//911 2506//2506 2601//2601 
f 2471//2471 2506//2506 911//911 
f 940//940 917//917 916//916 
f 940//940 941//941 917//917 
f 942//942 941//941 940//940 
f 942//942 943//943 941//941 
f 2601//2601 943//943 942//942 
f 2601//2601 2506//2506 943//943 
f 964//964 963//963 962//962 
f 964//964 965//965 963//963 
f 966//966 965//965 964//964 
f 966//966 937//937 965//965 
f 938//938 937//937 966//966 
f 938//938 967//967 937//937 
f 939//939 967//967 938//938 
f 969//969 967//967 939//939 
f 969//969 968//968 967//967 
f 969//969 936//936 968//968 
f 953//953 936//936 969//969 
f 953//953 954//954 936//936 
f 955//955 954//954 953//953 
f 955//955 956//956 954//954 
f 957//957 956//956 955//955 
f 957//957 958//958 956//956 
f 946//946 958//958 957//957 
f 946//946 950//950 958//958 
f 951//951 950//950 946//946 
f 951//951 917//917 950//950 
f 916//916 917//917 951//951 
f 952//952 2470//2470 2603//2603 
f 952//952 959//959 2470//2470 
f 960//960 959//959 952//952 
f 960//960 961//961 959//959 
f 962//962 961//961 960//960 
f 962//962 963//963 961//961 
f 2603//2603 2502//2502 2605//2605 
f 2470//2470 2502//2502 2603//2603 
f 948//948 947//947 945//945 
f 948//948 944//944 947//947 
f 948//948 2504//2504 944//944 
f 2605//2605 2504//2504 948//948 
f 2605//2605 2502//2502 2504//2504 
f 997//997 949//949 986//986 
f 997//997 998//998 949//949 
f 999//999 998//998 997//997 
f 999//999 975//975 998//998 
f 976//976 975//975 999//999 
f 976//976 977//977 975//975 
f 973//973 977//977 976//976 
f 973//973 972//972 977//977 
f 973//973 974//974 972//972 
f 1000//1000 974//974 973//973 
f 1000//1000 1001//1001 974//974 
f 1002//1002 1001//1001 1000//1000 
f 1002//1002 971//971 1001//1001 
f 1003//1003 971//971 1002//1002 
f 1003//1003 978//978 971//971 
f 979//979 978//978 1003//1003 
f 979//979 980//980 978//978 
f 981//981 980//980 979//979 
f 981//981 982//982 980//980 
f 945//945 982//982 981//981 
f 945//945 947//947 982//982 
f 984//984 2500//2500 983//983 
f 984//984 985//985 2500//2500 
f 986//986 985//985 984//984 
f 986//986 949//949 985//985 
f 983//983 2483//2483 2096//2096 
f 2500//2500 2483//2483 983//983 
f 989//989 988//988 987//987 
f 989//989 990//990 988//988 
f 2607//2607 990//990 989//989 
f 2607//2607 2483//2483 990//990 
f 2096//2096 2483//2483 2607//2607 
f 992//992 991//991 1013//1013 
f 992//992 994//994 991//991 
f 995//995 994//994 992//992 
f 995//995 993//993 994//994 
f 996//996 993//993 995//995 
f 996//996 970//970 993//993 
f 1011//1011 970//970 996//996 
f 1011//1011 1031//1031 970//970 
f 1032//1032 1031//1031 1011//1011 
f 1032//1032 1033//1033 1031//1031 
f 1035//1035 1033//1033 1032//1032 
f 1035//1035 1034//1034 1033//1033 
f 1035//1035 1036//1036 1034//1034 
f 1006//1006 1036//1036 1035//1035 
f 1006//1006 1007//1007 1036//1036 
f 1008//1008 1007//1007 1006//1006 
f 1008//1008 1009//1009 1007//1007 
f 1010//1010 1009//1009 1008//1008 
f 1010//1010 988//988 1009//1009 
f 987//987 988//988 1010//1010 
f 1005//1005 2498//2498 2611//2611 
f 1005//1005 1012//1012 2498//2498 
f 1037//1037 1012//1012 1005//1005 
f 1013//1013 1012//1012 1037//1037 
f 1013//1013 991//991 1012//1012 
f 2611//2611 2482//2482 2609//2609 
f 2498//2498 2482//2482 2611//2611 
f 1014//1014 1068//1068 1069//1069 
f 1014//1014 1015//1015 1068//1068 
f 1016//1016 1015//1015 1014//1014 
f 1016//1016 1017//1017 1015//1015 
f 2609//2609 1017//1017 1016//1016 
f 2609//2609 2482//2482 1017//1017 
f 1071//1071 1018//1018 1041//1041 
f 1019//1019 1018//1018 1071//1071 
f 1019//1019 1020//1020 1018//1018 
f 1021//1021 1020//1020 1019//1019 
f 1021//1021 1022//1022 1020//1020 
f 1023//1023 1022//1022 1021//1021 
f 1023//1023 1024//1024 1022//1022 
f 1025//1025 1024//1024 1023//1023 
f 1025//1025 1026//1026 1024//1024 
f 1027//1027 1026//1026 1025//1025 
f 1027//1027 1004//1004 1026//1026 
f 1030//1030 1004//1004 1027//1027 
f 1030//1030 1029//1029 1004//1004 
f 1028//1028 1029//1029 1030//1030 
f 1065//1065 1029//1029 1028//1028 
f 1065//1065 1066//1066 1029//1029 
f 1044//1044 1066//1066 1065//1065 
f 1044//1044 1045//1045 1066//1066 
f 1067//1067 1045//1045 1044//1044 
f 1067//1067 1068//1068 1045//1045 
f 1069//1069 1068//1068 1067//1067 
f 1039//1039 2485//2485 1070//1070 
f 1039//1039 1040//1040 2485//2485 
f 1071//1071 1040//1040 1039//1039 
f 1071//1071 1041//1041 1040//1040 
f 1070//1070 2489//2489 2084//2084 
f 2485//2485 2489//2489 1070//1070 
f 1054//1054 1043//1043 1042//1042 
f 1054//1054 1053//1053 1043//1043 
f 1054//1054 2494//2494 1053//1053 
f 2084//2084 2494//2494 1054//1054 
f 2084//2084 2489//2489 2494//2494 
f 1104//1104 1055//1055 1079//1079 
f 1056//1056 1055//1055 1104//1104 
f 1056//1056 1057//1057 1055//1055 
f 1060//1060 1057//1057 1056//1056 
f 1060//1060 1059//1059 1057//1057 
f 1046//1046 1059//1059 1060//1060 
f 1046//1046 1047//1047 1059//1059 
f 1048//1048 1047//1047 1046//1046 
f 1048//1048 1049//1049 1047//1047 
f 1050//1050 1049//1049 1048//1048 
f 1050//1050 1038//1038 1049//1049 
f 1051//1051 1038//1038 1050//1050 
f 1051//1051 1052//1052 1038//1038 
f 1061//1061 1052//1052 1051//1051 
f 1061//1061 1062//1062 1052//1052 
f 1058//1058 1062//1062 1061//1061 
f 1058//1058 1063//1063 1062//1062 
f 1064//1064 1063//1063 1058//1058 
f 1064//1064 1099//1099 1063//1063 
f 1100//1100 1099//1099 1064//1064 
f 1100//1100 1043//1043 1099//1099 
f 1042//1042 1043//1043 1100//1100 
f 2613//2613 1102//1102 2491//2491 
f 1101//1101 1102//1102 2613//2613 
f 1074//1074 1102//1102 1101//1101 
f 1074//1074 1079//1079 1102//1102 
f 1104//1104 1079//1079 1074//1074 
f 2613//2613 2453//2453 2615//2615 
f 2491//2491 2453//2453 2613//2613 
f 1075//1075 1076//1076 1103//1103 
f 2078//2078 1076//1076 1075//1075 
f 2078//2078 1077//1077 1076//1076 
f 2078//2078 2453//2453 1077//1077 
f 2615//2615 2453//2453 2078//2078 
f 1098//1098 1078//1078 1133//1133 
f 1098//1098 1073//1073 1078//1078 
f 1105//1105 1073//1073 1098//1098 
f 1105//1105 1080//1080 1073//1073 
f 1085//1085 1080//1080 1105//1105 
f 1085//1085 1087//1087 1080//1080 
f 1086//1086 1087//1087 1085//1085 
f 1089//1089 1087//1087 1086//1086 
f 1089//1089 1088//1088 1087//1087 
f 1089//1089 1090//1090 1088//1088 
f 1081//1081 1090//1090 1089//1089 
f 1081//1081 1082//1082 1090//1090 
f 1072//1072 1082//1082 1081//1081 
f 1072//1072 1083//1083 1082//1082 
f 1084//1084 1083//1083 1072//1072 
f 1084//1084 1093//1093 1083//1083 
f 1094//1094 1093//1093 1084//1084 
f 1094//1094 1103//1103 1093//1093 
f 1092//1092 1103//1103 1094//1094 
f 1075//1075 1103//1103 1092//1092 
f 1091//1091 2481//2481 1095//1095 
f 1091//1091 1096//1096 2481//2481 
f 1097//1097 1096//1096 1091//1091 
f 1097//1097 1133//1133 1096//1096 
f 1098//1098 1133//1133 1097//1097 
f 1095//1095 2097//2097 2079//2079 
f 2481//2481 2097//2097 1095//1095 
f 1135//1135 1109//1109 1134//1134 
f 2617//2617 1109//1109 1135//1135 
f 2617//2617 1136//1136 1109//1109 
f 2617//2617 2097//2097 1136//1136 
f 2079//2079 2097//2097 2617//2617 
f 1124//1124 1137//1137 1126//1126 
f 1138//1138 1137//1137 1124//1124 
f 1138//1138 1110//1110 1137//1137 
f 1111//1111 1110//1110 1138//1138 
f 1111//1111 1112//1112 1110//1110 
f 1113//1113 1112//1112 1111//1111 
f 1113//1113 1107//1107 1112//1112 
f 1108//1108 1107//1107 1113//1113 
f 1139//1139 1107//1107 1108//1108 
f 1139//1139 1106//1106 1107//1107 
f 1114//1114 1106//1106 1139//1139 
f 1114//1114 1115//1115 1106//1106 
f 1117//1117 1115//1115 1114//1114 
f 1117//1117 1118//1118 1115//1115 
f 1127//1127 1118//1118 1117//1117 
f 1127//1127 1128//1128 1118//1118 
f 1119//1119 1128//1128 1127//1127 
f 1119//1119 1120//1120 1128//1128 
f 1121//1121 1120//1120 1119//1119 
f 1121//1121 1134//1134 1120//1120 
f 1135//1135 1134//1134 1121//1121 
f 1122//1122 2101//2101 2486//2486 
f 1122//1122 1123//1123 2101//2101 
f 1124//1124 1123//1123 1122//1122 
f 1124//1124 1126//1126 1123//1123 
f 2486//2486 2492//2492 2488//2488 
f 2101//2101 2492//2492 2486//2486 
f 1129//1129 1130//1130 1125//1125 
f 1116//1116 1130//1130 1129//1129 
f 1116//1116 2490//2490 1130//1130 
f 2488//2488 2490//2490 1116//1116 
f 2488//2488 2492//2492 2490//2490 
f 1159//1159 1131//1131 1154//1154 
f 1132//1132 1131//1131 1159//1159 
f 1132//1132 1167//1167 1131//1131 
f 1146//1146 1167//1167 1132//1132 
f 1146//1146 1147//1147 1167//1167 
f 1144//1144 1147//1147 1146//1146 
f 1144//1144 1145//1145 1147//1147 
f 1168//1168 1145//1145 1144//1144 
f 1168//1168 1169//1169 1145//1145 
f 1170//1170 1169//1169 1168//1168 
f 1170//1170 1171//1171 1169//1169 
f 1172//1172 1171//1171 1170//1170 
f 1172//1172 1143//1143 1171//1171 
f 1157//1157 1143//1143 1172//1172 
f 1157//1157 1150//1150 1143//1143 
f 1149//1149 1150//1150 1157//1157 
f 1151//1151 1150//1150 1149//1149 
f 1151//1151 1158//1158 1150//1150 
f 1151//1151 1156//1156 1158//1158 
f 1152//1152 1156//1156 1151//1151 
f 1152//1152 1125//1125 1156//1156 
f 1129//1129 1125//1125 1152//1152 
f 1155//1155 2397//2397 2401//2401 
f 1155//1155 1153//1153 2397//2397 
f 1159//1159 1153//1153 1155//1155 
f 1159//1159 1154//1154 1153//1153 
f 2401//2401 2398//2398 2400//2400 
f 2397//2397 2398//2398 2401//2401 
f 1162//1162 1161//1161 1160//1160 
f 1162//1162 1163//1163 1161//1161 
f 2400//2400 1163//1163 1162//1162 
f 2400//2400 2398//2398 1163//1163 
f 1183//1183 1164//1164 1182//1182 
f 1165//1165 1164//1164 1183//1183 
f 1165//1165 1166//1166 1164//1164 
f 1148//1148 1166//1166 1165//1165 
f 1148//1148 1140//1140 1166//1166 
f 1173//1173 1140//1140 1148//1148 
f 1173//1173 1141//1141 1140//1140 
f 1142//1142 1141//1141 1173//1173 
f 1142//1142 1202//1202 1141//1141 
f 1203//1203 1202//1202 1142//1142 
f 1203//1203 1179//1179 1202//1202 
f 1180//1180 1179//1179 1203//1203 
f 1180//1180 1181//1181 1179//1179 
f 1201//1201 1181//1181 1180//1180 
f 1201//1201 1177//1177 1181//1181 
f 1178//1178 1177//1177 1201//1201 
f 1178//1178 1204//1204 1177//1177 
f 1205//1205 1204//1204 1178//1178 
f 1205//1205 1176//1176 1204//1204 
f 1206//1206 1176//1176 1205//1205 
f 1206//1206 1161//1161 1176//1176 
f 1160//1160 1161//1161 1206//1206 
f 2102//2102 1207//1207 2429//2429 
f 1175//1175 1207//1207 2102//2102 
f 1183//1183 1207//1207 1175//1175 
f 1183//1183 1182//1182 1207//1207 
f 2102//2102 2430//2430 2493//2493 
f 2429//2429 2430//2430 2102//2102 
f 1186//1186 1185//1185 1184//1184 
f 1186//1186 1187//1187 1185//1185 
f 2493//2493 1187//1187 1186//1186 
f 2493//2493 2430//2430 1187//1187 
f 1241//1241 1188//1188 1209//1209 
f 1189//1189 1188//1188 1241//1241 
f 1189//1189 1174//1174 1188//1188 
f 1190//1190 1174//1174 1189//1189 
f 1190//1190 1199//1199 1174//1174 
f 1200//1200 1199//1199 1190//1190 
f 1200//1200 1195//1195 1199//1199 
f 1194//1194 1195//1195 1200//1200 
f 1194//1194 1191//1191 1195//1195 
f 1192//1192 1191//1191 1194//1194 
f 1192//1192 1197//1197 1191//1191 
f 1198//1198 1197//1197 1192//1192 
f 1193//1193 1197//1197 1198//1198 
f 1193//1193 1215//1215 1197//1197 
f 1196//1196 1215//1215 1193//1193 
f 1210//1210 1215//1215 1196//1196 
f 1210//1210 1211//1211 1215//1215 
f 1212//1212 1211//1211 1210//1210 
f 1212//1212 1213//1213 1211//1211 
f 1214//1214 1213//1213 1212//1212 
f 1214//1214 1185//1185 1213//1213 
f 1184//1184 1185//1185 1214//1214 
f 1238//1238 2431//2431 2495//2495 
f 1238//1238 1239//1239 2431//2431 
f 1240//1240 1239//1239 1238//1238 
f 1240//1240 1209//1209 1239//1239 
f 1241//1241 1209//1209 1240//1240 
f 2495//2495 2426//2426 2103//2103 
f 2431//2431 2426//2426 2495//2495 
f 1236//1236 1237//1237 1235//1235 
f 1232//1232 1237//1237 1236//1236 
f 1232//1232 1233//1233 1237//1237 
f 2103//2103 1233//1233 1232//1232 
f 2103//2103 2426//2426 1233//1233 
f 1270//1270 1234//1234 1248//1248 
f 1208//1208 1234//1234 1270//1270 
f 1208//1208 1226//1226 1234//1234 
f 1227//1227 1226//1226 1208//1208 
f 1227//1227 1217//1217 1226//1226 
f 1218//1218 1217//1217 1227//1227 
f 1218//1218 1219//1219 1217//1217 
f 1220//1220 1219//1219 1218//1218 
f 1220//1220 1221//1221 1219//1219 
f 1225//1225 1221//1221 1220//1220 
f 1225//1225 1224//1224 1221//1221 
f 1222//1222 1224//1224 1225//1225 
f 1222//1222 1223//1223 1224//1224 
f 1228//1228 1223//1223 1222//1222 
f 1228//1228 1229//1229 1223//1223 
f 1216//1216 1229//1229 1228//1228 
f 1216//1216 1230//1230 1229//1229 
f 1231//1231 1230//1230 1216//1216 
f 1231//1231 1235//1235 1230//1230 
f 1249//1249 1235//1235 1231//1231 
f 1236//1236 1235//1235 1249//1249 
f 1245//1245 2428//2428 2501//2501 
f 1245//1245 1247//1247 2428//2428 
f 1246//1246 1247//1247 1245//1245 
f 1270//1270 1247//1247 1246//1246 
f 1270//1270 1248//1248 1247//1247 
f 2501//2501 2427//2427 2499//2499 
f 2428//2428 2427//2427 2501//2501 
f 1269//1269 1244//1244 1271//1271 
f 1269//1269 1272//1272 1244//1244 
f 2499//2499 1272//1272 1269//1269 
f 2499//2499 2427//2427 1272//1272 
f 1282//1282 1273//1273 1281//1281 
f 1274//1274 1273//1273 1282//1282 
f 1274//1274 1275//1275 1273//1273 
f 1266//1266 1275//1275 1274//1274 
f 1266//1266 1261//1261 1275//1275 
f 1262//1262 1261//1261 1266//1266 
f 1262//1262 1263//1263 1261//1261 
f 1264//1264 1263//1263 1262//1262 
f 1264//1264 1265//1265 1263//1263 
f 1267//1267 1265//1265 1264//1264 
f 1267//1267 1268//1268 1265//1265 
f 1243//1243 1268//1268 1267//1267 
f 1243//1243 1242//1242 1268//1268 
f 1243//1243 1252//1252 1242//1242 
f 1253//1253 1252//1252 1243//1243 
f 1253//1253 1254//1254 1252//1252 
f 1255//1255 1254//1254 1253//1253 
f 1255//1255 1256//1256 1254//1254 
f 1257//1257 1256//1256 1255//1255 
f 1257//1257 1251//1251 1256//1256 
f 1258//1258 1251//1251 1257//1257 
f 1258//1258 1244//1244 1251//1251 
f 1271//1271 1244//1244 1258//1258 
f 1250//1250 2413//2413 2503//2503 
f 1250//1250 1259//1259 2413//2413 
f 1260//1260 1259//1259 1250//1250 
f 1260//1260 1280//1280 1259//1259 
f 1282//1282 1280//1280 1260//1260 
f 1282//1282 1281//1281 1280//1280 
f 2503//2503 2414//2414 2104//2104 
f 2413//2413 2414//2414 2503//2503 
f 1305//1305 1303//1303 1283//1283 
f 1305//1305 1304//1304 1303//1303 
f 1305//1305 2415//2415 1304//1304 
f 2104//2104 2415//2415 1305//1305 
f 2104//2104 2414//2414 2415//2415 
f 1307//1307 1306//1306 1285//1285 
f 1307//1307 1308//1308 1306//1306 
f 1297//1297 1308//1308 1307//1307 
f 1297//1297 1298//1298 1308//1308 
f 1299//1299 1298//1298 1297//1297 
f 1299//1299 1300//1300 1298//1298 
f 1301//1301 1300//1300 1299//1299 
f 1301//1301 1302//1302 1300//1300 
f 1276//1276 1302//1302 1301//1301 
f 1276//1276 1309//1309 1302//1302 
f 1277//1277 1309//1309 1276//1276 
f 1277//1277 1278//1278 1309//1309 
f 1279//1279 1278//1278 1277//1277 
f 1279//1279 1286//1286 1278//1278 
f 1294//1294 1286//1286 1279//1279 
f 1294//1294 1295//1295 1286//1286 
f 1296//1296 1295//1295 1294//1294 
f 1296//1296 1287//1287 1295//1295 
f 1288//1288 1287//1287 1296//1296 
f 1288//1288 1303//1303 1287//1287 
f 1283//1283 1303//1303 1288//1288 
f 1289//1289 2421//2421 2507//2507 
f 1289//1289 1290//1290 2421//2421 
f 1285//1285 1290//1290 1289//1289 
f 1285//1285 1306//1306 1290//1290 
f 2507//2507 2422//2422 2099//2099 
f 2421//2421 2422//2422 2507//2507 
f 1292//1292 1284//1284 1291//1291 
f 1292//1292 1293//1293 1284//1284 
f 2505//2505 1293//1293 1292//1292 
f 2505//2505 2422//2422 1293//1293 
f 2099//2099 2422//2422 2505//2505 
f 1337//1337 1317//1317 1320//1320 
f 1337//1337 1338//1338 1317//1317 
f 1316//1316 1338//1338 1337//1337 
f 1316//1316 1339//1339 1338//1338 
f 1340//1340 1339//1339 1316//1316 
f 1340//1340 1311//1311 1339//1339 
f 1312//1312 1311//1311 1340//1340 
f 1312//1312 1341//1341 1311//1311 
f 1342//1342 1341//1341 1312//1312 
f 1342//1342 1315//1315 1341//1341 
f 1314//1314 1315//1315 1342//1342 
f 1314//1314 1343//1343 1315//1315 
f 1313//1313 1343//1343 1314//1314 
f 1313//1313 1330//1330 1343//1343 
f 1319//1319 1330//1330 1313//1313 
f 1319//1319 1325//1325 1330//1330 
f 1326//1326 1325//1325 1319//1319 
f 1326//1326 1327//1327 1325//1325 
f 1328//1328 1327//1327 1326//1326 
f 1328//1328 1329//1329 1327//1327 
f 1291//1291 1329//1329 1328//1328 
f 1291//1291 1284//1284 1329//1329 
f 1331//1331 2424//2424 2509//2509 
f 1331//1331 1332//1332 2424//2424 
f 1333//1333 1332//1332 1331//1331 
f 1333//1333 1320//1320 1332//1332 
f 1337//1337 1320//1320 1333//1333 
f 2509//2509 2425//2425 2098//2098 
f 2424//2424 2425//2425 2509//2509 
f 1324//1324 1322//1322 1321//1321 
f 1323//1323 1322//1322 1324//1324 
f 1323//1323 2423//2423 1322//1322 
f 2098//2098 2423//2423 1323//1323 
f 2098//2098 2425//2425 2423//2423 
f 1367//1367 1334//1334 1366//1366 
f 1335//1335 1334//1334 1367//1367 
f 1335//1335 1318//1318 1334//1334 
f 1336//1336 1318//1318 1335//1335 
f 1336//1336 1310//1310 1318//1318 
f 1374//1374 1310//1310 1336//1336 
f 1374//1374 1375//1375 1310//1310 
f 1346//1346 1375//1375 1374//1374 
f 1346//1346 1347//1347 1375//1375 
f 1348//1348 1347//1347 1346//1346 
f 1348//1348 1349//1349 1347//1347 
f 1350//1350 1349//1349 1348//1348 
f 1350//1350 1351//1351 1349//1349 
f 1376//1376 1351//1351 1350//1350 
f 1376//1376 1377//1377 1351//1351 
f 1345//1345 1377//1377 1376//1376 
f 1345//1345 1371//1371 1377//1377 
f 1372//1372 1371//1371 1345//1345 
f 1372//1372 1373//1373 1371//1371 
f 1360//1360 1373//1373 1372//1372 
f 1360//1360 1361//1361 1373//1373 
f 1362//1362 1361//1361 1360//1360 
f 1362//1362 1321//1321 1361//1361 
f 1324//1324 1321//1321 1362//1362 
f 1364//1364 2472//2472 1363//1363 
f 1364//1364 1365//1365 2472//2472 
f 1367//1367 1365//1365 1364//1364 
f 1367//1367 1366//1366 1365//1365 
f 1363//1363 2487//2487 2511//2511 
f 2472//2472 2487//2487 1363//1363 
f 1370//1370 1369//1369 1368//1368 
f 1370//1370 1344//1344 1369//1369 
f 2511//2511 1344//1344 1370//1370 
f 2511//2511 2487//2487 1344//1344 
f 1401//1401 1354//1354 1400//1400 
f 1355//1355 1354//1354 1401//1401 
f 1355//1355 1356//1356 1354//1354 
f 1353//1353 1356//1356 1355//1355 
f 1353//1353 1357//1357 1356//1356 
f 1352//1352 1357//1357 1353//1353 
f 1352//1352 1359//1359 1357//1357 
f 1358//1358 1359//1359 1352//1352 
f 1405//1405 1359//1359 1358//1358 
f 1405//1405 1406//1406 1359//1359 
f 1381//1381 1406//1406 1405//1405 
f 1381//1381 1407//1407 1406//1406 
f 1381//1381 1382//1382 1407//1407 
f 1383//1383 1382//1382 1381//1381 
f 1383//1383 1384//1384 1382//1382 
f 1385//1385 1384//1384 1383//1383 
f 1385//1385 1408//1408 1384//1384 
f 1409//1409 1408//1408 1385//1385 
f 1409//1409 1410//1410 1408//1408 
f 1380//1380 1410//1410 1409//1409 
f 1380//1380 1369//1369 1410//1410 
f 1368//1368 1369//1369 1380//1380 
f 1411//1411 2618//2618 2515//2515 
f 1411//1411 1393//1393 2618//2618 
f 1401//1401 1393//1393 1411//1411 
f 1401//1401 1400//1400 1393//1393 
f 2515//2515 2473//2473 2083//2083 
f 2618//2618 2473//2473 2515//2515 
f 1403//1403 1404//1404 1402//1402 
f 1378//1378 1404//1404 1403//1403 
f 1378//1378 1379//1379 1404//1404 
f 2083//2083 1379//1379 1378//1378 
f 2083//2083 2473//2473 1379//1379 
f 1423//1423 1399//1399 1415//1415 
f 1386//1386 1399//1399 1423//1423 
f 1386//1386 1387//1387 1399//1399 
f 1388//1388 1387//1387 1386//1386 
f 1388//1388 1389//1389 1387//1387 
f 1390//1390 1389//1389 1388//1388 
f 1390//1390 1391//1391 1389//1389 
f 1392//1392 1391//1391 1390//1390 
f 1392//1392 1394//1394 1391//1391 
f 1395//1395 1394//1394 1392//1392 
f 1395//1395 1398//1398 1394//1394 
f 1396//1396 1398//1398 1395//1395 
f 1396//1396 1397//1397 1398//1398 
f 1439//1439 1397//1397 1396//1396 
f 1439//1439 1440//1440 1397//1397 
f 1416//1416 1440//1440 1439//1439 
f 1416//1416 1417//1417 1440//1440 
f 1418//1418 1417//1417 1416//1416 
f 1418//1418 1419//1419 1417//1417 
f 1441//1441 1419//1419 1418//1418 
f 1441//1441 1402//1402 1419//1419 
f 1442//1442 1402//1402 1441//1441 
f 1403//1403 1402//1402 1442//1442 
f 1443//1443 2616//2616 2517//2517 
f 1443//1443 1414//1414 2616//2616 
f 1423//1423 1414//1414 1443//1443 
f 1423//1423 1415//1415 1414//1414 
f 2517//2517 2614//2614 2082//2082 
f 2616//2616 2614//2614 2517//2517 
f 1445//1445 1444//1444 1431//1431 
f 1445//1445 1413//1413 1444//1444 
f 2082//2082 1413//1413 1445//1445 
f 2082//2082 2614//2614 1413//1413 
f 1476//1476 1420//1420 1475//1475 
f 1421//1421 1420//1420 1476//1476 
f 1421//1421 1422//1422 1420//1420 
f 1424//1424 1422//1422 1421//1421 
f 1424//1424 1425//1425 1422//1422 
f 1426//1426 1425//1425 1424//1424 
f 1426//1426 1434//1434 1425//1425 
f 1433//1433 1434//1434 1426//1426 
f 1433//1433 1435//1435 1434//1434 
f 1436//1436 1435//1435 1433//1433 
f 1436//1436 1432//1432 1435//1435 
f 1438//1438 1432//1432 1436//1436 
f 1438//1438 1437//1437 1432//1432 
f 1438//1438 1427//1427 1437//1437 
f 1428//1428 1427//1427 1438//1438 
f 1428//1428 1412//1412 1427//1427 
f 1429//1429 1412//1412 1428//1428 
f 1429//1429 1444//1444 1412//1412 
f 1431//1431 1444//1444 1429//1429 
f 1430//1430 2612//2612 2610//2610 
f 1473//1473 2612//2612 1430//1430 
f 1473//1473 1474//1474 2612//2612 
f 1476//1476 1474//1474 1473//1473 
f 1476//1476 1475//1475 1474//1474 
f 1430//1430 2475//2475 2521//2521 
f 2610//2610 2475//2475 1430//1430 
f 1450//1450 1451//1451 1449//1449 
f 2519//2519 1451//1451 1450//1450 
f 2519//2519 1452//1452 1451//1451 
f 2519//2519 2475//2475 1452//1452 
f 2521//2521 2475//2475 2519//2519 
f 1454//1454 1453//1453 1470//1470 
f 1477//1477 1453//1453 1454//1454 
f 1477//1477 1478//1478 1453//1453 
f 1448//1448 1478//1478 1477//1477 
f 1448//1448 1479//1479 1478//1478 
f 1447//1447 1479//1479 1448//1448 
f 1447//1447 1446//1446 1479//1479 
f 1465//1465 1446//1446 1447//1447 
f 1465//1465 1459//1459 1446//1446 
f 1460//1460 1459//1459 1465//1465 
f 1460//1460 1456//1456 1459//1459 
f 1455//1455 1456//1456 1460//1460 
f 1457//1457 1456//1456 1455//1455 
f 1457//1457 1458//1458 1456//1456 
f 1461//1461 1458//1458 1457//1457 
f 1461//1461 1462//1462 1458//1458 
f 1463//1463 1462//1462 1461//1461 
f 1463//1463 1464//1464 1462//1462 
f 1466//1466 1464//1464 1463//1463 
f 1466//1466 1449//1449 1464//1464 
f 1450//1450 1449//1449 1466//1466 
f 1467//1467 2608//2608 2523//2523 
f 1467//1467 1469//1469 2608//2608 
f 1468//1468 1469//1469 1467//1467 
f 1454//1454 1469//1469 1468//1468 
f 1454//1454 1470//1470 1469//1469 
f 2523//2523 2606//2606 2081//2081 
f 2608//2608 2606//2606 2523//2523 
f 1472//1472 1486//1486 1471//1471 
f 2100//2100 1486//1486 1472//1472 
f 2100//2100 2606//2606 1486//1486 
f 2081//2081 2606//2606 2100//2100 
f 1500//1500 1487//1487 1499//1499 
f 1485//1485 1487//1487 1500//1500 
f 1485//1485 1507//1507 1487//1487 
f 1508//1508 1507//1507 1485//1485 
f 1508//1508 1509//1509 1507//1507 
f 1510//1510 1509//1509 1508//1508 
f 1510//1510 1511//1511 1509//1509 
f 1484//1484 1511//1511 1510//1510 
f 1484//1484 1512//1512 1511//1511 
f 1484//1484 1483//1483 1512//1512 
f 1513//1513 1483//1483 1484//1484 
f 1513//1513 1481//1481 1483//1483 
f 1482//1482 1481//1481 1513//1513 
f 1482//1482 1488//1488 1481//1481 
f 1489//1489 1488//1488 1482//1482 
f 1489//1489 1490//1490 1488//1488 
f 1495//1495 1490//1490 1489//1489 
f 1495//1495 1496//1496 1490//1490 
f 1497//1497 1496//1496 1495//1495 
f 1497//1497 1498//1498 1496//1496 
f 1491//1491 1498//1498 1497//1497 
f 1491//1491 1471//1471 1498//1498 
f 1472//1472 1471//1471 1491//1491 
f 1492//1492 1493//1493 2476//2476 
f 1494//1494 1493//1493 1492//1492 
f 1494//1494 1499//1499 1493//1493 
f 1500//1500 1499//1499 1494//1494 
f 1492//1492 2604//2604 2527//2527 
f 2476//2476 2604//2604 1492//1492 
f 1503//1503 1502//1502 1501//1501 
f 1503//1503 1480//1480 1502//1502 
f 2527//2527 1480//1480 1503//1503 
f 2527//2527 2604//2604 1480//1480 
f 1526//1526 1506//1506 1531//1531 
f 1504//1504 1506//1506 1526//1526 
f 1504//1504 1505//1505 1506//1506 
f 1541//1541 1505//1505 1504//1504 
f 1541//1541 1542//1542 1505//1505 
f 1543//1543 1542//1542 1541//1541 
f 1543//1543 1544//1544 1542//1542 
f 1545//1545 1544//1544 1543//1543 
f 1545//1545 1516//1516 1544//1544 
f 1517//1517 1516//1516 1545//1545 
f 1517//1517 1518//1518 1516//1516 
f 1519//1519 1518//1518 1517//1517 
f 1519//1519 1520//1520 1518//1518 
f 1521//1521 1520//1520 1519//1519 
f 1521//1521 1546//1546 1520//1520 
f 1547//1547 1546//1546 1521//1521 
f 1547//1547 1515//1515 1546//1546 
f 1522//1522 1515//1515 1547//1547 
f 1522//1522 1523//1523 1515//1515 
f 1524//1524 1523//1523 1522//1522 
f 1524//1524 1502//1502 1523//1523 
f 1501//1501 1502//1502 1524//1524 
f 2531//2531 1525//1525 2602//2602 
f 1530//1530 1525//1525 2531//2531 
f 1530//1530 1531//1531 1525//1525 
f 1526//1526 1531//1531 1530//1530 
f 2531//2531 2456//2456 2087//2087 
f 2602//2602 2456//2456 2531//2531 
f 1528//1528 1529//1529 1527//1527 
f 2529//2529 1529//1529 1528//1528 
f 2529//2529 2456//2456 1529//1529 
f 2087//2087 2456//2456 2529//2529 
f 1538//1538 1533//1533 1549//1549 
f 1538//1538 1539//1539 1533//1533 
f 1540//1540 1539//1539 1538//1538 
f 1540//1540 1514//1514 1539//1539 
f 1534//1534 1514//1514 1540//1540 
f 1534//1534 1535//1535 1514//1514 
f 1532//1532 1535//1535 1534//1534 
f 1532//1532 1536//1536 1535//1535 
f 1575//1575 1536//1536 1532//1532 
f 1575//1575 1537//1537 1536//1536 
f 1575//1575 1576//1576 1537//1537 
f 1577//1577 1576//1576 1575//1575 
f 1577//1577 1555//1555 1576//1576 
f 1579//1579 1555//1555 1577//1577 
f 1579//1579 1578//1578 1555//1555 
f 1550//1550 1578//1578 1579//1579 
f 1550//1550 1551//1551 1578//1578 
f 1552//1552 1551//1551 1550//1550 
f 1552//1552 1553//1553 1551//1551 
f 1554//1554 1553//1553 1552//1552 
f 1554//1554 1527//1527 1553//1553 
f 1528//1528 1527//1527 1554//1554 
f 1580//1580 2596//2596 2086//2086 
f 1580//1580 1581//1581 2596//2596 
f 1549//1549 1581//1581 1580//1580 
f 1549//1549 1533//1533 1581//1581 
f 2086//2086 2598//2598 2533//2533 
f 2596//2596 2598//2598 2086//2086 
f 1558//1558 1557//1557 1556//1556 
f 1558//1558 1566//1566 1557//1557 
f 2533//2533 1566//1566 1558//1558 
f 2533//2533 2598//2598 1566//1566 
f 1588//1588 1567//1567 1587//1587 
f 1568//1568 1567//1567 1588//1588 
f 1568//1568 1569//1569 1567//1567 
f 1559//1559 1569//1569 1568//1568 
f 1559//1559 1560//1560 1569//1569 
f 1548//1548 1560//1560 1559//1559 
f 1548//1548 1574//1574 1560//1560 
f 1565//1565 1574//1574 1548//1548 
f 1565//1565 1564//1564 1574//1574 
f 1563//1563 1564//1564 1565//1565 
f 1563//1563 1562//1562 1564//1564 
f 1563//1563 1570//1570 1562//1562 
f 1571//1571 1570//1570 1563//1563 
f 1571//1571 1561//1561 1570//1570 
f 1572//1572 1561//1561 1571//1571 
f 1572//1572 1573//1573 1561//1561 
f 1584//1584 1573//1573 1572//1572 
f 1584//1584 1585//1585 1573//1573 
f 1586//1586 1585//1585 1584//1584 
f 1586//1586 1609//1609 1585//1585 
f 1610//1610 1609//1609 1586//1586 
f 1610//1610 1557//1557 1609//1609 
f 1556//1556 1557//1557 1610//1610 
f 1612//1612 2594//2594 1611//1611 
f 1612//1612 1613//1613 2594//2594 
f 1588//1588 1613//1613 1612//1612 
f 1588//1588 1587//1587 1613//1613 
f 1611//1611 2454//2454 2537//2537 
f 2594//2594 2454//2454 1611//1611 
f 1615//1615 1614//1614 1589//1589 
f 1615//1615 1583//1583 1614//1614 
f 2535//2535 1583//1583 1615//1615 
f 2535//2535 2454//2454 1583//1583 
f 2537//2537 2454//2454 2535//2535 
f 1621//1621 1590//1590 1646//1646 
f 1591//1591 1590//1590 1621//1621 
f 1591//1591 1592//1592 1590//1590 
f 1593//1593 1592//1592 1591//1591 
f 1593//1593 1594//1594 1592//1592 
f 1607//1607 1594//1594 1593//1593 
f 1607//1607 1608//1608 1594//1594 
f 1595//1595 1608//1608 1607//1607 
f 1595//1595 1596//1596 1608//1608 
f 1597//1597 1596//1596 1595//1595 
f 1597//1597 1582//1582 1596//1596 
f 1597//1597 1598//1598 1582//1582 
f 1599//1599 1598//1598 1597//1597 
f 1599//1599 1600//1600 1598//1598 
f 1601//1601 1600//1600 1599//1599 
f 1601//1601 1602//1602 1600//1600 
f 1603//1603 1602//1602 1601//1601 
f 1603//1603 1606//1606 1602//1602 
f 1604//1604 1606//1606 1603//1603 
f 1604//1604 1614//1614 1606//1606 
f 1589//1589 1614//1614 1604//1604 
f 2085//2085 1605//1605 2592//2592 
f 1620//1620 1605//1605 2085//2085 
f 1620//1620 1645//1645 1605//1605 
f 1621//1621 1645//1645 1620//1620 
f 1621//1621 1646//1646 1645//1645 
f 2085//2085 2590//2590 2539//2539 
f 2592//2592 2590//2590 2085//2085 
f 1619//1619 1623//1623 1622//1622 
f 1619//1619 1643//1643 1623//1623 
f 2539//2539 1643//1643 1619//1619 
f 2539//2539 2590//2590 1643//1643 
f 1631//1631 1644//1644 1630//1630 
f 1647//1647 1644//1644 1631//1631 
f 1647//1647 1648//1648 1644//1644 
f 1618//1618 1648//1648 1647//1647 
f 1618//1618 1649//1649 1648//1648 
f 1617//1617 1649//1649 1618//1618 
f 1617//1617 1637//1637 1649//1649 
f 1638//1638 1637//1637 1617//1617 
f 1638//1638 1639//1639 1637//1637 
f 1640//1640 1639//1639 1638//1638 
f 1640//1640 1641//1641 1639//1639 
f 1642//1642 1641//1641 1640//1640 
f 1642//1642 1616//1616 1641//1641 
f 1626//1626 1616//1616 1642//1642 
f 1626//1626 1627//1627 1616//1616 
f 1633//1633 1627//1627 1626//1626 
f 1633//1633 1632//1632 1627//1627 
f 1624//1624 1632//1632 1633//1633 
f 1624//1624 1625//1625 1632//1632 
f 1624//1624 1635//1635 1625//1625 
f 1636//1636 1635//1635 1624//1624 
f 1636//1636 1623//1623 1635//1635 
f 1622//1622 1623//1623 1636//1636 
f 1628//1628 2465//2465 2543//2543 
f 1628//1628 1629//1629 2465//2465 
f 1634//1634 1629//1629 1628//1628 
f 1634//1634 1630//1630 1629//1629 
f 1631//1631 1630//1630 1634//1634 
f 2543//2543 2588//2588 2106//2106 
f 2465//2465 2588//2588 2543//2543 
f 1653//1653 1677//1677 1657//1657 
f 1653//1653 1654//1654 1677//1677 
f 2106//2106 1654//1654 1653//1653 
f 2106//2106 2588//2588 1654//1654 
f 1678//1678 1679//1679 1655//1655 
f 1680//1680 1679//1679 1678//1678 
f 1680//1680 1656//1656 1679//1679 
f 1681//1681 1656//1656 1680//1680 
f 1681//1681 1652//1652 1656//1656 
f 1682//1682 1652//1652 1681//1681 
f 1682//1682 1651//1651 1652//1652 
f 1683//1683 1651//1651 1682//1682 
f 1683//1683 1650//1650 1651//1651 
f 1670//1670 1650//1650 1683//1683 
f 1670//1670 1674//1674 1650//1650 
f 1658//1658 1674//1674 1670//1670 
f 1658//1658 1675//1675 1674//1674 
f 1676//1676 1675//1675 1658//1658 
f 1676//1676 1659//1659 1675//1675 
f 1660//1660 1659//1659 1676//1676 
f 1660//1660 1661//1661 1659//1659 
f 1665//1665 1661//1661 1660//1660 
f 1665//1665 1677//1677 1661//1661 
f 1657//1657 1677//1677 1665//1665 
f 2105//2105 1671//1671 2464//2464 
f 1672//1672 1671//1671 2105//2105 
f 1672//1672 1663//1663 1671//1671 
f 1673//1673 1663//1663 1672//1672 
f 1673//1673 1662//1662 1663//1663 
f 1678//1678 1662//1662 1673//1673 
f 1678//1678 1655//1655 1662//1662 
f 2105//2105 2586//2586 2545//2545 
f 2464//2464 2586//2586 2105//2105 
f 1664//1664 1667//1667 1666//1666 
f 1664//1664 2584//2584 1667//1667 
f 2545//2545 2584//2584 1664//1664 
f 2545//2545 2586//2586 2584//2584 
f 1709//1709 1668//1668 1710//1710 
f 1669//1669 1668//1668 1709//1709 
f 1669//1669 1686//1686 1668//1668 
f 1687//1687 1686//1686 1669//1669 
f 1687//1687 1688//1688 1686//1686 
f 1689//1689 1688//1688 1687//1687 
f 1689//1689 1690//1690 1688//1688 
f 1691//1691 1690//1690 1689//1689 
f 1691//1691 1711//1711 1690//1690 
f 1712//1712 1711//1711 1691//1691 
f 1712//1712 1713//1713 1711//1711 
f 1714//1714 1713//1713 1712//1712 
f 1714//1714 1715//1715 1713//1713 
f 1695//1695 1715//1715 1714//1714 
f 1695//1695 1696//1696 1715//1715 
f 1698//1698 1696//1696 1695//1695 
f 1698//1698 1697//1697 1696//1696 
f 1698//1698 1699//1699 1697//1697 
f 1700//1700 1699//1699 1698//1698 
f 1700//1700 1667//1667 1699//1699 
f 1666//1666 1667//1667 1700//1700 
f 1701//1701 1702//1702 2466//2466 
f 1703//1703 1702//1702 1701//1701 
f 1703//1703 1704//1704 1702//1702 
f 1709//1709 1704//1704 1703//1703 
f 1709//1709 1710//1710 1704//1704 
f 1701//1701 2580//2580 2547//2547 
f 2466//2466 2580//2580 1701//1701 
f 1717//1717 1685//1685 1716//1716 
f 1692//1692 1685//1685 1717//1717 
f 1692//1692 1693//1693 1685//1685 
f 2547//2547 1693//1693 1692//1692 
f 2547//2547 2580//2580 1693//1693 
f 1705//1705 1694//1694 1729//1729 
f 1705//1705 1706//1706 1694//1694 
f 1684//1684 1706//1706 1705//1705 
f 1684//1684 1707//1707 1706//1706 
f 1708//1708 1707//1707 1684//1684 
f 1708//1708 1723//1723 1707//1707 
f 1724//1724 1723//1723 1708//1708 
f 1724//1724 1725//1725 1723//1723 
f 1745//1745 1725//1725 1724//1724 
f 1745//1745 1746//1746 1725//1725 
f 1747//1747 1746//1746 1745//1745 
f 1747//1747 1720//1720 1746//1746 
f 1721//1721 1720//1720 1747//1747 
f 1721//1721 1722//1722 1720//1720 
f 1748//1748 1722//1722 1721//1721 
f 1748//1748 1749//1749 1722//1722 
f 1750//1750 1749//1749 1748//1748 
f 1750//1750 1719//1719 1749//1749 
f 1751//1751 1719//1719 1750//1750 
f 1751//1751 1718//1718 1719//1719 
f 1716//1716 1718//1718 1751//1751 
f 1716//1716 1685//1685 1718//1718 
f 1734//1734 2578//2578 2551//2551 
f 1734//1734 1730//1730 2578//2578 
f 1729//1729 1730//1730 1734//1734 
f 1729//1729 1694//1694 1730//1730 
f 2551//2551 2459//2459 2111//2111 
f 2578//2578 2459//2459 2551//2551 
f 1732//1732 1733//1733 1727//1727 
f 1732//1732 1728//1728 1733//1733 
f 2111//2111 1728//1728 1732//1732 
f 2111//2111 2459//2459 1728//1728 
f 1762//1762 1731//1731 1785//1785 
f 1735//1735 1731//1731 1762//1762 
f 1735//1735 1736//1736 1731//1731 
f 1737//1737 1736//1736 1735//1735 
f 1737//1737 1738//1738 1736//1736 
f 1739//1739 1738//1738 1737//1737 
f 1739//1739 1740//1740 1738//1738 
f 1741//1741 1740//1740 1739//1739 
f 1741//1741 1742//1742 1740//1740 
f 1726//1726 1742//1742 1741//1741 
f 1726//1726 1743//1743 1742//1742 
f 1744//1744 1743//1743 1726//1726 
f 1744//1744 1758//1758 1743//1743 
f 1759//1759 1758//1758 1744//1744 
f 1759//1759 1755//1755 1758//1758 
f 1756//1756 1755//1755 1759//1759 
f 1756//1756 1757//1757 1755//1755 
f 1779//1779 1757//1757 1756//1756 
f 1779//1779 1780//1780 1757//1757 
f 1781//1781 1780//1780 1779//1779 
f 1781//1781 1782//1782 1780//1780 
f 1727//1727 1782//1782 1781//1781 
f 1727//1727 1733//1733 1782//1782 
f 1783//1783 1754//1754 2576//2576 
f 1784//1784 1754//1754 1783//1783 
f 1784//1784 1785//1785 1754//1754 
f 1762//1762 1785//1785 1784//1784 
f 1783//1783 2574//2574 2110//2110 
f 2576//2576 2574//2574 1783//1783 
f 1776//1776 1775//1775 1770//1770 
f 1776//1776 1777//1777 1775//1775 
f 2110//2110 1777//1777 1776//1776 
f 2110//2110 2574//2574 1777//1777 
f 1752//1752 1778//1778 1818//1818 
f 1752//1752 1753//1753 1778//1778 
f 1761//1761 1753//1753 1752//1752 
f 1761//1761 1763//1763 1753//1753 
f 1764//1764 1763//1763 1761//1761 
f 1764//1764 1765//1765 1763//1763 
f 1771//1771 1765//1765 1764//1764 
f 1771//1771 1772//1772 1765//1765 
f 1773//1773 1772//1772 1771//1771 
f 1773//1773 1774//1774 1772//1772 
f 1767//1767 1774//1774 1773//1773 
f 1767//1767 1766//1766 1774//1774 
f 1767//1767 1760//1760 1766//1766 
f 1768//1768 1760//1760 1767//1767 
f 1768//1768 1769//1769 1760//1760 
f 1790//1790 1769//1769 1768//1768 
f 1790//1790 1791//1791 1769//1769 
f 1792//1792 1791//1791 1790//1790 
f 1792//1792 1793//1793 1791//1791 
f 1815//1815 1793//1793 1792//1792 
f 1815//1815 1775//1775 1793//1793 
f 1770//1770 1775//1775 1815//1815 
f 1816//1816 2458//2458 2113//2113 
f 1816//1816 1817//1817 2458//2458 
f 1818//1818 1817//1817 1816//1816 
f 1818//1818 1778//1778 1817//1817 
f 2113//2113 2572//2572 2555//2555 
f 2458//2458 2572//2572 2113//2113 
f 1814//1814 1813//1813 1789//1789 
f 1814//1814 2570//2570 1813//1813 
f 2555//2555 2570//2570 1814//1814 
f 2555//2555 2572//2572 2570//2570 
f 62//62 1819//1819 2126//2126 
f 1787//1787 1819//1819 62//62 
f 1787//1787 1788//1788 1819//1819 
f 1807//1807 1788//1788 1787//1787 
f 1807//1807 1794//1794 1788//1788 
f 1795//1795 1794//1794 1807//1807 
f 1795//1795 1796//1796 1794//1794 
f 1797//1797 1796//1796 1795//1795 
f 1797//1797 1798//1798 1796//1796 
f 1799//1799 1798//1798 1797//1797 
f 1799//1799 1800//1800 1798//1798 
f 1801//1801 1800//1800 1799//1799 
f 1801//1801 1802//1802 1800//1800 
f 1803//1803 1802//1802 1801//1801 
f 1803//1803 1808//1808 1802//1802 
f 1809//1809 1808//1808 1803//1803 
f 1809//1809 1810//1810 1808//1808 
f 1804//1804 1810//1810 1809//1809 
f 1804//1804 1805//1805 1810//1810 
f 1786//1786 1805//1805 1804//1804 
f 1786//1786 1813//1813 1805//1805 
f 1789//1789 1813//1813 1786//1786 
f 1806//1806 2566//2566 1812//1812 
f 1806//1806 1811//1811 2566//2566 
f 62//62 1811//1811 1806//1806 
f 62//62 2126//2126 1811//1811 
f 1812//1812 2457//2457 2557//2557 
f 2566//2566 2457//2457 1812//1812 
f 63//63 2128//2128 61//61 
f 63//63 64//64 2128//2128 
f 2557//2557 64//64 63//63 
f 2557//2557 2457//2457 64//64 
f 80//80 2127//2127 81//81 
f 65//65 2127//2127 80//80 
f 65//65 66//66 2127//2127 
f 2129//2129 66//66 65//65 
f 2129//2129 69//69 66//66 
f 71//71 69//69 2129//2129 
f 71//71 67//67 69//69 
f 68//68 67//67 71//71 
f 74//74 67//67 68//68 
f 74//74 73//73 67//67 
f 2130//2130 73//73 74//74 
f 2130//2130 72//72 73//73 
f 70//70 72//72 2130//2130 
f 70//70 75//75 72//72 
f 2131//2131 75//75 70//70 
f 2131//2131 78//78 75//75 
f 77//77 78//78 2131//2131 
f 77//77 2132//2132 78//78 
f 76//76 2132//2132 77//77 
f 76//76 2133//2133 2132//2132 
f 79//79 2133//2133 76//76 
f 79//79 2128//2128 2133//2133 
f 61//61 2128//2128 79//79 
f 82//82 2461//2461 83//83 
f 82//82 2134//2134 2461//2461 
f 80//80 2134//2134 82//82 
f 80//80 81//81 2134//2134 
f 83//83 2564//2564 2112//2112 
f 2461//2461 2564//2564 83//83 
f 84//84 85//85 2136//2136 
f 84//84 2135//2135 85//85 
f 2559//2559 2135//2135 84//84 
f 2559//2559 2562//2562 2135//2135 
f 2112//2112 2562//2562 2559//2559 
f 2112//2112 2564//2564 2562//2562 
f 105//105 86//86 99//99 
f 87//87 86//86 105//105 
f 87//87 2137//2137 86//86 
f 90//90 2137//2137 87//87 
f 90//90 91//91 2137//2137 
f 89//89 91//91 90//90 
f 89//89 88//88 91//91 
f 2139//2139 88//88 89//89 
f 2139//2139 94//94 88//88 
f 95//95 94//94 2139//2139 
f 2138//2138 94//94 95//95 
f 2138//2138 93//93 94//94 
f 92//92 93//93 2138//2138 
f 92//92 96//96 93//93 
f 97//97 96//96 92//92 
f 97//97 2140//2140 96//96 
f 98//98 2140//2140 97//97 
f 98//98 85//85 2140//2140 
f 2136//2136 85//85 98//98 
f 102//102 2460//2460 100//100 
f 102//102 2141//2141 2460//2460 
f 105//105 2141//2141 102//102 
f 105//105 99//99 2141//2141 
f 100//100 2560//2560 2563//2563 
f 2460//2460 2560//2560 100//100 
f 101//101 104//104 103//103 
f 101//101 2143//2143 104//104 
f 2563//2563 2143//2143 101//101 
f 2563//2563 2560//2560 2143//2143 
f 106//106 2142//2142 107//107 
f 108//108 2142//2142 106//106 
f 108//108 109//109 2142//2142 
f 2144//2144 109//109 108//108 
f 2144//2144 112//112 109//109 
f 113//113 112//112 2144//2144 
f 113//113 111//111 112//112 
f 110//110 111//111 113//113 
f 110//110 2146//2146 111//111 
f 117//117 2146//2146 110//110 
f 117//117 116//116 2146//2146 
f 2145//2145 116//116 117//117 
f 2145//2145 115//115 116//116 
f 114//114 115//115 2145//2145 
f 114//114 118//118 115//115 
f 119//119 118//118 114//114 
f 119//119 2147//2147 118//118 
f 1//1 2147//2147 119//119 
f 1//1 3//3 2147//2147 
f 5//5 3//3 1//1 
f 5//5 104//104 3//3 
f 103//103 104//104 5//5 
f 2148//2148 4//4 2558//2558 
f 2//2 4//4 2148//2148 
f 7//7 4//4 2//2 
f 7//7 8//8 4//4 
f 106//106 8//8 7//7 
f 106//106 107//107 8//8 
f 2148//2148 2463//2463 2565//2565 
f 2558//2558 2463//2463 2148//2148 
f 2090//2090 2150//2150 6//6 
f 2090//2090 10//10 2150//2150 
f 2090//2090 2463//2463 10//10 
f 2565//2565 2463//2463 2090//2090 
f 31//31 9//9 29//29 
f 2149//2149 9//9 31//31 
f 2149//2149 12//12 9//9 
f 11//11 12//12 2149//2149 
f 11//11 2151//2151 12//12 
f 15//15 2151//2151 11//11 
f 15//15 16//16 2151//2151 
f 13//13 16//16 15//15 
f 13//13 14//14 16//16 
f 2152//2152 14//14 13//13 
f 2152//2152 17//17 14//14 
f 18//18 17//17 2152//2152 
f 21//21 17//17 18//18 
f 21//21 22//22 17//17 
f 2153//2153 22//22 21//21 
f 2153//2153 19//19 22//22 
f 20//20 19//19 2153//2153 
f 20//20 2154//2154 19//19 
f 23//23 2154//2154 20//20 
f 23//23 25//25 2154//2154 
f 27//27 25//25 23//23 
f 27//27 2150//2150 25//25 
f 6//6 2150//2150 27//27 
f 24//24 2556//2556 2155//2155 
f 24//24 26//26 2556//2556 
f 31//31 26//26 24//24 
f 31//31 29//29 26//26 
f 2155//2155 2462//2462 2567//2567 
f 2556//2556 2462//2462 2155//2155 
f 30//30 2114//2114 32//32 
f 30//30 28//28 2114//2114 
f 2567//2567 28//28 30//30 
f 2567//2567 2462//2462 28//28 
f 2115//2115 33//33 51//51 
f 2115//2115 35//35 33//33 
f 36//36 35//35 2115//2115 
f 36//36 2116//2116 35//35 
f 34//34 2116//2116 36//36 
f 34//34 2117//2117 2116//2116 
f 38//38 2117//2117 34//34 
f 38//38 39//39 2117//2117 
f 2118//2118 39//39 38//38 
f 43//43 39//39 2118//2118 
f 43//43 37//37 39//39 
f 43//43 42//42 37//37 
f 2119//2119 42//42 43//43 
f 2119//2119 40//40 42//42 
f 41//41 40//40 2119//2119 
f 41//41 45//45 40//40 
f 2120//2120 45//45 41//41 
f 2120//2120 46//46 45//45 
f 48//48 46//46 2120//2120 
f 48//48 2114//2114 46//46 
f 32//32 2114//2114 48//48 
f 47//47 2452//2452 2121//2121 
f 44//44 47//47 2121//2121 
f 50//50 47//47 44//44 
f 50//50 51//51 47//47 
f 2115//2115 51//51 50//50 
f 2121//2121 2552//2552 2089//2089 
f 2452//2452 2552//2552 2121//2121 
f 52//52 2123//2123 49//49 
f 52//52 53//53 2123//2123 
f 2122//2122 53//53 52//52 
f 2122//2122 54//54 53//53 
f 2089//2089 54//54 2122//2122 
f 2089//2089 2552//2552 54//54 
f 2201//2201 55//55 2202//2202 
f 2124//2124 55//55 2201//2201 
f 2124//2124 57//57 55//55 
f 60//60 57//57 2124//2124 
f 60//60 58//58 57//57 
f 59//59 58//58 60//60 
f 59//59 2125//2125 58//58 
f 56//56 2125//2125 59//59 
f 56//56 2215//2215 2125//2125 
f 2214//2214 2215//2215 56//56 
f 2214//2214 2213//2213 2215//2215 
f 2212//2212 2213//2213 2214//2214 
f 2212//2212 2210//2210 2213//2213 
f 2211//2211 2210//2210 2212//2212 
f 2209//2209 2210//2210 2211//2211 
f 2209//2209 2208//2208 2210//2210 
f 2209//2209 2156//2156 2208//2208 
f 2207//2207 2156//2156 2209//2209 
f 2207//2207 2206//2206 2156//2156 
f 2205//2205 2206//2206 2207//2207 
f 2205//2205 2123//2123 2206//2206 
f 49//49 2123//2123 2205//2205 
f 2088//2088 2203//2203 2548//2548 
f 2204//2204 2203//2203 2088//2088 
f 2204//2204 2202//2202 2203//2203 
f 2201//2201 2202//2202 2204//2204 
f 2088//2088 2451//2451 2571//2571 
f 2548//2548 2451//2451 2088//2088 
f 2199//2199 2198//2198 2200//2200 
f 2199//2199 2550//2550 2198//2198 
f 2571//2571 2550//2550 2199//2199 
f 2571//2571 2451//2451 2550//2550 
f 2175//2175 2157//2157 2176//2176 
f 2197//2197 2157//2157 2175//2175 
f 2197//2197 2196//2196 2157//2157 
f 2195//2195 2196//2196 2197//2197 
f 2195//2195 2194//2194 2196//2196 
f 2193//2193 2194//2194 2195//2195 
f 2193//2193 2192//2192 2194//2194 
f 2191//2191 2192//2192 2193//2193 
f 2191//2191 2190//2190 2192//2192 
f 2189//2189 2190//2190 2191//2191 
f 2189//2189 2188//2188 2190//2190 
f 2187//2187 2188//2188 2189//2189 
f 2187//2187 2186//2186 2188//2188 
f 2185//2185 2186//2186 2187//2187 
f 2185//2185 2184//2184 2186//2186 
f 2183//2183 2184//2184 2185//2185 
f 2183//2183 2182//2182 2184//2184 
f 2181//2181 2182//2182 2183//2183 
f 2181//2181 2180//2180 2182//2182 
f 2200//2200 2180//2180 2181//2181 
f 2200//2200 2198//2198 2180//2180 
f 2178//2178 2546//2546 2179//2179 
f 2178//2178 2177//2177 2546//2546 
f 2175//2175 2177//2177 2178//2178 
f 2175//2175 2176//2176 2177//2177 
f 2179//2179 2544//2544 2575//2575 
f 2546//2546 2544//2544 2179//2179 
f 2172//2172 2173//2173 2174//2174 
f 2172//2172 2170//2170 2173//2173 
f 2573//2573 2170//2170 2172//2172 
f 2573//2573 2544//2544 2170//2170 
f 2575//2575 2544//2544 2573//2573 
f 2226//2226 2171//2171 2225//2225 
f 2169//2169 2171//2171 2226//2226 
f 2169//2169 2168//2168 2171//2171 
f 2167//2167 2168//2168 2169//2169 
f 2167//2167 2165//2165 2168//2168 
f 2166//2166 2165//2165 2167//2167 
f 2166//2166 2164//2164 2165//2165 
f 2163//2163 2164//2164 2166//2166 
f 2163//2163 2162//2162 2164//2164 
f 2161//2161 2162//2162 2163//2163 
f 2161//2161 2158//2158 2162//2162 
f 2159//2159 2158//2158 2161//2161 
f 2159//2159 2160//2160 2158//2158 
f 2216//2216 2160//2160 2159//2159 
f 2216//2216 2219//2219 2160//2160 
f 2220//2220 2219//2219 2216//2216 
f 2220//2220 2221//2221 2219//2219 
f 2174//2174 2221//2221 2220//2220 
f 2174//2174 2173//2173 2221//2221 
f 2223//2223 2450//2450 2222//2222 
f 2223//2223 2224//2224 2450//2450 
f 2226//2226 2224//2224 2223//2223 
f 2226//2226 2225//2225 2224//2224 
f 2222//2222 2542//2542 2577//2577 
f 2450//2450 2542//2542 2222//2222 
f 2229//2229 2228//2228 2227//2227 
f 2229//2229 2230//2230 2228//2228 
f 2577//2577 2230//2230 2229//2229 
f 2577//2577 2542//2542 2230//2230 
f 2232//2232 2231//2231 2257//2257 
f 2232//2232 2233//2233 2231//2231 
f 2234//2234 2233//2233 2232//2232 
f 2234//2234 2235//2235 2233//2233 
f 2236//2236 2235//2235 2234//2234 
f 2236//2236 2237//2237 2235//2235 
f 2238//2238 2237//2237 2236//2236 
f 2238//2238 2239//2239 2237//2237 
f 2240//2240 2239//2239 2238//2238 
f 2240//2240 2241//2241 2239//2239 
f 2242//2242 2241//2241 2240//2240 
f 2242//2242 2243//2243 2241//2241 
f 2244//2244 2243//2243 2242//2242 
f 2244//2244 2245//2245 2243//2243 
f 2246//2246 2245//2245 2244//2244 
f 2246//2246 2247//2247 2245//2245 
f 2248//2248 2247//2247 2246//2246 
f 2248//2248 2249//2249 2247//2247 
f 2250//2250 2249//2249 2248//2248 
f 2250//2250 2251//2251 2249//2249 
f 2252//2252 2251//2251 2250//2250 
f 2252//2252 2228//2228 2251//2251 
f 2227//2227 2228//2228 2252//2252 
f 2253//2253 2540//2540 2579//2579 
f 2253//2253 2254//2254 2540//2540 
f 2255//2255 2254//2254 2253//2253 
f 2255//2255 2256//2256 2254//2254 
f 2257//2257 2256//2256 2255//2255 
f 2257//2257 2231//2231 2256//2256 
f 2579//2579 2478//2478 2091//2091 
f 2540//2540 2478//2478 2579//2579 
f 2258//2258 2326//2326 2327//2327 
f 2258//2258 2259//2259 2326//2326 
f 2260//2260 2259//2259 2258//2258 
f 2260//2260 2261//2261 2259//2259 
f 2091//2091 2261//2261 2260//2260 
f 2091//2091 2478//2478 2261//2261 
f 2332//2332 2262//2262 2331//2331 
f 2263//2263 2262//2262 2332//2332 
f 2263//2263 2264//2264 2262//2262 
f 2265//2265 2264//2264 2263//2263 
f 2265//2265 2266//2266 2264//2264 
f 2267//2267 2266//2266 2265//2265 
f 2267//2267 2268//2268 2266//2266 
f 2269//2269 2268//2268 2267//2267 
f 2269//2269 2270//2270 2268//2268 
f 2271//2271 2270//2270 2269//2269 
f 2271//2271 2272//2272 2270//2270 
f 2273//2273 2272//2272 2271//2271 
f 2273//2273 2274//2274 2272//2272 
f 2275//2275 2274//2274 2273//2273 
f 2275//2275 2276//2276 2274//2274 
f 2277//2277 2276//2276 2275//2275 
f 2277//2277 2217//2217 2276//2276 
f 2218//2218 2217//2217 2277//2277 
f 2218//2218 2324//2324 2217//2217 
f 2325//2325 2324//2324 2218//2218 
f 2325//2325 2326//2326 2324//2324 
f 2327//2327 2326//2326 2325//2325 
f 2329//2329 2536//2536 2328//2328 
f 2329//2329 2330//2330 2536//2536 
f 2332//2332 2330//2330 2329//2329 
f 2332//2332 2331//2331 2330//2330 
f 2328//2328 2477//2477 2581//2581 
f 2536//2536 2477//2477 2328//2328 
f 2335//2335 2334//2334 2333//2333 
f 2335//2335 2336//2336 2334//2334 
f 2581//2581 2336//2336 2335//2335 
f 2581//2581 2477//2477 2336//2336 
f 2312//2312 2337//2337 2311//2311 
f 2338//2338 2337//2337 2312//2312 
f 2338//2338 2278//2278 2337//2337 
f 2279//2279 2278//2278 2338//2338 
f 2279//2279 2314//2314 2278//2278 
f 2315//2315 2314//2314 2279//2279 
f 2315//2315 2316//2316 2314//2314 
f 2317//2317 2316//2316 2315//2315 
f 2317//2317 2318//2318 2316//2316 
f 2319//2319 2318//2318 2317//2317 
f 2319//2319 2320//2320 2318//2318 
f 2321//2321 2320//2320 2319//2319 
f 2321//2321 2322//2322 2320//2320 
f 2323//2323 2322//2322 2321//2321 
f 2323//2323 2304//2304 2322//2322 
f 2303//2303 2304//2304 2323//2323 
f 2306//2306 2304//2304 2303//2303 
f 2306//2306 2305//2305 2304//2304 
f 2306//2306 2307//2307 2305//2305 
f 2308//2308 2307//2307 2306//2306 
f 2308//2308 2334//2334 2307//2307 
f 2333//2333 2334//2334 2308//2308 
f 2309//2309 2532//2532 2583//2583 
f 2309//2309 2310//2310 2532//2532 
f 2312//2312 2310//2310 2309//2309 
f 2312//2312 2311//2311 2310//2310 
f 2583//2583 2534//2534 2585//2585 
f 2532//2532 2534//2534 2583//2583 
f 2294//2294 2293//2293 2313//2313 
f 2294//2294 2295//2295 2293//2293 
f 2585//2585 2295//2295 2294//2294 
f 2585//2585 2534//2534 2295//2295 
f 2297//2297 2298//2298 2296//2296 
f 2299//2299 2298//2298 2297//2297 
f 2299//2299 2300//2300 2298//2298 
f 2301//2301 2300//2300 2299//2299 
f 2301//2301 2302//2302 2300//2300 
f 2280//2280 2302//2302 2301//2301 
f 2280//2280 2281//2281 2302//2302 
f 2282//2282 2281//2281 2280//2280 
f 2282//2282 2283//2283 2281//2281 
f 2284//2284 2283//2283 2282//2282 
f 2284//2284 2285//2285 2283//2283 
f 2286//2286 2285//2285 2284//2284 
f 2286//2286 2287//2287 2285//2285 
f 2288//2288 2287//2287 2286//2286 
f 2288//2288 2289//2289 2287//2287 
f 2290//2290 2289//2289 2288//2288 
f 2290//2290 2291//2291 2289//2289 
f 2292//2292 2291//2291 2290//2290 
f 2292//2292 2293//2293 2291//2291 
f 2313//2313 2293//2293 2292//2292 
f 354//354 2355//2355 2480//2480 
f 2356//2356 2355//2355 354//354 
f 2356//2356 2357//2357 2355//2355 
f 2297//2297 2357//2357 2356//2356 
f 2297//2297 2296//2296 2357//2357 
f 354//354 2530//2530 2587//2587 
f 2480//2480 2530//2530 354//354 
f 2388//2388 2387//2387 2386//2386 
f 2388//2388 2389//2389 2387//2387 
f 2587//2587 2389//2389 2388//2388 
f 2587//2587 2530//2530 2389//2389 
f 2358//2358 2390//2390 2376//2376 
f 2391//2391 2390//2390 2358//2358 
f 2391//2391 2392//2392 2390//2390 
f 2393//2393 2392//2392 2391//2391 
f 2393//2393 2377//2377 2392//2392 
f 2378//2378 2377//2377 2393//2393 
f 2378//2378 2379//2379 2377//2377 
f 2380//2380 2379//2379 2378//2378 
f 2380//2380 2381//2381 2379//2379 
f 2382//2382 2381//2381 2380//2380 
f 2382//2382 2383//2383 2381//2381 
f 2384//2384 2383//2383 2382//2382 
f 2384//2384 2385//2385 2383//2383 
f 2368//2368 2385//2385 2384//2384 
f 2368//2368 2367//2367 2385//2385 
f 2368//2368 2369//2369 2367//2367 
f 2370//2370 2369//2369 2368//2368 
f 2370//2370 2371//2371 2369//2369 
f 2372//2372 2371//2371 2370//2370 
f 2372//2372 2387//2387 2371//2371 
f 2386//2386 2387//2387 2372//2372 
f 2374//2374 2528//2528 2373//2373 
f 2374//2374 2375//2375 2528//2528 
f 2358//2358 2375//2375 2374//2374 
f 2358//2358 2376//2376 2375//2375 
f 2373//2373 2479//2479 2589//2589 
f 2528//2528 2479//2479 2373//2373 
f 2360//2360 2361//2361 2359//2359 
f 2107//2107 2361//2361 2360//2360 
f 2107//2107 2479//2479 2361//2361 
f 2589//2589 2479//2479 2107//2107 
f 2440//2440 2362//2362 2439//2439 
f 2363//2363 2362//2362 2440//2440 
f 2363//2363 2364//2364 2362//2362 
f 2365//2365 2364//2364 2363//2363 
f 2365//2365 2366//2366 2364//2364 
f 2339//2339 2366//2366 2365//2365 
f 2339//2339 2340//2340 2366//2366 
f 2341//2341 2340//2340 2339//2339 
f 2341//2341 2342//2342 2340//2340 
f 2343//2343 2342//2342 2341//2341 
f 2343//2343 2344//2344 2342//2342 
f 2345//2345 2344//2344 2343//2343 
f 2345//2345 2346//2346 2344//2344 
f 2347//2347 2346//2346 2345//2345 
f 2347//2347 2348//2348 2346//2346 
f 2349//2349 2348//2348 2347//2347 
f 2349//2349 2350//2350 2348//2348 
f 2351//2351 2350//2350 2349//2349 
f 2351//2351 2352//2352 2350//2350 
f 2353//2353 2352//2352 2351//2351 
f 2353//2353 2354//2354 2352//2352 
f 2404//2404 2354//2354 2353//2353 
f 2404//2404 2359//2359 2354//2354 
f 2360//2360 2359//2359 2404//2404 
f 2411//2411 2484//2484 2405//2405 
f 2411//2411 2412//2412 2484//2484 
f 2440//2440 2412//2412 2411//2411 
f 2440//2440 2439//2439 2412//2412 
f 2405//2405 2522//2522 2109//2109 
f 2484//2484 2522//2522 2405//2405 
f 2433//2433 2432//2432 2441//2441 
f 2433//2433 2434//2434 2432//2432 
f 2591//2591 2434//2434 2433//2433 
f 2591//2591 2524//2524 2434//2434 
f 2109//2109 2524//2524 2591//2591 
f 2109//2109 2522//2522 2524//2524 
f 2436//2436 2435//2435 2396//2396 
f 2436//2436 2437//2437 2435//2435 
f 2438//2438 2437//2437 2436//2436 
f 2438//2438 2406//2406 2437//2437 
f 2407//2407 2406//2406 2438//2438 
f 2407//2407 2408//2408 2406//2406 
f 2409//2409 2408//2408 2407//2407 
f 2409//2409 2410//2410 2408//2408 
f 2394//2394 2410//2410 2409//2409 
f 2394//2394 2448//2448 2410//2410 
f 2394//2394 2395//2395 2448//2448 
f 2442//2442 2395//2395 2394//2394 
f 2442//2442 2443//2443 2395//2395 
f 2444//2444 2443//2443 2442//2442 
f 2444//2444 2445//2445 2443//2443 
f 2446//2446 2445//2445 2444//2444 
f 2446//2446 2447//2447 2445//2445 
f 2417//2417 2447//2447 2446//2446 
f 2417//2417 2418//2418 2447//2447 
f 2441//2441 2418//2418 2417//2417 
f 2441//2441 2432//2432 2418//2418 
f 2419//2419 2520//2520 2595//2595 
f 2419//2419 2403//2403 2520//2520 
f 2396//2396 2403//2403 2419//2419 
f 2396//2396 2402//2402 2403//2403 
f 2396//2396 2435//2435 2402//2402 
f 2595//2595 2469//2469 2593//2593 
f 2520//2520 2469//2469 2595//2595 
f 2399//2399 2398//2398 2397//2397 
f 2429//2429 1207//1207 2430//2430 
f 2416//2416 2414//2414 2413//2413 
f 2413//2413 1259//1259 2416//2416 
f 2416//2416 2415//2415 2414//2414 
f 2421//2421 2420//2420 2422//2422 
f 2425//2425 2424//2424 2423//2423 
f 2616//2616 2474//2474 2614//2614 
f 2616//2616 1414//1414 2474//2474 
f 2610//2610 2612//2612 2475//2475 
f 2476//2476 1493//1493 2604//2604 
f 2600//2600 2456//2456 2602//2602 
f 2602//2602 1525//1525 2600//2600 
f 2455//2455 2598//2598 2596//2596 
f 2592//2592 1605//1605 2590//2590 
f 2465//2465 1629//1629 2588//2588 
f 2582//2582 2586//2586 2464//2464 
f 2584//2584 2586//2586 2582//2582 
f 2464//2464 1671//1671 2582//2582 
f 1702//1702 2580//2580 2466//2466 
f 2576//2576 1754//1754 2574//2574 
f 2568//2568 2457//2457 2566//2566 
f 2461//2461 2562//2562 2564//2564 
f 2558//2558 4//4 2463//2463 
f 2554//2554 2462//2462 2556//2556 
f 2451//2451 2203//2203 2550//2550 
f 2548//2548 2203//2203 2451//2451 
f 2538//2538 2478//2478 2540//2540 
f 2254//2254 2538//2538 2540//2540 
f 2526//2526 2479//2479 2528//2528 
f 2522//2522 2484//2484 2524//2524 
f 2512//2512 2514//2514 2468//2468 
f 2508//2508 2510//2510 2467//2467 
f 2502//2502 959//959 2504//2504 
f 2470//2470 959//959 2502//2502 
f 2496//2496 2482//2482 2498//2498 
f 2489//2489 2449//2449 2494//2494 
f 2485//2485 2449//2449 2489//2489 
f 2491//2491 1102//1102 2453//2453 
f 2492//2492 2101//2101 2490//2490 
f 2497//2497 2495//2495 2103//2103 
f 1238//1238 2495//2495 2497//2497 
f 1245//1245 2501//2501 2499//2499 
f 2503//2503 2104//2104 1250//1250 
f 2099//2099 2505//2505 2507//2507 
f 2513//2513 1363//1363 2511//2511 
f 2082//2082 1443//1443 2517//2517 
f 2521//2521 2519//2519 1430//1430 
f 2525//2525 2523//2523 2081//2081 
f 1467//1467 2523//2523 2525//2525 
f 2100//2100 2525//2525 2081//2081 
f 2087//2087 2529//2529 2531//2531 
f 2537//2537 2535//2535 1611//1611 
f 2539//2539 2541//2541 2085//2085 
f 1620//1620 2085//2085 2541//2541 
f 2543//2543 2106//2106 1628//1628 
f 2111//2111 2549//2549 2551//2551 
f 2553//2553 1783//1783 2110//2110 
f 2112//2112 2559//2559 83//83 
f 2561//2561 100//100 2563//2563 
f 2565//2565 2090//2090 2148//2148 
f 2571//2571 2569//2569 2088//2088 
f 2092//2092 2179//2179 2575//2575 
f 2575//2575 2573//2573 2092//2092 
f 2091//2091 2253//2253 2579//2579 
f 2583//2583 2108//2108 2309//2309 
f 2585//2585 2108//2108 2583//2583 
f 2589//2589 2107//2107 2373//2373 
f 2109//2109 2591//2591 2405//2405 
f 2597//2597 866//866 2095//2095 
f 2093//2093 2603//2603 2605//2605 
f 952//952 2603//2603 2093//2093 
f 983//983 2096//2096 2607//2607 
f 2609//2609 1005//1005 2611//2611 
f 2080//2080 1095//1095 2079//2079 
f 2079//2079 2617//2617 2080//2080 
