ISO-10303-21;
HEADER;
/* Generated by software containing ST-Developer
 * from STEP Tools, Inc. (www.steptools.com) 
 */

FILE_DESCRIPTION(
/* description */ (''),
/* implementation_level */ '2;1');

FILE_NAME(
/* name */ 'Nema 23 112mm v1.step',
/* time_stamp */ '2025-11-06T21:27:54+01:00',
/* author */ (''),
/* organization */ (''),
/* preprocessor_version */ 'ST-DEVELOPER v20.1',
/* originating_system */ 'Autodesk Translation Framework v14.17.0.0',
/* authorisation */ '');

FILE_SCHEMA (('AUTOMOTIVE_DESIGN { 1 0 10303 214 3 1 1 }'));
ENDSEC;

DATA;
#10=MECHANICAL_DESIGN_GEOMETRIC_PRESENTATION_REPRESENTATION('',(#40,#41,
#42,#43),#3781);
#11=SHAPE_REPRESENTATION_RELATIONSHIP('SRR','None',#3788,#12);
#12=ADVANCED_BREP_SHAPE_REPRESENTATION('',(#44,#45,#46,#47),#3780);
#13=TOROIDAL_SURFACE('',#2411,6.,3.);
#14=TOROIDAL_SURFACE('',#2416,6.,3.);
#15=TOROIDAL_SURFACE('',#2429,6.,3.);
#16=TOROIDAL_SURFACE('',#2434,6.,3.);
#17=SPHERICAL_SURFACE('',#2406,3.);
#18=SPHERICAL_SURFACE('',#2410,3.);
#19=SPHERICAL_SURFACE('',#2417,3.);
#20=SPHERICAL_SURFACE('',#2422,3.);
#21=SPHERICAL_SURFACE('',#2423,3.);
#22=SPHERICAL_SURFACE('',#2428,3.);
#23=SPHERICAL_SURFACE('',#2435,3.);
#24=SPHERICAL_SURFACE('',#2439,3.);
#25=FACE_BOUND('',#609,.T.);
#26=FACE_BOUND('',#636,.T.);
#27=FACE_BOUND('',#638,.T.);
#28=FACE_BOUND('',#658,.T.);
#29=FACE_BOUND('',#660,.T.);
#30=FACE_BOUND('',#666,.T.);
#31=FACE_BOUND('',#668,.T.);
#32=FACE_BOUND('',#671,.T.);
#33=FACE_BOUND('',#674,.T.);
#34=FACE_BOUND('',#675,.T.);
#35=FACE_BOUND('',#676,.T.);
#36=FACE_BOUND('',#677,.T.);
#37=FACE_BOUND('',#678,.T.);
#38=FACE_BOUND('',#690,.T.);
#39=FACE_BOUND('',#704,.T.);
#40=STYLED_ITEM('',(#3797),#44);
#41=STYLED_ITEM('',(#3798),#45);
#42=STYLED_ITEM('',(#3799),#46);
#43=STYLED_ITEM('',(#3799),#47);
#44=MANIFOLD_SOLID_BREP('Bry\X2\0142\X0\a1',#2182);
#45=MANIFOLD_SOLID_BREP('Bry\X2\0142\X0\a2',#2183);
#46=MANIFOLD_SOLID_BREP('Bry\X2\0142\X0\a3',#2184);
#47=MANIFOLD_SOLID_BREP('Bry\X2\0142\X0\a4',#2185);
#48=CYLINDRICAL_SURFACE('',#2204,4.);
#49=CYLINDRICAL_SURFACE('',#2223,3.);
#50=CYLINDRICAL_SURFACE('',#2225,3.);
#51=CYLINDRICAL_SURFACE('',#2227,3.);
#52=CYLINDRICAL_SURFACE('',#2229,3.);
#53=CYLINDRICAL_SURFACE('',#2231,3.);
#54=CYLINDRICAL_SURFACE('',#2233,3.);
#55=CYLINDRICAL_SURFACE('',#2240,4.);
#56=CYLINDRICAL_SURFACE('',#2243,3.);
#57=CYLINDRICAL_SURFACE('',#2246,3.);
#58=CYLINDRICAL_SURFACE('',#2249,3.);
#59=CYLINDRICAL_SURFACE('',#2252,3.);
#60=CYLINDRICAL_SURFACE('',#2255,3.);
#61=CYLINDRICAL_SURFACE('',#2258,3.);
#62=CYLINDRICAL_SURFACE('',#2275,3.);
#63=CYLINDRICAL_SURFACE('',#2278,3.);
#64=CYLINDRICAL_SURFACE('',#2281,3.);
#65=CYLINDRICAL_SURFACE('',#2284,3.);
#66=CYLINDRICAL_SURFACE('',#2287,3.);
#67=CYLINDRICAL_SURFACE('',#2290,3.);
#68=CYLINDRICAL_SURFACE('',#2293,3.);
#69=CYLINDRICAL_SURFACE('',#2295,3.);
#70=CYLINDRICAL_SURFACE('',#2297,3.);
#71=CYLINDRICAL_SURFACE('',#2299,3.);
#72=CYLINDRICAL_SURFACE('',#2301,3.);
#73=CYLINDRICAL_SURFACE('',#2303,3.);
#74=CYLINDRICAL_SURFACE('',#2321,19.05);
#75=CYLINDRICAL_SURFACE('',#2326,3.5);
#76=CYLINDRICAL_SURFACE('',#2336,3.5);
#77=CYLINDRICAL_SURFACE('',#2338,3.5);
#78=CYLINDRICAL_SURFACE('',#2339,3.5);
#79=CYLINDRICAL_SURFACE('',#2340,2.55);
#80=CYLINDRICAL_SURFACE('',#2341,2.55);
#81=CYLINDRICAL_SURFACE('',#2342,2.55);
#82=CYLINDRICAL_SURFACE('',#2343,4.);
#83=CYLINDRICAL_SURFACE('',#2344,2.55);
#84=CYLINDRICAL_SURFACE('',#2361,3.);
#85=CYLINDRICAL_SURFACE('',#2364,3.);
#86=CYLINDRICAL_SURFACE('',#2367,3.);
#87=CYLINDRICAL_SURFACE('',#2370,3.);
#88=CYLINDRICAL_SURFACE('',#2373,3.);
#89=CYLINDRICAL_SURFACE('',#2376,3.);
#90=CYLINDRICAL_SURFACE('',#2385,3.);
#91=CYLINDRICAL_SURFACE('',#2388,3.);
#92=CYLINDRICAL_SURFACE('',#2391,3.);
#93=CYLINDRICAL_SURFACE('',#2394,3.);
#94=CYLINDRICAL_SURFACE('',#2397,3.);
#95=CYLINDRICAL_SURFACE('',#2400,3.);
#96=CYLINDRICAL_SURFACE('',#2403,3.);
#97=CYLINDRICAL_SURFACE('',#2407,3.);
#98=CYLINDRICAL_SURFACE('',#2413,3.);
#99=CYLINDRICAL_SURFACE('',#2419,3.);
#100=CYLINDRICAL_SURFACE('',#2425,3.);
#101=CYLINDRICAL_SURFACE('',#2431,3.);
#102=CYLINDRICAL_SURFACE('',#2437,3.);
#103=CYLINDRICAL_SURFACE('',#2440,4.);
#104=CYLINDRICAL_SURFACE('',#2441,3.);
#105=CYLINDRICAL_SURFACE('',#2443,3.);
#106=CYLINDRICAL_SURFACE('',#2445,3.);
#107=CYLINDRICAL_SURFACE('',#2447,3.);
#108=CYLINDRICAL_SURFACE('',#2449,3.);
#109=LINE('',#3149,#294);
#110=LINE('',#3153,#295);
#111=LINE('',#3155,#296);
#112=LINE('',#3156,#297);
#113=LINE('',#3160,#298);
#114=LINE('',#3168,#299);
#115=LINE('',#3172,#300);
#116=LINE('',#3176,#301);
#117=LINE('',#3180,#302);
#118=LINE('',#3184,#303);
#119=LINE('',#3188,#304);
#120=LINE('',#3192,#305);
#121=LINE('',#3196,#306);
#122=LINE('',#3200,#307);
#123=LINE('',#3204,#308);
#124=LINE('',#3208,#309);
#125=LINE('',#3211,#310);
#126=LINE('',#3217,#311);
#127=LINE('',#3218,#312);
#128=LINE('',#3219,#313);
#129=LINE('',#3223,#314);
#130=LINE('',#3228,#315);
#131=LINE('',#3229,#316);
#132=LINE('',#3234,#317);
#133=LINE('',#3235,#318);
#134=LINE('',#3240,#319);
#135=LINE('',#3241,#320);
#136=LINE('',#3246,#321);
#137=LINE('',#3247,#322);
#138=LINE('',#3252,#323);
#139=LINE('',#3253,#324);
#140=LINE('',#3255,#325);
#141=LINE('',#3257,#326);
#142=LINE('',#3259,#327);
#143=LINE('',#3261,#328);
#144=LINE('',#3263,#329);
#145=LINE('',#3267,#330);
#146=LINE('',#3270,#331);
#147=LINE('',#3271,#332);
#148=LINE('',#3275,#333);
#149=LINE('',#3278,#334);
#150=LINE('',#3279,#335);
#151=LINE('',#3283,#336);
#152=LINE('',#3286,#337);
#153=LINE('',#3287,#338);
#154=LINE('',#3291,#339);
#155=LINE('',#3294,#340);
#156=LINE('',#3295,#341);
#157=LINE('',#3299,#342);
#158=LINE('',#3302,#343);
#159=LINE('',#3303,#344);
#160=LINE('',#3307,#345);
#161=LINE('',#3310,#346);
#162=LINE('',#3311,#347);
#163=LINE('',#3320,#348);
#164=LINE('',#3324,#349);
#165=LINE('',#3328,#350);
#166=LINE('',#3332,#351);
#167=LINE('',#3336,#352);
#168=LINE('',#3340,#353);
#169=LINE('',#3344,#354);
#170=LINE('',#3348,#355);
#171=LINE('',#3352,#356);
#172=LINE('',#3356,#357);
#173=LINE('',#3360,#358);
#174=LINE('',#3363,#359);
#175=LINE('',#3368,#360);
#176=LINE('',#3371,#361);
#177=LINE('',#3374,#362);
#178=LINE('',#3375,#363);
#179=LINE('',#3378,#364);
#180=LINE('',#3382,#365);
#181=LINE('',#3383,#366);
#182=LINE('',#3386,#367);
#183=LINE('',#3390,#368);
#184=LINE('',#3392,#369);
#185=LINE('',#3394,#370);
#186=LINE('',#3396,#371);
#187=LINE('',#3398,#372);
#188=LINE('',#3399,#373);
#189=LINE('',#3402,#374);
#190=LINE('',#3406,#375);
#191=LINE('',#3407,#376);
#192=LINE('',#3410,#377);
#193=LINE('',#3414,#378);
#194=LINE('',#3415,#379);
#195=LINE('',#3418,#380);
#196=LINE('',#3422,#381);
#197=LINE('',#3424,#382);
#198=LINE('',#3426,#383);
#199=LINE('',#3428,#384);
#200=LINE('',#3430,#385);
#201=LINE('',#3431,#386);
#202=LINE('',#3434,#387);
#203=LINE('',#3437,#388);
#204=LINE('',#3440,#389);
#205=LINE('',#3443,#390);
#206=LINE('',#3446,#391);
#207=LINE('',#3449,#392);
#208=LINE('',#3452,#393);
#209=LINE('',#3455,#394);
#210=LINE('',#3458,#395);
#211=LINE('',#3461,#396);
#212=LINE('',#3464,#397);
#213=LINE('',#3469,#398);
#214=LINE('',#3477,#399);
#215=LINE('',#3479,#400);
#216=LINE('',#3481,#401);
#217=LINE('',#3483,#402);
#218=LINE('',#3486,#403);
#219=LINE('',#3492,#404);
#220=LINE('',#3495,#405);
#221=LINE('',#3502,#406);
#222=LINE('',#3509,#407);
#223=LINE('',#3513,#408);
#224=LINE('',#3517,#409);
#225=LINE('',#3529,#410);
#226=LINE('',#3530,#411);
#227=LINE('',#3532,#412);
#228=LINE('',#3536,#413);
#229=LINE('',#3538,#414);
#230=LINE('',#3540,#415);
#231=LINE('',#3542,#416);
#232=LINE('',#3544,#417);
#233=LINE('',#3549,#418);
#234=LINE('',#3553,#419);
#235=LINE('',#3557,#420);
#236=LINE('',#3561,#421);
#237=LINE('',#3565,#422);
#238=LINE('',#3569,#423);
#239=LINE('',#3573,#424);
#240=LINE('',#3577,#425);
#241=LINE('',#3581,#426);
#242=LINE('',#3585,#427);
#243=LINE('',#3589,#428);
#244=LINE('',#3593,#429);
#245=LINE('',#3599,#430);
#246=LINE('',#3601,#431);
#247=LINE('',#3602,#432);
#248=LINE('',#3605,#433);
#249=LINE('',#3609,#434);
#250=LINE('',#3610,#435);
#251=LINE('',#3613,#436);
#252=LINE('',#3617,#437);
#253=LINE('',#3618,#438);
#254=LINE('',#3621,#439);
#255=LINE('',#3625,#440);
#256=LINE('',#3626,#441);
#257=LINE('',#3629,#442);
#258=LINE('',#3633,#443);
#259=LINE('',#3634,#444);
#260=LINE('',#3637,#445);
#261=LINE('',#3641,#446);
#262=LINE('',#3642,#447);
#263=LINE('',#3645,#448);
#264=LINE('',#3652,#449);
#265=LINE('',#3654,#450);
#266=LINE('',#3656,#451);
#267=LINE('',#3660,#452);
#268=LINE('',#3662,#453);
#269=LINE('',#3664,#454);
#270=LINE('',#3668,#455);
#271=LINE('',#3670,#456);
#272=LINE('',#3672,#457);
#273=LINE('',#3676,#458);
#274=LINE('',#3678,#459);
#275=LINE('',#3679,#460);
#276=LINE('',#3684,#461);
#277=LINE('',#3685,#462);
#278=LINE('',#3691,#463);
#279=LINE('',#3697,#464);
#280=LINE('',#3703,#465);
#281=LINE('',#3709,#466);
#282=LINE('',#3715,#467);
#283=LINE('',#3754,#468);
#284=LINE('',#3758,#469);
#285=LINE('',#3760,#470);
#286=LINE('',#3762,#471);
#287=LINE('',#3764,#472);
#288=LINE('',#3766,#473);
#289=LINE('',#3768,#474);
#290=LINE('',#3770,#475);
#291=LINE('',#3772,#476);
#292=LINE('',#3774,#477);
#293=LINE('',#3776,#478);
#294=VECTOR('',#2459,10.);
#295=VECTOR('',#2464,10.);
#296=VECTOR('',#2465,10.);
#297=VECTOR('',#2466,10.);
#298=VECTOR('',#2471,4.);
#299=VECTOR('',#2480,10.);
#300=VECTOR('',#2483,10.);
#301=VECTOR('',#2486,10.);
#302=VECTOR('',#2489,10.);
#303=VECTOR('',#2492,10.);
#304=VECTOR('',#2495,10.);
#305=VECTOR('',#2498,10.);
#306=VECTOR('',#2501,10.);
#307=VECTOR('',#2504,10.);
#308=VECTOR('',#2507,10.);
#309=VECTOR('',#2510,10.);
#310=VECTOR('',#2513,10.);
#311=VECTOR('',#2518,10.);
#312=VECTOR('',#2519,10.);
#313=VECTOR('',#2520,10.);
#314=VECTOR('',#2525,10.);
#315=VECTOR('',#2530,10.);
#316=VECTOR('',#2531,10.);
#317=VECTOR('',#2536,10.);
#318=VECTOR('',#2537,10.);
#319=VECTOR('',#2542,10.);
#320=VECTOR('',#2543,10.);
#321=VECTOR('',#2548,10.);
#322=VECTOR('',#2549,10.);
#323=VECTOR('',#2554,10.);
#324=VECTOR('',#2555,10.);
#325=VECTOR('',#2558,10.);
#326=VECTOR('',#2561,10.);
#327=VECTOR('',#2564,10.);
#328=VECTOR('',#2567,10.);
#329=VECTOR('',#2570,10.);
#330=VECTOR('',#2575,4.);
#331=VECTOR('',#2578,10.);
#332=VECTOR('',#2579,10.);
#333=VECTOR('',#2584,10.);
#334=VECTOR('',#2587,10.);
#335=VECTOR('',#2588,10.);
#336=VECTOR('',#2593,10.);
#337=VECTOR('',#2596,10.);
#338=VECTOR('',#2597,10.);
#339=VECTOR('',#2602,10.);
#340=VECTOR('',#2605,10.);
#341=VECTOR('',#2606,10.);
#342=VECTOR('',#2611,10.);
#343=VECTOR('',#2614,10.);
#344=VECTOR('',#2615,10.);
#345=VECTOR('',#2620,10.);
#346=VECTOR('',#2623,10.);
#347=VECTOR('',#2624,10.);
#348=VECTOR('',#2635,10.);
#349=VECTOR('',#2638,10.);
#350=VECTOR('',#2641,10.);
#351=VECTOR('',#2644,10.);
#352=VECTOR('',#2647,10.);
#353=VECTOR('',#2650,10.);
#354=VECTOR('',#2653,10.);
#355=VECTOR('',#2656,10.);
#356=VECTOR('',#2659,10.);
#357=VECTOR('',#2662,10.);
#358=VECTOR('',#2665,10.);
#359=VECTOR('',#2668,10.);
#360=VECTOR('',#2673,10.);
#361=VECTOR('',#2676,10.);
#362=VECTOR('',#2679,10.);
#363=VECTOR('',#2680,10.);
#364=VECTOR('',#2683,10.);
#365=VECTOR('',#2688,10.);
#366=VECTOR('',#2689,10.);
#367=VECTOR('',#2692,10.);
#368=VECTOR('',#2697,10.);
#369=VECTOR('',#2698,10.);
#370=VECTOR('',#2699,10.);
#371=VECTOR('',#2700,10.);
#372=VECTOR('',#2701,10.);
#373=VECTOR('',#2702,10.);
#374=VECTOR('',#2705,10.);
#375=VECTOR('',#2710,10.);
#376=VECTOR('',#2711,10.);
#377=VECTOR('',#2714,10.);
#378=VECTOR('',#2719,10.);
#379=VECTOR('',#2720,10.);
#380=VECTOR('',#2723,10.);
#381=VECTOR('',#2728,10.);
#382=VECTOR('',#2729,10.);
#383=VECTOR('',#2730,10.);
#384=VECTOR('',#2731,10.);
#385=VECTOR('',#2732,10.);
#386=VECTOR('',#2733,10.);
#387=VECTOR('',#2736,10.);
#388=VECTOR('',#2739,10.);
#389=VECTOR('',#2742,10.);
#390=VECTOR('',#2745,10.);
#391=VECTOR('',#2748,10.);
#392=VECTOR('',#2751,10.);
#393=VECTOR('',#2754,10.);
#394=VECTOR('',#2757,10.);
#395=VECTOR('',#2760,10.);
#396=VECTOR('',#2763,10.);
#397=VECTOR('',#2766,10.);
#398=VECTOR('',#2773,10.);
#399=VECTOR('',#2784,10.);
#400=VECTOR('',#2787,10.);
#401=VECTOR('',#2790,10.);
#402=VECTOR('',#2793,10.);
#403=VECTOR('',#2796,10.);
#404=VECTOR('',#2803,10.);
#405=VECTOR('',#2806,10.);
#406=VECTOR('',#2813,19.05);
#407=VECTOR('',#2822,10.);
#408=VECTOR('',#2827,10.);
#409=VECTOR('',#2830,10.);
#410=VECTOR('',#2845,10.);
#411=VECTOR('',#2846,10.);
#412=VECTOR('',#2849,10.);
#413=VECTOR('',#2856,2.55);
#414=VECTOR('',#2859,2.55);
#415=VECTOR('',#2862,2.55);
#416=VECTOR('',#2865,4.);
#417=VECTOR('',#2868,2.55);
#418=VECTOR('',#2873,10.);
#419=VECTOR('',#2876,10.);
#420=VECTOR('',#2879,10.);
#421=VECTOR('',#2882,10.);
#422=VECTOR('',#2885,10.);
#423=VECTOR('',#2888,10.);
#424=VECTOR('',#2891,10.);
#425=VECTOR('',#2894,10.);
#426=VECTOR('',#2897,10.);
#427=VECTOR('',#2900,10.);
#428=VECTOR('',#2903,10.);
#429=VECTOR('',#2906,10.);
#430=VECTOR('',#2913,10.);
#431=VECTOR('',#2914,10.);
#432=VECTOR('',#2915,10.);
#433=VECTOR('',#2918,10.);
#434=VECTOR('',#2923,10.);
#435=VECTOR('',#2924,10.);
#436=VECTOR('',#2927,10.);
#437=VECTOR('',#2932,10.);
#438=VECTOR('',#2933,10.);
#439=VECTOR('',#2936,10.);
#440=VECTOR('',#2941,10.);
#441=VECTOR('',#2942,10.);
#442=VECTOR('',#2945,10.);
#443=VECTOR('',#2950,10.);
#444=VECTOR('',#2951,10.);
#445=VECTOR('',#2954,10.);
#446=VECTOR('',#2959,10.);
#447=VECTOR('',#2960,10.);
#448=VECTOR('',#2963,10.);
#449=VECTOR('',#2970,10.);
#450=VECTOR('',#2971,10.);
#451=VECTOR('',#2972,10.);
#452=VECTOR('',#2975,10.);
#453=VECTOR('',#2976,10.);
#454=VECTOR('',#2977,10.);
#455=VECTOR('',#2980,10.);
#456=VECTOR('',#2981,10.);
#457=VECTOR('',#2982,10.);
#458=VECTOR('',#2985,10.);
#459=VECTOR('',#2986,10.);
#460=VECTOR('',#2987,10.);
#461=VECTOR('',#2992,10.);
#462=VECTOR('',#2993,10.);
#463=VECTOR('',#3000,10.);
#464=VECTOR('',#3007,10.);
#465=VECTOR('',#3014,10.);
#466=VECTOR('',#3021,10.);
#467=VECTOR('',#3028,10.);
#468=VECTOR('',#3105,10.);
#469=VECTOR('',#3112,4.);
#470=VECTOR('',#3115,10.);
#471=VECTOR('',#3118,10.);
#472=VECTOR('',#3121,10.);
#473=VECTOR('',#3124,10.);
#474=VECTOR('',#3127,10.);
#475=VECTOR('',#3130,10.);
#476=VECTOR('',#3133,10.);
#477=VECTOR('',#3136,10.);
#478=VECTOR('',#3139,10.);
#479=FACE_OUTER_BOUND('',#603,.T.);
#480=FACE_OUTER_BOUND('',#604,.T.);
#481=FACE_OUTER_BOUND('',#605,.T.);
#482=FACE_OUTER_BOUND('',#606,.T.);
#483=FACE_OUTER_BOUND('',#607,.T.);
#484=FACE_OUTER_BOUND('',#608,.T.);
#485=FACE_OUTER_BOUND('',#610,.T.);
#486=FACE_OUTER_BOUND('',#611,.T.);
#487=FACE_OUTER_BOUND('',#612,.T.);
#488=FACE_OUTER_BOUND('',#613,.T.);
#489=FACE_OUTER_BOUND('',#614,.T.);
#490=FACE_OUTER_BOUND('',#615,.T.);
#491=FACE_OUTER_BOUND('',#616,.T.);
#492=FACE_OUTER_BOUND('',#617,.T.);
#493=FACE_OUTER_BOUND('',#618,.T.);
#494=FACE_OUTER_BOUND('',#619,.T.);
#495=FACE_OUTER_BOUND('',#620,.T.);
#496=FACE_OUTER_BOUND('',#621,.T.);
#497=FACE_OUTER_BOUND('',#622,.T.);
#498=FACE_OUTER_BOUND('',#623,.T.);
#499=FACE_OUTER_BOUND('',#624,.T.);
#500=FACE_OUTER_BOUND('',#625,.T.);
#501=FACE_OUTER_BOUND('',#626,.T.);
#502=FACE_OUTER_BOUND('',#627,.T.);
#503=FACE_OUTER_BOUND('',#628,.T.);
#504=FACE_OUTER_BOUND('',#629,.T.);
#505=FACE_OUTER_BOUND('',#630,.T.);
#506=FACE_OUTER_BOUND('',#631,.T.);
#507=FACE_OUTER_BOUND('',#632,.T.);
#508=FACE_OUTER_BOUND('',#633,.T.);
#509=FACE_OUTER_BOUND('',#634,.T.);
#510=FACE_OUTER_BOUND('',#635,.T.);
#511=FACE_OUTER_BOUND('',#637,.T.);
#512=FACE_OUTER_BOUND('',#639,.T.);
#513=FACE_OUTER_BOUND('',#640,.T.);
#514=FACE_OUTER_BOUND('',#641,.T.);
#515=FACE_OUTER_BOUND('',#642,.T.);
#516=FACE_OUTER_BOUND('',#643,.T.);
#517=FACE_OUTER_BOUND('',#644,.T.);
#518=FACE_OUTER_BOUND('',#645,.T.);
#519=FACE_OUTER_BOUND('',#646,.T.);
#520=FACE_OUTER_BOUND('',#647,.T.);
#521=FACE_OUTER_BOUND('',#648,.T.);
#522=FACE_OUTER_BOUND('',#649,.T.);
#523=FACE_OUTER_BOUND('',#650,.T.);
#524=FACE_OUTER_BOUND('',#651,.T.);
#525=FACE_OUTER_BOUND('',#652,.T.);
#526=FACE_OUTER_BOUND('',#653,.T.);
#527=FACE_OUTER_BOUND('',#654,.T.);
#528=FACE_OUTER_BOUND('',#655,.T.);
#529=FACE_OUTER_BOUND('',#656,.T.);
#530=FACE_OUTER_BOUND('',#657,.T.);
#531=FACE_OUTER_BOUND('',#659,.T.);
#532=FACE_OUTER_BOUND('',#661,.T.);
#533=FACE_OUTER_BOUND('',#662,.T.);
#534=FACE_OUTER_BOUND('',#663,.T.);
#535=FACE_OUTER_BOUND('',#664,.T.);
#536=FACE_OUTER_BOUND('',#665,.T.);
#537=FACE_OUTER_BOUND('',#667,.T.);
#538=FACE_OUTER_BOUND('',#669,.T.);
#539=FACE_OUTER_BOUND('',#670,.T.);
#540=FACE_OUTER_BOUND('',#672,.T.);
#541=FACE_OUTER_BOUND('',#673,.T.);
#542=FACE_OUTER_BOUND('',#679,.T.);
#543=FACE_OUTER_BOUND('',#680,.T.);
#544=FACE_OUTER_BOUND('',#681,.T.);
#545=FACE_OUTER_BOUND('',#682,.T.);
#546=FACE_OUTER_BOUND('',#683,.T.);
#547=FACE_OUTER_BOUND('',#684,.T.);
#548=FACE_OUTER_BOUND('',#685,.T.);
#549=FACE_OUTER_BOUND('',#686,.T.);
#550=FACE_OUTER_BOUND('',#687,.T.);
#551=FACE_OUTER_BOUND('',#688,.T.);
#552=FACE_OUTER_BOUND('',#689,.T.);
#553=FACE_OUTER_BOUND('',#691,.T.);
#554=FACE_OUTER_BOUND('',#692,.T.);
#555=FACE_OUTER_BOUND('',#693,.T.);
#556=FACE_OUTER_BOUND('',#694,.T.);
#557=FACE_OUTER_BOUND('',#695,.T.);
#558=FACE_OUTER_BOUND('',#696,.T.);
#559=FACE_OUTER_BOUND('',#697,.T.);
#560=FACE_OUTER_BOUND('',#698,.T.);
#561=FACE_OUTER_BOUND('',#699,.T.);
#562=FACE_OUTER_BOUND('',#700,.T.);
#563=FACE_OUTER_BOUND('',#701,.T.);
#564=FACE_OUTER_BOUND('',#702,.T.);
#565=FACE_OUTER_BOUND('',#703,.T.);
#566=FACE_OUTER_BOUND('',#705,.T.);
#567=FACE_OUTER_BOUND('',#706,.T.);
#568=FACE_OUTER_BOUND('',#707,.T.);
#569=FACE_OUTER_BOUND('',#708,.T.);
#570=FACE_OUTER_BOUND('',#709,.T.);
#571=FACE_OUTER_BOUND('',#710,.T.);
#572=FACE_OUTER_BOUND('',#711,.T.);
#573=FACE_OUTER_BOUND('',#712,.T.);
#574=FACE_OUTER_BOUND('',#713,.T.);
#575=FACE_OUTER_BOUND('',#714,.T.);
#576=FACE_OUTER_BOUND('',#715,.T.);
#577=FACE_OUTER_BOUND('',#716,.T.);
#578=FACE_OUTER_BOUND('',#717,.T.);
#579=FACE_OUTER_BOUND('',#718,.T.);
#580=FACE_OUTER_BOUND('',#719,.T.);
#581=FACE_OUTER_BOUND('',#720,.T.);
#582=FACE_OUTER_BOUND('',#721,.T.);
#583=FACE_OUTER_BOUND('',#722,.T.);
#584=FACE_OUTER_BOUND('',#723,.T.);
#585=FACE_OUTER_BOUND('',#724,.T.);
#586=FACE_OUTER_BOUND('',#725,.T.);
#587=FACE_OUTER_BOUND('',#726,.T.);
#588=FACE_OUTER_BOUND('',#727,.T.);
#589=FACE_OUTER_BOUND('',#728,.T.);
#590=FACE_OUTER_BOUND('',#729,.T.);
#591=FACE_OUTER_BOUND('',#730,.T.);
#592=FACE_OUTER_BOUND('',#731,.T.);
#593=FACE_OUTER_BOUND('',#732,.T.);
#594=FACE_OUTER_BOUND('',#733,.T.);
#595=FACE_OUTER_BOUND('',#734,.T.);
#596=FACE_OUTER_BOUND('',#735,.T.);
#597=FACE_OUTER_BOUND('',#736,.T.);
#598=FACE_OUTER_BOUND('',#737,.T.);
#599=FACE_OUTER_BOUND('',#738,.T.);
#600=FACE_OUTER_BOUND('',#739,.T.);
#601=FACE_OUTER_BOUND('',#740,.T.);
#602=FACE_OUTER_BOUND('',#741,.T.);
#603=EDGE_LOOP('',(#1381));
#604=EDGE_LOOP('',(#1382,#1383));
#605=EDGE_LOOP('',(#1384,#1385,#1386,#1387));
#606=EDGE_LOOP('',(#1388,#1389,#1390,#1391,#1392,#1393,#1394,#1395));
#607=EDGE_LOOP('',(#1396,#1397,#1398));
#608=EDGE_LOOP('',(#1399,#1400,#1401,#1402,#1403,#1404,#1405,#1406,#1407,
#1408,#1409,#1410,#1411,#1412,#1413,#1414,#1415,#1416,#1417,#1418,#1419,
#1420,#1421,#1422));
#609=EDGE_LOOP('',(#1423));
#610=EDGE_LOOP('',(#1424,#1425,#1426,#1427));
#611=EDGE_LOOP('',(#1428,#1429,#1430,#1431));
#612=EDGE_LOOP('',(#1432,#1433,#1434,#1435));
#613=EDGE_LOOP('',(#1436,#1437,#1438,#1439));
#614=EDGE_LOOP('',(#1440,#1441,#1442,#1443));
#615=EDGE_LOOP('',(#1444,#1445,#1446,#1447));
#616=EDGE_LOOP('',(#1448,#1449,#1450,#1451));
#617=EDGE_LOOP('',(#1452,#1453,#1454,#1455));
#618=EDGE_LOOP('',(#1456,#1457,#1458,#1459));
#619=EDGE_LOOP('',(#1460,#1461,#1462,#1463));
#620=EDGE_LOOP('',(#1464,#1465,#1466,#1467));
#621=EDGE_LOOP('',(#1468,#1469,#1470,#1471));
#622=EDGE_LOOP('',(#1472,#1473,#1474,#1475));
#623=EDGE_LOOP('',(#1476,#1477,#1478,#1479));
#624=EDGE_LOOP('',(#1480,#1481,#1482,#1483));
#625=EDGE_LOOP('',(#1484,#1485,#1486,#1487));
#626=EDGE_LOOP('',(#1488,#1489,#1490,#1491));
#627=EDGE_LOOP('',(#1492,#1493,#1494,#1495));
#628=EDGE_LOOP('',(#1496,#1497,#1498,#1499));
#629=EDGE_LOOP('',(#1500,#1501,#1502,#1503));
#630=EDGE_LOOP('',(#1504,#1505,#1506,#1507));
#631=EDGE_LOOP('',(#1508,#1509,#1510,#1511));
#632=EDGE_LOOP('',(#1512,#1513,#1514,#1515));
#633=EDGE_LOOP('',(#1516,#1517,#1518,#1519));
#634=EDGE_LOOP('',(#1520,#1521,#1522,#1523));
#635=EDGE_LOOP('',(#1524,#1525,#1526,#1527,#1528,#1529,#1530,#1531,#1532,
#1533,#1534,#1535,#1536,#1537,#1538,#1539,#1540,#1541,#1542,#1543,#1544,
#1545,#1546,#1547));
#636=EDGE_LOOP('',(#1548));
#637=EDGE_LOOP('',(#1549,#1550,#1551,#1552,#1553,#1554,#1555,#1556,#1557,
#1558,#1559,#1560,#1561,#1562,#1563,#1564,#1565,#1566,#1567,#1568,#1569,
#1570,#1571,#1572));
#638=EDGE_LOOP('',(#1573));
#639=EDGE_LOOP('',(#1574,#1575,#1576,#1577));
#640=EDGE_LOOP('',(#1578,#1579,#1580,#1581));
#641=EDGE_LOOP('',(#1582,#1583,#1584,#1585));
#642=EDGE_LOOP('',(#1586,#1587,#1588,#1589));
#643=EDGE_LOOP('',(#1590,#1591,#1592,#1593));
#644=EDGE_LOOP('',(#1594,#1595,#1596,#1597,#1598,#1599,#1600,#1601));
#645=EDGE_LOOP('',(#1602,#1603,#1604,#1605));
#646=EDGE_LOOP('',(#1606,#1607,#1608,#1609));
#647=EDGE_LOOP('',(#1610,#1611,#1612,#1613));
#648=EDGE_LOOP('',(#1614,#1615,#1616,#1617));
#649=EDGE_LOOP('',(#1618,#1619,#1620,#1621));
#650=EDGE_LOOP('',(#1622,#1623,#1624,#1625,#1626,#1627,#1628,#1629));
#651=EDGE_LOOP('',(#1630,#1631,#1632,#1633));
#652=EDGE_LOOP('',(#1634,#1635,#1636,#1637));
#653=EDGE_LOOP('',(#1638,#1639,#1640,#1641));
#654=EDGE_LOOP('',(#1642,#1643,#1644,#1645));
#655=EDGE_LOOP('',(#1646,#1647,#1648,#1649));
#656=EDGE_LOOP('',(#1650,#1651,#1652,#1653));
#657=EDGE_LOOP('',(#1654,#1655,#1656,#1657,#1658,#1659,#1660,#1661));
#658=EDGE_LOOP('',(#1662));
#659=EDGE_LOOP('',(#1663,#1664,#1665,#1666,#1667,#1668,#1669,#1670));
#660=EDGE_LOOP('',(#1671));
#661=EDGE_LOOP('',(#1672,#1673,#1674,#1675));
#662=EDGE_LOOP('',(#1676,#1677,#1678,#1679));
#663=EDGE_LOOP('',(#1680,#1681,#1682,#1683));
#664=EDGE_LOOP('',(#1684,#1685,#1686,#1687));
#665=EDGE_LOOP('',(#1688,#1689,#1690,#1691,#1692,#1693,#1694,#1695));
#666=EDGE_LOOP('',(#1696));
#667=EDGE_LOOP('',(#1697,#1698,#1699,#1700,#1701,#1702,#1703,#1704));
#668=EDGE_LOOP('',(#1705));
#669=EDGE_LOOP('',(#1706,#1707,#1708,#1709));
#670=EDGE_LOOP('',(#1710));
#671=EDGE_LOOP('',(#1711));
#672=EDGE_LOOP('',(#1712,#1713,#1714,#1715));
#673=EDGE_LOOP('',(#1716,#1717,#1718,#1719,#1720,#1721,#1722,#1723));
#674=EDGE_LOOP('',(#1724));
#675=EDGE_LOOP('',(#1725));
#676=EDGE_LOOP('',(#1726));
#677=EDGE_LOOP('',(#1727));
#678=EDGE_LOOP('',(#1728));
#679=EDGE_LOOP('',(#1729,#1730,#1731,#1732));
#680=EDGE_LOOP('',(#1733,#1734,#1735,#1736,#1737,#1738,#1739,#1740));
#681=EDGE_LOOP('',(#1741,#1742,#1743,#1744));
#682=EDGE_LOOP('',(#1745,#1746,#1747,#1748));
#683=EDGE_LOOP('',(#1749,#1750,#1751,#1752));
#684=EDGE_LOOP('',(#1753,#1754,#1755,#1756));
#685=EDGE_LOOP('',(#1757,#1758,#1759,#1760));
#686=EDGE_LOOP('',(#1761,#1762,#1763,#1764));
#687=EDGE_LOOP('',(#1765,#1766,#1767,#1768));
#688=EDGE_LOOP('',(#1769,#1770,#1771,#1772,#1773,#1774,#1775,#1776));
#689=EDGE_LOOP('',(#1777,#1778,#1779,#1780,#1781,#1782,#1783,#1784,#1785,
#1786,#1787,#1788,#1789,#1790,#1791,#1792,#1793,#1794,#1795,#1796,#1797,
#1798,#1799,#1800));
#690=EDGE_LOOP('',(#1801));
#691=EDGE_LOOP('',(#1802,#1803,#1804,#1805));
#692=EDGE_LOOP('',(#1806,#1807,#1808,#1809));
#693=EDGE_LOOP('',(#1810,#1811,#1812,#1813));
#694=EDGE_LOOP('',(#1814,#1815,#1816,#1817));
#695=EDGE_LOOP('',(#1818,#1819,#1820,#1821));
#696=EDGE_LOOP('',(#1822,#1823,#1824,#1825));
#697=EDGE_LOOP('',(#1826,#1827,#1828,#1829));
#698=EDGE_LOOP('',(#1830,#1831,#1832,#1833));
#699=EDGE_LOOP('',(#1834,#1835,#1836,#1837));
#700=EDGE_LOOP('',(#1838,#1839,#1840,#1841));
#701=EDGE_LOOP('',(#1842,#1843,#1844,#1845));
#702=EDGE_LOOP('',(#1846,#1847,#1848,#1849));
#703=EDGE_LOOP('',(#1850,#1851,#1852,#1853,#1854,#1855,#1856,#1857,#1858,
#1859,#1860,#1861,#1862,#1863,#1864,#1865));
#704=EDGE_LOOP('',(#1866));
#705=EDGE_LOOP('',(#1867,#1868,#1869,#1870));
#706=EDGE_LOOP('',(#1871,#1872,#1873,#1874));
#707=EDGE_LOOP('',(#1875,#1876,#1877,#1878));
#708=EDGE_LOOP('',(#1879,#1880,#1881,#1882));
#709=EDGE_LOOP('',(#1883,#1884,#1885,#1886));
#710=EDGE_LOOP('',(#1887,#1888,#1889,#1890));
#711=EDGE_LOOP('',(#1891,#1892,#1893,#1894));
#712=EDGE_LOOP('',(#1895,#1896,#1897,#1898));
#713=EDGE_LOOP('',(#1899,#1900,#1901));
#714=EDGE_LOOP('',(#1902,#1903,#1904,#1905));
#715=EDGE_LOOP('',(#1906,#1907,#1908));
#716=EDGE_LOOP('',(#1909,#1910,#1911,#1912));
#717=EDGE_LOOP('',(#1913,#1914,#1915,#1916));
#718=EDGE_LOOP('',(#1917,#1918,#1919,#1920));
#719=EDGE_LOOP('',(#1921,#1922,#1923));
#720=EDGE_LOOP('',(#1924,#1925,#1926,#1927));
#721=EDGE_LOOP('',(#1928,#1929,#1930));
#722=EDGE_LOOP('',(#1931,#1932,#1933));
#723=EDGE_LOOP('',(#1934,#1935,#1936,#1937));
#724=EDGE_LOOP('',(#1938,#1939,#1940));
#725=EDGE_LOOP('',(#1941,#1942,#1943,#1944));
#726=EDGE_LOOP('',(#1945,#1946,#1947,#1948));
#727=EDGE_LOOP('',(#1949,#1950,#1951,#1952));
#728=EDGE_LOOP('',(#1953,#1954,#1955));
#729=EDGE_LOOP('',(#1956,#1957,#1958,#1959));
#730=EDGE_LOOP('',(#1960,#1961,#1962));
#731=EDGE_LOOP('',(#1963,#1964,#1965,#1966));
#732=EDGE_LOOP('',(#1967,#1968,#1969,#1970));
#733=EDGE_LOOP('',(#1971,#1972,#1973,#1974));
#734=EDGE_LOOP('',(#1975,#1976,#1977,#1978));
#735=EDGE_LOOP('',(#1979,#1980,#1981,#1982));
#736=EDGE_LOOP('',(#1983,#1984,#1985,#1986));
#737=EDGE_LOOP('',(#1987,#1988,#1989,#1990));
#738=EDGE_LOOP('',(#1991,#1992,#1993,#1994));
#739=EDGE_LOOP('',(#1995,#1996,#1997,#1998));
#740=EDGE_LOOP('',(#1999,#2000,#2001,#2002));
#741=EDGE_LOOP('',(#2003,#2004,#2005,#2006));
#742=CIRCLE('',#2200,4.);
#743=CIRCLE('',#2202,4.00000005960464);
#744=CIRCLE('',#2205,4.);
#745=CIRCLE('',#2206,4.);
#746=CIRCLE('',#2209,3.);
#747=CIRCLE('',#2210,3.);
#748=CIRCLE('',#2211,3.);
#749=CIRCLE('',#2212,3.);
#750=CIRCLE('',#2213,3.);
#751=CIRCLE('',#2214,3.);
#752=CIRCLE('',#2215,3.);
#753=CIRCLE('',#2216,3.);
#754=CIRCLE('',#2217,3.);
#755=CIRCLE('',#2218,3.);
#756=CIRCLE('',#2219,3.);
#757=CIRCLE('',#2220,3.);
#758=CIRCLE('',#2221,4.);
#759=CIRCLE('',#2224,3.);
#760=CIRCLE('',#2226,3.);
#761=CIRCLE('',#2228,3.);
#762=CIRCLE('',#2230,3.);
#763=CIRCLE('',#2232,3.);
#764=CIRCLE('',#2234,3.);
#765=CIRCLE('',#2241,4.);
#766=CIRCLE('',#2244,3.);
#767=CIRCLE('',#2247,3.);
#768=CIRCLE('',#2250,3.);
#769=CIRCLE('',#2253,3.);
#770=CIRCLE('',#2256,3.);
#771=CIRCLE('',#2259,3.);
#772=CIRCLE('',#2262,3.);
#773=CIRCLE('',#2263,3.);
#774=CIRCLE('',#2264,3.);
#775=CIRCLE('',#2265,3.);
#776=CIRCLE('',#2266,3.);
#777=CIRCLE('',#2267,3.);
#778=CIRCLE('',#2268,3.);
#779=CIRCLE('',#2269,3.);
#780=CIRCLE('',#2270,3.);
#781=CIRCLE('',#2271,3.);
#782=CIRCLE('',#2272,3.);
#783=CIRCLE('',#2273,3.);
#784=CIRCLE('',#2274,4.);
#785=CIRCLE('',#2276,3.);
#786=CIRCLE('',#2279,3.);
#787=CIRCLE('',#2282,3.);
#788=CIRCLE('',#2285,3.);
#789=CIRCLE('',#2288,3.);
#790=CIRCLE('',#2291,3.);
#791=CIRCLE('',#2294,3.);
#792=CIRCLE('',#2296,3.);
#793=CIRCLE('',#2298,3.);
#794=CIRCLE('',#2300,3.);
#795=CIRCLE('',#2302,3.);
#796=CIRCLE('',#2304,3.);
#797=CIRCLE('',#2306,3.5);
#798=CIRCLE('',#2307,2.55);
#799=CIRCLE('',#2309,3.5);
#800=CIRCLE('',#2310,2.55);
#801=CIRCLE('',#2316,3.5);
#802=CIRCLE('',#2317,2.55);
#803=CIRCLE('',#2319,3.5);
#804=CIRCLE('',#2320,2.55);
#805=CIRCLE('',#2322,19.05);
#806=CIRCLE('',#2323,19.05);
#807=CIRCLE('',#2325,4.);
#808=CIRCLE('',#2327,3.5);
#809=CIRCLE('',#2329,3.5);
#810=CIRCLE('',#2330,3.5);
#811=CIRCLE('',#2331,3.5);
#812=CIRCLE('',#2332,2.55);
#813=CIRCLE('',#2333,2.55);
#814=CIRCLE('',#2334,2.55);
#815=CIRCLE('',#2335,2.55);
#816=CIRCLE('',#2347,3.);
#817=CIRCLE('',#2348,3.);
#818=CIRCLE('',#2349,3.);
#819=CIRCLE('',#2350,3.);
#820=CIRCLE('',#2351,3.);
#821=CIRCLE('',#2352,3.);
#822=CIRCLE('',#2353,3.);
#823=CIRCLE('',#2354,3.);
#824=CIRCLE('',#2355,3.);
#825=CIRCLE('',#2356,3.);
#826=CIRCLE('',#2357,3.);
#827=CIRCLE('',#2358,3.);
#828=CIRCLE('',#2359,4.);
#829=CIRCLE('',#2362,3.);
#830=CIRCLE('',#2365,3.);
#831=CIRCLE('',#2368,3.);
#832=CIRCLE('',#2371,3.);
#833=CIRCLE('',#2374,3.);
#834=CIRCLE('',#2377,3.);
#835=CIRCLE('',#2379,6.);
#836=CIRCLE('',#2380,6.);
#837=CIRCLE('',#2381,6.);
#838=CIRCLE('',#2382,6.);
#839=CIRCLE('',#2383,4.);
#840=CIRCLE('',#2386,3.);
#841=CIRCLE('',#2387,3.00000000000001);
#842=CIRCLE('',#2389,3.);
#843=CIRCLE('',#2390,3.00000000000001);
#844=CIRCLE('',#2392,3.);
#845=CIRCLE('',#2393,3.00000000000001);
#846=CIRCLE('',#2395,3.);
#847=CIRCLE('',#2396,3.00000000000001);
#848=CIRCLE('',#2398,3.);
#849=CIRCLE('',#2399,3.00000000000001);
#850=CIRCLE('',#2401,3.);
#851=CIRCLE('',#2402,3.00000000000001);
#852=CIRCLE('',#2404,3.);
#853=CIRCLE('',#2405,3.00000000000001);
#854=CIRCLE('',#2408,3.);
#855=CIRCLE('',#2409,3.00000000000001);
#856=CIRCLE('',#2412,3.);
#857=CIRCLE('',#2414,3.);
#858=CIRCLE('',#2415,3.00000000000001);
#859=CIRCLE('',#2418,3.);
#860=CIRCLE('',#2420,3.);
#861=CIRCLE('',#2421,3.00000000000001);
#862=CIRCLE('',#2424,3.);
#863=CIRCLE('',#2426,3.);
#864=CIRCLE('',#2427,3.00000000000001);
#865=CIRCLE('',#2430,3.);
#866=CIRCLE('',#2432,3.);
#867=CIRCLE('',#2433,3.00000000000001);
#868=CIRCLE('',#2436,3.);
#869=CIRCLE('',#2438,3.);
#870=VERTEX_POINT('',#3144);
#871=VERTEX_POINT('',#3147);
#872=VERTEX_POINT('',#3148);
#873=VERTEX_POINT('',#3152);
#874=VERTEX_POINT('',#3154);
#875=VERTEX_POINT('',#3158);
#876=VERTEX_POINT('',#3164);
#877=VERTEX_POINT('',#3165);
#878=VERTEX_POINT('',#3167);
#879=VERTEX_POINT('',#3169);
#880=VERTEX_POINT('',#3171);
#881=VERTEX_POINT('',#3173);
#882=VERTEX_POINT('',#3175);
#883=VERTEX_POINT('',#3177);
#884=VERTEX_POINT('',#3179);
#885=VERTEX_POINT('',#3181);
#886=VERTEX_POINT('',#3183);
#887=VERTEX_POINT('',#3185);
#888=VERTEX_POINT('',#3187);
#889=VERTEX_POINT('',#3189);
#890=VERTEX_POINT('',#3191);
#891=VERTEX_POINT('',#3193);
#892=VERTEX_POINT('',#3195);
#893=VERTEX_POINT('',#3197);
#894=VERTEX_POINT('',#3199);
#895=VERTEX_POINT('',#3201);
#896=VERTEX_POINT('',#3203);
#897=VERTEX_POINT('',#3205);
#898=VERTEX_POINT('',#3207);
#899=VERTEX_POINT('',#3209);
#900=VERTEX_POINT('',#3212);
#901=VERTEX_POINT('',#3215);
#902=VERTEX_POINT('',#3216);
#903=VERTEX_POINT('',#3221);
#904=VERTEX_POINT('',#3225);
#905=VERTEX_POINT('',#3226);
#906=VERTEX_POINT('',#3231);
#907=VERTEX_POINT('',#3232);
#908=VERTEX_POINT('',#3237);
#909=VERTEX_POINT('',#3238);
#910=VERTEX_POINT('',#3243);
#911=VERTEX_POINT('',#3244);
#912=VERTEX_POINT('',#3249);
#913=VERTEX_POINT('',#3250);
#914=VERTEX_POINT('',#3265);
#915=VERTEX_POINT('',#3269);
#916=VERTEX_POINT('',#3273);
#917=VERTEX_POINT('',#3277);
#918=VERTEX_POINT('',#3281);
#919=VERTEX_POINT('',#3285);
#920=VERTEX_POINT('',#3289);
#921=VERTEX_POINT('',#3293);
#922=VERTEX_POINT('',#3297);
#923=VERTEX_POINT('',#3301);
#924=VERTEX_POINT('',#3305);
#925=VERTEX_POINT('',#3309);
#926=VERTEX_POINT('',#3316);
#927=VERTEX_POINT('',#3317);
#928=VERTEX_POINT('',#3319);
#929=VERTEX_POINT('',#3321);
#930=VERTEX_POINT('',#3323);
#931=VERTEX_POINT('',#3325);
#932=VERTEX_POINT('',#3327);
#933=VERTEX_POINT('',#3329);
#934=VERTEX_POINT('',#3331);
#935=VERTEX_POINT('',#3333);
#936=VERTEX_POINT('',#3335);
#937=VERTEX_POINT('',#3337);
#938=VERTEX_POINT('',#3339);
#939=VERTEX_POINT('',#3341);
#940=VERTEX_POINT('',#3343);
#941=VERTEX_POINT('',#3345);
#942=VERTEX_POINT('',#3347);
#943=VERTEX_POINT('',#3349);
#944=VERTEX_POINT('',#3351);
#945=VERTEX_POINT('',#3353);
#946=VERTEX_POINT('',#3355);
#947=VERTEX_POINT('',#3357);
#948=VERTEX_POINT('',#3359);
#949=VERTEX_POINT('',#3361);
#950=VERTEX_POINT('',#3364);
#951=VERTEX_POINT('',#3367);
#952=VERTEX_POINT('',#3369);
#953=VERTEX_POINT('',#3373);
#954=VERTEX_POINT('',#3377);
#955=VERTEX_POINT('',#3381);
#956=VERTEX_POINT('',#3385);
#957=VERTEX_POINT('',#3389);
#958=VERTEX_POINT('',#3391);
#959=VERTEX_POINT('',#3393);
#960=VERTEX_POINT('',#3395);
#961=VERTEX_POINT('',#3397);
#962=VERTEX_POINT('',#3401);
#963=VERTEX_POINT('',#3405);
#964=VERTEX_POINT('',#3409);
#965=VERTEX_POINT('',#3413);
#966=VERTEX_POINT('',#3417);
#967=VERTEX_POINT('',#3421);
#968=VERTEX_POINT('',#3423);
#969=VERTEX_POINT('',#3425);
#970=VERTEX_POINT('',#3427);
#971=VERTEX_POINT('',#3429);
#972=VERTEX_POINT('',#3433);
#973=VERTEX_POINT('',#3435);
#974=VERTEX_POINT('',#3439);
#975=VERTEX_POINT('',#3441);
#976=VERTEX_POINT('',#3445);
#977=VERTEX_POINT('',#3447);
#978=VERTEX_POINT('',#3451);
#979=VERTEX_POINT('',#3453);
#980=VERTEX_POINT('',#3457);
#981=VERTEX_POINT('',#3459);
#982=VERTEX_POINT('',#3463);
#983=VERTEX_POINT('',#3467);
#984=VERTEX_POINT('',#3470);
#985=VERTEX_POINT('',#3474);
#986=VERTEX_POINT('',#3485);
#987=VERTEX_POINT('',#3488);
#988=VERTEX_POINT('',#3491);
#989=VERTEX_POINT('',#3493);
#990=VERTEX_POINT('',#3496);
#991=VERTEX_POINT('',#3499);
#992=VERTEX_POINT('',#3501);
#993=VERTEX_POINT('',#3505);
#994=VERTEX_POINT('',#3508);
#995=VERTEX_POINT('',#3512);
#996=VERTEX_POINT('',#3514);
#997=VERTEX_POINT('',#3516);
#998=VERTEX_POINT('',#3520);
#999=VERTEX_POINT('',#3522);
#1000=VERTEX_POINT('',#3524);
#1001=VERTEX_POINT('',#3526);
#1002=VERTEX_POINT('',#3547);
#1003=VERTEX_POINT('',#3548);
#1004=VERTEX_POINT('',#3550);
#1005=VERTEX_POINT('',#3552);
#1006=VERTEX_POINT('',#3554);
#1007=VERTEX_POINT('',#3556);
#1008=VERTEX_POINT('',#3558);
#1009=VERTEX_POINT('',#3560);
#1010=VERTEX_POINT('',#3562);
#1011=VERTEX_POINT('',#3564);
#1012=VERTEX_POINT('',#3566);
#1013=VERTEX_POINT('',#3568);
#1014=VERTEX_POINT('',#3570);
#1015=VERTEX_POINT('',#3572);
#1016=VERTEX_POINT('',#3574);
#1017=VERTEX_POINT('',#3576);
#1018=VERTEX_POINT('',#3578);
#1019=VERTEX_POINT('',#3580);
#1020=VERTEX_POINT('',#3582);
#1021=VERTEX_POINT('',#3584);
#1022=VERTEX_POINT('',#3586);
#1023=VERTEX_POINT('',#3588);
#1024=VERTEX_POINT('',#3590);
#1025=VERTEX_POINT('',#3592);
#1026=VERTEX_POINT('',#3595);
#1027=VERTEX_POINT('',#3598);
#1028=VERTEX_POINT('',#3600);
#1029=VERTEX_POINT('',#3604);
#1030=VERTEX_POINT('',#3608);
#1031=VERTEX_POINT('',#3612);
#1032=VERTEX_POINT('',#3616);
#1033=VERTEX_POINT('',#3620);
#1034=VERTEX_POINT('',#3624);
#1035=VERTEX_POINT('',#3628);
#1036=VERTEX_POINT('',#3632);
#1037=VERTEX_POINT('',#3636);
#1038=VERTEX_POINT('',#3640);
#1039=VERTEX_POINT('',#3644);
#1040=VERTEX_POINT('',#3648);
#1041=VERTEX_POINT('',#3649);
#1042=VERTEX_POINT('',#3651);
#1043=VERTEX_POINT('',#3653);
#1044=VERTEX_POINT('',#3655);
#1045=VERTEX_POINT('',#3657);
#1046=VERTEX_POINT('',#3659);
#1047=VERTEX_POINT('',#3661);
#1048=VERTEX_POINT('',#3663);
#1049=VERTEX_POINT('',#3665);
#1050=VERTEX_POINT('',#3667);
#1051=VERTEX_POINT('',#3669);
#1052=VERTEX_POINT('',#3671);
#1053=VERTEX_POINT('',#3673);
#1054=VERTEX_POINT('',#3675);
#1055=VERTEX_POINT('',#3677);
#1056=VERTEX_POINT('',#3680);
#1057=VERTEX_POINT('',#3683);
#1058=VERTEX_POINT('',#3687);
#1059=VERTEX_POINT('',#3689);
#1060=VERTEX_POINT('',#3693);
#1061=VERTEX_POINT('',#3695);
#1062=VERTEX_POINT('',#3699);
#1063=VERTEX_POINT('',#3701);
#1064=VERTEX_POINT('',#3705);
#1065=VERTEX_POINT('',#3707);
#1066=VERTEX_POINT('',#3711);
#1067=VERTEX_POINT('',#3713);
#1068=EDGE_CURVE('',#870,#870,#742,.T.);
#1069=EDGE_CURVE('',#871,#872,#109,.T.);
#1070=EDGE_CURVE('',#871,#872,#743,.T.);
#1071=EDGE_CURVE('',#873,#872,#110,.T.);
#1072=EDGE_CURVE('',#874,#873,#111,.T.);
#1073=EDGE_CURVE('',#871,#874,#112,.T.);
#1074=EDGE_CURVE('',#875,#874,#744,.T.);
#1075=EDGE_CURVE('',#875,#870,#113,.T.);
#1076=EDGE_CURVE('',#873,#875,#745,.T.);
#1077=EDGE_CURVE('',#876,#877,#746,.T.);
#1078=EDGE_CURVE('',#877,#878,#114,.T.);
#1079=EDGE_CURVE('',#878,#879,#747,.T.);
#1080=EDGE_CURVE('',#879,#880,#115,.T.);
#1081=EDGE_CURVE('',#880,#881,#748,.T.);
#1082=EDGE_CURVE('',#881,#882,#116,.T.);
#1083=EDGE_CURVE('',#882,#883,#749,.T.);
#1084=EDGE_CURVE('',#883,#884,#117,.T.);
#1085=EDGE_CURVE('',#884,#885,#750,.T.);
#1086=EDGE_CURVE('',#885,#886,#118,.T.);
#1087=EDGE_CURVE('',#886,#887,#751,.T.);
#1088=EDGE_CURVE('',#887,#888,#119,.T.);
#1089=EDGE_CURVE('',#888,#889,#752,.T.);
#1090=EDGE_CURVE('',#889,#890,#120,.T.);
#1091=EDGE_CURVE('',#890,#891,#753,.T.);
#1092=EDGE_CURVE('',#891,#892,#121,.T.);
#1093=EDGE_CURVE('',#892,#893,#754,.T.);
#1094=EDGE_CURVE('',#893,#894,#122,.T.);
#1095=EDGE_CURVE('',#894,#895,#755,.T.);
#1096=EDGE_CURVE('',#895,#896,#123,.T.);
#1097=EDGE_CURVE('',#896,#897,#756,.T.);
#1098=EDGE_CURVE('',#897,#898,#124,.T.);
#1099=EDGE_CURVE('',#898,#899,#757,.T.);
#1100=EDGE_CURVE('',#899,#876,#125,.T.);
#1101=EDGE_CURVE('',#900,#900,#758,.T.);
#1102=EDGE_CURVE('',#901,#902,#126,.T.);
#1103=EDGE_CURVE('',#878,#901,#127,.T.);
#1104=EDGE_CURVE('',#902,#877,#128,.T.);
#1105=EDGE_CURVE('',#902,#903,#759,.T.);
#1106=EDGE_CURVE('',#876,#903,#129,.T.);
#1107=EDGE_CURVE('',#904,#905,#760,.T.);
#1108=EDGE_CURVE('',#904,#891,#130,.T.);
#1109=EDGE_CURVE('',#890,#905,#131,.T.);
#1110=EDGE_CURVE('',#906,#907,#761,.T.);
#1111=EDGE_CURVE('',#906,#893,#132,.T.);
#1112=EDGE_CURVE('',#892,#907,#133,.T.);
#1113=EDGE_CURVE('',#908,#909,#762,.T.);
#1114=EDGE_CURVE('',#908,#895,#134,.T.);
#1115=EDGE_CURVE('',#894,#909,#135,.T.);
#1116=EDGE_CURVE('',#910,#911,#763,.T.);
#1117=EDGE_CURVE('',#910,#897,#136,.T.);
#1118=EDGE_CURVE('',#896,#911,#137,.T.);
#1119=EDGE_CURVE('',#912,#913,#764,.T.);
#1120=EDGE_CURVE('',#912,#899,#138,.T.);
#1121=EDGE_CURVE('',#898,#913,#139,.T.);
#1122=EDGE_CURVE('',#907,#904,#140,.T.);
#1123=EDGE_CURVE('',#909,#906,#141,.T.);
#1124=EDGE_CURVE('',#911,#908,#142,.T.);
#1125=EDGE_CURVE('',#913,#910,#143,.T.);
#1126=EDGE_CURVE('',#903,#912,#144,.T.);
#1127=EDGE_CURVE('',#914,#914,#765,.T.);
#1128=EDGE_CURVE('',#914,#900,#145,.T.);
#1129=EDGE_CURVE('',#905,#915,#146,.T.);
#1130=EDGE_CURVE('',#915,#889,#147,.T.);
#1131=EDGE_CURVE('',#915,#916,#766,.T.);
#1132=EDGE_CURVE('',#888,#916,#148,.T.);
#1133=EDGE_CURVE('',#916,#917,#149,.T.);
#1134=EDGE_CURVE('',#917,#887,#150,.T.);
#1135=EDGE_CURVE('',#917,#918,#767,.T.);
#1136=EDGE_CURVE('',#886,#918,#151,.T.);
#1137=EDGE_CURVE('',#918,#919,#152,.T.);
#1138=EDGE_CURVE('',#919,#885,#153,.T.);
#1139=EDGE_CURVE('',#919,#920,#768,.T.);
#1140=EDGE_CURVE('',#884,#920,#154,.T.);
#1141=EDGE_CURVE('',#920,#921,#155,.T.);
#1142=EDGE_CURVE('',#921,#883,#156,.T.);
#1143=EDGE_CURVE('',#921,#922,#769,.T.);
#1144=EDGE_CURVE('',#882,#922,#157,.T.);
#1145=EDGE_CURVE('',#922,#923,#158,.T.);
#1146=EDGE_CURVE('',#923,#881,#159,.T.);
#1147=EDGE_CURVE('',#923,#924,#770,.T.);
#1148=EDGE_CURVE('',#880,#924,#160,.T.);
#1149=EDGE_CURVE('',#924,#925,#161,.T.);
#1150=EDGE_CURVE('',#925,#879,#162,.T.);
#1151=EDGE_CURVE('',#925,#901,#771,.T.);
#1152=EDGE_CURVE('',#926,#927,#772,.T.);
#1153=EDGE_CURVE('',#928,#926,#163,.T.);
#1154=EDGE_CURVE('',#929,#928,#773,.T.);
#1155=EDGE_CURVE('',#930,#929,#164,.T.);
#1156=EDGE_CURVE('',#931,#930,#774,.T.);
#1157=EDGE_CURVE('',#932,#931,#165,.T.);
#1158=EDGE_CURVE('',#933,#932,#775,.T.);
#1159=EDGE_CURVE('',#934,#933,#166,.T.);
#1160=EDGE_CURVE('',#935,#934,#776,.T.);
#1161=EDGE_CURVE('',#936,#935,#167,.T.);
#1162=EDGE_CURVE('',#937,#936,#777,.T.);
#1163=EDGE_CURVE('',#938,#937,#168,.T.);
#1164=EDGE_CURVE('',#939,#938,#778,.T.);
#1165=EDGE_CURVE('',#940,#939,#169,.T.);
#1166=EDGE_CURVE('',#941,#940,#779,.T.);
#1167=EDGE_CURVE('',#942,#941,#170,.T.);
#1168=EDGE_CURVE('',#943,#942,#780,.T.);
#1169=EDGE_CURVE('',#944,#943,#171,.T.);
#1170=EDGE_CURVE('',#945,#944,#781,.T.);
#1171=EDGE_CURVE('',#946,#945,#172,.T.);
#1172=EDGE_CURVE('',#947,#946,#782,.T.);
#1173=EDGE_CURVE('',#948,#947,#173,.T.);
#1174=EDGE_CURVE('',#949,#948,#783,.T.);
#1175=EDGE_CURVE('',#927,#949,#174,.T.);
#1176=EDGE_CURVE('',#950,#950,#784,.T.);
#1177=EDGE_CURVE('',#938,#951,#175,.T.);
#1178=EDGE_CURVE('',#951,#952,#785,.F.);
#1179=EDGE_CURVE('',#952,#939,#176,.T.);
#1180=EDGE_CURVE('',#953,#937,#177,.T.);
#1181=EDGE_CURVE('',#951,#953,#178,.T.);
#1182=EDGE_CURVE('',#936,#954,#179,.T.);
#1183=EDGE_CURVE('',#953,#954,#786,.T.);
#1184=EDGE_CURVE('',#955,#935,#180,.T.);
#1185=EDGE_CURVE('',#954,#955,#181,.T.);
#1186=EDGE_CURVE('',#934,#956,#182,.T.);
#1187=EDGE_CURVE('',#956,#955,#787,.F.);
#1188=EDGE_CURVE('',#957,#933,#183,.T.);
#1189=EDGE_CURVE('',#958,#957,#184,.T.);
#1190=EDGE_CURVE('',#959,#958,#185,.T.);
#1191=EDGE_CURVE('',#959,#960,#186,.T.);
#1192=EDGE_CURVE('',#961,#960,#187,.T.);
#1193=EDGE_CURVE('',#956,#961,#188,.T.);
#1194=EDGE_CURVE('',#932,#962,#189,.T.);
#1195=EDGE_CURVE('',#962,#957,#788,.F.);
#1196=EDGE_CURVE('',#963,#931,#190,.T.);
#1197=EDGE_CURVE('',#962,#963,#191,.T.);
#1198=EDGE_CURVE('',#930,#964,#192,.T.);
#1199=EDGE_CURVE('',#963,#964,#789,.T.);
#1200=EDGE_CURVE('',#965,#929,#193,.T.);
#1201=EDGE_CURVE('',#964,#965,#194,.T.);
#1202=EDGE_CURVE('',#928,#966,#195,.T.);
#1203=EDGE_CURVE('',#966,#965,#790,.F.);
#1204=EDGE_CURVE('',#967,#926,#196,.T.);
#1205=EDGE_CURVE('',#968,#967,#197,.T.);
#1206=EDGE_CURVE('',#969,#968,#198,.T.);
#1207=EDGE_CURVE('',#969,#970,#199,.T.);
#1208=EDGE_CURVE('',#971,#970,#200,.T.);
#1209=EDGE_CURVE('',#966,#971,#201,.T.);
#1210=EDGE_CURVE('',#940,#972,#202,.T.);
#1211=EDGE_CURVE('',#972,#973,#791,.F.);
#1212=EDGE_CURVE('',#973,#941,#203,.T.);
#1213=EDGE_CURVE('',#942,#974,#204,.T.);
#1214=EDGE_CURVE('',#975,#974,#792,.T.);
#1215=EDGE_CURVE('',#975,#943,#205,.T.);
#1216=EDGE_CURVE('',#944,#976,#206,.T.);
#1217=EDGE_CURVE('',#976,#977,#793,.F.);
#1218=EDGE_CURVE('',#977,#945,#207,.T.);
#1219=EDGE_CURVE('',#946,#978,#208,.T.);
#1220=EDGE_CURVE('',#978,#979,#794,.F.);
#1221=EDGE_CURVE('',#979,#947,#209,.T.);
#1222=EDGE_CURVE('',#948,#980,#210,.T.);
#1223=EDGE_CURVE('',#981,#980,#795,.T.);
#1224=EDGE_CURVE('',#981,#949,#211,.T.);
#1225=EDGE_CURVE('',#927,#982,#212,.T.);
#1226=EDGE_CURVE('',#982,#967,#796,.F.);
#1227=EDGE_CURVE('',#983,#961,#797,.T.);
#1228=EDGE_CURVE('',#983,#952,#213,.T.);
#1229=EDGE_CURVE('',#984,#984,#798,.T.);
#1230=EDGE_CURVE('',#958,#971,#799,.T.);
#1231=EDGE_CURVE('',#985,#985,#800,.T.);
#1232=EDGE_CURVE('',#982,#981,#214,.T.);
#1233=EDGE_CURVE('',#980,#979,#215,.T.);
#1234=EDGE_CURVE('',#976,#975,#216,.T.);
#1235=EDGE_CURVE('',#974,#973,#217,.T.);
#1236=EDGE_CURVE('',#978,#986,#218,.T.);
#1237=EDGE_CURVE('',#968,#986,#801,.T.);
#1238=EDGE_CURVE('',#987,#987,#802,.T.);
#1239=EDGE_CURVE('',#972,#988,#219,.T.);
#1240=EDGE_CURVE('',#989,#988,#803,.T.);
#1241=EDGE_CURVE('',#989,#977,#220,.T.);
#1242=EDGE_CURVE('',#990,#990,#804,.T.);
#1243=EDGE_CURVE('',#991,#991,#805,.T.);
#1244=EDGE_CURVE('',#991,#992,#221,.T.);
#1245=EDGE_CURVE('',#992,#992,#806,.T.);
#1246=EDGE_CURVE('',#993,#993,#807,.T.);
#1247=EDGE_CURVE('',#986,#994,#222,.T.);
#1248=EDGE_CURVE('',#994,#969,#808,.T.);
#1249=EDGE_CURVE('',#995,#994,#223,.T.);
#1250=EDGE_CURVE('',#996,#995,#809,.T.);
#1251=EDGE_CURVE('',#997,#996,#224,.T.);
#1252=EDGE_CURVE('',#960,#997,#810,.T.);
#1253=EDGE_CURVE('',#970,#959,#811,.T.);
#1254=EDGE_CURVE('',#998,#998,#812,.T.);
#1255=EDGE_CURVE('',#999,#999,#813,.T.);
#1256=EDGE_CURVE('',#1000,#1000,#814,.T.);
#1257=EDGE_CURVE('',#1001,#1001,#815,.T.);
#1258=EDGE_CURVE('',#988,#996,#225,.T.);
#1259=EDGE_CURVE('',#995,#989,#226,.T.);
#1260=EDGE_CURVE('',#997,#983,#227,.T.);
#1261=EDGE_CURVE('',#984,#1001,#228,.T.);
#1262=EDGE_CURVE('',#990,#1000,#229,.T.);
#1263=EDGE_CURVE('',#985,#999,#230,.T.);
#1264=EDGE_CURVE('',#950,#993,#231,.T.);
#1265=EDGE_CURVE('',#987,#998,#232,.T.);
#1266=EDGE_CURVE('',#1002,#1003,#233,.T.);
#1267=EDGE_CURVE('',#1004,#1002,#816,.T.);
#1268=EDGE_CURVE('',#1005,#1004,#234,.T.);
#1269=EDGE_CURVE('',#1006,#1005,#817,.T.);
#1270=EDGE_CURVE('',#1007,#1006,#235,.T.);
#1271=EDGE_CURVE('',#1008,#1007,#818,.T.);
#1272=EDGE_CURVE('',#1009,#1008,#236,.T.);
#1273=EDGE_CURVE('',#1010,#1009,#819,.T.);
#1274=EDGE_CURVE('',#1011,#1010,#237,.T.);
#1275=EDGE_CURVE('',#1012,#1011,#820,.T.);
#1276=EDGE_CURVE('',#1013,#1012,#238,.T.);
#1277=EDGE_CURVE('',#1014,#1013,#821,.T.);
#1278=EDGE_CURVE('',#1015,#1014,#239,.T.);
#1279=EDGE_CURVE('',#1016,#1015,#822,.T.);
#1280=EDGE_CURVE('',#1017,#1016,#240,.T.);
#1281=EDGE_CURVE('',#1018,#1017,#823,.T.);
#1282=EDGE_CURVE('',#1019,#1018,#241,.T.);
#1283=EDGE_CURVE('',#1020,#1019,#824,.T.);
#1284=EDGE_CURVE('',#1021,#1020,#242,.T.);
#1285=EDGE_CURVE('',#1022,#1021,#825,.T.);
#1286=EDGE_CURVE('',#1023,#1022,#243,.T.);
#1287=EDGE_CURVE('',#1024,#1023,#826,.T.);
#1288=EDGE_CURVE('',#1025,#1024,#244,.T.);
#1289=EDGE_CURVE('',#1003,#1025,#827,.T.);
#1290=EDGE_CURVE('',#1026,#1026,#828,.T.);
#1291=EDGE_CURVE('',#1027,#1014,#245,.T.);
#1292=EDGE_CURVE('',#1028,#1027,#246,.T.);
#1293=EDGE_CURVE('',#1015,#1028,#247,.T.);
#1294=EDGE_CURVE('',#1013,#1029,#248,.T.);
#1295=EDGE_CURVE('',#1029,#1027,#829,.F.);
#1296=EDGE_CURVE('',#1030,#1012,#249,.T.);
#1297=EDGE_CURVE('',#1029,#1030,#250,.T.);
#1298=EDGE_CURVE('',#1011,#1031,#251,.T.);
#1299=EDGE_CURVE('',#1031,#1030,#830,.F.);
#1300=EDGE_CURVE('',#1032,#1010,#252,.T.);
#1301=EDGE_CURVE('',#1031,#1032,#253,.T.);
#1302=EDGE_CURVE('',#1009,#1033,#254,.T.);
#1303=EDGE_CURVE('',#1033,#1032,#831,.F.);
#1304=EDGE_CURVE('',#1034,#1008,#255,.T.);
#1305=EDGE_CURVE('',#1033,#1034,#256,.T.);
#1306=EDGE_CURVE('',#1007,#1035,#257,.T.);
#1307=EDGE_CURVE('',#1035,#1034,#832,.F.);
#1308=EDGE_CURVE('',#1036,#1006,#258,.T.);
#1309=EDGE_CURVE('',#1035,#1036,#259,.T.);
#1310=EDGE_CURVE('',#1005,#1037,#260,.T.);
#1311=EDGE_CURVE('',#1037,#1036,#833,.F.);
#1312=EDGE_CURVE('',#1038,#1004,#261,.T.);
#1313=EDGE_CURVE('',#1037,#1038,#262,.T.);
#1314=EDGE_CURVE('',#1002,#1039,#263,.T.);
#1315=EDGE_CURVE('',#1039,#1038,#834,.F.);
#1316=EDGE_CURVE('',#1040,#1041,#835,.T.);
#1317=EDGE_CURVE('',#1042,#1040,#264,.T.);
#1318=EDGE_CURVE('',#1043,#1042,#265,.T.);
#1319=EDGE_CURVE('',#1044,#1043,#266,.T.);
#1320=EDGE_CURVE('',#1045,#1044,#836,.T.);
#1321=EDGE_CURVE('',#1046,#1045,#267,.T.);
#1322=EDGE_CURVE('',#1047,#1046,#268,.T.);
#1323=EDGE_CURVE('',#1048,#1047,#269,.T.);
#1324=EDGE_CURVE('',#1049,#1048,#837,.T.);
#1325=EDGE_CURVE('',#1050,#1049,#270,.T.);
#1326=EDGE_CURVE('',#1051,#1050,#271,.T.);
#1327=EDGE_CURVE('',#1052,#1051,#272,.T.);
#1328=EDGE_CURVE('',#1053,#1052,#838,.T.);
#1329=EDGE_CURVE('',#1054,#1053,#273,.T.);
#1330=EDGE_CURVE('',#1055,#1054,#274,.T.);
#1331=EDGE_CURVE('',#1041,#1055,#275,.T.);
#1332=EDGE_CURVE('',#1056,#1056,#839,.T.);
#1333=EDGE_CURVE('',#1057,#1003,#276,.T.);
#1334=EDGE_CURVE('',#1039,#1057,#277,.T.);
#1335=EDGE_CURVE('',#1058,#1051,#840,.F.);
#1336=EDGE_CURVE('',#1050,#1059,#841,.F.);
#1337=EDGE_CURVE('',#1059,#1058,#278,.T.);
#1338=EDGE_CURVE('',#1060,#1052,#842,.T.);
#1339=EDGE_CURVE('',#1051,#1061,#843,.F.);
#1340=EDGE_CURVE('',#1061,#1060,#279,.T.);
#1341=EDGE_CURVE('',#1062,#1054,#844,.F.);
#1342=EDGE_CURVE('',#1053,#1063,#845,.T.);
#1343=EDGE_CURVE('',#1063,#1062,#280,.T.);
#1344=EDGE_CURVE('',#1064,#1055,#846,.F.);
#1345=EDGE_CURVE('',#1054,#1065,#847,.F.);
#1346=EDGE_CURVE('',#1065,#1064,#281,.T.);
#1347=EDGE_CURVE('',#1066,#1041,#848,.T.);
#1348=EDGE_CURVE('',#1055,#1067,#849,.F.);
#1349=EDGE_CURVE('',#1067,#1066,#282,.T.);
#1350=EDGE_CURVE('',#1027,#1042,#850,.F.);
#1351=EDGE_CURVE('',#1040,#1028,#851,.T.);
#1352=EDGE_CURVE('',#1030,#1043,#852,.F.);
#1353=EDGE_CURVE('',#1042,#1029,#853,.F.);
#1354=EDGE_CURVE('',#1032,#1044,#854,.T.);
#1355=EDGE_CURVE('',#1043,#1031,#855,.F.);
#1356=EDGE_CURVE('',#1028,#1066,#856,.F.);
#1357=EDGE_CURVE('',#1034,#1046,#857,.F.);
#1358=EDGE_CURVE('',#1045,#1033,#858,.T.);
#1359=EDGE_CURVE('',#1067,#1064,#859,.F.);
#1360=EDGE_CURVE('',#1036,#1047,#860,.F.);
#1361=EDGE_CURVE('',#1046,#1035,#861,.F.);
#1362=EDGE_CURVE('',#1065,#1062,#862,.F.);
#1363=EDGE_CURVE('',#1038,#1048,#863,.T.);
#1364=EDGE_CURVE('',#1047,#1037,#864,.F.);
#1365=EDGE_CURVE('',#1063,#1060,#865,.F.);
#1366=EDGE_CURVE('',#1057,#1050,#866,.F.);
#1367=EDGE_CURVE('',#1049,#1039,#867,.T.);
#1368=EDGE_CURVE('',#1061,#1058,#868,.F.);
#1369=EDGE_CURVE('',#1025,#1059,#283,.T.);
#1370=EDGE_CURVE('',#1059,#1057,#869,.F.);
#1371=EDGE_CURVE('',#1056,#1026,#284,.T.);
#1372=EDGE_CURVE('',#1066,#1016,#285,.T.);
#1373=EDGE_CURVE('',#1017,#1067,#286,.T.);
#1374=EDGE_CURVE('',#1064,#1018,#287,.T.);
#1375=EDGE_CURVE('',#1019,#1065,#288,.T.);
#1376=EDGE_CURVE('',#1062,#1020,#289,.T.);
#1377=EDGE_CURVE('',#1021,#1063,#290,.T.);
#1378=EDGE_CURVE('',#1060,#1022,#291,.T.);
#1379=EDGE_CURVE('',#1023,#1061,#292,.T.);
#1380=EDGE_CURVE('',#1058,#1024,#293,.T.);
#1381=ORIENTED_EDGE('',*,*,#1068,.F.);
#1382=ORIENTED_EDGE('',*,*,#1069,.F.);
#1383=ORIENTED_EDGE('',*,*,#1070,.T.);
#1384=ORIENTED_EDGE('',*,*,#1069,.T.);
#1385=ORIENTED_EDGE('',*,*,#1071,.F.);
#1386=ORIENTED_EDGE('',*,*,#1072,.F.);
#1387=ORIENTED_EDGE('',*,*,#1073,.F.);
#1388=ORIENTED_EDGE('',*,*,#1070,.F.);
#1389=ORIENTED_EDGE('',*,*,#1073,.T.);
#1390=ORIENTED_EDGE('',*,*,#1074,.F.);
#1391=ORIENTED_EDGE('',*,*,#1075,.T.);
#1392=ORIENTED_EDGE('',*,*,#1068,.T.);
#1393=ORIENTED_EDGE('',*,*,#1075,.F.);
#1394=ORIENTED_EDGE('',*,*,#1076,.F.);
#1395=ORIENTED_EDGE('',*,*,#1071,.T.);
#1396=ORIENTED_EDGE('',*,*,#1072,.T.);
#1397=ORIENTED_EDGE('',*,*,#1076,.T.);
#1398=ORIENTED_EDGE('',*,*,#1074,.T.);
#1399=ORIENTED_EDGE('',*,*,#1077,.T.);
#1400=ORIENTED_EDGE('',*,*,#1078,.T.);
#1401=ORIENTED_EDGE('',*,*,#1079,.T.);
#1402=ORIENTED_EDGE('',*,*,#1080,.T.);
#1403=ORIENTED_EDGE('',*,*,#1081,.T.);
#1404=ORIENTED_EDGE('',*,*,#1082,.T.);
#1405=ORIENTED_EDGE('',*,*,#1083,.T.);
#1406=ORIENTED_EDGE('',*,*,#1084,.T.);
#1407=ORIENTED_EDGE('',*,*,#1085,.T.);
#1408=ORIENTED_EDGE('',*,*,#1086,.T.);
#1409=ORIENTED_EDGE('',*,*,#1087,.T.);
#1410=ORIENTED_EDGE('',*,*,#1088,.T.);
#1411=ORIENTED_EDGE('',*,*,#1089,.T.);
#1412=ORIENTED_EDGE('',*,*,#1090,.T.);
#1413=ORIENTED_EDGE('',*,*,#1091,.T.);
#1414=ORIENTED_EDGE('',*,*,#1092,.T.);
#1415=ORIENTED_EDGE('',*,*,#1093,.T.);
#1416=ORIENTED_EDGE('',*,*,#1094,.T.);
#1417=ORIENTED_EDGE('',*,*,#1095,.T.);
#1418=ORIENTED_EDGE('',*,*,#1096,.T.);
#1419=ORIENTED_EDGE('',*,*,#1097,.T.);
#1420=ORIENTED_EDGE('',*,*,#1098,.T.);
#1421=ORIENTED_EDGE('',*,*,#1099,.T.);
#1422=ORIENTED_EDGE('',*,*,#1100,.T.);
#1423=ORIENTED_EDGE('',*,*,#1101,.T.);
#1424=ORIENTED_EDGE('',*,*,#1102,.F.);
#1425=ORIENTED_EDGE('',*,*,#1103,.F.);
#1426=ORIENTED_EDGE('',*,*,#1078,.F.);
#1427=ORIENTED_EDGE('',*,*,#1104,.F.);
#1428=ORIENTED_EDGE('',*,*,#1105,.F.);
#1429=ORIENTED_EDGE('',*,*,#1104,.T.);
#1430=ORIENTED_EDGE('',*,*,#1077,.F.);
#1431=ORIENTED_EDGE('',*,*,#1106,.T.);
#1432=ORIENTED_EDGE('',*,*,#1107,.F.);
#1433=ORIENTED_EDGE('',*,*,#1108,.T.);
#1434=ORIENTED_EDGE('',*,*,#1091,.F.);
#1435=ORIENTED_EDGE('',*,*,#1109,.T.);
#1436=ORIENTED_EDGE('',*,*,#1110,.F.);
#1437=ORIENTED_EDGE('',*,*,#1111,.T.);
#1438=ORIENTED_EDGE('',*,*,#1093,.F.);
#1439=ORIENTED_EDGE('',*,*,#1112,.T.);
#1440=ORIENTED_EDGE('',*,*,#1113,.F.);
#1441=ORIENTED_EDGE('',*,*,#1114,.T.);
#1442=ORIENTED_EDGE('',*,*,#1095,.F.);
#1443=ORIENTED_EDGE('',*,*,#1115,.T.);
#1444=ORIENTED_EDGE('',*,*,#1116,.F.);
#1445=ORIENTED_EDGE('',*,*,#1117,.T.);
#1446=ORIENTED_EDGE('',*,*,#1097,.F.);
#1447=ORIENTED_EDGE('',*,*,#1118,.T.);
#1448=ORIENTED_EDGE('',*,*,#1119,.F.);
#1449=ORIENTED_EDGE('',*,*,#1120,.T.);
#1450=ORIENTED_EDGE('',*,*,#1099,.F.);
#1451=ORIENTED_EDGE('',*,*,#1121,.T.);
#1452=ORIENTED_EDGE('',*,*,#1122,.F.);
#1453=ORIENTED_EDGE('',*,*,#1112,.F.);
#1454=ORIENTED_EDGE('',*,*,#1092,.F.);
#1455=ORIENTED_EDGE('',*,*,#1108,.F.);
#1456=ORIENTED_EDGE('',*,*,#1123,.F.);
#1457=ORIENTED_EDGE('',*,*,#1115,.F.);
#1458=ORIENTED_EDGE('',*,*,#1094,.F.);
#1459=ORIENTED_EDGE('',*,*,#1111,.F.);
#1460=ORIENTED_EDGE('',*,*,#1124,.F.);
#1461=ORIENTED_EDGE('',*,*,#1118,.F.);
#1462=ORIENTED_EDGE('',*,*,#1096,.F.);
#1463=ORIENTED_EDGE('',*,*,#1114,.F.);
#1464=ORIENTED_EDGE('',*,*,#1125,.F.);
#1465=ORIENTED_EDGE('',*,*,#1121,.F.);
#1466=ORIENTED_EDGE('',*,*,#1098,.F.);
#1467=ORIENTED_EDGE('',*,*,#1117,.F.);
#1468=ORIENTED_EDGE('',*,*,#1126,.F.);
#1469=ORIENTED_EDGE('',*,*,#1106,.F.);
#1470=ORIENTED_EDGE('',*,*,#1100,.F.);
#1471=ORIENTED_EDGE('',*,*,#1120,.F.);
#1472=ORIENTED_EDGE('',*,*,#1127,.F.);
#1473=ORIENTED_EDGE('',*,*,#1128,.T.);
#1474=ORIENTED_EDGE('',*,*,#1101,.F.);
#1475=ORIENTED_EDGE('',*,*,#1128,.F.);
#1476=ORIENTED_EDGE('',*,*,#1129,.F.);
#1477=ORIENTED_EDGE('',*,*,#1109,.F.);
#1478=ORIENTED_EDGE('',*,*,#1090,.F.);
#1479=ORIENTED_EDGE('',*,*,#1130,.F.);
#1480=ORIENTED_EDGE('',*,*,#1131,.F.);
#1481=ORIENTED_EDGE('',*,*,#1130,.T.);
#1482=ORIENTED_EDGE('',*,*,#1089,.F.);
#1483=ORIENTED_EDGE('',*,*,#1132,.T.);
#1484=ORIENTED_EDGE('',*,*,#1133,.F.);
#1485=ORIENTED_EDGE('',*,*,#1132,.F.);
#1486=ORIENTED_EDGE('',*,*,#1088,.F.);
#1487=ORIENTED_EDGE('',*,*,#1134,.F.);
#1488=ORIENTED_EDGE('',*,*,#1135,.F.);
#1489=ORIENTED_EDGE('',*,*,#1134,.T.);
#1490=ORIENTED_EDGE('',*,*,#1087,.F.);
#1491=ORIENTED_EDGE('',*,*,#1136,.T.);
#1492=ORIENTED_EDGE('',*,*,#1137,.F.);
#1493=ORIENTED_EDGE('',*,*,#1136,.F.);
#1494=ORIENTED_EDGE('',*,*,#1086,.F.);
#1495=ORIENTED_EDGE('',*,*,#1138,.F.);
#1496=ORIENTED_EDGE('',*,*,#1139,.F.);
#1497=ORIENTED_EDGE('',*,*,#1138,.T.);
#1498=ORIENTED_EDGE('',*,*,#1085,.F.);
#1499=ORIENTED_EDGE('',*,*,#1140,.T.);
#1500=ORIENTED_EDGE('',*,*,#1141,.F.);
#1501=ORIENTED_EDGE('',*,*,#1140,.F.);
#1502=ORIENTED_EDGE('',*,*,#1084,.F.);
#1503=ORIENTED_EDGE('',*,*,#1142,.F.);
#1504=ORIENTED_EDGE('',*,*,#1143,.F.);
#1505=ORIENTED_EDGE('',*,*,#1142,.T.);
#1506=ORIENTED_EDGE('',*,*,#1083,.F.);
#1507=ORIENTED_EDGE('',*,*,#1144,.T.);
#1508=ORIENTED_EDGE('',*,*,#1145,.F.);
#1509=ORIENTED_EDGE('',*,*,#1144,.F.);
#1510=ORIENTED_EDGE('',*,*,#1082,.F.);
#1511=ORIENTED_EDGE('',*,*,#1146,.F.);
#1512=ORIENTED_EDGE('',*,*,#1147,.F.);
#1513=ORIENTED_EDGE('',*,*,#1146,.T.);
#1514=ORIENTED_EDGE('',*,*,#1081,.F.);
#1515=ORIENTED_EDGE('',*,*,#1148,.T.);
#1516=ORIENTED_EDGE('',*,*,#1149,.F.);
#1517=ORIENTED_EDGE('',*,*,#1148,.F.);
#1518=ORIENTED_EDGE('',*,*,#1080,.F.);
#1519=ORIENTED_EDGE('',*,*,#1150,.F.);
#1520=ORIENTED_EDGE('',*,*,#1151,.F.);
#1521=ORIENTED_EDGE('',*,*,#1150,.T.);
#1522=ORIENTED_EDGE('',*,*,#1079,.F.);
#1523=ORIENTED_EDGE('',*,*,#1103,.T.);
#1524=ORIENTED_EDGE('',*,*,#1129,.T.);
#1525=ORIENTED_EDGE('',*,*,#1131,.T.);
#1526=ORIENTED_EDGE('',*,*,#1133,.T.);
#1527=ORIENTED_EDGE('',*,*,#1135,.T.);
#1528=ORIENTED_EDGE('',*,*,#1137,.T.);
#1529=ORIENTED_EDGE('',*,*,#1139,.T.);
#1530=ORIENTED_EDGE('',*,*,#1141,.T.);
#1531=ORIENTED_EDGE('',*,*,#1143,.T.);
#1532=ORIENTED_EDGE('',*,*,#1145,.T.);
#1533=ORIENTED_EDGE('',*,*,#1147,.T.);
#1534=ORIENTED_EDGE('',*,*,#1149,.T.);
#1535=ORIENTED_EDGE('',*,*,#1151,.T.);
#1536=ORIENTED_EDGE('',*,*,#1102,.T.);
#1537=ORIENTED_EDGE('',*,*,#1105,.T.);
#1538=ORIENTED_EDGE('',*,*,#1126,.T.);
#1539=ORIENTED_EDGE('',*,*,#1119,.T.);
#1540=ORIENTED_EDGE('',*,*,#1125,.T.);
#1541=ORIENTED_EDGE('',*,*,#1116,.T.);
#1542=ORIENTED_EDGE('',*,*,#1124,.T.);
#1543=ORIENTED_EDGE('',*,*,#1113,.T.);
#1544=ORIENTED_EDGE('',*,*,#1123,.T.);
#1545=ORIENTED_EDGE('',*,*,#1110,.T.);
#1546=ORIENTED_EDGE('',*,*,#1122,.T.);
#1547=ORIENTED_EDGE('',*,*,#1107,.T.);
#1548=ORIENTED_EDGE('',*,*,#1127,.T.);
#1549=ORIENTED_EDGE('',*,*,#1152,.F.);
#1550=ORIENTED_EDGE('',*,*,#1153,.F.);
#1551=ORIENTED_EDGE('',*,*,#1154,.F.);
#1552=ORIENTED_EDGE('',*,*,#1155,.F.);
#1553=ORIENTED_EDGE('',*,*,#1156,.F.);
#1554=ORIENTED_EDGE('',*,*,#1157,.F.);
#1555=ORIENTED_EDGE('',*,*,#1158,.F.);
#1556=ORIENTED_EDGE('',*,*,#1159,.F.);
#1557=ORIENTED_EDGE('',*,*,#1160,.F.);
#1558=ORIENTED_EDGE('',*,*,#1161,.F.);
#1559=ORIENTED_EDGE('',*,*,#1162,.F.);
#1560=ORIENTED_EDGE('',*,*,#1163,.F.);
#1561=ORIENTED_EDGE('',*,*,#1164,.F.);
#1562=ORIENTED_EDGE('',*,*,#1165,.F.);
#1563=ORIENTED_EDGE('',*,*,#1166,.F.);
#1564=ORIENTED_EDGE('',*,*,#1167,.F.);
#1565=ORIENTED_EDGE('',*,*,#1168,.F.);
#1566=ORIENTED_EDGE('',*,*,#1169,.F.);
#1567=ORIENTED_EDGE('',*,*,#1170,.F.);
#1568=ORIENTED_EDGE('',*,*,#1171,.F.);
#1569=ORIENTED_EDGE('',*,*,#1172,.F.);
#1570=ORIENTED_EDGE('',*,*,#1173,.F.);
#1571=ORIENTED_EDGE('',*,*,#1174,.F.);
#1572=ORIENTED_EDGE('',*,*,#1175,.F.);
#1573=ORIENTED_EDGE('',*,*,#1176,.F.);
#1574=ORIENTED_EDGE('',*,*,#1164,.T.);
#1575=ORIENTED_EDGE('',*,*,#1177,.T.);
#1576=ORIENTED_EDGE('',*,*,#1178,.T.);
#1577=ORIENTED_EDGE('',*,*,#1179,.T.);
#1578=ORIENTED_EDGE('',*,*,#1163,.T.);
#1579=ORIENTED_EDGE('',*,*,#1180,.F.);
#1580=ORIENTED_EDGE('',*,*,#1181,.F.);
#1581=ORIENTED_EDGE('',*,*,#1177,.F.);
#1582=ORIENTED_EDGE('',*,*,#1162,.T.);
#1583=ORIENTED_EDGE('',*,*,#1182,.T.);
#1584=ORIENTED_EDGE('',*,*,#1183,.F.);
#1585=ORIENTED_EDGE('',*,*,#1180,.T.);
#1586=ORIENTED_EDGE('',*,*,#1161,.T.);
#1587=ORIENTED_EDGE('',*,*,#1184,.F.);
#1588=ORIENTED_EDGE('',*,*,#1185,.F.);
#1589=ORIENTED_EDGE('',*,*,#1182,.F.);
#1590=ORIENTED_EDGE('',*,*,#1160,.T.);
#1591=ORIENTED_EDGE('',*,*,#1186,.T.);
#1592=ORIENTED_EDGE('',*,*,#1187,.T.);
#1593=ORIENTED_EDGE('',*,*,#1184,.T.);
#1594=ORIENTED_EDGE('',*,*,#1159,.T.);
#1595=ORIENTED_EDGE('',*,*,#1188,.F.);
#1596=ORIENTED_EDGE('',*,*,#1189,.F.);
#1597=ORIENTED_EDGE('',*,*,#1190,.F.);
#1598=ORIENTED_EDGE('',*,*,#1191,.T.);
#1599=ORIENTED_EDGE('',*,*,#1192,.F.);
#1600=ORIENTED_EDGE('',*,*,#1193,.F.);
#1601=ORIENTED_EDGE('',*,*,#1186,.F.);
#1602=ORIENTED_EDGE('',*,*,#1158,.T.);
#1603=ORIENTED_EDGE('',*,*,#1194,.T.);
#1604=ORIENTED_EDGE('',*,*,#1195,.T.);
#1605=ORIENTED_EDGE('',*,*,#1188,.T.);
#1606=ORIENTED_EDGE('',*,*,#1157,.T.);
#1607=ORIENTED_EDGE('',*,*,#1196,.F.);
#1608=ORIENTED_EDGE('',*,*,#1197,.F.);
#1609=ORIENTED_EDGE('',*,*,#1194,.F.);
#1610=ORIENTED_EDGE('',*,*,#1156,.T.);
#1611=ORIENTED_EDGE('',*,*,#1198,.T.);
#1612=ORIENTED_EDGE('',*,*,#1199,.F.);
#1613=ORIENTED_EDGE('',*,*,#1196,.T.);
#1614=ORIENTED_EDGE('',*,*,#1155,.T.);
#1615=ORIENTED_EDGE('',*,*,#1200,.F.);
#1616=ORIENTED_EDGE('',*,*,#1201,.F.);
#1617=ORIENTED_EDGE('',*,*,#1198,.F.);
#1618=ORIENTED_EDGE('',*,*,#1154,.T.);
#1619=ORIENTED_EDGE('',*,*,#1202,.T.);
#1620=ORIENTED_EDGE('',*,*,#1203,.T.);
#1621=ORIENTED_EDGE('',*,*,#1200,.T.);
#1622=ORIENTED_EDGE('',*,*,#1153,.T.);
#1623=ORIENTED_EDGE('',*,*,#1204,.F.);
#1624=ORIENTED_EDGE('',*,*,#1205,.F.);
#1625=ORIENTED_EDGE('',*,*,#1206,.F.);
#1626=ORIENTED_EDGE('',*,*,#1207,.T.);
#1627=ORIENTED_EDGE('',*,*,#1208,.F.);
#1628=ORIENTED_EDGE('',*,*,#1209,.F.);
#1629=ORIENTED_EDGE('',*,*,#1202,.F.);
#1630=ORIENTED_EDGE('',*,*,#1166,.T.);
#1631=ORIENTED_EDGE('',*,*,#1210,.T.);
#1632=ORIENTED_EDGE('',*,*,#1211,.T.);
#1633=ORIENTED_EDGE('',*,*,#1212,.T.);
#1634=ORIENTED_EDGE('',*,*,#1168,.T.);
#1635=ORIENTED_EDGE('',*,*,#1213,.T.);
#1636=ORIENTED_EDGE('',*,*,#1214,.F.);
#1637=ORIENTED_EDGE('',*,*,#1215,.T.);
#1638=ORIENTED_EDGE('',*,*,#1170,.T.);
#1639=ORIENTED_EDGE('',*,*,#1216,.T.);
#1640=ORIENTED_EDGE('',*,*,#1217,.T.);
#1641=ORIENTED_EDGE('',*,*,#1218,.T.);
#1642=ORIENTED_EDGE('',*,*,#1172,.T.);
#1643=ORIENTED_EDGE('',*,*,#1219,.T.);
#1644=ORIENTED_EDGE('',*,*,#1220,.T.);
#1645=ORIENTED_EDGE('',*,*,#1221,.T.);
#1646=ORIENTED_EDGE('',*,*,#1174,.T.);
#1647=ORIENTED_EDGE('',*,*,#1222,.T.);
#1648=ORIENTED_EDGE('',*,*,#1223,.F.);
#1649=ORIENTED_EDGE('',*,*,#1224,.T.);
#1650=ORIENTED_EDGE('',*,*,#1152,.T.);
#1651=ORIENTED_EDGE('',*,*,#1225,.T.);
#1652=ORIENTED_EDGE('',*,*,#1226,.T.);
#1653=ORIENTED_EDGE('',*,*,#1204,.T.);
#1654=ORIENTED_EDGE('',*,*,#1183,.T.);
#1655=ORIENTED_EDGE('',*,*,#1185,.T.);
#1656=ORIENTED_EDGE('',*,*,#1187,.F.);
#1657=ORIENTED_EDGE('',*,*,#1193,.T.);
#1658=ORIENTED_EDGE('',*,*,#1227,.F.);
#1659=ORIENTED_EDGE('',*,*,#1228,.T.);
#1660=ORIENTED_EDGE('',*,*,#1178,.F.);
#1661=ORIENTED_EDGE('',*,*,#1181,.T.);
#1662=ORIENTED_EDGE('',*,*,#1229,.T.);
#1663=ORIENTED_EDGE('',*,*,#1199,.T.);
#1664=ORIENTED_EDGE('',*,*,#1201,.T.);
#1665=ORIENTED_EDGE('',*,*,#1203,.F.);
#1666=ORIENTED_EDGE('',*,*,#1209,.T.);
#1667=ORIENTED_EDGE('',*,*,#1230,.F.);
#1668=ORIENTED_EDGE('',*,*,#1189,.T.);
#1669=ORIENTED_EDGE('',*,*,#1195,.F.);
#1670=ORIENTED_EDGE('',*,*,#1197,.T.);
#1671=ORIENTED_EDGE('',*,*,#1231,.T.);
#1672=ORIENTED_EDGE('',*,*,#1175,.T.);
#1673=ORIENTED_EDGE('',*,*,#1224,.F.);
#1674=ORIENTED_EDGE('',*,*,#1232,.F.);
#1675=ORIENTED_EDGE('',*,*,#1225,.F.);
#1676=ORIENTED_EDGE('',*,*,#1173,.T.);
#1677=ORIENTED_EDGE('',*,*,#1221,.F.);
#1678=ORIENTED_EDGE('',*,*,#1233,.F.);
#1679=ORIENTED_EDGE('',*,*,#1222,.F.);
#1680=ORIENTED_EDGE('',*,*,#1169,.T.);
#1681=ORIENTED_EDGE('',*,*,#1215,.F.);
#1682=ORIENTED_EDGE('',*,*,#1234,.F.);
#1683=ORIENTED_EDGE('',*,*,#1216,.F.);
#1684=ORIENTED_EDGE('',*,*,#1167,.T.);
#1685=ORIENTED_EDGE('',*,*,#1212,.F.);
#1686=ORIENTED_EDGE('',*,*,#1235,.F.);
#1687=ORIENTED_EDGE('',*,*,#1213,.F.);
#1688=ORIENTED_EDGE('',*,*,#1223,.T.);
#1689=ORIENTED_EDGE('',*,*,#1233,.T.);
#1690=ORIENTED_EDGE('',*,*,#1220,.F.);
#1691=ORIENTED_EDGE('',*,*,#1236,.T.);
#1692=ORIENTED_EDGE('',*,*,#1237,.F.);
#1693=ORIENTED_EDGE('',*,*,#1205,.T.);
#1694=ORIENTED_EDGE('',*,*,#1226,.F.);
#1695=ORIENTED_EDGE('',*,*,#1232,.T.);
#1696=ORIENTED_EDGE('',*,*,#1238,.T.);
#1697=ORIENTED_EDGE('',*,*,#1214,.T.);
#1698=ORIENTED_EDGE('',*,*,#1235,.T.);
#1699=ORIENTED_EDGE('',*,*,#1211,.F.);
#1700=ORIENTED_EDGE('',*,*,#1239,.T.);
#1701=ORIENTED_EDGE('',*,*,#1240,.F.);
#1702=ORIENTED_EDGE('',*,*,#1241,.T.);
#1703=ORIENTED_EDGE('',*,*,#1217,.F.);
#1704=ORIENTED_EDGE('',*,*,#1234,.T.);
#1705=ORIENTED_EDGE('',*,*,#1242,.T.);
#1706=ORIENTED_EDGE('',*,*,#1243,.F.);
#1707=ORIENTED_EDGE('',*,*,#1244,.T.);
#1708=ORIENTED_EDGE('',*,*,#1245,.F.);
#1709=ORIENTED_EDGE('',*,*,#1244,.F.);
#1710=ORIENTED_EDGE('',*,*,#1243,.T.);
#1711=ORIENTED_EDGE('',*,*,#1246,.T.);
#1712=ORIENTED_EDGE('',*,*,#1237,.T.);
#1713=ORIENTED_EDGE('',*,*,#1247,.T.);
#1714=ORIENTED_EDGE('',*,*,#1248,.T.);
#1715=ORIENTED_EDGE('',*,*,#1206,.T.);
#1716=ORIENTED_EDGE('',*,*,#1248,.F.);
#1717=ORIENTED_EDGE('',*,*,#1249,.F.);
#1718=ORIENTED_EDGE('',*,*,#1250,.F.);
#1719=ORIENTED_EDGE('',*,*,#1251,.F.);
#1720=ORIENTED_EDGE('',*,*,#1252,.F.);
#1721=ORIENTED_EDGE('',*,*,#1191,.F.);
#1722=ORIENTED_EDGE('',*,*,#1253,.F.);
#1723=ORIENTED_EDGE('',*,*,#1207,.F.);
#1724=ORIENTED_EDGE('',*,*,#1245,.T.);
#1725=ORIENTED_EDGE('',*,*,#1254,.T.);
#1726=ORIENTED_EDGE('',*,*,#1255,.T.);
#1727=ORIENTED_EDGE('',*,*,#1256,.T.);
#1728=ORIENTED_EDGE('',*,*,#1257,.T.);
#1729=ORIENTED_EDGE('',*,*,#1240,.T.);
#1730=ORIENTED_EDGE('',*,*,#1258,.T.);
#1731=ORIENTED_EDGE('',*,*,#1250,.T.);
#1732=ORIENTED_EDGE('',*,*,#1259,.T.);
#1733=ORIENTED_EDGE('',*,*,#1165,.T.);
#1734=ORIENTED_EDGE('',*,*,#1179,.F.);
#1735=ORIENTED_EDGE('',*,*,#1228,.F.);
#1736=ORIENTED_EDGE('',*,*,#1260,.F.);
#1737=ORIENTED_EDGE('',*,*,#1251,.T.);
#1738=ORIENTED_EDGE('',*,*,#1258,.F.);
#1739=ORIENTED_EDGE('',*,*,#1239,.F.);
#1740=ORIENTED_EDGE('',*,*,#1210,.F.);
#1741=ORIENTED_EDGE('',*,*,#1227,.T.);
#1742=ORIENTED_EDGE('',*,*,#1192,.T.);
#1743=ORIENTED_EDGE('',*,*,#1252,.T.);
#1744=ORIENTED_EDGE('',*,*,#1260,.T.);
#1745=ORIENTED_EDGE('',*,*,#1230,.T.);
#1746=ORIENTED_EDGE('',*,*,#1208,.T.);
#1747=ORIENTED_EDGE('',*,*,#1253,.T.);
#1748=ORIENTED_EDGE('',*,*,#1190,.T.);
#1749=ORIENTED_EDGE('',*,*,#1229,.F.);
#1750=ORIENTED_EDGE('',*,*,#1261,.T.);
#1751=ORIENTED_EDGE('',*,*,#1257,.F.);
#1752=ORIENTED_EDGE('',*,*,#1261,.F.);
#1753=ORIENTED_EDGE('',*,*,#1242,.F.);
#1754=ORIENTED_EDGE('',*,*,#1262,.T.);
#1755=ORIENTED_EDGE('',*,*,#1256,.F.);
#1756=ORIENTED_EDGE('',*,*,#1262,.F.);
#1757=ORIENTED_EDGE('',*,*,#1231,.F.);
#1758=ORIENTED_EDGE('',*,*,#1263,.T.);
#1759=ORIENTED_EDGE('',*,*,#1255,.F.);
#1760=ORIENTED_EDGE('',*,*,#1263,.F.);
#1761=ORIENTED_EDGE('',*,*,#1176,.T.);
#1762=ORIENTED_EDGE('',*,*,#1264,.T.);
#1763=ORIENTED_EDGE('',*,*,#1246,.F.);
#1764=ORIENTED_EDGE('',*,*,#1264,.F.);
#1765=ORIENTED_EDGE('',*,*,#1238,.F.);
#1766=ORIENTED_EDGE('',*,*,#1265,.T.);
#1767=ORIENTED_EDGE('',*,*,#1254,.F.);
#1768=ORIENTED_EDGE('',*,*,#1265,.F.);
#1769=ORIENTED_EDGE('',*,*,#1171,.T.);
#1770=ORIENTED_EDGE('',*,*,#1218,.F.);
#1771=ORIENTED_EDGE('',*,*,#1241,.F.);
#1772=ORIENTED_EDGE('',*,*,#1259,.F.);
#1773=ORIENTED_EDGE('',*,*,#1249,.T.);
#1774=ORIENTED_EDGE('',*,*,#1247,.F.);
#1775=ORIENTED_EDGE('',*,*,#1236,.F.);
#1776=ORIENTED_EDGE('',*,*,#1219,.F.);
#1777=ORIENTED_EDGE('',*,*,#1266,.F.);
#1778=ORIENTED_EDGE('',*,*,#1267,.F.);
#1779=ORIENTED_EDGE('',*,*,#1268,.F.);
#1780=ORIENTED_EDGE('',*,*,#1269,.F.);
#1781=ORIENTED_EDGE('',*,*,#1270,.F.);
#1782=ORIENTED_EDGE('',*,*,#1271,.F.);
#1783=ORIENTED_EDGE('',*,*,#1272,.F.);
#1784=ORIENTED_EDGE('',*,*,#1273,.F.);
#1785=ORIENTED_EDGE('',*,*,#1274,.F.);
#1786=ORIENTED_EDGE('',*,*,#1275,.F.);
#1787=ORIENTED_EDGE('',*,*,#1276,.F.);
#1788=ORIENTED_EDGE('',*,*,#1277,.F.);
#1789=ORIENTED_EDGE('',*,*,#1278,.F.);
#1790=ORIENTED_EDGE('',*,*,#1279,.F.);
#1791=ORIENTED_EDGE('',*,*,#1280,.F.);
#1792=ORIENTED_EDGE('',*,*,#1281,.F.);
#1793=ORIENTED_EDGE('',*,*,#1282,.F.);
#1794=ORIENTED_EDGE('',*,*,#1283,.F.);
#1795=ORIENTED_EDGE('',*,*,#1284,.F.);
#1796=ORIENTED_EDGE('',*,*,#1285,.F.);
#1797=ORIENTED_EDGE('',*,*,#1286,.F.);
#1798=ORIENTED_EDGE('',*,*,#1287,.F.);
#1799=ORIENTED_EDGE('',*,*,#1288,.F.);
#1800=ORIENTED_EDGE('',*,*,#1289,.F.);
#1801=ORIENTED_EDGE('',*,*,#1290,.F.);
#1802=ORIENTED_EDGE('',*,*,#1278,.T.);
#1803=ORIENTED_EDGE('',*,*,#1291,.F.);
#1804=ORIENTED_EDGE('',*,*,#1292,.F.);
#1805=ORIENTED_EDGE('',*,*,#1293,.F.);
#1806=ORIENTED_EDGE('',*,*,#1277,.T.);
#1807=ORIENTED_EDGE('',*,*,#1294,.T.);
#1808=ORIENTED_EDGE('',*,*,#1295,.T.);
#1809=ORIENTED_EDGE('',*,*,#1291,.T.);
#1810=ORIENTED_EDGE('',*,*,#1276,.T.);
#1811=ORIENTED_EDGE('',*,*,#1296,.F.);
#1812=ORIENTED_EDGE('',*,*,#1297,.F.);
#1813=ORIENTED_EDGE('',*,*,#1294,.F.);
#1814=ORIENTED_EDGE('',*,*,#1275,.T.);
#1815=ORIENTED_EDGE('',*,*,#1298,.T.);
#1816=ORIENTED_EDGE('',*,*,#1299,.T.);
#1817=ORIENTED_EDGE('',*,*,#1296,.T.);
#1818=ORIENTED_EDGE('',*,*,#1274,.T.);
#1819=ORIENTED_EDGE('',*,*,#1300,.F.);
#1820=ORIENTED_EDGE('',*,*,#1301,.F.);
#1821=ORIENTED_EDGE('',*,*,#1298,.F.);
#1822=ORIENTED_EDGE('',*,*,#1273,.T.);
#1823=ORIENTED_EDGE('',*,*,#1302,.T.);
#1824=ORIENTED_EDGE('',*,*,#1303,.T.);
#1825=ORIENTED_EDGE('',*,*,#1300,.T.);
#1826=ORIENTED_EDGE('',*,*,#1272,.T.);
#1827=ORIENTED_EDGE('',*,*,#1304,.F.);
#1828=ORIENTED_EDGE('',*,*,#1305,.F.);
#1829=ORIENTED_EDGE('',*,*,#1302,.F.);
#1830=ORIENTED_EDGE('',*,*,#1271,.T.);
#1831=ORIENTED_EDGE('',*,*,#1306,.T.);
#1832=ORIENTED_EDGE('',*,*,#1307,.T.);
#1833=ORIENTED_EDGE('',*,*,#1304,.T.);
#1834=ORIENTED_EDGE('',*,*,#1270,.T.);
#1835=ORIENTED_EDGE('',*,*,#1308,.F.);
#1836=ORIENTED_EDGE('',*,*,#1309,.F.);
#1837=ORIENTED_EDGE('',*,*,#1306,.F.);
#1838=ORIENTED_EDGE('',*,*,#1269,.T.);
#1839=ORIENTED_EDGE('',*,*,#1310,.T.);
#1840=ORIENTED_EDGE('',*,*,#1311,.T.);
#1841=ORIENTED_EDGE('',*,*,#1308,.T.);
#1842=ORIENTED_EDGE('',*,*,#1268,.T.);
#1843=ORIENTED_EDGE('',*,*,#1312,.F.);
#1844=ORIENTED_EDGE('',*,*,#1313,.F.);
#1845=ORIENTED_EDGE('',*,*,#1310,.F.);
#1846=ORIENTED_EDGE('',*,*,#1267,.T.);
#1847=ORIENTED_EDGE('',*,*,#1314,.T.);
#1848=ORIENTED_EDGE('',*,*,#1315,.T.);
#1849=ORIENTED_EDGE('',*,*,#1312,.T.);
#1850=ORIENTED_EDGE('',*,*,#1316,.F.);
#1851=ORIENTED_EDGE('',*,*,#1317,.F.);
#1852=ORIENTED_EDGE('',*,*,#1318,.F.);
#1853=ORIENTED_EDGE('',*,*,#1319,.F.);
#1854=ORIENTED_EDGE('',*,*,#1320,.F.);
#1855=ORIENTED_EDGE('',*,*,#1321,.F.);
#1856=ORIENTED_EDGE('',*,*,#1322,.F.);
#1857=ORIENTED_EDGE('',*,*,#1323,.F.);
#1858=ORIENTED_EDGE('',*,*,#1324,.F.);
#1859=ORIENTED_EDGE('',*,*,#1325,.F.);
#1860=ORIENTED_EDGE('',*,*,#1326,.F.);
#1861=ORIENTED_EDGE('',*,*,#1327,.F.);
#1862=ORIENTED_EDGE('',*,*,#1328,.F.);
#1863=ORIENTED_EDGE('',*,*,#1329,.F.);
#1864=ORIENTED_EDGE('',*,*,#1330,.F.);
#1865=ORIENTED_EDGE('',*,*,#1331,.F.);
#1866=ORIENTED_EDGE('',*,*,#1332,.T.);
#1867=ORIENTED_EDGE('',*,*,#1266,.T.);
#1868=ORIENTED_EDGE('',*,*,#1333,.F.);
#1869=ORIENTED_EDGE('',*,*,#1334,.F.);
#1870=ORIENTED_EDGE('',*,*,#1314,.F.);
#1871=ORIENTED_EDGE('',*,*,#1335,.T.);
#1872=ORIENTED_EDGE('',*,*,#1326,.T.);
#1873=ORIENTED_EDGE('',*,*,#1336,.T.);
#1874=ORIENTED_EDGE('',*,*,#1337,.T.);
#1875=ORIENTED_EDGE('',*,*,#1338,.T.);
#1876=ORIENTED_EDGE('',*,*,#1327,.T.);
#1877=ORIENTED_EDGE('',*,*,#1339,.T.);
#1878=ORIENTED_EDGE('',*,*,#1340,.T.);
#1879=ORIENTED_EDGE('',*,*,#1341,.T.);
#1880=ORIENTED_EDGE('',*,*,#1329,.T.);
#1881=ORIENTED_EDGE('',*,*,#1342,.T.);
#1882=ORIENTED_EDGE('',*,*,#1343,.T.);
#1883=ORIENTED_EDGE('',*,*,#1344,.T.);
#1884=ORIENTED_EDGE('',*,*,#1330,.T.);
#1885=ORIENTED_EDGE('',*,*,#1345,.T.);
#1886=ORIENTED_EDGE('',*,*,#1346,.T.);
#1887=ORIENTED_EDGE('',*,*,#1347,.T.);
#1888=ORIENTED_EDGE('',*,*,#1331,.T.);
#1889=ORIENTED_EDGE('',*,*,#1348,.T.);
#1890=ORIENTED_EDGE('',*,*,#1349,.T.);
#1891=ORIENTED_EDGE('',*,*,#1350,.T.);
#1892=ORIENTED_EDGE('',*,*,#1317,.T.);
#1893=ORIENTED_EDGE('',*,*,#1351,.T.);
#1894=ORIENTED_EDGE('',*,*,#1292,.T.);
#1895=ORIENTED_EDGE('',*,*,#1352,.T.);
#1896=ORIENTED_EDGE('',*,*,#1318,.T.);
#1897=ORIENTED_EDGE('',*,*,#1353,.T.);
#1898=ORIENTED_EDGE('',*,*,#1297,.T.);
#1899=ORIENTED_EDGE('',*,*,#1350,.F.);
#1900=ORIENTED_EDGE('',*,*,#1295,.F.);
#1901=ORIENTED_EDGE('',*,*,#1353,.F.);
#1902=ORIENTED_EDGE('',*,*,#1354,.T.);
#1903=ORIENTED_EDGE('',*,*,#1319,.T.);
#1904=ORIENTED_EDGE('',*,*,#1355,.T.);
#1905=ORIENTED_EDGE('',*,*,#1301,.T.);
#1906=ORIENTED_EDGE('',*,*,#1352,.F.);
#1907=ORIENTED_EDGE('',*,*,#1299,.F.);
#1908=ORIENTED_EDGE('',*,*,#1355,.F.);
#1909=ORIENTED_EDGE('',*,*,#1347,.F.);
#1910=ORIENTED_EDGE('',*,*,#1356,.F.);
#1911=ORIENTED_EDGE('',*,*,#1351,.F.);
#1912=ORIENTED_EDGE('',*,*,#1316,.T.);
#1913=ORIENTED_EDGE('',*,*,#1357,.T.);
#1914=ORIENTED_EDGE('',*,*,#1321,.T.);
#1915=ORIENTED_EDGE('',*,*,#1358,.T.);
#1916=ORIENTED_EDGE('',*,*,#1305,.T.);
#1917=ORIENTED_EDGE('',*,*,#1354,.F.);
#1918=ORIENTED_EDGE('',*,*,#1303,.F.);
#1919=ORIENTED_EDGE('',*,*,#1358,.F.);
#1920=ORIENTED_EDGE('',*,*,#1320,.T.);
#1921=ORIENTED_EDGE('',*,*,#1344,.F.);
#1922=ORIENTED_EDGE('',*,*,#1359,.F.);
#1923=ORIENTED_EDGE('',*,*,#1348,.F.);
#1924=ORIENTED_EDGE('',*,*,#1360,.T.);
#1925=ORIENTED_EDGE('',*,*,#1322,.T.);
#1926=ORIENTED_EDGE('',*,*,#1361,.T.);
#1927=ORIENTED_EDGE('',*,*,#1309,.T.);
#1928=ORIENTED_EDGE('',*,*,#1357,.F.);
#1929=ORIENTED_EDGE('',*,*,#1307,.F.);
#1930=ORIENTED_EDGE('',*,*,#1361,.F.);
#1931=ORIENTED_EDGE('',*,*,#1341,.F.);
#1932=ORIENTED_EDGE('',*,*,#1362,.F.);
#1933=ORIENTED_EDGE('',*,*,#1345,.F.);
#1934=ORIENTED_EDGE('',*,*,#1363,.T.);
#1935=ORIENTED_EDGE('',*,*,#1323,.T.);
#1936=ORIENTED_EDGE('',*,*,#1364,.T.);
#1937=ORIENTED_EDGE('',*,*,#1313,.T.);
#1938=ORIENTED_EDGE('',*,*,#1360,.F.);
#1939=ORIENTED_EDGE('',*,*,#1311,.F.);
#1940=ORIENTED_EDGE('',*,*,#1364,.F.);
#1941=ORIENTED_EDGE('',*,*,#1338,.F.);
#1942=ORIENTED_EDGE('',*,*,#1365,.F.);
#1943=ORIENTED_EDGE('',*,*,#1342,.F.);
#1944=ORIENTED_EDGE('',*,*,#1328,.T.);
#1945=ORIENTED_EDGE('',*,*,#1366,.T.);
#1946=ORIENTED_EDGE('',*,*,#1325,.T.);
#1947=ORIENTED_EDGE('',*,*,#1367,.T.);
#1948=ORIENTED_EDGE('',*,*,#1334,.T.);
#1949=ORIENTED_EDGE('',*,*,#1363,.F.);
#1950=ORIENTED_EDGE('',*,*,#1315,.F.);
#1951=ORIENTED_EDGE('',*,*,#1367,.F.);
#1952=ORIENTED_EDGE('',*,*,#1324,.T.);
#1953=ORIENTED_EDGE('',*,*,#1335,.F.);
#1954=ORIENTED_EDGE('',*,*,#1368,.F.);
#1955=ORIENTED_EDGE('',*,*,#1339,.F.);
#1956=ORIENTED_EDGE('',*,*,#1289,.T.);
#1957=ORIENTED_EDGE('',*,*,#1369,.T.);
#1958=ORIENTED_EDGE('',*,*,#1370,.T.);
#1959=ORIENTED_EDGE('',*,*,#1333,.T.);
#1960=ORIENTED_EDGE('',*,*,#1366,.F.);
#1961=ORIENTED_EDGE('',*,*,#1370,.F.);
#1962=ORIENTED_EDGE('',*,*,#1336,.F.);
#1963=ORIENTED_EDGE('',*,*,#1332,.F.);
#1964=ORIENTED_EDGE('',*,*,#1371,.T.);
#1965=ORIENTED_EDGE('',*,*,#1290,.T.);
#1966=ORIENTED_EDGE('',*,*,#1371,.F.);
#1967=ORIENTED_EDGE('',*,*,#1279,.T.);
#1968=ORIENTED_EDGE('',*,*,#1293,.T.);
#1969=ORIENTED_EDGE('',*,*,#1356,.T.);
#1970=ORIENTED_EDGE('',*,*,#1372,.T.);
#1971=ORIENTED_EDGE('',*,*,#1280,.T.);
#1972=ORIENTED_EDGE('',*,*,#1372,.F.);
#1973=ORIENTED_EDGE('',*,*,#1349,.F.);
#1974=ORIENTED_EDGE('',*,*,#1373,.F.);
#1975=ORIENTED_EDGE('',*,*,#1281,.T.);
#1976=ORIENTED_EDGE('',*,*,#1373,.T.);
#1977=ORIENTED_EDGE('',*,*,#1359,.T.);
#1978=ORIENTED_EDGE('',*,*,#1374,.T.);
#1979=ORIENTED_EDGE('',*,*,#1282,.T.);
#1980=ORIENTED_EDGE('',*,*,#1374,.F.);
#1981=ORIENTED_EDGE('',*,*,#1346,.F.);
#1982=ORIENTED_EDGE('',*,*,#1375,.F.);
#1983=ORIENTED_EDGE('',*,*,#1283,.T.);
#1984=ORIENTED_EDGE('',*,*,#1375,.T.);
#1985=ORIENTED_EDGE('',*,*,#1362,.T.);
#1986=ORIENTED_EDGE('',*,*,#1376,.T.);
#1987=ORIENTED_EDGE('',*,*,#1284,.T.);
#1988=ORIENTED_EDGE('',*,*,#1376,.F.);
#1989=ORIENTED_EDGE('',*,*,#1343,.F.);
#1990=ORIENTED_EDGE('',*,*,#1377,.F.);
#1991=ORIENTED_EDGE('',*,*,#1285,.T.);
#1992=ORIENTED_EDGE('',*,*,#1377,.T.);
#1993=ORIENTED_EDGE('',*,*,#1365,.T.);
#1994=ORIENTED_EDGE('',*,*,#1378,.T.);
#1995=ORIENTED_EDGE('',*,*,#1286,.T.);
#1996=ORIENTED_EDGE('',*,*,#1378,.F.);
#1997=ORIENTED_EDGE('',*,*,#1340,.F.);
#1998=ORIENTED_EDGE('',*,*,#1379,.F.);
#1999=ORIENTED_EDGE('',*,*,#1287,.T.);
#2000=ORIENTED_EDGE('',*,*,#1379,.T.);
#2001=ORIENTED_EDGE('',*,*,#1368,.T.);
#2002=ORIENTED_EDGE('',*,*,#1380,.T.);
#2003=ORIENTED_EDGE('',*,*,#1288,.T.);
#2004=ORIENTED_EDGE('',*,*,#1380,.F.);
#2005=ORIENTED_EDGE('',*,*,#1337,.F.);
#2006=ORIENTED_EDGE('',*,*,#1369,.F.);
#2007=PLANE('',#2199);
#2008=PLANE('',#2201);
#2009=PLANE('',#2203);
#2010=PLANE('',#2207);
#2011=PLANE('',#2208);
#2012=PLANE('',#2222);
#2013=PLANE('',#2235);
#2014=PLANE('',#2236);
#2015=PLANE('',#2237);
#2016=PLANE('',#2238);
#2017=PLANE('',#2239);
#2018=PLANE('',#2242);
#2019=PLANE('',#2245);
#2020=PLANE('',#2248);
#2021=PLANE('',#2251);
#2022=PLANE('',#2254);
#2023=PLANE('',#2257);
#2024=PLANE('',#2260);
#2025=PLANE('',#2261);
#2026=PLANE('',#2277);
#2027=PLANE('',#2280);
#2028=PLANE('',#2283);
#2029=PLANE('',#2286);
#2030=PLANE('',#2289);
#2031=PLANE('',#2292);
#2032=PLANE('',#2305);
#2033=PLANE('',#2308);
#2034=PLANE('',#2311);
#2035=PLANE('',#2312);
#2036=PLANE('',#2313);
#2037=PLANE('',#2314);
#2038=PLANE('',#2315);
#2039=PLANE('',#2318);
#2040=PLANE('',#2324);
#2041=PLANE('',#2328);
#2042=PLANE('',#2337);
#2043=PLANE('',#2345);
#2044=PLANE('',#2346);
#2045=PLANE('',#2360);
#2046=PLANE('',#2363);
#2047=PLANE('',#2366);
#2048=PLANE('',#2369);
#2049=PLANE('',#2372);
#2050=PLANE('',#2375);
#2051=PLANE('',#2378);
#2052=PLANE('',#2384);
#2053=PLANE('',#2442);
#2054=PLANE('',#2444);
#2055=PLANE('',#2446);
#2056=PLANE('',#2448);
#2057=PLANE('',#2450);
#2058=ADVANCED_FACE('',(#479),#2007,.F.);
#2059=ADVANCED_FACE('',(#480),#2008,.F.);
#2060=ADVANCED_FACE('',(#481),#2009,.F.);
#2061=ADVANCED_FACE('',(#482),#48,.T.);
#2062=ADVANCED_FACE('',(#483),#2010,.T.);
#2063=ADVANCED_FACE('',(#484,#25),#2011,.T.);
#2064=ADVANCED_FACE('',(#485),#2012,.T.);
#2065=ADVANCED_FACE('',(#486),#49,.T.);
#2066=ADVANCED_FACE('',(#487),#50,.F.);
#2067=ADVANCED_FACE('',(#488),#51,.T.);
#2068=ADVANCED_FACE('',(#489),#52,.T.);
#2069=ADVANCED_FACE('',(#490),#53,.F.);
#2070=ADVANCED_FACE('',(#491),#54,.T.);
#2071=ADVANCED_FACE('',(#492),#2013,.T.);
#2072=ADVANCED_FACE('',(#493),#2014,.T.);
#2073=ADVANCED_FACE('',(#494),#2015,.T.);
#2074=ADVANCED_FACE('',(#495),#2016,.T.);
#2075=ADVANCED_FACE('',(#496),#2017,.T.);
#2076=ADVANCED_FACE('',(#497),#55,.F.);
#2077=ADVANCED_FACE('',(#498),#2018,.T.);
#2078=ADVANCED_FACE('',(#499),#56,.T.);
#2079=ADVANCED_FACE('',(#500),#2019,.T.);
#2080=ADVANCED_FACE('',(#501),#57,.T.);
#2081=ADVANCED_FACE('',(#502),#2020,.T.);
#2082=ADVANCED_FACE('',(#503),#58,.F.);
#2083=ADVANCED_FACE('',(#504),#2021,.T.);
#2084=ADVANCED_FACE('',(#505),#59,.T.);
#2085=ADVANCED_FACE('',(#506),#2022,.T.);
#2086=ADVANCED_FACE('',(#507),#60,.T.);
#2087=ADVANCED_FACE('',(#508),#2023,.T.);
#2088=ADVANCED_FACE('',(#509),#61,.F.);
#2089=ADVANCED_FACE('',(#510,#26),#2024,.T.);
#2090=ADVANCED_FACE('',(#511,#27),#2025,.F.);
#2091=ADVANCED_FACE('',(#512),#62,.T.);
#2092=ADVANCED_FACE('',(#513),#2026,.T.);
#2093=ADVANCED_FACE('',(#514),#63,.F.);
#2094=ADVANCED_FACE('',(#515),#2027,.T.);
#2095=ADVANCED_FACE('',(#516),#64,.T.);
#2096=ADVANCED_FACE('',(#517),#2028,.T.);
#2097=ADVANCED_FACE('',(#518),#65,.T.);
#2098=ADVANCED_FACE('',(#519),#2029,.T.);
#2099=ADVANCED_FACE('',(#520),#66,.F.);
#2100=ADVANCED_FACE('',(#521),#2030,.T.);
#2101=ADVANCED_FACE('',(#522),#67,.T.);
#2102=ADVANCED_FACE('',(#523),#2031,.T.);
#2103=ADVANCED_FACE('',(#524),#68,.T.);
#2104=ADVANCED_FACE('',(#525),#69,.F.);
#2105=ADVANCED_FACE('',(#526),#70,.T.);
#2106=ADVANCED_FACE('',(#527),#71,.T.);
#2107=ADVANCED_FACE('',(#528),#72,.F.);
#2108=ADVANCED_FACE('',(#529),#73,.T.);
#2109=ADVANCED_FACE('',(#530,#28),#2032,.F.);
#2110=ADVANCED_FACE('',(#531,#29),#2033,.F.);
#2111=ADVANCED_FACE('',(#532),#2034,.T.);
#2112=ADVANCED_FACE('',(#533),#2035,.T.);
#2113=ADVANCED_FACE('',(#534),#2036,.T.);
#2114=ADVANCED_FACE('',(#535),#2037,.T.);
#2115=ADVANCED_FACE('',(#536,#30),#2038,.F.);
#2116=ADVANCED_FACE('',(#537,#31),#2039,.F.);
#2117=ADVANCED_FACE('',(#538),#74,.T.);
#2118=ADVANCED_FACE('',(#539,#32),#2040,.T.);
#2119=ADVANCED_FACE('',(#540),#75,.T.);
#2120=ADVANCED_FACE('',(#541,#33,#34,#35,#36,#37),#2041,.T.);
#2121=ADVANCED_FACE('',(#542),#76,.T.);
#2122=ADVANCED_FACE('',(#543),#2042,.T.);
#2123=ADVANCED_FACE('',(#544),#77,.T.);
#2124=ADVANCED_FACE('',(#545),#78,.T.);
#2125=ADVANCED_FACE('',(#546),#79,.F.);
#2126=ADVANCED_FACE('',(#547),#80,.F.);
#2127=ADVANCED_FACE('',(#548),#81,.F.);
#2128=ADVANCED_FACE('',(#549),#82,.F.);
#2129=ADVANCED_FACE('',(#550),#83,.F.);
#2130=ADVANCED_FACE('',(#551),#2043,.T.);
#2131=ADVANCED_FACE('',(#552,#38),#2044,.F.);
#2132=ADVANCED_FACE('',(#553),#2045,.T.);
#2133=ADVANCED_FACE('',(#554),#84,.T.);
#2134=ADVANCED_FACE('',(#555),#2046,.T.);
#2135=ADVANCED_FACE('',(#556),#85,.T.);
#2136=ADVANCED_FACE('',(#557),#2047,.T.);
#2137=ADVANCED_FACE('',(#558),#86,.F.);
#2138=ADVANCED_FACE('',(#559),#2048,.T.);
#2139=ADVANCED_FACE('',(#560),#87,.T.);
#2140=ADVANCED_FACE('',(#561),#2049,.T.);
#2141=ADVANCED_FACE('',(#562),#88,.T.);
#2142=ADVANCED_FACE('',(#563),#2050,.T.);
#2143=ADVANCED_FACE('',(#564),#89,.F.);
#2144=ADVANCED_FACE('',(#565,#39),#2051,.T.);
#2145=ADVANCED_FACE('',(#566),#2052,.T.);
#2146=ADVANCED_FACE('',(#567),#90,.T.);
#2147=ADVANCED_FACE('',(#568),#91,.T.);
#2148=ADVANCED_FACE('',(#569),#92,.T.);
#2149=ADVANCED_FACE('',(#570),#93,.T.);
#2150=ADVANCED_FACE('',(#571),#94,.T.);
#2151=ADVANCED_FACE('',(#572),#95,.T.);
#2152=ADVANCED_FACE('',(#573),#96,.T.);
#2153=ADVANCED_FACE('',(#574),#17,.T.);
#2154=ADVANCED_FACE('',(#575),#97,.T.);
#2155=ADVANCED_FACE('',(#576),#18,.T.);
#2156=ADVANCED_FACE('',(#577),#13,.T.);
#2157=ADVANCED_FACE('',(#578),#98,.T.);
#2158=ADVANCED_FACE('',(#579),#14,.T.);
#2159=ADVANCED_FACE('',(#580),#19,.T.);
#2160=ADVANCED_FACE('',(#581),#99,.T.);
#2161=ADVANCED_FACE('',(#582),#20,.T.);
#2162=ADVANCED_FACE('',(#583),#21,.T.);
#2163=ADVANCED_FACE('',(#584),#100,.T.);
#2164=ADVANCED_FACE('',(#585),#22,.T.);
#2165=ADVANCED_FACE('',(#586),#15,.T.);
#2166=ADVANCED_FACE('',(#587),#101,.T.);
#2167=ADVANCED_FACE('',(#588),#16,.T.);
#2168=ADVANCED_FACE('',(#589),#23,.T.);
#2169=ADVANCED_FACE('',(#590),#102,.T.);
#2170=ADVANCED_FACE('',(#591),#24,.T.);
#2171=ADVANCED_FACE('',(#592),#103,.F.);
#2172=ADVANCED_FACE('',(#593),#104,.F.);
#2173=ADVANCED_FACE('',(#594),#2053,.T.);
#2174=ADVANCED_FACE('',(#595),#105,.T.);
#2175=ADVANCED_FACE('',(#596),#2054,.T.);
#2176=ADVANCED_FACE('',(#597),#106,.T.);
#2177=ADVANCED_FACE('',(#598),#2055,.T.);
#2178=ADVANCED_FACE('',(#599),#107,.F.);
#2179=ADVANCED_FACE('',(#600),#2056,.T.);
#2180=ADVANCED_FACE('',(#601),#108,.T.);
#2181=ADVANCED_FACE('',(#602),#2057,.T.);
#2182=CLOSED_SHELL('',(#2058,#2059,#2060,#2061,#2062));
#2183=CLOSED_SHELL('',(#2063,#2064,#2065,#2066,#2067,#2068,#2069,#2070,
#2071,#2072,#2073,#2074,#2075,#2076,#2077,#2078,#2079,#2080,#2081,#2082,
#2083,#2084,#2085,#2086,#2087,#2088,#2089));
#2184=CLOSED_SHELL('',(#2090,#2091,#2092,#2093,#2094,#2095,#2096,#2097,
#2098,#2099,#2100,#2101,#2102,#2103,#2104,#2105,#2106,#2107,#2108,#2109,
#2110,#2111,#2112,#2113,#2114,#2115,#2116,#2117,#2118,#2119,#2120,#2121,
#2122,#2123,#2124,#2125,#2126,#2127,#2128,#2129,#2130));
#2185=CLOSED_SHELL('',(#2131,#2132,#2133,#2134,#2135,#2136,#2137,#2138,
#2139,#2140,#2141,#2142,#2143,#2144,#2145,#2146,#2147,#2148,#2149,#2150,
#2151,#2152,#2153,#2154,#2155,#2156,#2157,#2158,#2159,#2160,#2161,#2162,
#2163,#2164,#2165,#2166,#2167,#2168,#2169,#2170,#2171,#2172,#2173,#2174,
#2175,#2176,#2177,#2178,#2179,#2180,#2181));
#2186=DERIVED_UNIT_ELEMENT(#2188,1.);
#2187=DERIVED_UNIT_ELEMENT(#3783,-3.);
#2188=(
MASS_UNIT()
NAMED_UNIT(*)
SI_UNIT(.KILO.,.GRAM.)
);
#2189=DERIVED_UNIT((#2186,#2187));
#2190=MEASURE_REPRESENTATION_ITEM('density measure',
POSITIVE_RATIO_MEASURE(7850.),#2189);
#2191=PROPERTY_DEFINITION_REPRESENTATION(#2196,#2193);
#2192=PROPERTY_DEFINITION_REPRESENTATION(#2197,#2194);
#2193=REPRESENTATION('material name',(#2195),#3780);
#2194=REPRESENTATION('density',(#2190),#3780);
#2195=DESCRIPTIVE_REPRESENTATION_ITEM('Stal','Stal');
#2196=PROPERTY_DEFINITION('material property','material name',#3790);
#2197=PROPERTY_DEFINITION('material property','density of part',#3790);
#2198=AXIS2_PLACEMENT_3D('',#3142,#2451,#2452);
#2199=AXIS2_PLACEMENT_3D('',#3143,#2453,#2454);
#2200=AXIS2_PLACEMENT_3D('',#3145,#2455,#2456);
#2201=AXIS2_PLACEMENT_3D('',#3146,#2457,#2458);
#2202=AXIS2_PLACEMENT_3D('',#3150,#2460,#2461);
#2203=AXIS2_PLACEMENT_3D('',#3151,#2462,#2463);
#2204=AXIS2_PLACEMENT_3D('',#3157,#2467,#2468);
#2205=AXIS2_PLACEMENT_3D('',#3159,#2469,#2470);
#2206=AXIS2_PLACEMENT_3D('',#3161,#2472,#2473);
#2207=AXIS2_PLACEMENT_3D('',#3162,#2474,#2475);
#2208=AXIS2_PLACEMENT_3D('',#3163,#2476,#2477);
#2209=AXIS2_PLACEMENT_3D('',#3166,#2478,#2479);
#2210=AXIS2_PLACEMENT_3D('',#3170,#2481,#2482);
#2211=AXIS2_PLACEMENT_3D('',#3174,#2484,#2485);
#2212=AXIS2_PLACEMENT_3D('',#3178,#2487,#2488);
#2213=AXIS2_PLACEMENT_3D('',#3182,#2490,#2491);
#2214=AXIS2_PLACEMENT_3D('',#3186,#2493,#2494);
#2215=AXIS2_PLACEMENT_3D('',#3190,#2496,#2497);
#2216=AXIS2_PLACEMENT_3D('',#3194,#2499,#2500);
#2217=AXIS2_PLACEMENT_3D('',#3198,#2502,#2503);
#2218=AXIS2_PLACEMENT_3D('',#3202,#2505,#2506);
#2219=AXIS2_PLACEMENT_3D('',#3206,#2508,#2509);
#2220=AXIS2_PLACEMENT_3D('',#3210,#2511,#2512);
#2221=AXIS2_PLACEMENT_3D('',#3213,#2514,#2515);
#2222=AXIS2_PLACEMENT_3D('',#3214,#2516,#2517);
#2223=AXIS2_PLACEMENT_3D('',#3220,#2521,#2522);
#2224=AXIS2_PLACEMENT_3D('',#3222,#2523,#2524);
#2225=AXIS2_PLACEMENT_3D('',#3224,#2526,#2527);
#2226=AXIS2_PLACEMENT_3D('',#3227,#2528,#2529);
#2227=AXIS2_PLACEMENT_3D('',#3230,#2532,#2533);
#2228=AXIS2_PLACEMENT_3D('',#3233,#2534,#2535);
#2229=AXIS2_PLACEMENT_3D('',#3236,#2538,#2539);
#2230=AXIS2_PLACEMENT_3D('',#3239,#2540,#2541);
#2231=AXIS2_PLACEMENT_3D('',#3242,#2544,#2545);
#2232=AXIS2_PLACEMENT_3D('',#3245,#2546,#2547);
#2233=AXIS2_PLACEMENT_3D('',#3248,#2550,#2551);
#2234=AXIS2_PLACEMENT_3D('',#3251,#2552,#2553);
#2235=AXIS2_PLACEMENT_3D('',#3254,#2556,#2557);
#2236=AXIS2_PLACEMENT_3D('',#3256,#2559,#2560);
#2237=AXIS2_PLACEMENT_3D('',#3258,#2562,#2563);
#2238=AXIS2_PLACEMENT_3D('',#3260,#2565,#2566);
#2239=AXIS2_PLACEMENT_3D('',#3262,#2568,#2569);
#2240=AXIS2_PLACEMENT_3D('',#3264,#2571,#2572);
#2241=AXIS2_PLACEMENT_3D('',#3266,#2573,#2574);
#2242=AXIS2_PLACEMENT_3D('',#3268,#2576,#2577);
#2243=AXIS2_PLACEMENT_3D('',#3272,#2580,#2581);
#2244=AXIS2_PLACEMENT_3D('',#3274,#2582,#2583);
#2245=AXIS2_PLACEMENT_3D('',#3276,#2585,#2586);
#2246=AXIS2_PLACEMENT_3D('',#3280,#2589,#2590);
#2247=AXIS2_PLACEMENT_3D('',#3282,#2591,#2592);
#2248=AXIS2_PLACEMENT_3D('',#3284,#2594,#2595);
#2249=AXIS2_PLACEMENT_3D('',#3288,#2598,#2599);
#2250=AXIS2_PLACEMENT_3D('',#3290,#2600,#2601);
#2251=AXIS2_PLACEMENT_3D('',#3292,#2603,#2604);
#2252=AXIS2_PLACEMENT_3D('',#3296,#2607,#2608);
#2253=AXIS2_PLACEMENT_3D('',#3298,#2609,#2610);
#2254=AXIS2_PLACEMENT_3D('',#3300,#2612,#2613);
#2255=AXIS2_PLACEMENT_3D('',#3304,#2616,#2617);
#2256=AXIS2_PLACEMENT_3D('',#3306,#2618,#2619);
#2257=AXIS2_PLACEMENT_3D('',#3308,#2621,#2622);
#2258=AXIS2_PLACEMENT_3D('',#3312,#2625,#2626);
#2259=AXIS2_PLACEMENT_3D('',#3313,#2627,#2628);
#2260=AXIS2_PLACEMENT_3D('',#3314,#2629,#2630);
#2261=AXIS2_PLACEMENT_3D('',#3315,#2631,#2632);
#2262=AXIS2_PLACEMENT_3D('',#3318,#2633,#2634);
#2263=AXIS2_PLACEMENT_3D('',#3322,#2636,#2637);
#2264=AXIS2_PLACEMENT_3D('',#3326,#2639,#2640);
#2265=AXIS2_PLACEMENT_3D('',#3330,#2642,#2643);
#2266=AXIS2_PLACEMENT_3D('',#3334,#2645,#2646);
#2267=AXIS2_PLACEMENT_3D('',#3338,#2648,#2649);
#2268=AXIS2_PLACEMENT_3D('',#3342,#2651,#2652);
#2269=AXIS2_PLACEMENT_3D('',#3346,#2654,#2655);
#2270=AXIS2_PLACEMENT_3D('',#3350,#2657,#2658);
#2271=AXIS2_PLACEMENT_3D('',#3354,#2660,#2661);
#2272=AXIS2_PLACEMENT_3D('',#3358,#2663,#2664);
#2273=AXIS2_PLACEMENT_3D('',#3362,#2666,#2667);
#2274=AXIS2_PLACEMENT_3D('',#3365,#2669,#2670);
#2275=AXIS2_PLACEMENT_3D('',#3366,#2671,#2672);
#2276=AXIS2_PLACEMENT_3D('',#3370,#2674,#2675);
#2277=AXIS2_PLACEMENT_3D('',#3372,#2677,#2678);
#2278=AXIS2_PLACEMENT_3D('',#3376,#2681,#2682);
#2279=AXIS2_PLACEMENT_3D('',#3379,#2684,#2685);
#2280=AXIS2_PLACEMENT_3D('',#3380,#2686,#2687);
#2281=AXIS2_PLACEMENT_3D('',#3384,#2690,#2691);
#2282=AXIS2_PLACEMENT_3D('',#3387,#2693,#2694);
#2283=AXIS2_PLACEMENT_3D('',#3388,#2695,#2696);
#2284=AXIS2_PLACEMENT_3D('',#3400,#2703,#2704);
#2285=AXIS2_PLACEMENT_3D('',#3403,#2706,#2707);
#2286=AXIS2_PLACEMENT_3D('',#3404,#2708,#2709);
#2287=AXIS2_PLACEMENT_3D('',#3408,#2712,#2713);
#2288=AXIS2_PLACEMENT_3D('',#3411,#2715,#2716);
#2289=AXIS2_PLACEMENT_3D('',#3412,#2717,#2718);
#2290=AXIS2_PLACEMENT_3D('',#3416,#2721,#2722);
#2291=AXIS2_PLACEMENT_3D('',#3419,#2724,#2725);
#2292=AXIS2_PLACEMENT_3D('',#3420,#2726,#2727);
#2293=AXIS2_PLACEMENT_3D('',#3432,#2734,#2735);
#2294=AXIS2_PLACEMENT_3D('',#3436,#2737,#2738);
#2295=AXIS2_PLACEMENT_3D('',#3438,#2740,#2741);
#2296=AXIS2_PLACEMENT_3D('',#3442,#2743,#2744);
#2297=AXIS2_PLACEMENT_3D('',#3444,#2746,#2747);
#2298=AXIS2_PLACEMENT_3D('',#3448,#2749,#2750);
#2299=AXIS2_PLACEMENT_3D('',#3450,#2752,#2753);
#2300=AXIS2_PLACEMENT_3D('',#3454,#2755,#2756);
#2301=AXIS2_PLACEMENT_3D('',#3456,#2758,#2759);
#2302=AXIS2_PLACEMENT_3D('',#3460,#2761,#2762);
#2303=AXIS2_PLACEMENT_3D('',#3462,#2764,#2765);
#2304=AXIS2_PLACEMENT_3D('',#3465,#2767,#2768);
#2305=AXIS2_PLACEMENT_3D('',#3466,#2769,#2770);
#2306=AXIS2_PLACEMENT_3D('',#3468,#2771,#2772);
#2307=AXIS2_PLACEMENT_3D('',#3471,#2774,#2775);
#2308=AXIS2_PLACEMENT_3D('',#3472,#2776,#2777);
#2309=AXIS2_PLACEMENT_3D('',#3473,#2778,#2779);
#2310=AXIS2_PLACEMENT_3D('',#3475,#2780,#2781);
#2311=AXIS2_PLACEMENT_3D('',#3476,#2782,#2783);
#2312=AXIS2_PLACEMENT_3D('',#3478,#2785,#2786);
#2313=AXIS2_PLACEMENT_3D('',#3480,#2788,#2789);
#2314=AXIS2_PLACEMENT_3D('',#3482,#2791,#2792);
#2315=AXIS2_PLACEMENT_3D('',#3484,#2794,#2795);
#2316=AXIS2_PLACEMENT_3D('',#3487,#2797,#2798);
#2317=AXIS2_PLACEMENT_3D('',#3489,#2799,#2800);
#2318=AXIS2_PLACEMENT_3D('',#3490,#2801,#2802);
#2319=AXIS2_PLACEMENT_3D('',#3494,#2804,#2805);
#2320=AXIS2_PLACEMENT_3D('',#3497,#2807,#2808);
#2321=AXIS2_PLACEMENT_3D('',#3498,#2809,#2810);
#2322=AXIS2_PLACEMENT_3D('',#3500,#2811,#2812);
#2323=AXIS2_PLACEMENT_3D('',#3503,#2814,#2815);
#2324=AXIS2_PLACEMENT_3D('',#3504,#2816,#2817);
#2325=AXIS2_PLACEMENT_3D('',#3506,#2818,#2819);
#2326=AXIS2_PLACEMENT_3D('',#3507,#2820,#2821);
#2327=AXIS2_PLACEMENT_3D('',#3510,#2823,#2824);
#2328=AXIS2_PLACEMENT_3D('',#3511,#2825,#2826);
#2329=AXIS2_PLACEMENT_3D('',#3515,#2828,#2829);
#2330=AXIS2_PLACEMENT_3D('',#3518,#2831,#2832);
#2331=AXIS2_PLACEMENT_3D('',#3519,#2833,#2834);
#2332=AXIS2_PLACEMENT_3D('',#3521,#2835,#2836);
#2333=AXIS2_PLACEMENT_3D('',#3523,#2837,#2838);
#2334=AXIS2_PLACEMENT_3D('',#3525,#2839,#2840);
#2335=AXIS2_PLACEMENT_3D('',#3527,#2841,#2842);
#2336=AXIS2_PLACEMENT_3D('',#3528,#2843,#2844);
#2337=AXIS2_PLACEMENT_3D('',#3531,#2847,#2848);
#2338=AXIS2_PLACEMENT_3D('',#3533,#2850,#2851);
#2339=AXIS2_PLACEMENT_3D('',#3534,#2852,#2853);
#2340=AXIS2_PLACEMENT_3D('',#3535,#2854,#2855);
#2341=AXIS2_PLACEMENT_3D('',#3537,#2857,#2858);
#2342=AXIS2_PLACEMENT_3D('',#3539,#2860,#2861);
#2343=AXIS2_PLACEMENT_3D('',#3541,#2863,#2864);
#2344=AXIS2_PLACEMENT_3D('',#3543,#2866,#2867);
#2345=AXIS2_PLACEMENT_3D('',#3545,#2869,#2870);
#2346=AXIS2_PLACEMENT_3D('',#3546,#2871,#2872);
#2347=AXIS2_PLACEMENT_3D('',#3551,#2874,#2875);
#2348=AXIS2_PLACEMENT_3D('',#3555,#2877,#2878);
#2349=AXIS2_PLACEMENT_3D('',#3559,#2880,#2881);
#2350=AXIS2_PLACEMENT_3D('',#3563,#2883,#2884);
#2351=AXIS2_PLACEMENT_3D('',#3567,#2886,#2887);
#2352=AXIS2_PLACEMENT_3D('',#3571,#2889,#2890);
#2353=AXIS2_PLACEMENT_3D('',#3575,#2892,#2893);
#2354=AXIS2_PLACEMENT_3D('',#3579,#2895,#2896);
#2355=AXIS2_PLACEMENT_3D('',#3583,#2898,#2899);
#2356=AXIS2_PLACEMENT_3D('',#3587,#2901,#2902);
#2357=AXIS2_PLACEMENT_3D('',#3591,#2904,#2905);
#2358=AXIS2_PLACEMENT_3D('',#3594,#2907,#2908);
#2359=AXIS2_PLACEMENT_3D('',#3596,#2909,#2910);
#2360=AXIS2_PLACEMENT_3D('',#3597,#2911,#2912);
#2361=AXIS2_PLACEMENT_3D('',#3603,#2916,#2917);
#2362=AXIS2_PLACEMENT_3D('',#3606,#2919,#2920);
#2363=AXIS2_PLACEMENT_3D('',#3607,#2921,#2922);
#2364=AXIS2_PLACEMENT_3D('',#3611,#2925,#2926);
#2365=AXIS2_PLACEMENT_3D('',#3614,#2928,#2929);
#2366=AXIS2_PLACEMENT_3D('',#3615,#2930,#2931);
#2367=AXIS2_PLACEMENT_3D('',#3619,#2934,#2935);
#2368=AXIS2_PLACEMENT_3D('',#3622,#2937,#2938);
#2369=AXIS2_PLACEMENT_3D('',#3623,#2939,#2940);
#2370=AXIS2_PLACEMENT_3D('',#3627,#2943,#2944);
#2371=AXIS2_PLACEMENT_3D('',#3630,#2946,#2947);
#2372=AXIS2_PLACEMENT_3D('',#3631,#2948,#2949);
#2373=AXIS2_PLACEMENT_3D('',#3635,#2952,#2953);
#2374=AXIS2_PLACEMENT_3D('',#3638,#2955,#2956);
#2375=AXIS2_PLACEMENT_3D('',#3639,#2957,#2958);
#2376=AXIS2_PLACEMENT_3D('',#3643,#2961,#2962);
#2377=AXIS2_PLACEMENT_3D('',#3646,#2964,#2965);
#2378=AXIS2_PLACEMENT_3D('',#3647,#2966,#2967);
#2379=AXIS2_PLACEMENT_3D('',#3650,#2968,#2969);
#2380=AXIS2_PLACEMENT_3D('',#3658,#2973,#2974);
#2381=AXIS2_PLACEMENT_3D('',#3666,#2978,#2979);
#2382=AXIS2_PLACEMENT_3D('',#3674,#2983,#2984);
#2383=AXIS2_PLACEMENT_3D('',#3681,#2988,#2989);
#2384=AXIS2_PLACEMENT_3D('',#3682,#2990,#2991);
#2385=AXIS2_PLACEMENT_3D('',#3686,#2994,#2995);
#2386=AXIS2_PLACEMENT_3D('',#3688,#2996,#2997);
#2387=AXIS2_PLACEMENT_3D('',#3690,#2998,#2999);
#2388=AXIS2_PLACEMENT_3D('',#3692,#3001,#3002);
#2389=AXIS2_PLACEMENT_3D('',#3694,#3003,#3004);
#2390=AXIS2_PLACEMENT_3D('',#3696,#3005,#3006);
#2391=AXIS2_PLACEMENT_3D('',#3698,#3008,#3009);
#2392=AXIS2_PLACEMENT_3D('',#3700,#3010,#3011);
#2393=AXIS2_PLACEMENT_3D('',#3702,#3012,#3013);
#2394=AXIS2_PLACEMENT_3D('',#3704,#3015,#3016);
#2395=AXIS2_PLACEMENT_3D('',#3706,#3017,#3018);
#2396=AXIS2_PLACEMENT_3D('',#3708,#3019,#3020);
#2397=AXIS2_PLACEMENT_3D('',#3710,#3022,#3023);
#2398=AXIS2_PLACEMENT_3D('',#3712,#3024,#3025);
#2399=AXIS2_PLACEMENT_3D('',#3714,#3026,#3027);
#2400=AXIS2_PLACEMENT_3D('',#3716,#3029,#3030);
#2401=AXIS2_PLACEMENT_3D('',#3717,#3031,#3032);
#2402=AXIS2_PLACEMENT_3D('',#3718,#3033,#3034);
#2403=AXIS2_PLACEMENT_3D('',#3719,#3035,#3036);
#2404=AXIS2_PLACEMENT_3D('',#3720,#3037,#3038);
#2405=AXIS2_PLACEMENT_3D('',#3721,#3039,#3040);
#2406=AXIS2_PLACEMENT_3D('',#3722,#3041,#3042);
#2407=AXIS2_PLACEMENT_3D('',#3723,#3043,#3044);
#2408=AXIS2_PLACEMENT_3D('',#3724,#3045,#3046);
#2409=AXIS2_PLACEMENT_3D('',#3725,#3047,#3048);
#2410=AXIS2_PLACEMENT_3D('',#3726,#3049,#3050);
#2411=AXIS2_PLACEMENT_3D('',#3727,#3051,#3052);
#2412=AXIS2_PLACEMENT_3D('',#3728,#3053,#3054);
#2413=AXIS2_PLACEMENT_3D('',#3729,#3055,#3056);
#2414=AXIS2_PLACEMENT_3D('',#3730,#3057,#3058);
#2415=AXIS2_PLACEMENT_3D('',#3731,#3059,#3060);
#2416=AXIS2_PLACEMENT_3D('',#3732,#3061,#3062);
#2417=AXIS2_PLACEMENT_3D('',#3733,#3063,#3064);
#2418=AXIS2_PLACEMENT_3D('',#3734,#3065,#3066);
#2419=AXIS2_PLACEMENT_3D('',#3735,#3067,#3068);
#2420=AXIS2_PLACEMENT_3D('',#3736,#3069,#3070);
#2421=AXIS2_PLACEMENT_3D('',#3737,#3071,#3072);
#2422=AXIS2_PLACEMENT_3D('',#3738,#3073,#3074);
#2423=AXIS2_PLACEMENT_3D('',#3739,#3075,#3076);
#2424=AXIS2_PLACEMENT_3D('',#3740,#3077,#3078);
#2425=AXIS2_PLACEMENT_3D('',#3741,#3079,#3080);
#2426=AXIS2_PLACEMENT_3D('',#3742,#3081,#3082);
#2427=AXIS2_PLACEMENT_3D('',#3743,#3083,#3084);
#2428=AXIS2_PLACEMENT_3D('',#3744,#3085,#3086);
#2429=AXIS2_PLACEMENT_3D('',#3745,#3087,#3088);
#2430=AXIS2_PLACEMENT_3D('',#3746,#3089,#3090);
#2431=AXIS2_PLACEMENT_3D('',#3747,#3091,#3092);
#2432=AXIS2_PLACEMENT_3D('',#3748,#3093,#3094);
#2433=AXIS2_PLACEMENT_3D('',#3749,#3095,#3096);
#2434=AXIS2_PLACEMENT_3D('',#3750,#3097,#3098);
#2435=AXIS2_PLACEMENT_3D('',#3751,#3099,#3100);
#2436=AXIS2_PLACEMENT_3D('',#3752,#3101,#3102);
#2437=AXIS2_PLACEMENT_3D('',#3753,#3103,#3104);
#2438=AXIS2_PLACEMENT_3D('',#3755,#3106,#3107);
#2439=AXIS2_PLACEMENT_3D('',#3756,#3108,#3109);
#2440=AXIS2_PLACEMENT_3D('',#3757,#3110,#3111);
#2441=AXIS2_PLACEMENT_3D('',#3759,#3113,#3114);
#2442=AXIS2_PLACEMENT_3D('',#3761,#3116,#3117);
#2443=AXIS2_PLACEMENT_3D('',#3763,#3119,#3120);
#2444=AXIS2_PLACEMENT_3D('',#3765,#3122,#3123);
#2445=AXIS2_PLACEMENT_3D('',#3767,#3125,#3126);
#2446=AXIS2_PLACEMENT_3D('',#3769,#3128,#3129);
#2447=AXIS2_PLACEMENT_3D('',#3771,#3131,#3132);
#2448=AXIS2_PLACEMENT_3D('',#3773,#3134,#3135);
#2449=AXIS2_PLACEMENT_3D('',#3775,#3137,#3138);
#2450=AXIS2_PLACEMENT_3D('',#3777,#3140,#3141);
#2451=DIRECTION('axis',(0.,0.,1.));
#2452=DIRECTION('refdir',(1.,0.,0.));
#2453=DIRECTION('center_axis',(0.,0.,1.));
#2454=DIRECTION('ref_axis',(1.,0.,0.));
#2455=DIRECTION('center_axis',(0.,0.,1.));
#2456=DIRECTION('ref_axis',(1.,0.,0.));
#2457=DIRECTION('center_axis',(0.,0.,-1.));
#2458=DIRECTION('ref_axis',(-1.,0.,0.));
#2459=DIRECTION('',(1.,0.,0.));
#2460=DIRECTION('center_axis',(0.,0.,1.));
#2461=DIRECTION('ref_axis',(-1.,0.,0.));
#2462=DIRECTION('center_axis',(0.,1.,0.));
#2463=DIRECTION('ref_axis',(1.,0.,0.));
#2464=DIRECTION('',(0.,0.,-1.));
#2465=DIRECTION('',(1.,0.,0.));
#2466=DIRECTION('',(0.,0.,1.));
#2467=DIRECTION('center_axis',(0.,0.,1.));
#2468=DIRECTION('ref_axis',(1.,0.,0.));
#2469=DIRECTION('center_axis',(0.,0.,1.));
#2470=DIRECTION('ref_axis',(1.,0.,0.));
#2471=DIRECTION('',(0.,0.,-1.));
#2472=DIRECTION('center_axis',(0.,0.,1.));
#2473=DIRECTION('ref_axis',(1.,0.,0.));
#2474=DIRECTION('center_axis',(0.,0.,1.));
#2475=DIRECTION('ref_axis',(1.,0.,0.));
#2476=DIRECTION('center_axis',(0.,0.,1.));
#2477=DIRECTION('ref_axis',(1.,0.,0.));
#2478=DIRECTION('center_axis',(0.,0.,1.));
#2479=DIRECTION('ref_axis',(0.707106781186547,-0.707106781186548,0.));
#2480=DIRECTION('',(0.,1.,0.));
#2481=DIRECTION('center_axis',(0.,0.,-1.));
#2482=DIRECTION('ref_axis',(-0.707106781186547,0.707106781186548,0.));
#2483=DIRECTION('',(1.,0.,0.));
#2484=DIRECTION('center_axis',(0.,0.,1.));
#2485=DIRECTION('ref_axis',(0.707106781186549,-0.707106781186546,0.));
#2486=DIRECTION('',(0.,1.,0.));
#2487=DIRECTION('center_axis',(0.,0.,1.));
#2488=DIRECTION('ref_axis',(0.707106781186549,0.707106781186546,0.));
#2489=DIRECTION('',(-1.,0.,0.));
#2490=DIRECTION('center_axis',(0.,0.,-1.));
#2491=DIRECTION('ref_axis',(-0.707106781186547,-0.707106781186548,0.));
#2492=DIRECTION('',(0.,1.,0.));
#2493=DIRECTION('center_axis',(0.,0.,1.));
#2494=DIRECTION('ref_axis',(0.707106781186547,0.707106781186548,0.));
#2495=DIRECTION('',(-1.,0.,0.));
#2496=DIRECTION('center_axis',(0.,0.,1.));
#2497=DIRECTION('ref_axis',(-0.707106781186547,0.707106781186548,0.));
#2498=DIRECTION('',(0.,-1.,0.));
#2499=DIRECTION('center_axis',(0.,0.,-1.));
#2500=DIRECTION('ref_axis',(0.707106781186547,-0.707106781186547,0.));
#2501=DIRECTION('',(-1.,0.,0.));
#2502=DIRECTION('center_axis',(0.,0.,1.));
#2503=DIRECTION('ref_axis',(-0.707106781186548,0.707106781186547,0.));
#2504=DIRECTION('',(0.,-1.,0.));
#2505=DIRECTION('center_axis',(0.,0.,1.));
#2506=DIRECTION('ref_axis',(-0.707106781186549,-0.707106781186546,0.));
#2507=DIRECTION('',(1.,0.,0.));
#2508=DIRECTION('center_axis',(0.,0.,-1.));
#2509=DIRECTION('ref_axis',(0.707106781186547,0.707106781186548,0.));
#2510=DIRECTION('',(0.,-1.,0.));
#2511=DIRECTION('center_axis',(0.,0.,1.));
#2512=DIRECTION('ref_axis',(-0.707106781186547,-0.707106781186548,0.));
#2513=DIRECTION('',(1.,0.,0.));
#2514=DIRECTION('center_axis',(0.,0.,-1.));
#2515=DIRECTION('ref_axis',(1.,0.,0.));
#2516=DIRECTION('center_axis',(1.,0.,0.));
#2517=DIRECTION('ref_axis',(0.,-1.,0.));
#2518=DIRECTION('',(0.,-1.,0.));
#2519=DIRECTION('',(0.,0.,-1.));
#2520=DIRECTION('',(0.,0.,1.));
#2521=DIRECTION('center_axis',(0.,0.,-1.));
#2522=DIRECTION('ref_axis',(0.707106781186547,-0.707106781186548,0.));
#2523=DIRECTION('center_axis',(0.,0.,-1.));
#2524=DIRECTION('ref_axis',(0.707106781186547,-0.707106781186548,0.));
#2525=DIRECTION('',(0.,0.,-1.));
#2526=DIRECTION('center_axis',(0.,0.,-1.));
#2527=DIRECTION('ref_axis',(0.707106781186547,-0.707106781186547,0.));
#2528=DIRECTION('center_axis',(0.,0.,1.));
#2529=DIRECTION('ref_axis',(0.707106781186547,-0.707106781186547,0.));
#2530=DIRECTION('',(0.,0.,1.));
#2531=DIRECTION('',(0.,0.,-1.));
#2532=DIRECTION('center_axis',(0.,0.,-1.));
#2533=DIRECTION('ref_axis',(-0.707106781186548,0.707106781186547,0.));
#2534=DIRECTION('center_axis',(0.,0.,-1.));
#2535=DIRECTION('ref_axis',(-0.707106781186548,0.707106781186547,0.));
#2536=DIRECTION('',(0.,0.,1.));
#2537=DIRECTION('',(0.,0.,-1.));
#2538=DIRECTION('center_axis',(0.,0.,-1.));
#2539=DIRECTION('ref_axis',(-0.707106781186549,-0.707106781186546,0.));
#2540=DIRECTION('center_axis',(0.,0.,-1.));
#2541=DIRECTION('ref_axis',(-0.707106781186549,-0.707106781186546,0.));
#2542=DIRECTION('',(0.,0.,1.));
#2543=DIRECTION('',(0.,0.,-1.));
#2544=DIRECTION('center_axis',(0.,0.,-1.));
#2545=DIRECTION('ref_axis',(0.707106781186547,0.707106781186548,0.));
#2546=DIRECTION('center_axis',(0.,0.,1.));
#2547=DIRECTION('ref_axis',(0.707106781186547,0.707106781186548,0.));
#2548=DIRECTION('',(0.,0.,1.));
#2549=DIRECTION('',(0.,0.,-1.));
#2550=DIRECTION('center_axis',(0.,0.,-1.));
#2551=DIRECTION('ref_axis',(-0.707106781186547,-0.707106781186548,0.));
#2552=DIRECTION('center_axis',(0.,0.,-1.));
#2553=DIRECTION('ref_axis',(-0.707106781186547,-0.707106781186548,0.));
#2554=DIRECTION('',(0.,0.,1.));
#2555=DIRECTION('',(0.,0.,-1.));
#2556=DIRECTION('center_axis',(0.,1.,0.));
#2557=DIRECTION('ref_axis',(1.,0.,0.));
#2558=DIRECTION('',(1.,0.,0.));
#2559=DIRECTION('center_axis',(-1.,0.,0.));
#2560=DIRECTION('ref_axis',(0.,1.,0.));
#2561=DIRECTION('',(0.,1.,0.));
#2562=DIRECTION('center_axis',(0.,-1.,0.));
#2563=DIRECTION('ref_axis',(-1.,0.,0.));
#2564=DIRECTION('',(-1.,0.,0.));
#2565=DIRECTION('center_axis',(-1.,0.,0.));
#2566=DIRECTION('ref_axis',(0.,1.,0.));
#2567=DIRECTION('',(0.,1.,0.));
#2568=DIRECTION('center_axis',(0.,-1.,0.));
#2569=DIRECTION('ref_axis',(-1.,0.,0.));
#2570=DIRECTION('',(-1.,0.,0.));
#2571=DIRECTION('center_axis',(0.,0.,-1.));
#2572=DIRECTION('ref_axis',(1.,0.,0.));
#2573=DIRECTION('center_axis',(0.,0.,1.));
#2574=DIRECTION('ref_axis',(1.,0.,0.));
#2575=DIRECTION('',(0.,0.,1.));
#2576=DIRECTION('center_axis',(-1.,0.,0.));
#2577=DIRECTION('ref_axis',(0.,1.,0.));
#2578=DIRECTION('',(0.,1.,0.));
#2579=DIRECTION('',(0.,0.,1.));
#2580=DIRECTION('center_axis',(0.,0.,-1.));
#2581=DIRECTION('ref_axis',(-0.707106781186547,0.707106781186548,0.));
#2582=DIRECTION('center_axis',(0.,0.,-1.));
#2583=DIRECTION('ref_axis',(-0.707106781186547,0.707106781186548,0.));
#2584=DIRECTION('',(0.,0.,-1.));
#2585=DIRECTION('center_axis',(0.,1.,0.));
#2586=DIRECTION('ref_axis',(1.,0.,0.));
#2587=DIRECTION('',(1.,0.,0.));
#2588=DIRECTION('',(0.,0.,1.));
#2589=DIRECTION('center_axis',(0.,0.,-1.));
#2590=DIRECTION('ref_axis',(0.707106781186547,0.707106781186548,0.));
#2591=DIRECTION('center_axis',(0.,0.,-1.));
#2592=DIRECTION('ref_axis',(0.707106781186547,0.707106781186548,0.));
#2593=DIRECTION('',(0.,0.,-1.));
#2594=DIRECTION('center_axis',(1.,0.,0.));
#2595=DIRECTION('ref_axis',(0.,-1.,0.));
#2596=DIRECTION('',(0.,-1.,0.));
#2597=DIRECTION('',(0.,0.,1.));
#2598=DIRECTION('center_axis',(0.,0.,-1.));
#2599=DIRECTION('ref_axis',(-0.707106781186547,-0.707106781186548,0.));
#2600=DIRECTION('center_axis',(0.,0.,1.));
#2601=DIRECTION('ref_axis',(-0.707106781186547,-0.707106781186548,0.));
#2602=DIRECTION('',(0.,0.,-1.));
#2603=DIRECTION('center_axis',(0.,1.,0.));
#2604=DIRECTION('ref_axis',(1.,0.,0.));
#2605=DIRECTION('',(1.,0.,0.));
#2606=DIRECTION('',(0.,0.,1.));
#2607=DIRECTION('center_axis',(0.,0.,-1.));
#2608=DIRECTION('ref_axis',(0.707106781186549,0.707106781186546,0.));
#2609=DIRECTION('center_axis',(0.,0.,-1.));
#2610=DIRECTION('ref_axis',(0.707106781186549,0.707106781186546,0.));
#2611=DIRECTION('',(0.,0.,-1.));
#2612=DIRECTION('center_axis',(1.,0.,0.));
#2613=DIRECTION('ref_axis',(0.,-1.,0.));
#2614=DIRECTION('',(0.,-1.,0.));
#2615=DIRECTION('',(0.,0.,1.));
#2616=DIRECTION('center_axis',(0.,0.,-1.));
#2617=DIRECTION('ref_axis',(0.707106781186549,-0.707106781186546,0.));
#2618=DIRECTION('center_axis',(0.,0.,-1.));
#2619=DIRECTION('ref_axis',(0.707106781186549,-0.707106781186546,0.));
#2620=DIRECTION('',(0.,0.,-1.));
#2621=DIRECTION('center_axis',(0.,-1.,0.));
#2622=DIRECTION('ref_axis',(-1.,0.,0.));
#2623=DIRECTION('',(-1.,0.,0.));
#2624=DIRECTION('',(0.,0.,1.));
#2625=DIRECTION('center_axis',(0.,0.,-1.));
#2626=DIRECTION('ref_axis',(-0.707106781186547,0.707106781186548,0.));
#2627=DIRECTION('center_axis',(0.,0.,1.));
#2628=DIRECTION('ref_axis',(-0.707106781186547,0.707106781186548,0.));
#2629=DIRECTION('center_axis',(0.,0.,-1.));
#2630=DIRECTION('ref_axis',(-1.,0.,0.));
#2631=DIRECTION('center_axis',(0.,0.,1.));
#2632=DIRECTION('ref_axis',(1.,0.,0.));
#2633=DIRECTION('center_axis',(0.,0.,1.));
#2634=DIRECTION('ref_axis',(0.707106781186547,-0.707106781186548,0.));
#2635=DIRECTION('',(1.,0.,0.));
#2636=DIRECTION('center_axis',(0.,0.,1.));
#2637=DIRECTION('ref_axis',(-0.707106781186547,-0.707106781186548,0.));
#2638=DIRECTION('',(0.,-1.,0.));
#2639=DIRECTION('center_axis',(0.,0.,-1.));
#2640=DIRECTION('ref_axis',(0.707106781186547,0.707106781186548,0.));
#2641=DIRECTION('',(1.,0.,0.));
#2642=DIRECTION('center_axis',(0.,0.,1.));
#2643=DIRECTION('ref_axis',(-0.707106781186549,-0.707106781186546,0.));
#2644=DIRECTION('',(0.,-1.,0.));
#2645=DIRECTION('center_axis',(0.,0.,1.));
#2646=DIRECTION('ref_axis',(-0.707106781186548,0.707106781186547,0.));
#2647=DIRECTION('',(-1.,0.,0.));
#2648=DIRECTION('center_axis',(0.,0.,-1.));
#2649=DIRECTION('ref_axis',(0.707106781186547,-0.707106781186547,0.));
#2650=DIRECTION('',(0.,-1.,0.));
#2651=DIRECTION('center_axis',(0.,0.,1.));
#2652=DIRECTION('ref_axis',(-0.707106781186547,0.707106781186548,0.));
#2653=DIRECTION('',(-1.,0.,0.));
#2654=DIRECTION('center_axis',(0.,0.,1.));
#2655=DIRECTION('ref_axis',(0.707106781186547,0.707106781186548,0.));
#2656=DIRECTION('',(0.,1.,0.));
#2657=DIRECTION('center_axis',(0.,0.,-1.));
#2658=DIRECTION('ref_axis',(-0.707106781186547,-0.707106781186548,0.));
#2659=DIRECTION('',(-1.,0.,0.));
#2660=DIRECTION('center_axis',(0.,0.,1.));
#2661=DIRECTION('ref_axis',(0.707106781186549,0.707106781186546,0.));
#2662=DIRECTION('',(0.,1.,0.));
#2663=DIRECTION('center_axis',(0.,0.,1.));
#2664=DIRECTION('ref_axis',(0.707106781186549,-0.707106781186546,0.));
#2665=DIRECTION('',(1.,0.,0.));
#2666=DIRECTION('center_axis',(0.,0.,-1.));
#2667=DIRECTION('ref_axis',(-0.707106781186547,0.707106781186548,0.));
#2668=DIRECTION('',(0.,1.,0.));
#2669=DIRECTION('center_axis',(0.,0.,-1.));
#2670=DIRECTION('ref_axis',(1.,0.,0.));
#2671=DIRECTION('center_axis',(0.,0.,-1.));
#2672=DIRECTION('ref_axis',(-0.707106781186547,0.707106781186548,0.));
#2673=DIRECTION('',(0.,0.,1.));
#2674=DIRECTION('center_axis',(0.,0.,1.));
#2675=DIRECTION('ref_axis',(-0.707106781186547,0.707106781186548,0.));
#2676=DIRECTION('',(0.,0.,-1.));
#2677=DIRECTION('center_axis',(-1.,0.,0.));
#2678=DIRECTION('ref_axis',(0.,1.,0.));
#2679=DIRECTION('',(0.,0.,-1.));
#2680=DIRECTION('',(0.,-1.,0.));
#2681=DIRECTION('center_axis',(0.,0.,-1.));
#2682=DIRECTION('ref_axis',(0.707106781186547,-0.707106781186547,0.));
#2683=DIRECTION('',(0.,0.,1.));
#2684=DIRECTION('center_axis',(0.,0.,-1.));
#2685=DIRECTION('ref_axis',(0.707106781186547,-0.707106781186547,0.));
#2686=DIRECTION('center_axis',(0.,1.,0.));
#2687=DIRECTION('ref_axis',(1.,0.,0.));
#2688=DIRECTION('',(0.,0.,-1.));
#2689=DIRECTION('',(-1.,0.,0.));
#2690=DIRECTION('center_axis',(0.,0.,-1.));
#2691=DIRECTION('ref_axis',(-0.707106781186548,0.707106781186547,0.));
#2692=DIRECTION('',(0.,0.,1.));
#2693=DIRECTION('center_axis',(0.,0.,1.));
#2694=DIRECTION('ref_axis',(-0.707106781186548,0.707106781186547,0.));
#2695=DIRECTION('center_axis',(-1.,0.,0.));
#2696=DIRECTION('ref_axis',(0.,1.,0.));
#2697=DIRECTION('',(0.,0.,-1.));
#2698=DIRECTION('',(0.,1.,0.));
#2699=DIRECTION('',(0.,0.,-1.));
#2700=DIRECTION('',(0.,1.,0.));
#2701=DIRECTION('',(0.,0.,1.));
#2702=DIRECTION('',(0.,1.,0.));
#2703=DIRECTION('center_axis',(0.,0.,-1.));
#2704=DIRECTION('ref_axis',(-0.707106781186549,-0.707106781186546,0.));
#2705=DIRECTION('',(0.,0.,1.));
#2706=DIRECTION('center_axis',(0.,0.,1.));
#2707=DIRECTION('ref_axis',(-0.707106781186549,-0.707106781186546,0.));
#2708=DIRECTION('center_axis',(0.,-1.,0.));
#2709=DIRECTION('ref_axis',(-1.,0.,0.));
#2710=DIRECTION('',(0.,0.,-1.));
#2711=DIRECTION('',(1.,0.,0.));
#2712=DIRECTION('center_axis',(0.,0.,-1.));
#2713=DIRECTION('ref_axis',(0.707106781186547,0.707106781186548,0.));
#2714=DIRECTION('',(0.,0.,1.));
#2715=DIRECTION('center_axis',(0.,0.,-1.));
#2716=DIRECTION('ref_axis',(0.707106781186547,0.707106781186548,0.));
#2717=DIRECTION('center_axis',(-1.,0.,0.));
#2718=DIRECTION('ref_axis',(0.,1.,0.));
#2719=DIRECTION('',(0.,0.,-1.));
#2720=DIRECTION('',(0.,-1.,0.));
#2721=DIRECTION('center_axis',(0.,0.,-1.));
#2722=DIRECTION('ref_axis',(-0.707106781186547,-0.707106781186548,0.));
#2723=DIRECTION('',(0.,0.,1.));
#2724=DIRECTION('center_axis',(0.,0.,1.));
#2725=DIRECTION('ref_axis',(-0.707106781186547,-0.707106781186548,0.));
#2726=DIRECTION('center_axis',(0.,-1.,0.));
#2727=DIRECTION('ref_axis',(-1.,0.,0.));
#2728=DIRECTION('',(0.,0.,-1.));
#2729=DIRECTION('',(-1.,0.,0.));
#2730=DIRECTION('',(0.,0.,-1.));
#2731=DIRECTION('',(-1.,0.,0.));
#2732=DIRECTION('',(0.,0.,1.));
#2733=DIRECTION('',(-1.,0.,0.));
#2734=DIRECTION('center_axis',(0.,0.,-1.));
#2735=DIRECTION('ref_axis',(0.707106781186547,0.707106781186548,0.));
#2736=DIRECTION('',(0.,0.,1.));
#2737=DIRECTION('center_axis',(0.,0.,1.));
#2738=DIRECTION('ref_axis',(0.707106781186547,0.707106781186548,0.));
#2739=DIRECTION('',(0.,0.,-1.));
#2740=DIRECTION('center_axis',(0.,0.,-1.));
#2741=DIRECTION('ref_axis',(-0.707106781186547,-0.707106781186548,0.));
#2742=DIRECTION('',(0.,0.,1.));
#2743=DIRECTION('center_axis',(0.,0.,-1.));
#2744=DIRECTION('ref_axis',(-0.707106781186547,-0.707106781186548,0.));
#2745=DIRECTION('',(0.,0.,-1.));
#2746=DIRECTION('center_axis',(0.,0.,-1.));
#2747=DIRECTION('ref_axis',(0.707106781186549,0.707106781186546,0.));
#2748=DIRECTION('',(0.,0.,1.));
#2749=DIRECTION('center_axis',(0.,0.,1.));
#2750=DIRECTION('ref_axis',(0.707106781186549,0.707106781186546,0.));
#2751=DIRECTION('',(0.,0.,-1.));
#2752=DIRECTION('center_axis',(0.,0.,-1.));
#2753=DIRECTION('ref_axis',(0.707106781186549,-0.707106781186546,0.));
#2754=DIRECTION('',(0.,0.,1.));
#2755=DIRECTION('center_axis',(0.,0.,1.));
#2756=DIRECTION('ref_axis',(0.707106781186549,-0.707106781186546,0.));
#2757=DIRECTION('',(0.,0.,-1.));
#2758=DIRECTION('center_axis',(0.,0.,-1.));
#2759=DIRECTION('ref_axis',(-0.707106781186547,0.707106781186548,0.));
#2760=DIRECTION('',(0.,0.,1.));
#2761=DIRECTION('center_axis',(0.,0.,-1.));
#2762=DIRECTION('ref_axis',(-0.707106781186547,0.707106781186548,0.));
#2763=DIRECTION('',(0.,0.,-1.));
#2764=DIRECTION('center_axis',(0.,0.,-1.));
#2765=DIRECTION('ref_axis',(0.707106781186547,-0.707106781186548,0.));
#2766=DIRECTION('',(0.,0.,1.));
#2767=DIRECTION('center_axis',(0.,0.,1.));
#2768=DIRECTION('ref_axis',(0.707106781186547,-0.707106781186548,0.));
#2769=DIRECTION('center_axis',(0.,0.,1.));
#2770=DIRECTION('ref_axis',(1.,0.,0.));
#2771=DIRECTION('center_axis',(0.,0.,1.));
#2772=DIRECTION('ref_axis',(-0.707106781186548,0.707106781186548,0.));
#2773=DIRECTION('',(1.,0.,0.));
#2774=DIRECTION('center_axis',(0.,0.,1.));
#2775=DIRECTION('ref_axis',(1.,0.,0.));
#2776=DIRECTION('center_axis',(0.,0.,1.));
#2777=DIRECTION('ref_axis',(1.,0.,0.));
#2778=DIRECTION('center_axis',(0.,0.,1.));
#2779=DIRECTION('ref_axis',(-0.707106781186548,-0.707106781186548,0.));
#2780=DIRECTION('center_axis',(0.,0.,1.));
#2781=DIRECTION('ref_axis',(1.,0.,0.));
#2782=DIRECTION('center_axis',(1.,0.,0.));
#2783=DIRECTION('ref_axis',(0.,-1.,0.));
#2784=DIRECTION('',(0.,1.,0.));
#2785=DIRECTION('center_axis',(0.,-1.,0.));
#2786=DIRECTION('ref_axis',(-1.,0.,0.));
#2787=DIRECTION('',(1.,0.,0.));
#2788=DIRECTION('center_axis',(0.,1.,0.));
#2789=DIRECTION('ref_axis',(1.,0.,0.));
#2790=DIRECTION('',(-1.,0.,0.));
#2791=DIRECTION('center_axis',(1.,0.,0.));
#2792=DIRECTION('ref_axis',(0.,-1.,0.));
#2793=DIRECTION('',(0.,1.,0.));
#2794=DIRECTION('center_axis',(0.,0.,1.));
#2795=DIRECTION('ref_axis',(1.,0.,0.));
#2796=DIRECTION('',(0.,-1.,0.));
#2797=DIRECTION('center_axis',(0.,0.,1.));
#2798=DIRECTION('ref_axis',(0.707106781186548,-0.707106781186548,0.));
#2799=DIRECTION('center_axis',(0.,0.,1.));
#2800=DIRECTION('ref_axis',(1.,0.,0.));
#2801=DIRECTION('center_axis',(0.,0.,1.));
#2802=DIRECTION('ref_axis',(1.,0.,0.));
#2803=DIRECTION('',(1.,0.,0.));
#2804=DIRECTION('center_axis',(0.,0.,1.));
#2805=DIRECTION('ref_axis',(0.707106781186548,0.707106781186548,0.));
#2806=DIRECTION('',(0.,-1.,0.));
#2807=DIRECTION('center_axis',(0.,0.,1.));
#2808=DIRECTION('ref_axis',(1.,0.,0.));
#2809=DIRECTION('center_axis',(0.,0.,1.));
#2810=DIRECTION('ref_axis',(1.,0.,0.));
#2811=DIRECTION('center_axis',(0.,0.,1.));
#2812=DIRECTION('ref_axis',(1.,0.,0.));
#2813=DIRECTION('',(0.,0.,-1.));
#2814=DIRECTION('center_axis',(0.,0.,-1.));
#2815=DIRECTION('ref_axis',(1.,0.,0.));
#2816=DIRECTION('center_axis',(0.,0.,1.));
#2817=DIRECTION('ref_axis',(1.,0.,0.));
#2818=DIRECTION('center_axis',(0.,0.,-1.));
#2819=DIRECTION('ref_axis',(1.,0.,0.));
#2820=DIRECTION('center_axis',(0.,0.,-1.));
#2821=DIRECTION('ref_axis',(0.707106781186548,-0.707106781186548,0.));
#2822=DIRECTION('',(0.,0.,1.));
#2823=DIRECTION('center_axis',(0.,0.,-1.));
#2824=DIRECTION('ref_axis',(0.707106781186548,-0.707106781186548,0.));
#2825=DIRECTION('center_axis',(0.,0.,1.));
#2826=DIRECTION('ref_axis',(1.,0.,0.));
#2827=DIRECTION('',(0.,-1.,0.));
#2828=DIRECTION('center_axis',(0.,0.,-1.));
#2829=DIRECTION('ref_axis',(0.707106781186548,0.707106781186548,0.));
#2830=DIRECTION('',(1.,0.,0.));
#2831=DIRECTION('center_axis',(0.,0.,-1.));
#2832=DIRECTION('ref_axis',(-0.707106781186548,0.707106781186548,0.));
#2833=DIRECTION('center_axis',(0.,0.,-1.));
#2834=DIRECTION('ref_axis',(-0.707106781186548,-0.707106781186548,0.));
#2835=DIRECTION('center_axis',(0.,0.,-1.));
#2836=DIRECTION('ref_axis',(1.,0.,0.));
#2837=DIRECTION('center_axis',(0.,0.,-1.));
#2838=DIRECTION('ref_axis',(1.,0.,0.));
#2839=DIRECTION('center_axis',(0.,0.,-1.));
#2840=DIRECTION('ref_axis',(1.,0.,0.));
#2841=DIRECTION('center_axis',(0.,0.,-1.));
#2842=DIRECTION('ref_axis',(1.,0.,0.));
#2843=DIRECTION('center_axis',(0.,0.,-1.));
#2844=DIRECTION('ref_axis',(0.707106781186548,0.707106781186548,0.));
#2845=DIRECTION('',(0.,0.,1.));
#2846=DIRECTION('',(0.,0.,-1.));
#2847=DIRECTION('center_axis',(0.,1.,0.));
#2848=DIRECTION('ref_axis',(1.,0.,0.));
#2849=DIRECTION('',(0.,0.,-1.));
#2850=DIRECTION('center_axis',(0.,0.,-1.));
#2851=DIRECTION('ref_axis',(-0.707106781186548,0.707106781186548,0.));
#2852=DIRECTION('center_axis',(0.,0.,-1.));
#2853=DIRECTION('ref_axis',(-0.707106781186548,-0.707106781186548,0.));
#2854=DIRECTION('center_axis',(0.,0.,-1.));
#2855=DIRECTION('ref_axis',(1.,0.,0.));
#2856=DIRECTION('',(0.,0.,1.));
#2857=DIRECTION('center_axis',(0.,0.,-1.));
#2858=DIRECTION('ref_axis',(1.,0.,0.));
#2859=DIRECTION('',(0.,0.,1.));
#2860=DIRECTION('center_axis',(0.,0.,-1.));
#2861=DIRECTION('ref_axis',(1.,0.,0.));
#2862=DIRECTION('',(0.,0.,1.));
#2863=DIRECTION('center_axis',(0.,0.,-1.));
#2864=DIRECTION('ref_axis',(1.,0.,0.));
#2865=DIRECTION('',(0.,0.,1.));
#2866=DIRECTION('center_axis',(0.,0.,-1.));
#2867=DIRECTION('ref_axis',(1.,0.,0.));
#2868=DIRECTION('',(0.,0.,1.));
#2869=DIRECTION('center_axis',(1.,0.,0.));
#2870=DIRECTION('ref_axis',(0.,-1.,0.));
#2871=DIRECTION('center_axis',(0.,0.,-1.));
#2872=DIRECTION('ref_axis',(-1.,0.,0.));
#2873=DIRECTION('',(0.,1.,0.));
#2874=DIRECTION('center_axis',(0.,0.,1.));
#2875=DIRECTION('ref_axis',(0.707106781186547,-0.707106781186547,0.));
#2876=DIRECTION('',(1.,0.,0.));
#2877=DIRECTION('center_axis',(0.,0.,-1.));
#2878=DIRECTION('ref_axis',(-0.707106781186548,0.707106781186547,0.));
#2879=DIRECTION('',(0.,1.,0.));
#2880=DIRECTION('center_axis',(0.,0.,-1.));
#2881=DIRECTION('ref_axis',(-0.707106781186549,-0.707106781186546,0.));
#2882=DIRECTION('',(-1.,0.,0.));
#2883=DIRECTION('center_axis',(0.,0.,1.));
#2884=DIRECTION('ref_axis',(0.707106781186547,0.707106781186548,0.));
#2885=DIRECTION('',(0.,1.,0.));
#2886=DIRECTION('center_axis',(0.,0.,-1.));
#2887=DIRECTION('ref_axis',(-0.707106781186547,-0.707106781186548,0.));
#2888=DIRECTION('',(-1.,0.,0.));
#2889=DIRECTION('center_axis',(0.,0.,-1.));
#2890=DIRECTION('ref_axis',(0.707106781186547,-0.707106781186548,0.));
#2891=DIRECTION('',(0.,-1.,0.));
#2892=DIRECTION('center_axis',(0.,0.,1.));
#2893=DIRECTION('ref_axis',(-0.707106781186547,0.707106781186548,0.));
#2894=DIRECTION('',(-1.,0.,0.));
#2895=DIRECTION('center_axis',(0.,0.,-1.));
#2896=DIRECTION('ref_axis',(0.707106781186549,-0.707106781186546,0.));
#2897=DIRECTION('',(0.,-1.,0.));
#2898=DIRECTION('center_axis',(0.,0.,-1.));
#2899=DIRECTION('ref_axis',(0.707106781186549,0.707106781186546,0.));
#2900=DIRECTION('',(1.,0.,0.));
#2901=DIRECTION('center_axis',(0.,0.,1.));
#2902=DIRECTION('ref_axis',(-0.707106781186547,-0.707106781186548,0.));
#2903=DIRECTION('',(0.,-1.,0.));
#2904=DIRECTION('center_axis',(0.,0.,-1.));
#2905=DIRECTION('ref_axis',(0.707106781186547,0.707106781186548,0.));
#2906=DIRECTION('',(1.,0.,0.));
#2907=DIRECTION('center_axis',(0.,0.,-1.));
#2908=DIRECTION('ref_axis',(-0.707106781186547,0.707106781186548,0.));
#2909=DIRECTION('center_axis',(0.,0.,1.));
#2910=DIRECTION('ref_axis',(1.,0.,0.));
#2911=DIRECTION('center_axis',(1.,0.,0.));
#2912=DIRECTION('ref_axis',(0.,-1.,0.));
#2913=DIRECTION('',(0.,0.,1.));
#2914=DIRECTION('',(0.,-1.,0.));
#2915=DIRECTION('',(0.,0.,-1.));
#2916=DIRECTION('center_axis',(0.,0.,-1.));
#2917=DIRECTION('ref_axis',(0.707106781186547,-0.707106781186548,0.));
#2918=DIRECTION('',(0.,0.,-1.));
#2919=DIRECTION('center_axis',(0.,0.,-1.));
#2920=DIRECTION('ref_axis',(0.,-1.,0.));
#2921=DIRECTION('center_axis',(0.,-1.,0.));
#2922=DIRECTION('ref_axis',(-1.,0.,0.));
#2923=DIRECTION('',(0.,0.,1.));
#2924=DIRECTION('',(-1.,0.,0.));
#2925=DIRECTION('center_axis',(0.,0.,-1.));
#2926=DIRECTION('ref_axis',(-0.707106781186547,-0.707106781186548,0.));
#2927=DIRECTION('',(0.,0.,-1.));
#2928=DIRECTION('center_axis',(0.,0.,-1.));
#2929=DIRECTION('ref_axis',(-1.,0.,0.));
#2930=DIRECTION('center_axis',(-1.,0.,0.));
#2931=DIRECTION('ref_axis',(0.,1.,0.));
#2932=DIRECTION('',(0.,0.,1.));
#2933=DIRECTION('',(0.,1.,0.));
#2934=DIRECTION('center_axis',(0.,0.,-1.));
#2935=DIRECTION('ref_axis',(0.707106781186547,0.707106781186548,0.));
#2936=DIRECTION('',(0.,0.,-1.));
#2937=DIRECTION('center_axis',(0.,0.,1.));
#2938=DIRECTION('ref_axis',(0.,1.,0.));
#2939=DIRECTION('center_axis',(0.,-1.,0.));
#2940=DIRECTION('ref_axis',(-1.,0.,0.));
#2941=DIRECTION('',(0.,0.,1.));
#2942=DIRECTION('',(-1.,0.,0.));
#2943=DIRECTION('center_axis',(0.,0.,-1.));
#2944=DIRECTION('ref_axis',(-0.707106781186549,-0.707106781186546,0.));
#2945=DIRECTION('',(0.,0.,-1.));
#2946=DIRECTION('center_axis',(0.,0.,-1.));
#2947=DIRECTION('ref_axis',(-1.,0.,0.));
#2948=DIRECTION('center_axis',(-1.,0.,0.));
#2949=DIRECTION('ref_axis',(0.,1.,0.));
#2950=DIRECTION('',(0.,0.,1.));
#2951=DIRECTION('',(0.,1.,0.));
#2952=DIRECTION('center_axis',(0.,0.,-1.));
#2953=DIRECTION('ref_axis',(-0.707106781186548,0.707106781186547,0.));
#2954=DIRECTION('',(0.,0.,-1.));
#2955=DIRECTION('center_axis',(0.,0.,-1.));
#2956=DIRECTION('ref_axis',(0.,1.,0.));
#2957=DIRECTION('center_axis',(0.,1.,0.));
#2958=DIRECTION('ref_axis',(1.,0.,0.));
#2959=DIRECTION('',(0.,0.,1.));
#2960=DIRECTION('',(1.,0.,0.));
#2961=DIRECTION('center_axis',(0.,0.,-1.));
#2962=DIRECTION('ref_axis',(0.707106781186547,-0.707106781186547,0.));
#2963=DIRECTION('',(0.,0.,-1.));
#2964=DIRECTION('center_axis',(0.,0.,1.));
#2965=DIRECTION('ref_axis',(1.,0.,0.));
#2966=DIRECTION('center_axis',(0.,0.,-1.));
#2967=DIRECTION('ref_axis',(1.,0.,0.));
#2968=DIRECTION('center_axis',(0.,0.,-1.));
#2969=DIRECTION('ref_axis',(-0.707106781186547,0.707106781186548,0.));
#2970=DIRECTION('',(0.,1.,0.));
#2971=DIRECTION('',(1.,0.,0.));
#2972=DIRECTION('',(0.,-1.,0.));
#2973=DIRECTION('center_axis',(0.,0.,-1.));
#2974=DIRECTION('ref_axis',(0.707106781186547,0.707106781186548,0.));
#2975=DIRECTION('',(1.,0.,0.));
#2976=DIRECTION('',(0.,-1.,0.));
#2977=DIRECTION('',(-1.,0.,0.));
#2978=DIRECTION('center_axis',(0.,0.,-1.));
#2979=DIRECTION('ref_axis',(0.707106781186548,-0.707106781186548,0.));
#2980=DIRECTION('',(0.,-1.,0.));
#2981=DIRECTION('',(-1.,0.,0.));
#2982=DIRECTION('',(0.,1.,0.));
#2983=DIRECTION('center_axis',(0.,0.,-1.));
#2984=DIRECTION('ref_axis',(-0.707106781186547,-0.707106781186548,0.));
#2985=DIRECTION('',(-1.,0.,0.));
#2986=DIRECTION('',(0.,1.,0.));
#2987=DIRECTION('',(1.,0.,0.));
#2988=DIRECTION('center_axis',(0.,0.,1.));
#2989=DIRECTION('ref_axis',(1.,0.,0.));
#2990=DIRECTION('center_axis',(-1.,0.,0.));
#2991=DIRECTION('ref_axis',(0.,1.,0.));
#2992=DIRECTION('',(0.,0.,1.));
#2993=DIRECTION('',(0.,1.,0.));
#2994=DIRECTION('center_axis',(1.,0.,0.));
#2995=DIRECTION('ref_axis',(0.,0.707106781186548,-0.707106781186548));
#2996=DIRECTION('center_axis',(1.,0.,0.));
#2997=DIRECTION('ref_axis',(0.,1.,0.));
#2998=DIRECTION('center_axis',(-1.,7.40148683083437E-16,0.));
#2999=DIRECTION('ref_axis',(0.,0.,-1.));
#3000=DIRECTION('',(1.,0.,0.));
#3001=DIRECTION('center_axis',(0.,-1.,0.));
#3002=DIRECTION('ref_axis',(0.707106781186547,0.,-0.707106781186548));
#3003=DIRECTION('center_axis',(0.,1.,0.));
#3004=DIRECTION('ref_axis',(1.,0.,0.));
#3005=DIRECTION('center_axis',(0.,1.,0.));
#3006=DIRECTION('ref_axis',(0.,0.,-1.));
#3007=DIRECTION('',(0.,-1.,0.));
#3008=DIRECTION('center_axis',(1.,0.,0.));
#3009=DIRECTION('ref_axis',(0.,0.707106781186547,-0.707106781186548));
#3010=DIRECTION('center_axis',(1.,0.,0.));
#3011=DIRECTION('ref_axis',(0.,1.,0.));
#3012=DIRECTION('center_axis',(1.,0.,0.));
#3013=DIRECTION('ref_axis',(0.,0.,-1.));
#3014=DIRECTION('',(1.,0.,0.));
#3015=DIRECTION('center_axis',(0.,-1.,0.));
#3016=DIRECTION('ref_axis',(0.707106781186548,0.,-0.707106781186548));
#3017=DIRECTION('center_axis',(0.,-1.,-1.48029736616687E-15));
#3018=DIRECTION('ref_axis',(1.,0.,0.));
#3019=DIRECTION('center_axis',(-7.40148683083437E-16,1.,0.));
#3020=DIRECTION('ref_axis',(0.,0.,-1.));
#3021=DIRECTION('',(0.,-1.,0.));
#3022=DIRECTION('center_axis',(-1.,0.,0.));
#3023=DIRECTION('ref_axis',(0.,-0.707106781186547,-0.707106781186548));
#3024=DIRECTION('center_axis',(1.,0.,0.));
#3025=DIRECTION('ref_axis',(0.,-1.,0.));
#3026=DIRECTION('center_axis',(1.,0.,0.));
#3027=DIRECTION('ref_axis',(0.,0.,-1.));
#3028=DIRECTION('',(-1.,0.,0.));
#3029=DIRECTION('center_axis',(0.,-1.,0.));
#3030=DIRECTION('ref_axis',(0.707106781186547,0.,-0.707106781186548));
#3031=DIRECTION('center_axis',(0.,-1.,0.));
#3032=DIRECTION('ref_axis',(1.,0.,0.));
#3033=DIRECTION('center_axis',(0.,-1.,0.));
#3034=DIRECTION('ref_axis',(0.,0.,-1.));
#3035=DIRECTION('center_axis',(-1.,0.,0.));
#3036=DIRECTION('ref_axis',(0.,-0.707106781186548,-0.707106781186548));
#3037=DIRECTION('center_axis',(-1.,0.,0.));
#3038=DIRECTION('ref_axis',(0.,-1.,0.));
#3039=DIRECTION('center_axis',(1.,-7.40148683083437E-16,0.));
#3040=DIRECTION('ref_axis',(0.,0.,-1.));
#3041=DIRECTION('center_axis',(-0.408248290463862,-0.816496580927726,0.408248290463864));
#3042=DIRECTION('ref_axis',(0.577350269189625,-0.577350269189625,-0.577350269189627));
#3043=DIRECTION('center_axis',(0.,1.,0.));
#3044=DIRECTION('ref_axis',(-0.707106781186547,0.,-0.707106781186548));
#3045=DIRECTION('center_axis',(0.,-1.,0.));
#3046=DIRECTION('ref_axis',(-1.,0.,0.));
#3047=DIRECTION('center_axis',(0.,-1.,0.));
#3048=DIRECTION('ref_axis',(0.,0.,-1.));
#3049=DIRECTION('center_axis',(0.408248290463862,-0.816496580927726,0.408248290463864));
#3050=DIRECTION('ref_axis',(-0.577350269189625,-0.577350269189625,-0.577350269189627));
#3051=DIRECTION('center_axis',(0.,0.,1.));
#3052=DIRECTION('ref_axis',(1.,0.,0.));
#3053=DIRECTION('center_axis',(0.,0.,1.));
#3054=DIRECTION('ref_axis',(-1.,0.,0.));
#3055=DIRECTION('center_axis',(-1.,0.,0.));
#3056=DIRECTION('ref_axis',(0.,-0.707106781186547,-0.707106781186548));
#3057=DIRECTION('center_axis',(-1.,0.,0.));
#3058=DIRECTION('ref_axis',(0.,-1.,0.));
#3059=DIRECTION('center_axis',(-1.,0.,0.));
#3060=DIRECTION('ref_axis',(0.,0.,-1.));
#3061=DIRECTION('center_axis',(0.,0.,1.));
#3062=DIRECTION('ref_axis',(1.,0.,0.));
#3063=DIRECTION('center_axis',(-0.408248290463862,-0.816496580927726,0.408248290463864));
#3064=DIRECTION('ref_axis',(0.577350269189625,-0.577350269189624,-0.577350269189628));
#3065=DIRECTION('center_axis',(0.,0.,-1.));
#3066=DIRECTION('ref_axis',(0.,-1.,0.));
#3067=DIRECTION('center_axis',(0.,1.,0.));
#3068=DIRECTION('ref_axis',(-0.707106781186548,0.,-0.707106781186548));
#3069=DIRECTION('center_axis',(0.,1.,0.));
#3070=DIRECTION('ref_axis',(-1.,0.,0.));
#3071=DIRECTION('center_axis',(7.40148683083437E-16,-1.,0.));
#3072=DIRECTION('ref_axis',(0.,0.,-1.));
#3073=DIRECTION('center_axis',(0.408248290463861,-0.816496580927726,0.408248290463864));
#3074=DIRECTION('ref_axis',(-0.577350269189626,-0.577350269189625,-0.577350269189627));
#3075=DIRECTION('center_axis',(0.408248290463861,-0.816496580927726,-0.408248290463864));
#3076=DIRECTION('ref_axis',(0.577350269189626,0.577350269189625,-0.577350269189627));
#3077=DIRECTION('center_axis',(0.,0.,-1.));
#3078=DIRECTION('ref_axis',(1.,0.,0.));
#3079=DIRECTION('center_axis',(1.,0.,0.));
#3080=DIRECTION('ref_axis',(0.,0.707106781186547,-0.707106781186548));
#3081=DIRECTION('center_axis',(-1.,0.,0.));
#3082=DIRECTION('ref_axis',(0.,1.,0.));
#3083=DIRECTION('center_axis',(-1.,0.,0.));
#3084=DIRECTION('ref_axis',(0.,0.,-1.));
#3085=DIRECTION('center_axis',(-0.408248290463863,-0.816496580927726,-0.408248290463864));
#3086=DIRECTION('ref_axis',(-0.577350269189625,0.577350269189625,-0.577350269189627));
#3087=DIRECTION('center_axis',(0.,0.,1.));
#3088=DIRECTION('ref_axis',(1.,0.,0.));
#3089=DIRECTION('center_axis',(0.,0.,1.));
#3090=DIRECTION('ref_axis',(0.,-1.,0.));
#3091=DIRECTION('center_axis',(0.,1.,0.));
#3092=DIRECTION('ref_axis',(-0.707106781186547,0.,-0.707106781186548));
#3093=DIRECTION('center_axis',(0.,1.,0.));
#3094=DIRECTION('ref_axis',(-1.,0.,0.));
#3095=DIRECTION('center_axis',(0.,1.,0.));
#3096=DIRECTION('ref_axis',(0.,0.,-1.));
#3097=DIRECTION('center_axis',(0.,0.,1.));
#3098=DIRECTION('ref_axis',(1.,0.,0.));
#3099=DIRECTION('center_axis',(0.408248290463862,-0.816496580927726,-0.408248290463864));
#3100=DIRECTION('ref_axis',(0.577350269189625,0.577350269189625,-0.577350269189627));
#3101=DIRECTION('center_axis',(0.,0.,-1.));
#3102=DIRECTION('ref_axis',(1.,0.,0.));
#3103=DIRECTION('center_axis',(0.,0.,-1.));
#3104=DIRECTION('ref_axis',(-0.707106781186547,0.707106781186548,0.));
#3105=DIRECTION('',(0.,0.,-1.));
#3106=DIRECTION('center_axis',(0.,0.,-1.));
#3107=DIRECTION('ref_axis',(0.,1.,0.));
#3108=DIRECTION('center_axis',(-0.408248290463862,-0.816496580927726,-0.408248290463864));
#3109=DIRECTION('ref_axis',(-0.577350269189625,0.577350269189625,-0.577350269189627));
#3110=DIRECTION('center_axis',(0.,0.,-1.));
#3111=DIRECTION('ref_axis',(1.,0.,0.));
#3112=DIRECTION('',(0.,0.,1.));
#3113=DIRECTION('center_axis',(0.,0.,-1.));
#3114=DIRECTION('ref_axis',(-0.707106781186547,0.707106781186548,0.));
#3115=DIRECTION('',(0.,0.,1.));
#3116=DIRECTION('center_axis',(0.,-1.,0.));
#3117=DIRECTION('ref_axis',(-1.,0.,0.));
#3118=DIRECTION('',(0.,0.,-1.));
#3119=DIRECTION('center_axis',(0.,0.,-1.));
#3120=DIRECTION('ref_axis',(0.707106781186549,-0.707106781186546,0.));
#3121=DIRECTION('',(0.,0.,1.));
#3122=DIRECTION('center_axis',(1.,0.,0.));
#3123=DIRECTION('ref_axis',(0.,-1.,0.));
#3124=DIRECTION('',(0.,0.,-1.));
#3125=DIRECTION('center_axis',(0.,0.,-1.));
#3126=DIRECTION('ref_axis',(0.707106781186549,0.707106781186546,0.));
#3127=DIRECTION('',(0.,0.,1.));
#3128=DIRECTION('center_axis',(0.,1.,0.));
#3129=DIRECTION('ref_axis',(1.,0.,0.));
#3130=DIRECTION('',(0.,0.,-1.));
#3131=DIRECTION('center_axis',(0.,0.,-1.));
#3132=DIRECTION('ref_axis',(-0.707106781186547,-0.707106781186548,0.));
#3133=DIRECTION('',(0.,0.,1.));
#3134=DIRECTION('center_axis',(1.,0.,0.));
#3135=DIRECTION('ref_axis',(0.,-1.,0.));
#3136=DIRECTION('',(0.,0.,-1.));
#3137=DIRECTION('center_axis',(0.,0.,-1.));
#3138=DIRECTION('ref_axis',(0.707106781186547,0.707106781186548,0.));
#3139=DIRECTION('',(0.,0.,1.));
#3140=DIRECTION('center_axis',(0.,1.,0.));
#3141=DIRECTION('ref_axis',(1.,0.,0.));
#3142=CARTESIAN_POINT('',(0.,0.,0.));
#3143=CARTESIAN_POINT('Origin',(0.,0.,-112.));
#3144=CARTESIAN_POINT('',(-4.,-4.89858719658941E-16,-112.));
#3145=CARTESIAN_POINT('Origin',(0.,0.,-112.));
#3146=CARTESIAN_POINT('Origin',(0.,-3.50000005215406,5.));
#3147=CARTESIAN_POINT('',(-2.64575126037561,-3.00000012417634,5.));
#3148=CARTESIAN_POINT('',(2.64575126037561,-3.00000012417634,5.));
#3149=CARTESIAN_POINT('',(-1.3228756301878,-3.00000004470348,5.));
#3150=CARTESIAN_POINT('Origin',(0.,0.,5.));
#3151=CARTESIAN_POINT('Origin',(-2.6457512603756,-3.00000004470348,21.));
#3152=CARTESIAN_POINT('',(2.64575126037561,-3.00000004470348,21.));
#3153=CARTESIAN_POINT('',(2.6457512603756,-3.00000004470348,0.));
#3154=CARTESIAN_POINT('',(-2.6457512603756,-3.00000004470348,21.));
#3155=CARTESIAN_POINT('',(-1.3228756301878,-3.00000004470348,21.));
#3156=CARTESIAN_POINT('',(-2.6457512603756,-3.00000004470348,0.));
#3157=CARTESIAN_POINT('Origin',(0.,0.,0.));
#3158=CARTESIAN_POINT('',(-4.,-4.89858719658941E-16,21.));
#3159=CARTESIAN_POINT('Origin',(0.,0.,21.));
#3160=CARTESIAN_POINT('',(-4.,-4.89858719658941E-16,0.));
#3161=CARTESIAN_POINT('Origin',(0.,0.,21.));
#3162=CARTESIAN_POINT('Origin',(0.,0.,21.));
#3163=CARTESIAN_POINT('Origin',(0.,0.,-12.));
#3164=CARTESIAN_POINT('',(15.23634023015,-28.5,-12.));
#3165=CARTESIAN_POINT('',(18.23634023015,-25.5,-12.));
#3166=CARTESIAN_POINT('Origin',(15.23634023015,-25.5,-12.));
#3167=CARTESIAN_POINT('',(18.23634023015,-21.0116660007842,-12.));
#3168=CARTESIAN_POINT('',(18.23634023015,-9.00583300039212,-12.));
#3169=CARTESIAN_POINT('',(21.23634023015,-18.0116660007842,-12.));
#3170=CARTESIAN_POINT('Origin',(21.23634023015,-21.0116660007842,-12.));
#3171=CARTESIAN_POINT('',(25.5,-18.0116660007842,-12.));
#3172=CARTESIAN_POINT('',(14.25,-18.0116660007842,-12.));
#3173=CARTESIAN_POINT('',(28.5,-15.0116660007842,-12.));
#3174=CARTESIAN_POINT('Origin',(25.5,-15.0116660007842,-12.));
#3175=CARTESIAN_POINT('',(28.5,15.1065697466634,-12.));
#3176=CARTESIAN_POINT('',(28.5,14.25,-12.));
#3177=CARTESIAN_POINT('',(25.5,18.1065697466634,-12.));
#3178=CARTESIAN_POINT('Origin',(25.5,15.1065697466634,-12.));
#3179=CARTESIAN_POINT('',(21.23634023015,18.1065697466634,-12.));
#3180=CARTESIAN_POINT('',(9.118170115075,18.1065697466634,-12.));
#3181=CARTESIAN_POINT('',(18.23634023015,21.1065697466634,-12.));
#3182=CARTESIAN_POINT('Origin',(21.23634023015,21.1065697466634,-12.));
#3183=CARTESIAN_POINT('',(18.23634023015,25.5,-12.));
#3184=CARTESIAN_POINT('',(18.23634023015,14.25,-12.));
#3185=CARTESIAN_POINT('',(15.23634023015,28.5,-12.));
#3186=CARTESIAN_POINT('Origin',(15.23634023015,25.5,-12.));
#3187=CARTESIAN_POINT('',(-15.2215262574585,28.5,-12.));
#3188=CARTESIAN_POINT('',(-14.25,28.5,-12.));
#3189=CARTESIAN_POINT('',(-18.2215262574585,25.5,-12.));
#3190=CARTESIAN_POINT('Origin',(-15.2215262574585,25.5,-12.));
#3191=CARTESIAN_POINT('',(-18.2215262574585,21.2501542532284,-12.));
#3192=CARTESIAN_POINT('',(-18.2215262574585,9.12507712661418,-12.));
#3193=CARTESIAN_POINT('',(-21.2215262574585,18.2501542532284,-12.));
#3194=CARTESIAN_POINT('Origin',(-21.2215262574585,21.2501542532284,-12.));
#3195=CARTESIAN_POINT('',(-25.5,18.2501542532284,-12.));
#3196=CARTESIAN_POINT('',(-14.25,18.2501542532284,-12.));
#3197=CARTESIAN_POINT('',(-28.5,15.2501542532283,-12.));
#3198=CARTESIAN_POINT('Origin',(-25.5,15.2501542532283,-12.));
#3199=CARTESIAN_POINT('',(-28.5,-15.1814813708647,-12.));
#3200=CARTESIAN_POINT('',(-28.5,-14.25,-12.));
#3201=CARTESIAN_POINT('',(-25.5,-18.1814813708647,-12.));
#3202=CARTESIAN_POINT('Origin',(-25.5,-15.1814813708647,-12.));
#3203=CARTESIAN_POINT('',(-21.0517108873781,-18.1814813708647,-12.));
#3204=CARTESIAN_POINT('',(-9.02585544368904,-18.1814813708647,-12.));
#3205=CARTESIAN_POINT('',(-18.0517108873781,-21.1814813708647,-12.));
#3206=CARTESIAN_POINT('Origin',(-21.0517108873781,-21.1814813708647,-12.));
#3207=CARTESIAN_POINT('',(-18.0517108873781,-25.5,-12.));
#3208=CARTESIAN_POINT('',(-18.0517108873781,-14.25,-12.));
#3209=CARTESIAN_POINT('',(-15.0517108873781,-28.5,-12.));
#3210=CARTESIAN_POINT('Origin',(-15.0517108873781,-25.5,-12.));
#3211=CARTESIAN_POINT('',(14.25,-28.5,-12.));
#3212=CARTESIAN_POINT('',(-4.,4.89858719658941E-16,-12.));
#3213=CARTESIAN_POINT('Origin',(0.,0.,-12.));
#3214=CARTESIAN_POINT('Origin',(18.23634023015,-18.0116660007842,-5.));
#3215=CARTESIAN_POINT('',(18.23634023015,-21.0116660007842,-97.));
#3216=CARTESIAN_POINT('',(18.23634023015,-25.5,-97.));
#3217=CARTESIAN_POINT('',(18.23634023015,-9.00583300039212,-97.));
#3218=CARTESIAN_POINT('',(18.23634023015,-21.0116660007842,-5.));
#3219=CARTESIAN_POINT('',(18.23634023015,-25.5,-2.5));
#3220=CARTESIAN_POINT('Origin',(15.23634023015,-25.5,-2.5));
#3221=CARTESIAN_POINT('',(15.23634023015,-28.5,-97.));
#3222=CARTESIAN_POINT('Origin',(15.23634023015,-25.5,-97.));
#3223=CARTESIAN_POINT('',(15.23634023015,-28.5,-2.5));
#3224=CARTESIAN_POINT('Origin',(-21.2215262574585,21.2501542532284,-5.));
#3225=CARTESIAN_POINT('',(-21.2215262574585,18.2501542532284,-97.));
#3226=CARTESIAN_POINT('',(-18.2215262574585,21.2501542532284,-97.));
#3227=CARTESIAN_POINT('Origin',(-21.2215262574585,21.2501542532284,-97.));
#3228=CARTESIAN_POINT('',(-21.2215262574585,18.2501542532284,-5.));
#3229=CARTESIAN_POINT('',(-18.2215262574585,21.2501542532284,-5.));
#3230=CARTESIAN_POINT('Origin',(-25.5,15.2501542532283,-2.5));
#3231=CARTESIAN_POINT('',(-28.5,15.2501542532283,-97.));
#3232=CARTESIAN_POINT('',(-25.5,18.2501542532284,-97.));
#3233=CARTESIAN_POINT('Origin',(-25.5,15.2501542532283,-97.));
#3234=CARTESIAN_POINT('',(-28.5,15.2501542532283,-2.5));
#3235=CARTESIAN_POINT('',(-25.5,18.2501542532284,-2.5));
#3236=CARTESIAN_POINT('Origin',(-25.5,-15.1814813708647,-2.5));
#3237=CARTESIAN_POINT('',(-25.5,-18.1814813708647,-97.));
#3238=CARTESIAN_POINT('',(-28.5,-15.1814813708647,-97.));
#3239=CARTESIAN_POINT('Origin',(-25.5,-15.1814813708647,-97.));
#3240=CARTESIAN_POINT('',(-25.5,-18.1814813708647,-2.5));
#3241=CARTESIAN_POINT('',(-28.5,-15.1814813708647,-2.5));
#3242=CARTESIAN_POINT('Origin',(-21.0517108873781,-21.1814813708647,-5.));
#3243=CARTESIAN_POINT('',(-18.0517108873781,-21.1814813708647,-97.));
#3244=CARTESIAN_POINT('',(-21.0517108873781,-18.1814813708647,-97.));
#3245=CARTESIAN_POINT('Origin',(-21.0517108873781,-21.1814813708647,-97.));
#3246=CARTESIAN_POINT('',(-18.0517108873781,-21.1814813708647,-5.));
#3247=CARTESIAN_POINT('',(-21.0517108873781,-18.1814813708647,-5.));
#3248=CARTESIAN_POINT('Origin',(-15.0517108873781,-25.5,-2.5));
#3249=CARTESIAN_POINT('',(-15.0517108873781,-28.5,-97.));
#3250=CARTESIAN_POINT('',(-18.0517108873781,-25.5,-97.));
#3251=CARTESIAN_POINT('Origin',(-15.0517108873781,-25.5,-97.));
#3252=CARTESIAN_POINT('',(-15.0517108873781,-28.5,-2.5));
#3253=CARTESIAN_POINT('',(-18.0517108873781,-25.5,-2.5));
#3254=CARTESIAN_POINT('Origin',(-28.5,18.2501542532284,-5.));
#3255=CARTESIAN_POINT('',(-14.25,18.2501542532284,-97.));
#3256=CARTESIAN_POINT('Origin',(-28.5,-28.5,0.));
#3257=CARTESIAN_POINT('',(-28.5,-14.25,-97.));
#3258=CARTESIAN_POINT('Origin',(-18.0517108873781,-18.1814813708647,-5.));
#3259=CARTESIAN_POINT('',(-9.02585544368904,-18.1814813708647,-97.));
#3260=CARTESIAN_POINT('Origin',(-18.0517108873781,-28.5,-5.));
#3261=CARTESIAN_POINT('',(-18.0517108873781,-14.25,-97.));
#3262=CARTESIAN_POINT('Origin',(28.5,-28.5,0.));
#3263=CARTESIAN_POINT('',(14.25,-28.5,-97.));
#3264=CARTESIAN_POINT('Origin',(0.,0.,0.));
#3265=CARTESIAN_POINT('',(-4.,-4.89858719658941E-16,-97.));
#3266=CARTESIAN_POINT('Origin',(0.,0.,-97.));
#3267=CARTESIAN_POINT('',(-4.,4.89858719658941E-16,0.));
#3268=CARTESIAN_POINT('Origin',(-18.2215262574585,18.2501542532284,-5.));
#3269=CARTESIAN_POINT('',(-18.2215262574585,25.5,-97.));
#3270=CARTESIAN_POINT('',(-18.2215262574585,9.12507712661418,-97.));
#3271=CARTESIAN_POINT('',(-18.2215262574585,25.5,-2.5));
#3272=CARTESIAN_POINT('Origin',(-15.2215262574585,25.5,-2.5));
#3273=CARTESIAN_POINT('',(-15.2215262574585,28.5,-97.));
#3274=CARTESIAN_POINT('Origin',(-15.2215262574585,25.5,-97.));
#3275=CARTESIAN_POINT('',(-15.2215262574585,28.5,-2.5));
#3276=CARTESIAN_POINT('Origin',(-28.5,28.5,0.));
#3277=CARTESIAN_POINT('',(15.23634023015,28.5,-97.));
#3278=CARTESIAN_POINT('',(-14.25,28.5,-97.));
#3279=CARTESIAN_POINT('',(15.23634023015,28.5,-2.5));
#3280=CARTESIAN_POINT('Origin',(15.23634023015,25.5,-2.5));
#3281=CARTESIAN_POINT('',(18.23634023015,25.5,-97.));
#3282=CARTESIAN_POINT('Origin',(15.23634023015,25.5,-97.));
#3283=CARTESIAN_POINT('',(18.23634023015,25.5,-2.5));
#3284=CARTESIAN_POINT('Origin',(18.23634023015,28.5,-5.));
#3285=CARTESIAN_POINT('',(18.23634023015,21.1065697466634,-97.));
#3286=CARTESIAN_POINT('',(18.23634023015,14.25,-97.));
#3287=CARTESIAN_POINT('',(18.23634023015,21.1065697466634,-5.));
#3288=CARTESIAN_POINT('Origin',(21.23634023015,21.1065697466634,-5.));
#3289=CARTESIAN_POINT('',(21.23634023015,18.1065697466634,-97.));
#3290=CARTESIAN_POINT('Origin',(21.23634023015,21.1065697466634,-97.));
#3291=CARTESIAN_POINT('',(21.23634023015,18.1065697466634,-5.));
#3292=CARTESIAN_POINT('Origin',(18.23634023015,18.1065697466634,-5.));
#3293=CARTESIAN_POINT('',(25.5,18.1065697466634,-97.));
#3294=CARTESIAN_POINT('',(9.118170115075,18.1065697466634,-97.));
#3295=CARTESIAN_POINT('',(25.5,18.1065697466634,-2.5));
#3296=CARTESIAN_POINT('Origin',(25.5,15.1065697466634,-2.5));
#3297=CARTESIAN_POINT('',(28.5,15.1065697466634,-97.));
#3298=CARTESIAN_POINT('Origin',(25.5,15.1065697466634,-97.));
#3299=CARTESIAN_POINT('',(28.5,15.1065697466634,-2.5));
#3300=CARTESIAN_POINT('Origin',(28.5,28.5,0.));
#3301=CARTESIAN_POINT('',(28.5,-15.0116660007842,-97.));
#3302=CARTESIAN_POINT('',(28.5,14.25,-97.));
#3303=CARTESIAN_POINT('',(28.5,-15.0116660007842,-2.5));
#3304=CARTESIAN_POINT('Origin',(25.5,-15.0116660007842,-2.5));
#3305=CARTESIAN_POINT('',(25.5,-18.0116660007842,-97.));
#3306=CARTESIAN_POINT('Origin',(25.5,-15.0116660007842,-97.));
#3307=CARTESIAN_POINT('',(25.5,-18.0116660007842,-2.5));
#3308=CARTESIAN_POINT('Origin',(28.5,-18.0116660007842,-5.));
#3309=CARTESIAN_POINT('',(21.23634023015,-18.0116660007842,-97.));
#3310=CARTESIAN_POINT('',(14.25,-18.0116660007842,-97.));
#3311=CARTESIAN_POINT('',(21.23634023015,-18.0116660007842,-5.));
#3312=CARTESIAN_POINT('Origin',(21.23634023015,-21.0116660007842,-5.));
#3313=CARTESIAN_POINT('Origin',(21.23634023015,-21.0116660007842,-97.));
#3314=CARTESIAN_POINT('Origin',(0.,0.,-97.));
#3315=CARTESIAN_POINT('Origin',(0.,0.,-12.));
#3316=CARTESIAN_POINT('',(15.23634023015,-28.5,-12.));
#3317=CARTESIAN_POINT('',(18.23634023015,-25.5,-12.));
#3318=CARTESIAN_POINT('Origin',(15.23634023015,-25.5,-12.));
#3319=CARTESIAN_POINT('',(-15.0517108873781,-28.5,-12.));
#3320=CARTESIAN_POINT('',(14.25,-28.5,-12.));
#3321=CARTESIAN_POINT('',(-18.0517108873781,-25.5,-12.));
#3322=CARTESIAN_POINT('Origin',(-15.0517108873781,-25.5,-12.));
#3323=CARTESIAN_POINT('',(-18.0517108873781,-21.1814813708647,-12.));
#3324=CARTESIAN_POINT('',(-18.0517108873781,-14.25,-12.));
#3325=CARTESIAN_POINT('',(-21.0517108873781,-18.1814813708647,-12.));
#3326=CARTESIAN_POINT('Origin',(-21.0517108873781,-21.1814813708647,-12.));
#3327=CARTESIAN_POINT('',(-25.5,-18.1814813708647,-12.));
#3328=CARTESIAN_POINT('',(-9.02585544368904,-18.1814813708647,-12.));
#3329=CARTESIAN_POINT('',(-28.5,-15.1814813708647,-12.));
#3330=CARTESIAN_POINT('Origin',(-25.5,-15.1814813708647,-12.));
#3331=CARTESIAN_POINT('',(-28.5,15.2501542532283,-12.));
#3332=CARTESIAN_POINT('',(-28.5,-14.25,-12.));
#3333=CARTESIAN_POINT('',(-25.5,18.2501542532284,-12.));
#3334=CARTESIAN_POINT('Origin',(-25.5,15.2501542532283,-12.));
#3335=CARTESIAN_POINT('',(-21.2215262574585,18.2501542532284,-12.));
#3336=CARTESIAN_POINT('',(-14.25,18.2501542532284,-12.));
#3337=CARTESIAN_POINT('',(-18.2215262574585,21.2501542532284,-12.));
#3338=CARTESIAN_POINT('Origin',(-21.2215262574585,21.2501542532284,-12.));
#3339=CARTESIAN_POINT('',(-18.2215262574585,25.5,-12.));
#3340=CARTESIAN_POINT('',(-18.2215262574585,9.12507712661418,-12.));
#3341=CARTESIAN_POINT('',(-15.2215262574585,28.5,-12.));
#3342=CARTESIAN_POINT('Origin',(-15.2215262574585,25.5,-12.));
#3343=CARTESIAN_POINT('',(15.23634023015,28.5,-12.));
#3344=CARTESIAN_POINT('',(-14.25,28.5,-12.));
#3345=CARTESIAN_POINT('',(18.23634023015,25.5,-12.));
#3346=CARTESIAN_POINT('Origin',(15.23634023015,25.5,-12.));
#3347=CARTESIAN_POINT('',(18.23634023015,21.1065697466634,-12.));
#3348=CARTESIAN_POINT('',(18.23634023015,14.25,-12.));
#3349=CARTESIAN_POINT('',(21.23634023015,18.1065697466634,-12.));
#3350=CARTESIAN_POINT('Origin',(21.23634023015,21.1065697466634,-12.));
#3351=CARTESIAN_POINT('',(25.5,18.1065697466634,-12.));
#3352=CARTESIAN_POINT('',(9.118170115075,18.1065697466634,-12.));
#3353=CARTESIAN_POINT('',(28.5,15.1065697466634,-12.));
#3354=CARTESIAN_POINT('Origin',(25.5,15.1065697466634,-12.));
#3355=CARTESIAN_POINT('',(28.5,-15.0116660007842,-12.));
#3356=CARTESIAN_POINT('',(28.5,14.25,-12.));
#3357=CARTESIAN_POINT('',(25.5,-18.0116660007842,-12.));
#3358=CARTESIAN_POINT('Origin',(25.5,-15.0116660007842,-12.));
#3359=CARTESIAN_POINT('',(21.23634023015,-18.0116660007842,-12.));
#3360=CARTESIAN_POINT('',(14.25,-18.0116660007842,-12.));
#3361=CARTESIAN_POINT('',(18.23634023015,-21.0116660007842,-12.));
#3362=CARTESIAN_POINT('Origin',(21.23634023015,-21.0116660007842,-12.));
#3363=CARTESIAN_POINT('',(18.23634023015,-9.00583300039212,-12.));
#3364=CARTESIAN_POINT('',(-4.,4.89858719658941E-16,-12.));
#3365=CARTESIAN_POINT('Origin',(0.,0.,-12.));
#3366=CARTESIAN_POINT('Origin',(-15.2215262574585,25.5,-2.5));
#3367=CARTESIAN_POINT('',(-18.2215262574585,25.5,-5.));
#3368=CARTESIAN_POINT('',(-18.2215262574585,25.5,-2.5));
#3369=CARTESIAN_POINT('',(-15.2215262574585,28.5,-5.));
#3370=CARTESIAN_POINT('Origin',(-15.2215262574585,25.5,-5.));
#3371=CARTESIAN_POINT('',(-15.2215262574585,28.5,-2.5));
#3372=CARTESIAN_POINT('Origin',(-18.2215262574585,18.2501542532284,-5.));
#3373=CARTESIAN_POINT('',(-18.2215262574585,21.2501542532284,-5.));
#3374=CARTESIAN_POINT('',(-18.2215262574585,21.2501542532284,-5.));
#3375=CARTESIAN_POINT('',(-18.2215262574585,9.12507712661418,-5.));
#3376=CARTESIAN_POINT('Origin',(-21.2215262574585,21.2501542532284,-5.));
#3377=CARTESIAN_POINT('',(-21.2215262574585,18.2501542532284,-5.));
#3378=CARTESIAN_POINT('',(-21.2215262574585,18.2501542532284,-5.));
#3379=CARTESIAN_POINT('Origin',(-21.2215262574585,21.2501542532284,-5.));
#3380=CARTESIAN_POINT('Origin',(-28.5,18.2501542532284,-5.));
#3381=CARTESIAN_POINT('',(-25.5,18.2501542532284,-5.));
#3382=CARTESIAN_POINT('',(-25.5,18.2501542532284,-2.5));
#3383=CARTESIAN_POINT('',(-14.25,18.2501542532284,-5.));
#3384=CARTESIAN_POINT('Origin',(-25.5,15.2501542532283,-2.5));
#3385=CARTESIAN_POINT('',(-28.5,15.2501542532283,-5.));
#3386=CARTESIAN_POINT('',(-28.5,15.2501542532283,-2.5));
#3387=CARTESIAN_POINT('Origin',(-25.5,15.2501542532283,-5.));
#3388=CARTESIAN_POINT('Origin',(-28.5,-28.5,0.));
#3389=CARTESIAN_POINT('',(-28.5,-15.1814813708647,-5.));
#3390=CARTESIAN_POINT('',(-28.5,-15.1814813708647,-2.5));
#3391=CARTESIAN_POINT('',(-28.5,-25.,-5.));
#3392=CARTESIAN_POINT('',(-28.5,-28.5,-5.));
#3393=CARTESIAN_POINT('',(-28.5,-25.,0.));
#3394=CARTESIAN_POINT('',(-28.5,-25.,0.));
#3395=CARTESIAN_POINT('',(-28.5,25.,0.));
#3396=CARTESIAN_POINT('',(-28.5,-28.5,0.));
#3397=CARTESIAN_POINT('',(-28.5,25.,-5.));
#3398=CARTESIAN_POINT('',(-28.5,25.,0.));
#3399=CARTESIAN_POINT('',(-28.5,-28.5,-5.));
#3400=CARTESIAN_POINT('Origin',(-25.5,-15.1814813708647,-2.5));
#3401=CARTESIAN_POINT('',(-25.5,-18.1814813708647,-5.));
#3402=CARTESIAN_POINT('',(-25.5,-18.1814813708647,-2.5));
#3403=CARTESIAN_POINT('Origin',(-25.5,-15.1814813708647,-5.));
#3404=CARTESIAN_POINT('Origin',(-18.0517108873781,-18.1814813708647,-5.));
#3405=CARTESIAN_POINT('',(-21.0517108873781,-18.1814813708647,-5.));
#3406=CARTESIAN_POINT('',(-21.0517108873781,-18.1814813708647,-5.));
#3407=CARTESIAN_POINT('',(-9.02585544368904,-18.1814813708647,-5.));
#3408=CARTESIAN_POINT('Origin',(-21.0517108873781,-21.1814813708647,-5.));
#3409=CARTESIAN_POINT('',(-18.0517108873781,-21.1814813708647,-5.));
#3410=CARTESIAN_POINT('',(-18.0517108873781,-21.1814813708647,-5.));
#3411=CARTESIAN_POINT('Origin',(-21.0517108873781,-21.1814813708647,-5.));
#3412=CARTESIAN_POINT('Origin',(-18.0517108873781,-28.5,-5.));
#3413=CARTESIAN_POINT('',(-18.0517108873781,-25.5,-5.));
#3414=CARTESIAN_POINT('',(-18.0517108873781,-25.5,-2.5));
#3415=CARTESIAN_POINT('',(-18.0517108873781,-14.25,-5.));
#3416=CARTESIAN_POINT('Origin',(-15.0517108873781,-25.5,-2.5));
#3417=CARTESIAN_POINT('',(-15.0517108873781,-28.5,-5.));
#3418=CARTESIAN_POINT('',(-15.0517108873781,-28.5,-2.5));
#3419=CARTESIAN_POINT('Origin',(-15.0517108873781,-25.5,-5.));
#3420=CARTESIAN_POINT('Origin',(28.5,-28.5,0.));
#3421=CARTESIAN_POINT('',(15.23634023015,-28.5,-5.));
#3422=CARTESIAN_POINT('',(15.23634023015,-28.5,-2.5));
#3423=CARTESIAN_POINT('',(25.,-28.5,-5.));
#3424=CARTESIAN_POINT('',(28.5,-28.5,-5.));
#3425=CARTESIAN_POINT('',(25.,-28.5,0.));
#3426=CARTESIAN_POINT('',(25.,-28.5,0.));
#3427=CARTESIAN_POINT('',(-25.,-28.5,0.));
#3428=CARTESIAN_POINT('',(28.5,-28.5,0.));
#3429=CARTESIAN_POINT('',(-25.,-28.5,-5.));
#3430=CARTESIAN_POINT('',(-25.,-28.5,0.));
#3431=CARTESIAN_POINT('',(28.5,-28.5,-5.));
#3432=CARTESIAN_POINT('Origin',(15.23634023015,25.5,-2.5));
#3433=CARTESIAN_POINT('',(15.23634023015,28.5,-5.));
#3434=CARTESIAN_POINT('',(15.23634023015,28.5,-2.5));
#3435=CARTESIAN_POINT('',(18.23634023015,25.5,-5.));
#3436=CARTESIAN_POINT('Origin',(15.23634023015,25.5,-5.));
#3437=CARTESIAN_POINT('',(18.23634023015,25.5,-2.5));
#3438=CARTESIAN_POINT('Origin',(21.23634023015,21.1065697466634,-5.));
#3439=CARTESIAN_POINT('',(18.23634023015,21.1065697466634,-5.));
#3440=CARTESIAN_POINT('',(18.23634023015,21.1065697466634,-5.));
#3441=CARTESIAN_POINT('',(21.23634023015,18.1065697466634,-5.));
#3442=CARTESIAN_POINT('Origin',(21.23634023015,21.1065697466634,-5.));
#3443=CARTESIAN_POINT('',(21.23634023015,18.1065697466634,-5.));
#3444=CARTESIAN_POINT('Origin',(25.5,15.1065697466634,-2.5));
#3445=CARTESIAN_POINT('',(25.5,18.1065697466634,-5.));
#3446=CARTESIAN_POINT('',(25.5,18.1065697466634,-2.5));
#3447=CARTESIAN_POINT('',(28.5,15.1065697466634,-5.));
#3448=CARTESIAN_POINT('Origin',(25.5,15.1065697466634,-5.));
#3449=CARTESIAN_POINT('',(28.5,15.1065697466634,-2.5));
#3450=CARTESIAN_POINT('Origin',(25.5,-15.0116660007842,-2.5));
#3451=CARTESIAN_POINT('',(28.5,-15.0116660007842,-5.));
#3452=CARTESIAN_POINT('',(28.5,-15.0116660007842,-2.5));
#3453=CARTESIAN_POINT('',(25.5,-18.0116660007842,-5.));
#3454=CARTESIAN_POINT('Origin',(25.5,-15.0116660007842,-5.));
#3455=CARTESIAN_POINT('',(25.5,-18.0116660007842,-2.5));
#3456=CARTESIAN_POINT('Origin',(21.23634023015,-21.0116660007842,-5.));
#3457=CARTESIAN_POINT('',(21.23634023015,-18.0116660007842,-5.));
#3458=CARTESIAN_POINT('',(21.23634023015,-18.0116660007842,-5.));
#3459=CARTESIAN_POINT('',(18.23634023015,-21.0116660007842,-5.));
#3460=CARTESIAN_POINT('Origin',(21.23634023015,-21.0116660007842,-5.));
#3461=CARTESIAN_POINT('',(18.23634023015,-21.0116660007842,-5.));
#3462=CARTESIAN_POINT('Origin',(15.23634023015,-25.5,-2.5));
#3463=CARTESIAN_POINT('',(18.23634023015,-25.5,-5.));
#3464=CARTESIAN_POINT('',(18.23634023015,-25.5,-2.5));
#3465=CARTESIAN_POINT('Origin',(15.23634023015,-25.5,-5.));
#3466=CARTESIAN_POINT('Origin',(0.,0.,-5.));
#3467=CARTESIAN_POINT('',(-25.,28.5,-5.));
#3468=CARTESIAN_POINT('Origin',(-25.,25.,-5.));
#3469=CARTESIAN_POINT('',(-28.5,28.5,-5.));
#3470=CARTESIAN_POINT('',(-26.12,23.57,-5.));
#3471=CARTESIAN_POINT('Origin',(-23.57,23.57,-5.));
#3472=CARTESIAN_POINT('Origin',(0.,0.,-5.));
#3473=CARTESIAN_POINT('Origin',(-25.,-25.,-5.));
#3474=CARTESIAN_POINT('',(-26.12,-23.57,-5.));
#3475=CARTESIAN_POINT('Origin',(-23.57,-23.57,-5.));
#3476=CARTESIAN_POINT('Origin',(18.23634023015,-18.0116660007842,-5.));
#3477=CARTESIAN_POINT('',(18.23634023015,-9.00583300039212,-5.));
#3478=CARTESIAN_POINT('Origin',(28.5,-18.0116660007842,-5.));
#3479=CARTESIAN_POINT('',(14.25,-18.0116660007842,-5.));
#3480=CARTESIAN_POINT('Origin',(18.23634023015,18.1065697466634,-5.));
#3481=CARTESIAN_POINT('',(9.118170115075,18.1065697466634,-5.));
#3482=CARTESIAN_POINT('Origin',(18.23634023015,28.5,-5.));
#3483=CARTESIAN_POINT('',(18.23634023015,14.25,-5.));
#3484=CARTESIAN_POINT('Origin',(0.,0.,-5.));
#3485=CARTESIAN_POINT('',(28.5,-25.,-5.));
#3486=CARTESIAN_POINT('',(28.5,28.5,-5.));
#3487=CARTESIAN_POINT('Origin',(25.,-25.,-5.));
#3488=CARTESIAN_POINT('',(21.02,-23.57,-5.));
#3489=CARTESIAN_POINT('Origin',(23.57,-23.57,-5.));
#3490=CARTESIAN_POINT('Origin',(0.,0.,-5.));
#3491=CARTESIAN_POINT('',(25.,28.5,-5.));
#3492=CARTESIAN_POINT('',(-28.5,28.5,-5.));
#3493=CARTESIAN_POINT('',(28.5,25.,-5.));
#3494=CARTESIAN_POINT('Origin',(25.,25.,-5.));
#3495=CARTESIAN_POINT('',(28.5,28.5,-5.));
#3496=CARTESIAN_POINT('',(21.02,23.57,-5.));
#3497=CARTESIAN_POINT('Origin',(23.57,23.57,-5.));
#3498=CARTESIAN_POINT('Origin',(0.,0.,0.));
#3499=CARTESIAN_POINT('',(-19.05,-2.33295215237571E-15,1.6));
#3500=CARTESIAN_POINT('Origin',(0.,0.,1.6));
#3501=CARTESIAN_POINT('',(-19.05,-2.33295215237571E-15,0.));
#3502=CARTESIAN_POINT('',(-19.05,-2.33295215237571E-15,0.));
#3503=CARTESIAN_POINT('Origin',(0.,0.,0.));
#3504=CARTESIAN_POINT('Origin',(0.,0.,1.6));
#3505=CARTESIAN_POINT('',(-4.,4.89858719658941E-16,1.6));
#3506=CARTESIAN_POINT('Origin',(0.,0.,1.6));
#3507=CARTESIAN_POINT('Origin',(25.,-25.,0.));
#3508=CARTESIAN_POINT('',(28.5,-25.,0.));
#3509=CARTESIAN_POINT('',(28.5,-25.,0.));
#3510=CARTESIAN_POINT('Origin',(25.,-25.,0.));
#3511=CARTESIAN_POINT('Origin',(0.,0.,0.));
#3512=CARTESIAN_POINT('',(28.5,25.,0.));
#3513=CARTESIAN_POINT('',(28.5,28.5,0.));
#3514=CARTESIAN_POINT('',(25.,28.5,0.));
#3515=CARTESIAN_POINT('Origin',(25.,25.,0.));
#3516=CARTESIAN_POINT('',(-25.,28.5,0.));
#3517=CARTESIAN_POINT('',(-28.5,28.5,0.));
#3518=CARTESIAN_POINT('Origin',(-25.,25.,0.));
#3519=CARTESIAN_POINT('Origin',(-25.,-25.,0.));
#3520=CARTESIAN_POINT('',(21.02,-23.57,0.));
#3521=CARTESIAN_POINT('Origin',(23.57,-23.57,0.));
#3522=CARTESIAN_POINT('',(-26.12,-23.57,0.));
#3523=CARTESIAN_POINT('Origin',(-23.57,-23.57,0.));
#3524=CARTESIAN_POINT('',(21.02,23.57,0.));
#3525=CARTESIAN_POINT('Origin',(23.57,23.57,0.));
#3526=CARTESIAN_POINT('',(-26.12,23.57,0.));
#3527=CARTESIAN_POINT('Origin',(-23.57,23.57,0.));
#3528=CARTESIAN_POINT('Origin',(25.,25.,0.));
#3529=CARTESIAN_POINT('',(25.,28.5,0.));
#3530=CARTESIAN_POINT('',(28.5,25.,0.));
#3531=CARTESIAN_POINT('Origin',(-28.5,28.5,0.));
#3532=CARTESIAN_POINT('',(-25.,28.5,0.));
#3533=CARTESIAN_POINT('Origin',(-25.,25.,0.));
#3534=CARTESIAN_POINT('Origin',(-25.,-25.,0.));
#3535=CARTESIAN_POINT('Origin',(-23.57,23.57,0.));
#3536=CARTESIAN_POINT('',(-26.12,23.57,0.));
#3537=CARTESIAN_POINT('Origin',(23.57,23.57,0.));
#3538=CARTESIAN_POINT('',(21.02,23.57,0.));
#3539=CARTESIAN_POINT('Origin',(-23.57,-23.57,0.));
#3540=CARTESIAN_POINT('',(-26.12,-23.57,0.));
#3541=CARTESIAN_POINT('Origin',(0.,0.,0.));
#3542=CARTESIAN_POINT('',(-4.,4.89858719658941E-16,0.));
#3543=CARTESIAN_POINT('Origin',(23.57,-23.57,0.));
#3544=CARTESIAN_POINT('',(21.02,-23.57,0.));
#3545=CARTESIAN_POINT('Origin',(28.5,28.5,0.));
#3546=CARTESIAN_POINT('Origin',(0.,0.,-97.));
#3547=CARTESIAN_POINT('',(-18.2215262574585,21.2501542532284,-97.));
#3548=CARTESIAN_POINT('',(-18.2215262574585,25.5,-97.));
#3549=CARTESIAN_POINT('',(-18.2215262574585,9.12507712661418,-97.));
#3550=CARTESIAN_POINT('',(-21.2215262574585,18.2501542532284,-97.));
#3551=CARTESIAN_POINT('Origin',(-21.2215262574585,21.2501542532284,-97.));
#3552=CARTESIAN_POINT('',(-25.5,18.2501542532284,-97.));
#3553=CARTESIAN_POINT('',(-14.25,18.2501542532284,-97.));
#3554=CARTESIAN_POINT('',(-28.5,15.2501542532283,-97.));
#3555=CARTESIAN_POINT('Origin',(-25.5,15.2501542532283,-97.));
#3556=CARTESIAN_POINT('',(-28.5,-15.1814813708647,-97.));
#3557=CARTESIAN_POINT('',(-28.5,-14.25,-97.));
#3558=CARTESIAN_POINT('',(-25.5,-18.1814813708647,-97.));
#3559=CARTESIAN_POINT('Origin',(-25.5,-15.1814813708647,-97.));
#3560=CARTESIAN_POINT('',(-21.0517108873781,-18.1814813708647,-97.));
#3561=CARTESIAN_POINT('',(-9.02585544368904,-18.1814813708647,-97.));
#3562=CARTESIAN_POINT('',(-18.0517108873781,-21.1814813708647,-97.));
#3563=CARTESIAN_POINT('Origin',(-21.0517108873781,-21.1814813708647,-97.));
#3564=CARTESIAN_POINT('',(-18.0517108873781,-25.5,-97.));
#3565=CARTESIAN_POINT('',(-18.0517108873781,-14.25,-97.));
#3566=CARTESIAN_POINT('',(-15.0517108873781,-28.5,-97.));
#3567=CARTESIAN_POINT('Origin',(-15.0517108873781,-25.5,-97.));
#3568=CARTESIAN_POINT('',(15.23634023015,-28.5,-97.));
#3569=CARTESIAN_POINT('',(14.25,-28.5,-97.));
#3570=CARTESIAN_POINT('',(18.23634023015,-25.5,-97.));
#3571=CARTESIAN_POINT('Origin',(15.23634023015,-25.5,-97.));
#3572=CARTESIAN_POINT('',(18.23634023015,-21.0116660007842,-97.));
#3573=CARTESIAN_POINT('',(18.23634023015,-9.00583300039212,-97.));
#3574=CARTESIAN_POINT('',(21.23634023015,-18.0116660007842,-97.));
#3575=CARTESIAN_POINT('Origin',(21.23634023015,-21.0116660007842,-97.));
#3576=CARTESIAN_POINT('',(25.5,-18.0116660007842,-97.));
#3577=CARTESIAN_POINT('',(14.25,-18.0116660007842,-97.));
#3578=CARTESIAN_POINT('',(28.5,-15.0116660007842,-97.));
#3579=CARTESIAN_POINT('Origin',(25.5,-15.0116660007842,-97.));
#3580=CARTESIAN_POINT('',(28.5,15.1065697466634,-97.));
#3581=CARTESIAN_POINT('',(28.5,14.25,-97.));
#3582=CARTESIAN_POINT('',(25.5,18.1065697466634,-97.));
#3583=CARTESIAN_POINT('Origin',(25.5,15.1065697466634,-97.));
#3584=CARTESIAN_POINT('',(21.23634023015,18.1065697466634,-97.));
#3585=CARTESIAN_POINT('',(9.118170115075,18.1065697466634,-97.));
#3586=CARTESIAN_POINT('',(18.23634023015,21.1065697466634,-97.));
#3587=CARTESIAN_POINT('Origin',(21.23634023015,21.1065697466634,-97.));
#3588=CARTESIAN_POINT('',(18.23634023015,25.5,-97.));
#3589=CARTESIAN_POINT('',(18.23634023015,14.25,-97.));
#3590=CARTESIAN_POINT('',(15.23634023015,28.5,-97.));
#3591=CARTESIAN_POINT('Origin',(15.23634023015,25.5,-97.));
#3592=CARTESIAN_POINT('',(-15.2215262574585,28.5,-97.));
#3593=CARTESIAN_POINT('',(-14.25,28.5,-97.));
#3594=CARTESIAN_POINT('Origin',(-15.2215262574585,25.5,-97.));
#3595=CARTESIAN_POINT('',(-4.,-4.89858719658941E-16,-97.));
#3596=CARTESIAN_POINT('Origin',(0.,0.,-97.));
#3597=CARTESIAN_POINT('Origin',(18.23634023015,-18.0116660007842,-5.));
#3598=CARTESIAN_POINT('',(18.23634023015,-25.5,-109.));
#3599=CARTESIAN_POINT('',(18.23634023015,-25.5,-2.5));
#3600=CARTESIAN_POINT('',(18.23634023015,-21.0116660007842,-109.));
#3601=CARTESIAN_POINT('',(18.23634023015,-9.00583300039212,-109.));
#3602=CARTESIAN_POINT('',(18.23634023015,-21.0116660007842,-5.));
#3603=CARTESIAN_POINT('Origin',(15.23634023015,-25.5,-2.5));
#3604=CARTESIAN_POINT('',(15.23634023015,-28.5,-109.));
#3605=CARTESIAN_POINT('',(15.23634023015,-28.5,-2.5));
#3606=CARTESIAN_POINT('Origin',(15.23634023015,-25.5,-109.));
#3607=CARTESIAN_POINT('Origin',(28.5,-28.5,0.));
#3608=CARTESIAN_POINT('',(-15.0517108873781,-28.5,-109.));
#3609=CARTESIAN_POINT('',(-15.0517108873781,-28.5,-2.5));
#3610=CARTESIAN_POINT('',(14.25,-28.5,-109.));
#3611=CARTESIAN_POINT('Origin',(-15.0517108873781,-25.5,-2.5));
#3612=CARTESIAN_POINT('',(-18.0517108873781,-25.5,-109.));
#3613=CARTESIAN_POINT('',(-18.0517108873781,-25.5,-2.5));
#3614=CARTESIAN_POINT('Origin',(-15.0517108873781,-25.5,-109.));
#3615=CARTESIAN_POINT('Origin',(-18.0517108873781,-28.5,-5.));
#3616=CARTESIAN_POINT('',(-18.0517108873781,-21.1814813708647,-109.));
#3617=CARTESIAN_POINT('',(-18.0517108873781,-21.1814813708647,-5.));
#3618=CARTESIAN_POINT('',(-18.0517108873781,-14.25,-109.));
#3619=CARTESIAN_POINT('Origin',(-21.0517108873781,-21.1814813708647,-5.));
#3620=CARTESIAN_POINT('',(-21.0517108873781,-18.1814813708647,-109.));
#3621=CARTESIAN_POINT('',(-21.0517108873781,-18.1814813708647,-5.));
#3622=CARTESIAN_POINT('Origin',(-21.0517108873781,-21.1814813708647,-109.));
#3623=CARTESIAN_POINT('Origin',(-18.0517108873781,-18.1814813708647,-5.));
#3624=CARTESIAN_POINT('',(-25.5,-18.1814813708647,-109.));
#3625=CARTESIAN_POINT('',(-25.5,-18.1814813708647,-2.5));
#3626=CARTESIAN_POINT('',(-9.02585544368904,-18.1814813708647,-109.));
#3627=CARTESIAN_POINT('Origin',(-25.5,-15.1814813708647,-2.5));
#3628=CARTESIAN_POINT('',(-28.5,-15.1814813708647,-109.));
#3629=CARTESIAN_POINT('',(-28.5,-15.1814813708647,-2.5));
#3630=CARTESIAN_POINT('Origin',(-25.5,-15.1814813708647,-109.));
#3631=CARTESIAN_POINT('Origin',(-28.5,-28.5,0.));
#3632=CARTESIAN_POINT('',(-28.5,15.2501542532283,-109.));
#3633=CARTESIAN_POINT('',(-28.5,15.2501542532283,-2.5));
#3634=CARTESIAN_POINT('',(-28.5,-14.25,-109.));
#3635=CARTESIAN_POINT('Origin',(-25.5,15.2501542532283,-2.5));
#3636=CARTESIAN_POINT('',(-25.5,18.2501542532284,-109.));
#3637=CARTESIAN_POINT('',(-25.5,18.2501542532284,-2.5));
#3638=CARTESIAN_POINT('Origin',(-25.5,15.2501542532283,-109.));
#3639=CARTESIAN_POINT('Origin',(-28.5,18.2501542532284,-5.));
#3640=CARTESIAN_POINT('',(-21.2215262574585,18.2501542532284,-109.));
#3641=CARTESIAN_POINT('',(-21.2215262574585,18.2501542532284,-5.));
#3642=CARTESIAN_POINT('',(-14.25,18.2501542532284,-109.));
#3643=CARTESIAN_POINT('Origin',(-21.2215262574585,21.2501542532284,-5.));
#3644=CARTESIAN_POINT('',(-18.2215262574585,21.2501542532284,-109.));
#3645=CARTESIAN_POINT('',(-18.2215262574585,21.2501542532284,-5.));
#3646=CARTESIAN_POINT('Origin',(-21.2215262574585,21.2501542532284,-109.));
#3647=CARTESIAN_POINT('Origin',(0.,0.,-112.));
#3648=CARTESIAN_POINT('',(15.23634023015,-21.0116660007842,-112.));
#3649=CARTESIAN_POINT('',(21.23634023015,-15.0116660007842,-112.));
#3650=CARTESIAN_POINT('Origin',(21.23634023015,-21.0116660007842,-112.));
#3651=CARTESIAN_POINT('',(15.23634023015,-25.5,-112.));
#3652=CARTESIAN_POINT('',(15.23634023015,-9.00583300039212,-112.));
#3653=CARTESIAN_POINT('',(-15.0517108873781,-25.5,-112.));
#3654=CARTESIAN_POINT('',(14.25,-25.5,-112.));
#3655=CARTESIAN_POINT('',(-15.0517108873781,-21.1814813708647,-112.));
#3656=CARTESIAN_POINT('',(-15.0517108873781,-14.25,-112.));
#3657=CARTESIAN_POINT('',(-21.0517108873781,-15.1814813708647,-112.));
#3658=CARTESIAN_POINT('Origin',(-21.0517108873781,-21.1814813708647,-112.));
#3659=CARTESIAN_POINT('',(-25.5,-15.1814813708647,-112.));
#3660=CARTESIAN_POINT('',(-9.02585544368904,-15.1814813708647,-112.));
#3661=CARTESIAN_POINT('',(-25.5,15.2501542532284,-112.));
#3662=CARTESIAN_POINT('',(-25.5,-14.25,-112.));
#3663=CARTESIAN_POINT('',(-21.2215262574585,15.2501542532284,-112.));
#3664=CARTESIAN_POINT('',(-14.25,15.2501542532284,-112.));
#3665=CARTESIAN_POINT('',(-15.2215262574585,21.2501542532284,-112.));
#3666=CARTESIAN_POINT('Origin',(-21.2215262574585,21.2501542532284,-112.));
#3667=CARTESIAN_POINT('',(-15.2215262574585,25.5,-112.));
#3668=CARTESIAN_POINT('',(-15.2215262574585,9.12507712661418,-112.));
#3669=CARTESIAN_POINT('',(15.23634023015,25.5,-112.));
#3670=CARTESIAN_POINT('',(-14.25,25.5,-112.));
#3671=CARTESIAN_POINT('',(15.23634023015,21.1065697466634,-112.));
#3672=CARTESIAN_POINT('',(15.23634023015,14.25,-112.));
#3673=CARTESIAN_POINT('',(21.23634023015,15.1065697466634,-112.));
#3674=CARTESIAN_POINT('Origin',(21.23634023015,21.1065697466634,-112.));
#3675=CARTESIAN_POINT('',(25.5,15.1065697466634,-112.));
#3676=CARTESIAN_POINT('',(9.118170115075,15.1065697466634,-112.));
#3677=CARTESIAN_POINT('',(25.5,-15.0116660007842,-112.));
#3678=CARTESIAN_POINT('',(25.5,14.25,-112.));
#3679=CARTESIAN_POINT('',(14.25,-15.0116660007842,-112.));
#3680=CARTESIAN_POINT('',(-4.,4.89858719658941E-16,-112.));
#3681=CARTESIAN_POINT('Origin',(0.,0.,-112.));
#3682=CARTESIAN_POINT('Origin',(-18.2215262574585,18.2501542532284,-5.));
#3683=CARTESIAN_POINT('',(-18.2215262574585,25.5,-109.));
#3684=CARTESIAN_POINT('',(-18.2215262574585,25.5,-2.5));
#3685=CARTESIAN_POINT('',(-18.2215262574585,9.12507712661418,-109.));
#3686=CARTESIAN_POINT('Origin',(-14.25,25.5,-109.));
#3687=CARTESIAN_POINT('',(15.23634023015,28.5,-109.));
#3688=CARTESIAN_POINT('Origin',(15.23634023015,25.5,-109.));
#3689=CARTESIAN_POINT('',(-15.2215262574585,28.5,-109.));
#3690=CARTESIAN_POINT('Origin',(-15.2215262574585,25.5,-109.));
#3691=CARTESIAN_POINT('',(-14.25,28.5,-109.));
#3692=CARTESIAN_POINT('Origin',(15.23634023015,14.25,-109.));
#3693=CARTESIAN_POINT('',(18.23634023015,21.1065697466634,-109.));
#3694=CARTESIAN_POINT('Origin',(15.23634023015,21.1065697466634,-109.));
#3695=CARTESIAN_POINT('',(18.23634023015,25.5,-109.));
#3696=CARTESIAN_POINT('Origin',(15.23634023015,25.5,-109.));
#3697=CARTESIAN_POINT('',(18.23634023015,14.25,-109.));
#3698=CARTESIAN_POINT('Origin',(9.118170115075,15.1065697466634,-109.));
#3699=CARTESIAN_POINT('',(25.5,18.1065697466634,-109.));
#3700=CARTESIAN_POINT('Origin',(25.5,15.1065697466634,-109.));
#3701=CARTESIAN_POINT('',(21.23634023015,18.1065697466634,-109.));
#3702=CARTESIAN_POINT('Origin',(21.23634023015,15.1065697466634,-109.));
#3703=CARTESIAN_POINT('',(9.118170115075,18.1065697466634,-109.));
#3704=CARTESIAN_POINT('Origin',(25.5,14.25,-109.));
#3705=CARTESIAN_POINT('',(28.5,-15.0116660007842,-109.));
#3706=CARTESIAN_POINT('Origin',(25.5,-15.0116660007842,-109.));
#3707=CARTESIAN_POINT('',(28.5,15.1065697466634,-109.));
#3708=CARTESIAN_POINT('Origin',(25.5,15.1065697466634,-109.));
#3709=CARTESIAN_POINT('',(28.5,14.25,-109.));
#3710=CARTESIAN_POINT('Origin',(14.25,-15.0116660007842,-109.));
#3711=CARTESIAN_POINT('',(21.23634023015,-18.0116660007842,-109.));
#3712=CARTESIAN_POINT('Origin',(21.23634023015,-15.0116660007842,-109.));
#3713=CARTESIAN_POINT('',(25.5,-18.0116660007842,-109.));
#3714=CARTESIAN_POINT('Origin',(25.5,-15.0116660007842,-109.));
#3715=CARTESIAN_POINT('',(14.25,-18.0116660007842,-109.));
#3716=CARTESIAN_POINT('Origin',(15.23634023015,-9.00583300039212,-109.));
#3717=CARTESIAN_POINT('Origin',(15.23634023015,-25.5,-109.));
#3718=CARTESIAN_POINT('Origin',(15.23634023015,-21.0116660007842,-109.));
#3719=CARTESIAN_POINT('Origin',(14.25,-25.5,-109.));
#3720=CARTESIAN_POINT('Origin',(-15.0517108873781,-25.5,-109.));
#3721=CARTESIAN_POINT('Origin',(15.23634023015,-25.5,-109.));
#3722=CARTESIAN_POINT('Origin',(15.23634023015,-25.5,-109.));
#3723=CARTESIAN_POINT('Origin',(-15.0517108873781,-14.25,-109.));
#3724=CARTESIAN_POINT('Origin',(-15.0517108873781,-21.1814813708647,-109.));
#3725=CARTESIAN_POINT('Origin',(-15.0517108873781,-25.5,-109.));
#3726=CARTESIAN_POINT('Origin',(-15.0517108873781,-25.5,-109.));
#3727=CARTESIAN_POINT('Origin',(21.23634023015,-21.0116660007842,-109.));
#3728=CARTESIAN_POINT('Origin',(21.23634023015,-21.0116660007842,-109.));
#3729=CARTESIAN_POINT('Origin',(-9.02585544368904,-15.1814813708647,-109.));
#3730=CARTESIAN_POINT('Origin',(-25.5,-15.1814813708647,-109.));
#3731=CARTESIAN_POINT('Origin',(-21.0517108873781,-15.1814813708647,-109.));
#3732=CARTESIAN_POINT('Origin',(-21.0517108873781,-21.1814813708647,-109.));
#3733=CARTESIAN_POINT('Origin',(25.5,-15.0116660007842,-109.));
#3734=CARTESIAN_POINT('Origin',(25.5,-15.0116660007842,-109.));
#3735=CARTESIAN_POINT('Origin',(-25.5,-14.25,-109.));
#3736=CARTESIAN_POINT('Origin',(-25.5,15.2501542532284,-109.));
#3737=CARTESIAN_POINT('Origin',(-25.5,-15.1814813708647,-109.));
#3738=CARTESIAN_POINT('Origin',(-25.5,-15.1814813708647,-109.));
#3739=CARTESIAN_POINT('Origin',(25.5,15.1065697466634,-109.));
#3740=CARTESIAN_POINT('Origin',(25.5,15.1065697466634,-109.));
#3741=CARTESIAN_POINT('Origin',(-14.25,15.2501542532284,-109.));
#3742=CARTESIAN_POINT('Origin',(-21.2215262574585,15.2501542532284,-109.));
#3743=CARTESIAN_POINT('Origin',(-25.5,15.2501542532284,-109.));
#3744=CARTESIAN_POINT('Origin',(-25.5,15.2501542532283,-109.));
#3745=CARTESIAN_POINT('Origin',(21.23634023015,21.1065697466634,-109.));
#3746=CARTESIAN_POINT('Origin',(21.23634023015,21.1065697466634,-109.));
#3747=CARTESIAN_POINT('Origin',(-15.2215262574585,9.12507712661418,-109.));
#3748=CARTESIAN_POINT('Origin',(-15.2215262574585,25.5,-109.));
#3749=CARTESIAN_POINT('Origin',(-15.2215262574585,21.2501542532284,-109.));
#3750=CARTESIAN_POINT('Origin',(-21.2215262574585,21.2501542532284,-109.));
#3751=CARTESIAN_POINT('Origin',(15.23634023015,25.5,-109.));
#3752=CARTESIAN_POINT('Origin',(15.23634023015,25.5,-109.));
#3753=CARTESIAN_POINT('Origin',(-15.2215262574585,25.5,-2.5));
#3754=CARTESIAN_POINT('',(-15.2215262574585,28.5,-2.5));
#3755=CARTESIAN_POINT('Origin',(-15.2215262574585,25.5,-109.));
#3756=CARTESIAN_POINT('Origin',(-15.2215262574585,25.5,-109.));
#3757=CARTESIAN_POINT('Origin',(0.,0.,0.));
#3758=CARTESIAN_POINT('',(-4.,4.89858719658941E-16,0.));
#3759=CARTESIAN_POINT('Origin',(21.23634023015,-21.0116660007842,-5.));
#3760=CARTESIAN_POINT('',(21.23634023015,-18.0116660007842,-5.));
#3761=CARTESIAN_POINT('Origin',(28.5,-18.0116660007842,-5.));
#3762=CARTESIAN_POINT('',(25.5,-18.0116660007842,-2.5));
#3763=CARTESIAN_POINT('Origin',(25.5,-15.0116660007842,-2.5));
#3764=CARTESIAN_POINT('',(28.5,-15.0116660007842,-2.5));
#3765=CARTESIAN_POINT('Origin',(28.5,28.5,0.));
#3766=CARTESIAN_POINT('',(28.5,15.1065697466634,-2.5));
#3767=CARTESIAN_POINT('Origin',(25.5,15.1065697466634,-2.5));
#3768=CARTESIAN_POINT('',(25.5,18.1065697466634,-2.5));
#3769=CARTESIAN_POINT('Origin',(18.23634023015,18.1065697466634,-5.));
#3770=CARTESIAN_POINT('',(21.23634023015,18.1065697466634,-5.));
#3771=CARTESIAN_POINT('Origin',(21.23634023015,21.1065697466634,-5.));
#3772=CARTESIAN_POINT('',(18.23634023015,21.1065697466634,-5.));
#3773=CARTESIAN_POINT('Origin',(18.23634023015,28.5,-5.));
#3774=CARTESIAN_POINT('',(18.23634023015,25.5,-2.5));
#3775=CARTESIAN_POINT('Origin',(15.23634023015,25.5,-2.5));
#3776=CARTESIAN_POINT('',(15.23634023015,28.5,-2.5));
#3777=CARTESIAN_POINT('Origin',(-28.5,28.5,0.));
#3778=UNCERTAINTY_MEASURE_WITH_UNIT(LENGTH_MEASURE(0.01),#3782,
'DISTANCE_ACCURACY_VALUE',
'Maximum model space distance between geometric entities at asserted c
onnectivities');
#3779=UNCERTAINTY_MEASURE_WITH_UNIT(LENGTH_MEASURE(0.01),#3782,
'DISTANCE_ACCURACY_VALUE',
'Maximum model space distance between geometric entities at asserted c
onnectivities');
#3780=(
GEOMETRIC_REPRESENTATION_CONTEXT(3)
GLOBAL_UNCERTAINTY_ASSIGNED_CONTEXT((#3778))
GLOBAL_UNIT_ASSIGNED_CONTEXT((#3782,#3784,#3785))
REPRESENTATION_CONTEXT('','3D')
);
#3781=(
GEOMETRIC_REPRESENTATION_CONTEXT(3)
GLOBAL_UNCERTAINTY_ASSIGNED_CONTEXT((#3779))
GLOBAL_UNIT_ASSIGNED_CONTEXT((#3782,#3784,#3785))
REPRESENTATION_CONTEXT('','3D')
);
#3782=(
LENGTH_UNIT()
NAMED_UNIT(*)
SI_UNIT(.MILLI.,.METRE.)
);
#3783=(
LENGTH_UNIT()
NAMED_UNIT(*)
SI_UNIT($,.METRE.)
);
#3784=(
NAMED_UNIT(*)
PLANE_ANGLE_UNIT()
SI_UNIT($,.RADIAN.)
);
#3785=(
NAMED_UNIT(*)
SI_UNIT($,.STERADIAN.)
SOLID_ANGLE_UNIT()
);
#3786=SHAPE_DEFINITION_REPRESENTATION(#3787,#3788);
#3787=PRODUCT_DEFINITION_SHAPE('',$,#3790);
#3788=SHAPE_REPRESENTATION('',(#2198),#3780);
#3789=PRODUCT_DEFINITION_CONTEXT('part definition',#3794,'design');
#3790=PRODUCT_DEFINITION('Nema 23 112mm','Nema 23 112mm v0',#3791,#3789);
#3791=PRODUCT_DEFINITION_FORMATION('',$,#3796);
#3792=PRODUCT_RELATED_PRODUCT_CATEGORY('Nema 23 112mm v0',
'Nema 23 112mm v0',(#3796));
#3793=APPLICATION_PROTOCOL_DEFINITION('international standard',
'automotive_design',2009,#3794);
#3794=APPLICATION_CONTEXT(
'Core Data for Automotive Mechanical Design Process');
#3795=PRODUCT_CONTEXT('part definition',#3794,'mechanical');
#3796=PRODUCT('Nema 23 112mm','Nema 23 112mm v0',$,(#3795));
#3797=PRESENTATION_STYLE_ASSIGNMENT((#3800));
#3798=PRESENTATION_STYLE_ASSIGNMENT((#3801));
#3799=PRESENTATION_STYLE_ASSIGNMENT((#3802));
#3800=SURFACE_STYLE_USAGE(.BOTH.,#3803);
#3801=SURFACE_STYLE_USAGE(.BOTH.,#3804);
#3802=SURFACE_STYLE_USAGE(.BOTH.,#3805);
#3803=SURFACE_SIDE_STYLE('',(#3806));
#3804=SURFACE_SIDE_STYLE('',(#3807));
#3805=SURFACE_SIDE_STYLE('',(#3808));
#3806=SURFACE_STYLE_FILL_AREA(#3809);
#3807=SURFACE_STYLE_FILL_AREA(#3810);
#3808=SURFACE_STYLE_FILL_AREA(#3811);
#3809=FILL_AREA_STYLE('Stal \X2\2014\X0\ satynowa',(#3812));
#3810=FILL_AREA_STYLE('Stal \X2\2014\X0\ satynowa',(#3813));
#3811=FILL_AREA_STYLE('Stal \X2\2014\X0\ chropowata',(#3814));
#3812=FILL_AREA_STYLE_COLOUR('Stal \X2\2014\X0\ satynowa',#3815);
#3813=FILL_AREA_STYLE_COLOUR('Stal \X2\2014\X0\ satynowa',#3816);
#3814=FILL_AREA_STYLE_COLOUR('Stal \X2\2014\X0\ chropowata',#3817);
#3815=COLOUR_RGB('Stal \X2\2014\X0\ satynowa',0.627450980392157,0.627450980392157,
0.627450980392157);
#3816=COLOUR_RGB('Stal \X2\2014\X0\ satynowa',0.152941176470588,0.152941176470588,
0.152941176470588);
#3817=COLOUR_RGB('Stal \X2\2014\X0\ chropowata',1.,1.,1.);
ENDSEC;
END-ISO-10303-21;
