ISO-10303-21;
HEADER;
FILE_DESCRIPTION (( 'STEP AP214' ),
    '1' );
FILE_NAME ('Nema34.STEP',
    '2025-07-17T10:28:11',
    ( '' ),
    ( '' ),
    'SwSTEP 2.0',
    'SolidWorks 2016',
    '' );
FILE_SCHEMA (( 'AUTOMOTIVE_DESIGN' ));
ENDSEC;

DATA;
#1 = DIRECTION ( 'NONE',  ( -0.0000000000000000000, -0.0000000000000000000, 1.000000000000000000 ) ) ;
#2 = ORIENTED_EDGE ( 'NONE', *, *, #1697, .F. ) ;
#3 = CARTESIAN_POINT ( 'NONE',  ( 40.49999999999999300, 40.50000000000000700, 59.00000000000000000 ) ) ;
#4 =( NAMED_UNIT ( * ) SI_UNIT ( $, .STERADIAN. ) SOLID_ANGLE_UNIT ( ) );
#5 = AXIS2_PLACEMENT_3D ( 'NONE', #8847, #9623, #8679 ) ;
#6 = CIRCLE ( 'NONE', #6139, 0.2500000000000002200 ) ;
#7 = DIRECTION ( 'NONE',  ( -1.000000000000000000, 2.775557561562890600E-015, 0.0000000000000000000 ) ) ;
#8 = CARTESIAN_POINT ( 'NONE',  ( -42.74999999999999300, 26.09999999999999800, 55.99999999999999300 ) ) ;
#9 = CIRCLE ( 'NONE', #10571, 6.800000000000000700 ) ;
#10 = CARTESIAN_POINT ( 'NONE',  ( 43.00000000000000000, -19.59999999999999400, 59.00000000000000000 ) ) ;
#11 = EDGE_CURVE ( 'NONE', #3276, #9237, #7322, .T. ) ;
#12 = ORIENTED_EDGE ( 'NONE', *, *, #10846, .F. ) ;
#13 = VECTOR ( 'NONE', #2385, 1000.000000000000000 ) ;
#14 = DIRECTION ( 'NONE',  ( 1.613696256722611400E-016, -1.000000000000000000, 0.0000000000000000000 ) ) ;
#15 = MECHANICAL_DESIGN_GEOMETRIC_PRESENTATION_REPRESENTATION (  '', ( #9894 ), #9498 ) ;
#16 = EDGE_CURVE ( 'NONE', #2606, #1045, #6490, .T. ) ;
#17 = AXIS2_PLACEMENT_3D ( 'NONE', #408, #6728, #10312 ) ;
#18 = VERTEX_POINT ( 'NONE', #2549 ) ;
#19 = CARTESIAN_POINT ( 'NONE',  ( -39.93999999999999800, 23.09999999999999100, 55.99999999999999300 ) ) ;
#20 = LINE ( 'NONE', #8545, #7497 ) ;
#21 = VERTEX_POINT ( 'NONE', #7077 ) ;
#22 = CARTESIAN_POINT ( 'NONE',  ( 24.90699418005259600, 38.97000000000026900, 57.00187174722587700 ) ) ;
#23 = COLOUR_RGB ( '',0.7921568627450980000, 0.8196078431372548800, 0.9333333333333333500 ) ;
#24 = ORIENTED_EDGE ( 'NONE', *, *, #4089, .F. ) ;
#25 = ADVANCED_FACE ( 'NONE', ( #4105 ), #1662, .T. ) ;
#26 = CIRCLE ( 'NONE', #3061, 8.000000000000000000 ) ;
#27 = DIRECTION ( 'NONE',  ( 1.000000000000000000, 0.0000000000000000000, 0.0000000000000000000 ) ) ;
#28 = SURFACE_STYLE_USAGE ( .BOTH. , #4549 ) ;
#29 = DIRECTION ( 'NONE',  ( -1.047444401652940000E-014, 1.000000000000000000, 0.0000000000000000000 ) ) ;
#30 = AXIS2_PLACEMENT_3D ( 'NONE', #9889, #11606, #9075 ) ;
#31 = EDGE_CURVE ( 'NONE', #1168, #787, #8901, .T. ) ;
#32 = ORIENTED_EDGE ( 'NONE', *, *, #10338, .F. ) ;
#33 = VECTOR ( 'NONE', #8439, 1000.000000000000000 ) ;
#34 = EDGE_LOOP ( 'NONE', ( #4838, #3514, #6821, #3956 ) ) ;
#35 = DIRECTION ( 'NONE',  ( 1.000000000000000000, 0.0000000000000000000, 0.0000000000000000000 ) ) ;
#36 = SURFACE_SIDE_STYLE ('',( #5074 ) ) ;
#37 = VERTEX_POINT ( 'NONE', #11670 ) ;
#38 = DIRECTION ( 'NONE',  ( 0.0000000000000000000, 0.0000000000000000000, -1.000000000000000000 ) ) ;
#39 = DIRECTION ( 'NONE',  ( -0.0000000000000000000, -0.0000000000000000000, -1.000000000000000000 ) ) ;
#40 = MECHANICAL_DESIGN_GEOMETRIC_PRESENTATION_REPRESENTATION (  '', ( #8737 ), #637 ) ;
#41 = DIRECTION ( 'NONE',  ( 1.000000000000000000, 0.0000000000000000000, 0.0000000000000000000 ) ) ;
#42 = LINE ( 'NONE', #1743, #1315 ) ;
#43 = EDGE_LOOP ( 'NONE', ( #8248, #10011, #5512, #7927 ) ) ;
#44 = DIRECTION ( 'NONE',  ( -0.0000000000000000000, 0.0000000000000000000, 1.000000000000000000 ) ) ;
#45 = CIRCLE ( 'NONE', #9550, 3.000000000000002700 ) ;
#46 = EDGE_CURVE ( 'NONE', #5347, #6244, #3116, .T. ) ;
#47 = COLOUR_RGB ( '',0.8941176470588234600, 0.9137254901960784000, 0.9294117647058823800 ) ;
#48 = CARTESIAN_POINT ( 'NONE',  ( -23.09999999999997700, -38.44000000000001200, 59.00000000000000000 ) ) ;
#49 = DIRECTION ( 'NONE',  ( -1.000000000000000000, 3.016910393003141700E-015, 0.0000000000000000000 ) ) ;
#50 = ADVANCED_FACE ( 'NONE', ( #702 ), #6208, .F. ) ;
#51 = DIRECTION ( 'NONE',  ( 1.000000000000000000, 0.0000000000000000000, 0.0000000000000000000 ) ) ;
#52 = DIRECTION ( 'NONE',  ( 1.000000000000000000, -1.521687259628777600E-015, 0.0000000000000000000 ) ) ;
#53 = CIRCLE ( 'NONE', #9792, 2.999999999999999100 ) ;
#54 = AXIS2_PLACEMENT_3D ( 'NONE', #7102, #7058, #3614 ) ;
#55 = ORIENTED_EDGE ( 'NONE', *, *, #1201, .T. ) ;
#56 = LINE ( 'NONE', #5544, #6562 ) ;
#57 = FACE_OUTER_BOUND ( 'NONE', #11122, .T. ) ;
#58 = FACE_OUTER_BOUND ( 'NONE', #6102, .T. ) ;
#59 = CARTESIAN_POINT ( 'NONE',  ( 19.84999999999999100, 38.43999999999999800, 56.24999999999999300 ) ) ;
#60 = DIRECTION ( 'NONE',  ( 1.000000000000000000, -0.0000000000000000000, 0.0000000000000000000 ) ) ;
#61 = CARTESIAN_POINT ( 'NONE',  ( 39.99999999999999300, 28.19999999999999600, -58.75000000000000000 ) ) ;
#62 = EDGE_CURVE ( 'NONE', #6785, #10277, #8048, .T. ) ;
#63 = SURFACE_SIDE_STYLE ('',( #6410 ) ) ;
#64 = DIRECTION ( 'NONE',  ( 1.000000000000000000, 0.0000000000000000000, 0.0000000000000000000 ) ) ;
#65 = DIRECTION ( 'NONE',  ( -1.000000000000000000, 0.0000000000000000000, 0.0000000000000000000 ) ) ;
#66 = CLOSED_SHELL ( 'NONE', ( #203, #10300, #11761, #3110, #2531, #556 ) ) ;
#67 = VERTEX_POINT ( 'NONE', #8856 ) ;
#68 = VECTOR ( 'NONE', #2646, 1000.000000000000000 ) ;
#69 = FACE_OUTER_BOUND ( 'NONE', #2398, .T. ) ;
#70 = LINE ( 'NONE', #9396, #11715 ) ;
#71 = AXIS2_PLACEMENT_3D ( 'NONE', #9701, #6081, #6959 ) ;
#72 = DIRECTION ( 'NONE',  ( 1.000000000000000000, 0.0000000000000000000, 0.0000000000000000000 ) ) ;
#73 = SURFACE_SIDE_STYLE ('',( #8327 ) ) ;
#74 = EDGE_LOOP ( 'NONE', ( #8546, #1388, #8928, #3410 ) ) ;
#75 = CARTESIAN_POINT ( 'NONE',  ( 25.19999999999999900, 40.00000000000000000, -48.00000000000000000 ) ) ;
#76 = CARTESIAN_POINT ( 'NONE',  ( 25.20000000000000600, -42.99999999999998600, -58.75000000000000000 ) ) ;
#77 = CARTESIAN_POINT ( 'NONE',  ( 21.09999999999960400, 37.97000000000021200, 56.49999999999999300 ) ) ;
#78 = ORIENTED_EDGE ( 'NONE', *, *, #9641, .T. ) ;
#79 = CARTESIAN_POINT ( 'NONE',  ( 40.00000000000000700, -28.19999999999999200, -58.75000000000000000 ) ) ;
#80 = ORIENTED_EDGE ( 'NONE', *, *, #920, .T. ) ;
#81 = FACE_OUTER_BOUND ( 'NONE', #3048, .T. ) ;
#82 = SURFACE_STYLE_FILL_AREA ( #4748 ) ;
#83 = AXIS2_PLACEMENT_3D ( 'NONE', #6426, #9158, #1053 ) ;
#84 = CIRCLE ( 'NONE', #9845, 0.2500000000000002200 ) ;
#85 = EDGE_CURVE ( 'NONE', #11518, #9150, #11055, .T. ) ;
#86 = ADVANCED_FACE ( 'NONE', ( #3416 ), #7606, .T. ) ;
#87 = CARTESIAN_POINT ( 'NONE',  ( -39.99999999999998600, -27.95000000000001000, -59.00000000000000000 ) ) ;
#88 = AXIS2_PLACEMENT_3D ( 'NONE', #9720, #4299, #10636 ) ;
#89 = CARTESIAN_POINT ( 'NONE',  ( 40.49999999999999300, -42.99999999999999300, 58.75000000000000000 ) ) ;
#90 = DIRECTION ( 'NONE',  ( 1.000000000000000000, 0.0000000000000000000, -0.0000000000000000000 ) ) ;
#91 = EDGE_CURVE ( 'NONE', #811, #11302, #5221, .T. ) ;
#92 = PRESENTATION_LAYER_ASSIGNMENT (  '', '', ( #4948 ) ) ;
#93 = CARTESIAN_POINT ( 'NONE',  ( -31.19999999999999200, 27.94999999999999600, -59.00000000000000000 ) ) ;
#94 = CARTESIAN_POINT ( 'NONE',  ( -38.96999999999999200, 21.10000000000000500, 56.75896736903246900 ) ) ;
#95 = ORIENTED_EDGE ( 'NONE', *, *, #9441, .F. ) ;
#96 = ORIENTED_EDGE ( 'NONE', *, *, #1877, .F. ) ;
#97 = LINE ( 'NONE', #11129, #5469 ) ;
#98 = VECTOR ( 'NONE', #566, 1000.000000000000000 ) ;
#99 = CARTESIAN_POINT ( 'NONE',  ( 0.0000000000000000000, 0.0000000000000000000, 97.40000000000000600 ) ) ;
#100 = CIRCLE ( 'NONE', #5197, 0.2500000000000002200 ) ;
#101 =( NAMED_UNIT ( * ) PLANE_ANGLE_UNIT ( ) SI_UNIT ( $, .RADIAN. ) );
#102 = ORIENTED_EDGE ( 'NONE', *, *, #1240, .F. ) ;
#103 = MECHANICAL_DESIGN_GEOMETRIC_PRESENTATION_REPRESENTATION (  '', ( #2305 ), #1910 ) ;
#104 = EDGE_CURVE ( 'NONE', #4789, #3541, #10484, .T. ) ;
#105 = ORIENTED_EDGE ( 'NONE', *, *, #1452, .F. ) ;
#106 = ORIENTED_EDGE ( 'NONE', *, *, #5058, .F. ) ;
#107 = FACE_BOUND ( 'NONE', #4059, .T. ) ;
#108 = DIRECTION ( 'NONE',  ( 0.0000000000000000000, 0.0000000000000000000, -1.000000000000000000 ) ) ;
#109 = CARTESIAN_POINT ( 'NONE',  ( 38.46999999999999200, -25.59999999999999800, 55.99999999999999300 ) ) ;
#110 = FACE_OUTER_BOUND ( 'NONE', #7937, .T. ) ;
#111 = DIRECTION ( 'NONE',  ( 0.0000000000000000000, 0.0000000000000000000, 1.000000000000000000 ) ) ;
#112 = DIRECTION ( 'NONE',  ( 1.000000000000000000, 0.0000000000000000000, -0.0000000000000000000 ) ) ;
#113 = CARTESIAN_POINT ( 'NONE',  ( -40.49999999999997900, -40.49999999999998600, 58.75000000000000000 ) ) ;
#114 =( NAMED_UNIT ( * ) PLANE_ANGLE_UNIT ( ) SI_UNIT ( $, .RADIAN. ) );
#115 = ORIENTED_EDGE ( 'NONE', *, *, #7930, .T. ) ;
#116 = ORIENTED_EDGE ( 'NONE', *, *, #11175, .F. ) ;
#117 = PLANE ( 'NONE',  #10864 ) ;
#118 = UNCERTAINTY_MEASURE_WITH_UNIT (LENGTH_MEASURE( 1.000000000000000100E-005 ), #6819, 'distance_accuracy_value', 'NONE');
#119 = CARTESIAN_POINT ( 'NONE',  ( -38.43999999999999800, 23.09999999999999100, -58.75000000000000000 ) ) ;
#120 = LINE ( 'NONE', #8333, #6761 ) ;
#121 = DIRECTION ( 'NONE',  ( -1.000000000000000000, 1.224646799147353200E-016, 1.357780870624564900E-032 ) ) ;
#122 = CIRCLE ( 'NONE', #11589, 0.2500000000000002200 ) ;
#123 = EDGE_CURVE ( 'NONE', #3211, #138, #7336, .T. ) ;
#124 = DIRECTION ( 'NONE',  ( 1.047444401652940000E-014, -1.000000000000000000, 0.0000000000000000000 ) ) ;
#125 = CARTESIAN_POINT ( 'NONE',  ( 0.0000000000000000000, 0.0000000000000000000, 97.60000000000000900 ) ) ;
#126 = EDGE_LOOP ( 'NONE', ( #6699, #4374, #5824, #6009 ) ) ;
#127 = CARTESIAN_POINT ( 'NONE',  ( 19.59999999999999400, 42.75000000000000700, 58.75000000000000000 ) ) ;
#128 = ORIENTED_EDGE ( 'NONE', *, *, #824, .F. ) ;
#129 = CIRCLE ( 'NONE', #3277, 0.2500000000000002200 ) ;
#130 = AXIS2_PLACEMENT_3D ( 'NONE', #4793, #5691, #6595 ) ;
#131 = DIRECTION ( 'NONE',  ( -0.0000000000000000000, -0.0000000000000000000, 1.000000000000000000 ) ) ;
#132 = DIRECTION ( 'NONE',  ( -1.000000000000000000, 1.224646799147349500E-016, 0.0000000000000000000 ) ) ;
#133 = PLANE ( 'NONE',  #8334 ) ;
#134 = CARTESIAN_POINT ( 'NONE',  ( -37.18999999999998400, 23.09999999999999100, -58.75000000000000000 ) ) ;
#135 = SURFACE_SIDE_STYLE ('',( #1864 ) ) ;
#136 = EDGE_CURVE ( 'NONE', #2469, #8208, #1687, .T. ) ;
#137 = ORIENTED_EDGE ( 'NONE', *, *, #5449, .T. ) ;
#138 = VERTEX_POINT ( 'NONE', #3127 ) ;
#139 = ORIENTED_EDGE ( 'NONE', *, *, #1108, .F. ) ;
#140 = DIRECTION ( 'NONE',  ( -7.032662740446511500E-016, 1.000000000000000000, 0.0000000000000000000 ) ) ;
#141 = CIRCLE ( 'NONE', #3309, 0.2500000000000002200 ) ;
#142 = EDGE_LOOP ( 'NONE', ( #5117, #4842, #8458, #8364 ) ) ;
#143 = CARTESIAN_POINT ( 'NONE',  ( -28.19999999999998200, -43.00000000000000000, -48.00000000000000000 ) ) ;
#144 = ADVANCED_FACE ( 'NONE', ( #5237 ), #3171, .F. ) ;
#145 = DIRECTION ( 'NONE',  ( 1.000000000000000000, 0.0000000000000000000, 0.0000000000000000000 ) ) ;
#146 = DIRECTION ( 'NONE',  ( -1.000000000000000000, -0.0000000000000000000, -0.0000000000000000000 ) ) ;
#147 = AXIS2_PLACEMENT_3D ( 'NONE', #8339, #9265, #132 ) ;
#148 = CARTESIAN_POINT ( 'NONE',  ( 40.00000000000000700, -27.94999999999999200, -58.75000000000000000 ) ) ;
#149 = CARTESIAN_POINT ( 'NONE',  ( -31.19999999999998900, 31.19999999999999600, -58.75000000000000000 ) ) ;
#150 = SURFACE_SIDE_STYLE ('',( #1913 ) ) ;
#151 = VERTEX_POINT ( 'NONE', #5985 ) ;
#152 = ORIENTED_EDGE ( 'NONE', *, *, #10742, .F. ) ;
#153 = FACE_OUTER_BOUND ( 'NONE', #2854, .T. ) ;
#154 = AXIS2_PLACEMENT_3D ( 'NONE', #4823, #5721, #10329 ) ;
#155 = ORIENTED_EDGE ( 'NONE', *, *, #9172, .T. ) ;
#156 = VERTEX_POINT ( 'NONE', #8599 ) ;
#157 = CARTESIAN_POINT ( 'NONE',  ( -38.96999999999999200, 21.10000000000000500, 56.49999999999999300 ) ) ;
#158 = CARTESIAN_POINT ( 'NONE',  ( 38.96999999999999200, -23.60000000000000100, 56.49999999999999300 ) ) ;
#159 = ADVANCED_FACE ( 'NONE', ( #1543 ), #10051, .T. ) ;
#160 = ORIENTED_EDGE ( 'NONE', *, *, #9968, .F. ) ;
#161 =( NAMED_UNIT ( * ) SI_UNIT ( $, .STERADIAN. ) SOLID_ANGLE_UNIT ( ) );
#162 = EDGE_CURVE ( 'NONE', #7145, #9140, #3983, .T. ) ;
#163 = LINE ( 'NONE', #10196, #9950 ) ;
#164 = AXIS2_PLACEMENT_3D ( 'NONE', #774, #6220, #7167 ) ;
#165 = FACE_OUTER_BOUND ( 'NONE', #1138, .T. ) ;
#166 = VERTEX_POINT ( 'NONE', #9569 ) ;
#167 = VERTEX_POINT ( 'NONE', #5915 ) ;
#168 = DIRECTION ( 'NONE',  ( -0.0000000000000000000, 0.0000000000000000000, 1.000000000000000000 ) ) ;
#169 = DIRECTION ( 'NONE',  ( -1.000000000000000000, -1.048696931033059200E-014, 0.0000000000000000000 ) ) ;
#170 = CARTESIAN_POINT ( 'NONE',  ( -19.84999999999999100, -42.74999999999999300, 58.75000000000000000 ) ) ;
#171 = PRESENTATION_LAYER_ASSIGNMENT (  '', '', ( #7639 ) ) ;
#172 = EDGE_LOOP ( 'NONE', ( #10149, #3628 ) ) ;
#173 = ORIENTED_EDGE ( 'NONE', *, *, #6935, .F. ) ;
#174 = DIRECTION ( 'NONE',  ( 0.0000000000000000000, 0.0000000000000000000, -1.000000000000000000 ) ) ;
#175 = CARTESIAN_POINT ( 'NONE',  ( 43.00000000000000700, -25.19999999999999200, -48.00000000000000000 ) ) ;
#176 = DIRECTION ( 'NONE',  ( 0.0000000000000000000, 0.0000000000000000000, -1.000000000000000000 ) ) ;
#177 = EDGE_CURVE ( 'NONE', #7007, #11699, #4123, .T. ) ;
#178 = FACE_OUTER_BOUND ( 'NONE', #9275, .T. ) ;
#179 = ORIENTED_EDGE ( 'NONE', *, *, #5291, .T. ) ;
#180 = ORIENTED_EDGE ( 'NONE', *, *, #11581, .F. ) ;
#181 = FACE_OUTER_BOUND ( 'NONE', #10509, .T. ) ;
#182 =( GEOMETRIC_REPRESENTATION_CONTEXT ( 3 ) GLOBAL_UNCERTAINTY_ASSIGNED_CONTEXT ( ( #8653 ) ) GLOBAL_UNIT_ASSIGNED_CONTEXT ( ( #9649, #6021, #11366 ) ) REPRESENTATION_CONTEXT ( 'NONE', 'WORKASPACE' ) );
#183 = PRESENTATION_LAYER_ASSIGNMENT (  '', '', ( #5020 ) ) ;
#184 = CARTESIAN_POINT ( 'NONE',  ( 26.59999999999998400, 42.75000000000000700, 59.00000000000000000 ) ) ;
#185 = EDGE_LOOP ( 'NONE', ( #3240, #4361, #6231, #6724 ) ) ;
#186 = CARTESIAN_POINT ( 'NONE',  ( -40.46999999999999200, 23.60000000000000100, 56.75896736903245500 ) ) ;
#187 = ORIENTED_EDGE ( 'NONE', *, *, #5615, .F. ) ;
#188 = DIRECTION ( 'NONE',  ( -0.0000000000000000000, 0.0000000000000000000, 1.000000000000000000 ) ) ;
#189 = SURFACE_STYLE_FILL_AREA ( #1977 ) ;
#190 = CARTESIAN_POINT ( 'NONE',  ( -39.26379525704680900, 23.59999999999999800, 57.69400999138253600 ) ) ;
#191 = CIRCLE ( 'NONE', #6378, 1.249999999999997600 ) ;
#192 = EDGE_CURVE ( 'NONE', #10309, #5209, #10201, .T. ) ;
#193 = ORIENTED_EDGE ( 'NONE', *, *, #6532, .T. ) ;
#194 = CARTESIAN_POINT ( 'NONE',  ( -25.19999999999998200, -43.00000000000000000, -48.00000000000000000 ) ) ;
#195 = CYLINDRICAL_SURFACE ( 'NONE', #386, 2.500000000000002200 ) ;
#196 = DIRECTION ( 'NONE',  ( 1.000000000000000000, 0.0000000000000000000, 0.0000000000000000000 ) ) ;
#197 = VERTEX_POINT ( 'NONE', #11368 ) ;
#198 = PLANE ( 'NONE',  #6386 ) ;
#199 = VECTOR ( 'NONE', #4613, 1000.000000000000000 ) ;
#200 = DIRECTION ( 'NONE',  ( -1.000000000000000000, 0.0000000000000000000, 0.0000000000000000000 ) ) ;
#201 = AXIS2_PLACEMENT_3D ( 'NONE', #6422, #2734, #969 ) ;
#202 = DIRECTION ( 'NONE',  ( -1.000000000000000000, 0.0000000000000000000, 0.0000000000000000000 ) ) ;
#203 = ADVANCED_FACE ( 'NONE', ( #9345 ), #855, .F. ) ;
#204 = EDGE_CURVE ( 'NONE', #7888, #5404, #2411, .T. ) ;
#205 = ORIENTED_EDGE ( 'NONE', *, *, #10464, .T. ) ;
#206 = ORIENTED_EDGE ( 'NONE', *, *, #4016, .F. ) ;
#207 = CIRCLE ( 'NONE', #10328, 0.2500000000000002200 ) ;
#208 = DIRECTION ( 'NONE',  ( 0.0000000000000000000, 1.000000000000000000, 0.0000000000000000000 ) ) ;
#209 = DIRECTION ( 'NONE',  ( 1.000000000000000000, 0.0000000000000000000, 0.0000000000000000000 ) ) ;
#210 = VECTOR ( 'NONE', #6395, 1000.000000000000000 ) ;
#211 = EDGE_LOOP ( 'NONE', ( #11565, #8607, #11062, #10666 ) ) ;
#212 = AXIS2_PLACEMENT_3D ( 'NONE', #7354, #6499, #7313 ) ;
#213 = CARTESIAN_POINT ( 'NONE',  ( -38.63977061241068600, 21.09999999999999800, 56.82978467406091700 ) ) ;
#214 = ADVANCED_FACE ( 'NONE', ( #10783 ), #5936, .T. ) ;
#215 = VERTEX_POINT ( 'NONE', #6145 ) ;
#216 = VERTEX_POINT ( 'NONE', #2573 ) ;
#217 = PRESENTATION_STYLE_ASSIGNMENT (( #10197 ) ) ;
#218 = DIRECTION ( 'NONE',  ( 1.000000000000000000, 0.0000000000000000000, 0.0000000000000000000 ) ) ;
#219 = LINE ( 'NONE', #5864, #3636 ) ;
#220 = EDGE_CURVE ( 'NONE', #5054, #8487, #2987, .T. ) ;
#221 = CARTESIAN_POINT ( 'NONE',  ( -26.59999999999998400, -38.44000000000000500, 59.00000000000000000 ) ) ;
#222 = FACE_OUTER_BOUND ( 'NONE', #7231, .T. ) ;
#223 = EDGE_CURVE ( 'NONE', #10720, #8776, #7200, .T. ) ;
#224 = CARTESIAN_POINT ( 'NONE',  ( -38.46999999999999200, 23.65866419178328100, 54.73916976027089700 ) ) ;
#225 = CARTESIAN_POINT ( 'NONE',  ( 43.00000000000000000, -26.09999999999999400, 55.74999999999999300 ) ) ;
#226 = CARTESIAN_POINT ( 'NONE',  ( -38.43999999999999800, 23.09999999999999100, 58.75000000000000000 ) ) ;
#227 = DIRECTION ( 'NONE',  ( 0.0000000000000000000, 0.0000000000000000000, 1.000000000000000000 ) ) ;
#228 = DIRECTION ( 'NONE',  ( 1.000000000000000000, 0.0000000000000000000, 0.0000000000000000000 ) ) ;
#229 = ORIENTED_EDGE ( 'NONE', *, *, #5698, .F. ) ;
#230 = ORIENTED_EDGE ( 'NONE', *, *, #1432, .T. ) ;
#231 = TOROIDAL_SURFACE ( 'NONE', #6121, 0.5000000000000000000, 0.2500000000000000000 ) ;
#232 = AXIS2_PLACEMENT_3D ( 'NONE', #5528, #1068, #6367 ) ;
#233 = TOROIDAL_SURFACE ( 'NONE', #5991, 2.250000000000000400, 0.2500000000000000000 ) ;
#234 = STYLED_ITEM ( 'NONE', ( #8536 ), #9696 ) ;
#235 = DIRECTION ( 'NONE',  ( -0.0000000000000000000, -0.0000000000000000000, -1.000000000000000000 ) ) ;
#236 = CIRCLE ( 'NONE', #2106, 1.250000000000008000 ) ;
#237 = VERTEX_POINT ( 'NONE', #10379 ) ;
#238 = CARTESIAN_POINT ( 'NONE',  ( 36.46999999999999900, -22.93162533000423100, 56.83664221820388500 ) ) ;
#239 = DIRECTION ( 'NONE',  ( -1.000000000000000000, 0.0000000000000000000, 0.0000000000000000000 ) ) ;
#240 = EDGE_LOOP ( 'NONE', ( #7554, #2896, #10232, #9665 ) ) ;
#241 = ORIENTED_EDGE ( 'NONE', *, *, #4658, .T. ) ;
#242 = VECTOR ( 'NONE', #8570, 1000.000000000000000 ) ;
#243 = EDGE_CURVE ( 'NONE', #3266, #7919, #4818, .T. ) ;
#244 = DIRECTION ( 'NONE',  ( -0.0000000000000000000, -0.0000000000000000000, 1.000000000000000000 ) ) ;
#245 = VECTOR ( 'NONE', #1, 1000.000000000000000 ) ;
#246 = AXIS2_PLACEMENT_3D ( 'NONE', #10872, #2770, #3638 ) ;
#247 = CARTESIAN_POINT ( 'NONE',  ( -22.59999999999986300, -39.26869151345774600, 57.70833027779985300 ) ) ;
#248 = CARTESIAN_POINT ( 'NONE',  ( -42.74999999999999300, 20.10000000000000100, 55.99999999999999300 ) ) ;
#249 = EDGE_CURVE ( 'NONE', #5755, #4814, #4253, .T. ) ;
#250 = PRESENTATION_LAYER_ASSIGNMENT (  '', '', ( #1906 ) ) ;
#251 = SURFACE_STYLE_USAGE ( .BOTH. , #8341 ) ;
#252 = ORIENTED_EDGE ( 'NONE', *, *, #8081, .T. ) ;
#253 = ORIENTED_EDGE ( 'NONE', *, *, #11413, .F. ) ;
#254 = FILL_AREA_STYLE_COLOUR ( '', #8089 ) ;
#255 = CIRCLE ( 'NONE', #568, 3.250000000000002700 ) ;
#256 = AXIS2_PLACEMENT_3D ( 'NONE', #4214, #2476, #6130 ) ;
#257 = CARTESIAN_POINT ( 'NONE',  ( 40.46999999999999200, -23.60000000000000100, 56.49999999999999300 ) ) ;
#258 = ORIENTED_EDGE ( 'NONE', *, *, #7416, .F. ) ;
#259 = DIRECTION ( 'NONE',  ( -4.688441826964347300E-016, 1.000000000000000000, -0.0000000000000000000 ) ) ;
#260 = EDGE_CURVE ( 'NONE', #11793, #4070, #1979, .T. ) ;
#261 = FILL_AREA_STYLE ('',( #11155 ) ) ;
#262 = ADVANCED_FACE ( 'NONE', ( #3563 ), #10568, .F. ) ;
#263 = CARTESIAN_POINT ( 'NONE',  ( 8.000000000000000000, 0.0000000000000000000, 59.59999999999996600 ) ) ;
#264 = FILL_AREA_STYLE ('',( #5713 ) ) ;
#265 = CARTESIAN_POINT ( 'NONE',  ( -26.59999999999998700, -42.74999999999999300, 59.00000000000000000 ) ) ;
#266 = VERTEX_POINT ( 'NONE', #6067 ) ;
#267 = UNCERTAINTY_MEASURE_WITH_UNIT (LENGTH_MEASURE( 1.000000000000000100E-005 ), #2288, 'distance_accuracy_value', 'NONE');
#268 = VERTEX_POINT ( 'NONE', #8800 ) ;
#269 = PRESENTATION_STYLE_ASSIGNMENT (( #10425 ) ) ;
#270 =( LENGTH_UNIT ( ) NAMED_UNIT ( * ) SI_UNIT ( .MILLI., .METRE. ) );
#272 = B_SPLINE_CURVE_WITH_KNOTS ( 'NONE', 3,
 ( #11064, #1225, #1186, #3907, #7535, #1115 ),
 .UNSPECIFIED., .F., .F.,
 ( 4, 2, 4 ),
 ( 0.01191150001962894800, 0.01216198312822886600, 0.01241246623682878600 ),
 .UNSPECIFIED. ) ;
#271 = LINE ( 'NONE', #7310, #3388 ) ;
#273 = ORIENTED_EDGE ( 'NONE', *, *, #10555, .T. ) ;
#274 = MECHANICAL_DESIGN_GEOMETRIC_PRESENTATION_REPRESENTATION (  '', ( #3375 ), #11205 ) ;
#275 = ORIENTED_EDGE ( 'NONE', *, *, #2236, .F. ) ;
#276 = ORIENTED_EDGE ( 'NONE', *, *, #9246, .T. ) ;
#277 = CIRCLE ( 'NONE', #762, 7.000000000000000000 ) ;
#278 = EDGE_CURVE ( 'NONE', #3366, #6883, #5797, .T. ) ;
#279 = ADVANCED_FACE ( 'NONE', ( #9924 ), #3408, .T. ) ;
#280 = FILL_AREA_STYLE_COLOUR ( '', #6420 ) ;
#281 = SURFACE_STYLE_USAGE ( .BOTH. , #7528 ) ;
#282 = CARTESIAN_POINT ( 'NONE',  ( -34.79999999999999700, 34.79999999999999000, 48.25000000000000000 ) ) ;
#283 = ORIENTED_EDGE ( 'NONE', *, *, #4429, .T. ) ;
#284 = AXIS2_PLACEMENT_3D ( 'NONE', #4512, #10850, #2534 ) ;
#285 = CARTESIAN_POINT ( 'NONE',  ( -37.67620474295318200, 22.60000000000000100, 57.69400999138254300 ) ) ;
#286 = CARTESIAN_POINT ( 'NONE',  ( 40.49999999999999300, -42.74999999999999300, 59.00000000000000000 ) ) ;
#287 = ORIENTED_EDGE ( 'NONE', *, *, #1744, .F. ) ;
#288 = DIRECTION ( 'NONE',  ( 0.0000000000000000000, 0.0000000000000000000, -1.000000000000000000 ) ) ;
#289 = CARTESIAN_POINT ( 'NONE',  ( 0.0000000000000000000, -42.74999999999999300, 48.00000000000000000 ) ) ;
#290 = CYLINDRICAL_SURFACE ( 'NONE', #10274, 3.250000000000002700 ) ;
#291 = EDGE_LOOP ( 'NONE', ( #1759, #4259, #5675, #4014 ) ) ;
#292 = ORIENTED_EDGE ( 'NONE', *, *, #7090, .T. ) ;
#293 = CARTESIAN_POINT ( 'NONE',  ( -19.59999999999998700, -42.74999999999999300, 56.24999999999999300 ) ) ;
#294 = EDGE_CURVE ( 'NONE', #2414, #216, #3852, .T. ) ;
#295 = CARTESIAN_POINT ( 'NONE',  ( -42.74999999999998600, -40.49999999999997900, 48.25000000000000000 ) ) ;
#296 = SURFACE_STYLE_USAGE ( .BOTH. , #1196 ) ;
#297 = ORIENTED_EDGE ( 'NONE', *, *, #10807, .T. ) ;
#298 = CARTESIAN_POINT ( 'NONE',  ( 40.27699418005302300, -22.59999999999999400, 57.00187174722583400 ) ) ;
#299 = FACE_BOUND ( 'NONE', #4628, .T. ) ;
#300 = DIRECTION ( 'NONE',  ( -1.613696256722611400E-016, 1.000000000000000000, 0.0000000000000000000 ) ) ;
#301 = SURFACE_STYLE_FILL_AREA ( #4837 ) ;
#302 = ORIENTED_EDGE ( 'NONE', *, *, #4719, .F. ) ;
#303 = CARTESIAN_POINT ( 'NONE',  ( -31.19999999999998900, 27.94999999999999600, -59.00000000000000000 ) ) ;
#304 = ORIENTED_EDGE ( 'NONE', *, *, #2270, .T. ) ;
#305 = CARTESIAN_POINT ( 'NONE',  ( -38.46999999999999200, 21.10000000000000500, 56.83639580559806600 ) ) ;
#306 = STYLED_ITEM ( 'NONE', ( #515 ), #8920 ) ;
#307 = CARTESIAN_POINT ( 'NONE',  ( 0.0000000000000000000, 0.0000000000000000000, 97.60000000000000900 ) ) ;
#308 = DIRECTION ( 'NONE',  ( 1.000000000000000000, 3.942553354492742500E-016, 0.0000000000000000000 ) ) ;
#309 = ORIENTED_EDGE ( 'NONE', *, *, #1905, .T. ) ;
#310 = AXIS2_PLACEMENT_3D ( 'NONE', #2005, #10205, #3893 ) ;
#311 = VECTOR ( 'NONE', #7821, 1000.000000000000000 ) ;
#312 = ORIENTED_EDGE ( 'NONE', *, *, #5056, .T. ) ;
#313 = DIRECTION ( 'NONE',  ( -0.0000000000000000000, -0.0000000000000000000, 1.000000000000000000 ) ) ;
#314 = TOROIDAL_SURFACE ( 'NONE', #5018, 0.5000000000000000000, 0.2500000000000000000 ) ;
#315 = EDGE_CURVE ( 'NONE', #3740, #2528, #6927, .T. ) ;
#316 = VERTEX_POINT ( 'NONE', #8422 ) ;
#317 = VECTOR ( 'NONE', #3874, 1000.000000000000000 ) ;
#318 =( LENGTH_UNIT ( ) NAMED_UNIT ( * ) SI_UNIT ( .MILLI., .METRE. ) );
#319 = CARTESIAN_POINT ( 'NONE',  ( -28.19999999999998900, 28.19999999999999600, 48.00000000000000000 ) ) ;
#320 = PRESENTATION_LAYER_ASSIGNMENT (  '', '', ( #6213 ) ) ;
#321 = EDGE_CURVE ( 'NONE', #1637, #8029, #6365, .T. ) ;
#322 = CARTESIAN_POINT ( 'NONE',  ( 38.96999999999999200, -25.10000000000000500, 56.49999999999999300 ) ) ;
#323 = STYLED_ITEM ( 'NONE', ( #2028 ), #10235 ) ;
#324 = ORIENTED_EDGE ( 'NONE', *, *, #7784, .F. ) ;
#325 = ADVANCED_FACE ( 'NONE', ( #7472 ), #1838, .T. ) ;
#326 = LINE ( 'NONE', #4041, #2448 ) ;
#327 = ORIENTED_EDGE ( 'NONE', *, *, #4689, .F. ) ;
#328 = VERTEX_POINT ( 'NONE', #7250 ) ;
#329 = ORIENTED_EDGE ( 'NONE', *, *, #3457, .T. ) ;
#330 = DIRECTION ( 'NONE',  ( -1.000000000000000000, 0.0000000000000000000, -0.0000000000000000000 ) ) ;
#331 = AXIS2_PLACEMENT_3D ( 'NONE', #1801, #8117, #3643 ) ;
#332 = CARTESIAN_POINT ( 'NONE',  ( 40.49999999999999300, 43.00000000000000700, 59.00000000000000000 ) ) ;
#333 = DIRECTION ( 'NONE',  ( -0.0000000000000000000, 0.0000000000000000000, 1.000000000000000000 ) ) ;
#334 = EDGE_CURVE ( 'NONE', #9080, #841, #3267, .T. ) ;
#335 = COLOUR_RGB ( '',0.2000000000000000100, 0.2000000000000000100, 0.2000000000000000100 ) ;
#336 = ORIENTED_EDGE ( 'NONE', *, *, #5094, .T. ) ;
#337 = VECTOR ( 'NONE', #7848, 1000.000000000000000 ) ;
#338 = MECHANICAL_DESIGN_GEOMETRIC_PRESENTATION_REPRESENTATION (  '', ( #8412 ), #2474 ) ;
#339 = COLOUR_RGB ( '',0.2000000000000000100, 0.2000000000000000100, 0.2000000000000000100 ) ;
#340 = DIRECTION ( 'NONE',  ( -1.000000000000000000, 0.0000000000000000000, 0.0000000000000000000 ) ) ;
#341 = ADVANCED_FACE ( 'NONE', ( #4542 ), #2131, .T. ) ;
#342 = CARTESIAN_POINT ( 'NONE',  ( 34.79999999999999000, 34.79999999999999700, 58.75000000000000000 ) ) ;
#343 = CARTESIAN_POINT ( 'NONE',  ( 39.26379525704680900, -23.59999999999999800, 57.69400999138253600 ) ) ;
#344 = DIRECTION ( 'NONE',  ( 0.0000000000000000000, 0.0000000000000000000, -1.000000000000000000 ) ) ;
#345 = CARTESIAN_POINT ( 'NONE',  ( -21.09999999999987400, -38.47000000000007000, 56.83639580559806600 ) ) ;
#346 = CARTESIAN_POINT ( 'NONE',  ( -38.55579926162984300, 25.10000000000000500, 56.83639580559806600 ) ) ;
#347 = CIRCLE ( 'NONE', #2669, 0.2500000000000002200 ) ;
#348 = EDGE_LOOP ( 'NONE', ( #8447, #5928, #4094, #5381 ) ) ;
#349 = LINE ( 'NONE', #3261, #7254 ) ;
#350 = EDGE_CURVE ( 'NONE', #367, #5850, #8914, .T. ) ;
#351 = B_SPLINE_CURVE_WITH_KNOTS ( 'NONE', 3,
 ( #8996, #7994, #2771, #9071, #6181, #6222 ),
 .UNSPECIFIED., .F., .F.,
 ( 4, 2, 4 ),
 ( 0.01191150001962903300, 0.01241480646923357300, 0.01291811291883811000 ),
 .UNSPECIFIED. ) ;
#352 = EDGE_CURVE ( 'NONE', #11736, #7758, #6701, .T. ) ;
#353 = TOROIDAL_SURFACE ( 'NONE', #6590, 3.500000000000001300, 0.2500000000000000000 ) ;
#354 = DIRECTION ( 'NONE',  ( 1.224646799147353200E-016, 1.000000000000000000, 0.0000000000000000000 ) ) ;
#355 = DIRECTION ( 'NONE',  ( -0.0000000000000000000, -0.0000000000000000000, 1.000000000000000000 ) ) ;
#356 = AXIS2_PLACEMENT_3D ( 'NONE', #8602, #11454, #4200 ) ;
#357 = EDGE_LOOP ( 'NONE', ( #3844, #9953, #6796, #452 ) ) ;
#358 = DIRECTION ( 'NONE',  ( -1.047444401652940000E-014, 1.000000000000000000, 0.0000000000000000000 ) ) ;
#359 = FACE_OUTER_BOUND ( 'NONE', #1945, .T. ) ;
#360 = COLOUR_RGB ( '',0.8941176470588234600, 0.9137254901960784000, 0.9294117647058823800 ) ;
#361 = DIRECTION ( 'NONE',  ( 1.000000000000000000, -0.0000000000000000000, 0.0000000000000000000 ) ) ;
#362 = VECTOR ( 'NONE', #10084, 1000.000000000000000 ) ;
#363 = CARTESIAN_POINT ( 'NONE',  ( 40.49999999999999300, -42.99999999999999300, 59.00000000000000000 ) ) ;
#364 = EDGE_CURVE ( 'NONE', #151, #4400, #11794, .T. ) ;
#365 = CARTESIAN_POINT ( 'NONE',  ( -37.96999999999999200, 23.60000000000000100, 57.79579263126746700 ) ) ;
#366 = CARTESIAN_POINT ( 'NONE',  ( 21.84999999999999400, 38.44000000000001200, 59.00000000000000000 ) ) ;
#367 = VERTEX_POINT ( 'NONE', #11012 ) ;
#368 = ORIENTED_EDGE ( 'NONE', *, *, #8305, .F. ) ;
#369 = AXIS2_PLACEMENT_3D ( 'NONE', #6775, #8584, #11434 ) ;
#370 = CARTESIAN_POINT ( 'NONE',  ( -34.79999999999999700, 34.79999999999999000, 48.00000000000000000 ) ) ;
#371 = CARTESIAN_POINT ( 'NONE',  ( 31.55000000000000100, -34.79999999999998300, 58.75000000000000000 ) ) ;
#372 = ORIENTED_EDGE ( 'NONE', *, *, #529, .F. ) ;
#373 = EDGE_LOOP ( 'NONE', ( #2941, #10873 ) ) ;
#374 = FACE_OUTER_BOUND ( 'NONE', #5263, .T. ) ;
#375 = DIRECTION ( 'NONE',  ( 0.0000000000000000000, -1.000000000000000000, 0.0000000000000000000 ) ) ;
#376 = DIRECTION ( 'NONE',  ( 0.0000000000000000000, 0.0000000000000000000, -1.000000000000000000 ) ) ;
#377 = AXIS2_PLACEMENT_3D ( 'NONE', #10703, #761, #2589 ) ;
#378 = ADVANCED_FACE ( 'NONE', ( #11489, #5653 ), #117, .T. ) ;
#379 = SURFACE_SIDE_STYLE ('',( #8517 ) ) ;
#380 = CARTESIAN_POINT ( 'NONE',  ( -38.43999999999999800, 23.09999999999999100, 55.99999999999999300 ) ) ;
#381 = CARTESIAN_POINT ( 'NONE',  ( -38.43999999999999800, 26.59999999999999100, 59.00000000000000000 ) ) ;
#382 = CARTESIAN_POINT ( 'NONE',  ( 23.09999999999999400, 38.44000000000001200, -58.75000000000000000 ) ) ;
#383 = TOROIDAL_SURFACE ( 'NONE', #1114, 3.500000000000001300, 0.2500000000000000000 ) ;
#384 = CARTESIAN_POINT ( 'NONE',  ( -26.59999999999998700, -42.74999999999999300, 58.75000000000000000 ) ) ;
#385 = ORIENTED_EDGE ( 'NONE', *, *, #4766, .F. ) ;
#386 = AXIS2_PLACEMENT_3D ( 'NONE', #3, #4674, #3719 ) ;
#387 = AXIS2_PLACEMENT_3D ( 'NONE', #6396, #904, #5714 ) ;
#388 = EDGE_LOOP ( 'NONE', ( #1522, #9296, #6941, #8356 ) ) ;
#389 = ORIENTED_EDGE ( 'NONE', *, *, #3175, .F. ) ;
#390 = CARTESIAN_POINT ( 'NONE',  ( -42.99999999999999300, -25.20000000000001000, -48.00000000000000000 ) ) ;
#391 = LINE ( 'NONE', #5702, #2944 ) ;
#392 = CARTESIAN_POINT ( 'NONE',  ( -42.74999999999999300, -6.898551497489162000E-015, 58.75000000000000000 ) ) ;
#393 = FACE_OUTER_BOUND ( 'NONE', #8187, .T. ) ;
#394 = ADVANCED_FACE ( 'NONE', ( #11204 ), #6071, .T. ) ;
#395 = ORIENTED_EDGE ( 'NONE', *, *, #9838, .T. ) ;
#396 = CARTESIAN_POINT ( 'NONE',  ( -3.605551275463990000, 6.000000000000000000, 97.40000000000000600 ) ) ;
#397 = FILL_AREA_STYLE_COLOUR ( '', #5975 ) ;
#398 = MECHANICAL_DESIGN_GEOMETRIC_PRESENTATION_REPRESENTATION (  '', ( #8481 ), #1000 ) ;
#399 = EDGE_CURVE ( 'NONE', #1015, #666, #8470, .T. ) ;
#400 = ORIENTED_EDGE ( 'NONE', *, *, #9706, .T. ) ;
#401 = CIRCLE ( 'NONE', #5822, 36.50000000000000000 ) ;
#402 = CARTESIAN_POINT ( 'NONE',  ( 40.49999999999999300, -40.49999999999997900, 59.00000000000000000 ) ) ;
#403 = CARTESIAN_POINT ( 'NONE',  ( -25.19999999999998900, 42.74999999999999300, -58.75000000000000000 ) ) ;
#404 =( NAMED_UNIT ( * ) PLANE_ANGLE_UNIT ( ) SI_UNIT ( $, .RADIAN. ) );
#405 = CYLINDRICAL_SURFACE ( 'NONE', #10751, 3.250000000000002700 ) ;
#406 = AXIS2_PLACEMENT_3D ( 'NONE', #4262, #3470, #10717 ) ;
#407 =( NAMED_UNIT ( * ) PLANE_ANGLE_UNIT ( ) SI_UNIT ( $, .RADIAN. ) );
#408 = CARTESIAN_POINT ( 'NONE',  ( 0.0000000000000000000, 0.0000000000000000000, 56.49999999999999300 ) ) ;
#409 = ORIENTED_EDGE ( 'NONE', *, *, #7731, .F. ) ;
#410 = PRESENTATION_LAYER_ASSIGNMENT (  '', '', ( #11579 ) ) ;
#411 = SURFACE_STYLE_USAGE ( .BOTH. , #3346 ) ;
#412 = VECTOR ( 'NONE', #2280, 1000.000000000000000 ) ;
#413 = TOROIDAL_SURFACE ( 'NONE', #8143, 1.500000000000004700, 0.2500000000000000000 ) ;
#414 = EDGE_CURVE ( 'NONE', #10090, #1447, #3709, .T. ) ;
#415 = VERTEX_POINT ( 'NONE', #9090 ) ;
#416 = CARTESIAN_POINT ( 'NONE',  ( -21.59999999999997700, -38.44000000000001200, 48.25000000000000000 ) ) ;
#417 = DIRECTION ( 'NONE',  ( -1.000000000000000000, 0.0000000000000000000, 0.0000000000000000000 ) ) ;
#418 = CARTESIAN_POINT ( 'NONE',  ( 19.59999999999999400, 42.75000000000000700, 58.75000000000000000 ) ) ;
#419 = DIRECTION ( 'NONE',  ( 1.000000000000000000, 0.0000000000000000000, 0.0000000000000000000 ) ) ;
#420 = DIRECTION ( 'NONE',  ( 1.000000000000000000, 0.0000000000000000000, 0.0000000000000000000 ) ) ;
#421 = CARTESIAN_POINT ( 'NONE',  ( -21.09999999999987400, -38.63977061241075700, 56.82978467406091700 ) ) ;
#422 = VERTEX_POINT ( 'NONE', #1063 ) ;
#423 = ORIENTED_EDGE ( 'NONE', *, *, #5665, .F. ) ;
#424 = CIRCLE ( 'NONE', #2057, 0.2500000000000002200 ) ;
#425 = MECHANICAL_DESIGN_GEOMETRIC_PRESENTATION_REPRESENTATION (  '', ( #2249 ), #7440 ) ;
#426 = ORIENTED_EDGE ( 'NONE', *, *, #2954, .T. ) ;
#427 = CARTESIAN_POINT ( 'NONE',  ( -36.46999999999999900, 22.60000000000000500, 56.75896736903246900 ) ) ;
#428 = CARTESIAN_POINT ( 'NONE',  ( -22.30620474295305700, -38.97000000000007000, 57.69400999138254300 ) ) ;
#429 = EDGE_CURVE ( 'NONE', #6528, #328, #992, .T. ) ;
#430 = ORIENTED_EDGE ( 'NONE', *, *, #2307, .F. ) ;
#431 = ORIENTED_EDGE ( 'NONE', *, *, #4784, .F. ) ;
#432 = ORIENTED_EDGE ( 'NONE', *, *, #243, .F. ) ;
#433 = ADVANCED_FACE ( 'NONE', ( #6793 ), #7906, .T. ) ;
#434 = VERTEX_POINT ( 'NONE', #10123 ) ;
#435 = DIRECTION ( 'NONE',  ( -0.0000000000000000000, -0.0000000000000000000, 1.000000000000000000 ) ) ;
#436 = DIRECTION ( 'NONE',  ( 0.0000000000000000000, 0.0000000000000000000, -1.000000000000000000 ) ) ;
#437 = DIRECTION ( 'NONE',  ( 1.000000000000000000, 0.0000000000000000000, 0.0000000000000000000 ) ) ;
#438 = DIRECTION ( 'NONE',  ( -0.0000000000000000000, -0.0000000000000000000, 1.000000000000000000 ) ) ;
#439 = ORIENTED_EDGE ( 'NONE', *, *, #7416, .T. ) ;
#440 = DIRECTION ( 'NONE',  ( 0.0000000000000000000, 0.0000000000000000000, 1.000000000000000000 ) ) ;
#441 = LINE ( 'NONE', #7703, #3144 ) ;
#442 = EDGE_CURVE ( 'NONE', #4252, #8227, #10630, .T. ) ;
#443 =( NAMED_UNIT ( * ) SI_UNIT ( $, .STERADIAN. ) SOLID_ANGLE_UNIT ( ) );
#444 = FACE_OUTER_BOUND ( 'NONE', #9946, .T. ) ;
#445 = EDGE_CURVE ( 'NONE', #5089, #3888, #8615, .T. ) ;
#446 = EDGE_LOOP ( 'NONE', ( #11364, #799, #11054, #5364, #4898, #11603, #6602, #10157, #1556, #10110 ) ) ;
#447 = FACE_BOUND ( 'NONE', #3594, .T. ) ;
#448 = ORIENTED_EDGE ( 'NONE', *, *, #4480, .T. ) ;
#449 =( LENGTH_UNIT ( ) NAMED_UNIT ( * ) SI_UNIT ( .MILLI., .METRE. ) );
#450 = ADVANCED_FACE ( 'NONE', ( #8760 ), #9331, .T. ) ;
#451 = CARTESIAN_POINT ( 'NONE',  ( -37.96999999999998500, 24.68593362000731900, 57.21087685217723600 ) ) ;
#452 = ORIENTED_EDGE ( 'NONE', *, *, #1295, .F. ) ;
#453 = AXIS2_PLACEMENT_3D ( 'NONE', #6164, #8101, #2757 ) ;
#454 =( LENGTH_UNIT ( ) NAMED_UNIT ( * ) SI_UNIT ( .MILLI., .METRE. ) );
#456 = FILL_AREA_STYLE ('',( #1285 ) ) ;
#455 = FACE_OUTER_BOUND ( 'NONE', #11016, .T. ) ;
#457 = AXIS2_PLACEMENT_3D ( 'NONE', #6464, #1055, #2042 ) ;
#458 = ORIENTED_EDGE ( 'NONE', *, *, #10652, .F. ) ;
#459 = CARTESIAN_POINT ( 'NONE',  ( 31.20000000000000300, 27.94999999999999600, -58.75000000000000000 ) ) ;
#460 = CARTESIAN_POINT ( 'NONE',  ( 38.29999999999999700, 34.79999999999999700, 58.75000000000000000 ) ) ;
#461 = DIRECTION ( 'NONE',  ( 0.0000000000000000000, 0.0000000000000000000, 1.000000000000000000 ) ) ;
#462 = ORIENTED_EDGE ( 'NONE', *, *, #10209, .T. ) ;
#463 = STYLED_ITEM ( 'NONE', ( #2976 ), #665 ) ;
#464 = EDGE_CURVE ( 'NONE', #9008, #3276, #10774, .T. ) ;
#465 = VERTEX_POINT ( 'NONE', #8510 ) ;
#466 = VECTOR ( 'NONE', #5712, 1000.000000000000000 ) ;
#467 = DIRECTION ( 'NONE',  ( 0.0000000000000000000, 0.0000000000000000000, -1.000000000000000000 ) ) ;
#468 = DIRECTION ( 'NONE',  ( 1.224646799147353200E-016, 1.000000000000000000, 0.0000000000000000000 ) ) ;
#469 = STYLED_ITEM ( 'NONE', ( #10372 ), #5001 ) ;
#470 = DIRECTION ( 'NONE',  ( -1.000000000000000000, 0.0000000000000000000, 0.0000000000000000000 ) ) ;
#471 = AXIS2_PLACEMENT_3D ( 'NONE', #2657, #7240, #8921 ) ;
#472 = CARTESIAN_POINT ( 'NONE',  ( 26.34999999999998700, 38.43999999999999800, 55.99999999999999300 ) ) ;
#473 = UNCERTAINTY_MEASURE_WITH_UNIT (LENGTH_MEASURE( 1.000000000000000100E-005 ), #6554, 'distance_accuracy_value', 'NONE');
#474 = FACE_OUTER_BOUND ( 'NONE', #5687, .T. ) ;
#475 = VERTEX_POINT ( 'NONE', #1254 ) ;
#476 = DIRECTION ( 'NONE',  ( 1.000000000000000000, 0.0000000000000000000, 0.0000000000000000000 ) ) ;
#477 = DIRECTION ( 'NONE',  ( -7.885106708985497900E-016, 1.000000000000000000, 0.0000000000000000000 ) ) ;
#478 = AXIS2_PLACEMENT_3D ( 'NONE', #11186, #1312, #3912 ) ;
#479 = DIRECTION ( 'NONE',  ( -7.608436298143899900E-016, -1.000000000000000000, 0.0000000000000000000 ) ) ;
#480 = EDGE_CURVE ( 'NONE', #10549, #4643, #6211, .T. ) ;
#481 = CARTESIAN_POINT ( 'NONE',  ( 28.20000000000000300, 40.00000000000000000, 48.00000000000000000 ) ) ;
#482 = ORIENTED_EDGE ( 'NONE', *, *, #5314, .F. ) ;
#483 = ORIENTED_EDGE ( 'NONE', *, *, #937, .F. ) ;
#484 = CARTESIAN_POINT ( 'NONE',  ( 25.09999999999960400, 37.97000000000025500, 56.49999999999999300 ) ) ;
#485 = FACE_OUTER_BOUND ( 'NONE', #11612, .T. ) ;
#486 = VECTOR ( 'NONE', #2813, 1000.000000000000000 ) ;
#487 = ADVANCED_FACE ( 'NONE', ( #4531 ), #5224, .T. ) ;
#488 = CARTESIAN_POINT ( 'NONE',  ( 28.20000000000000300, -31.19999999999999200, -58.75000000000000000 ) ) ;
#489 = DIRECTION ( 'NONE',  ( 0.0000000000000000000, 0.0000000000000000000, -1.000000000000000000 ) ) ;
#490 = CARTESIAN_POINT ( 'NONE',  ( -37.39733729748930800, 23.59999999999999800, 57.56948464461342500 ) ) ;
#491 = CARTESIAN_POINT ( 'NONE',  ( -21.09999999999987000, -38.97000000000007000, 56.75896736903246900 ) ) ;
#492 = EDGE_CURVE ( 'NONE', #2159, #6384, #3258, .T. ) ;
#493 = ORIENTED_EDGE ( 'NONE', *, *, #429, .F. ) ;
#494 = ORIENTED_EDGE ( 'NONE', *, *, #5943, .T. ) ;
#495 = CIRCLE ( 'NONE', #10159, 8.000000000000000000 ) ;
#496 = CYLINDRICAL_SURFACE ( 'NONE', #3140, 3.000000000000002700 ) ;
#497 = DIRECTION ( 'NONE',  ( 1.000000000000000000, 0.0000000000000000000, 0.0000000000000000000 ) ) ;
#498 = DIRECTION ( 'NONE',  ( -0.0000000000000000000, -0.0000000000000000000, -1.000000000000000000 ) ) ;
#499 = ADVANCED_FACE ( 'NONE', ( #8903 ), #4957, .T. ) ;
#500 = CARTESIAN_POINT ( 'NONE',  ( 28.20000000000000300, -31.19999999999999200, -58.75000000000000000 ) ) ;
#501 = DIRECTION ( 'NONE',  ( -1.000000000000000000, 0.0000000000000000000, 0.0000000000000000000 ) ) ;
#502 = AXIS2_PLACEMENT_3D ( 'NONE', #8182, #9135, #5536 ) ;
#503 = FILL_AREA_STYLE ('',( #4538 ) ) ;
#504 = ORIENTED_EDGE ( 'NONE', *, *, #2881, .F. ) ;
#505 = ORIENTED_EDGE ( 'NONE', *, *, #6918, .F. ) ;
#506 = FACE_OUTER_BOUND ( 'NONE', #10184, .T. ) ;
#507 = CARTESIAN_POINT ( 'NONE',  ( 8.000000000000000000, 0.0000000000000000000, 59.59999999999996600 ) ) ;
#508 = TOROIDAL_SURFACE ( 'NONE', #893, -0.5586641917832802000, 3.308340903158649500 ) ;
#509 = EDGE_CURVE ( 'NONE', #8866, #11232, #2400, .T. ) ;
#510 = CLOSED_SHELL ( 'NONE', ( #487, #1323, #8202, #11149, #10931, #9650, #4127, #5896, #3733, #2467, #8799, #10361, #5001, #7541, #971, #9696, #665, #1863, #8366, #4788, #8254, #214, #11138, #10115, #1494, #2293, #1745, #5478, #7715, #6255, #6316, #2957, #5424, #3903, #8088, #3969, #10776, #4729, #9511, #10905, #5169, #10377, #2899, #3609, #11197, #9527, #3917, #5120, #7586, #4846, #1387, #747, #7759, #11433, #6299, #599, #2883, #5602, #8308, #2655, #8601, #5771, #2829, #3701, #9758, #6879, #450, #8668, #7834, #5995, #159, #1337 ) ) ;
#511 = CARTESIAN_POINT ( 'NONE',  ( 3.605551275463990000, 6.000000000000000000, 72.59999999999999400 ) ) ;
#512 = CARTESIAN_POINT ( 'NONE',  ( -20.09999999999998700, -38.44000000000000500, 55.99999999999999300 ) ) ;
#513 = ORIENTED_EDGE ( 'NONE', *, *, #9644, .F. ) ;
#514 = EDGE_LOOP ( 'NONE', ( #7510, #9077, #5959, #8011 ) ) ;
#515 = PRESENTATION_STYLE_ASSIGNMENT (( #5135 ) ) ;
#516 = CARTESIAN_POINT ( 'NONE',  ( -40.49999999999999300, 42.75000000000000700, 59.00000000000000000 ) ) ;
#517 = COLOUR_RGB ( '',0.2000000000000000100, 0.2000000000000000100, 0.2000000000000000100 ) ;
#518 = FACE_OUTER_BOUND ( 'NONE', #5617, .T. ) ;
#519 = CARTESIAN_POINT ( 'NONE',  ( -37.96999999999999200, 23.60000000000000100, 57.79579263126746700 ) ) ;
#520 = DIRECTION ( 'NONE',  ( -0.0000000000000000000, -0.0000000000000000000, 1.000000000000000000 ) ) ;
#521 = AXIS2_PLACEMENT_3D ( 'NONE', #9832, #4408, #721 ) ;
#522 = DIRECTION ( 'NONE',  ( 1.000000000000000000, 0.0000000000000000000, 0.0000000000000000000 ) ) ;
#523 = DIRECTION ( 'NONE',  ( -0.0000000000000000000, 0.0000000000000000000, 1.000000000000000000 ) ) ;
#524 = ORIENTED_EDGE ( 'NONE', *, *, #3357, .F. ) ;
#525 = ORIENTED_EDGE ( 'NONE', *, *, #1982, .T. ) ;
#526 = CIRCLE ( 'NONE', #147, 0.2500000000000002200 ) ;
#527 = PRESENTATION_STYLE_ASSIGNMENT (( #10858 ) ) ;
#528 = DIRECTION ( 'NONE',  ( 0.0000000000000000000, 0.0000000000000000000, 1.000000000000000000 ) ) ;
#529 = EDGE_CURVE ( 'NONE', #9213, #9140, #277, .T. ) ;
#530 = CIRCLE ( 'NONE', #8071, 3.250000000000002700 ) ;
#531 = VERTEX_POINT ( 'NONE', #9247 ) ;
#532 = EDGE_CURVE ( 'NONE', #8487, #5054, #3840, .T. ) ;
#533 = AXIS2_PLACEMENT_3D ( 'NONE', #3679, #10069, #4640 ) ;
#534 = DIRECTION ( 'NONE',  ( -1.682156097916899000E-015, -1.000000000000000000, -0.0000000000000000000 ) ) ;
#535 = UNCERTAINTY_MEASURE_WITH_UNIT (LENGTH_MEASURE( 1.000000000000000100E-005 ), #3961, 'distance_accuracy_value', 'NONE');
#536 = LINE ( 'NONE', #8698, #3539 ) ;
#537 = VERTEX_POINT ( 'NONE', #11091 ) ;
#538 =( LENGTH_UNIT ( ) NAMED_UNIT ( * ) SI_UNIT ( .MILLI., .METRE. ) );
#539 = CARTESIAN_POINT ( 'NONE',  ( 40.46999999999999200, -23.60000000000000100, 56.75896736903245500 ) ) ;
#540 = DIRECTION ( 'NONE',  ( -1.000000000000000000, -0.0000000000000000000, 0.0000000000000000000 ) ) ;
#541 = FACE_OUTER_BOUND ( 'NONE', #8277, .T. ) ;
#542 = PRESENTATION_LAYER_ASSIGNMENT (  '', '', ( #2305 ) ) ;
#543 = ORIENTED_EDGE ( 'NONE', *, *, #9315, .F. ) ;
#544 = EDGE_CURVE ( 'NONE', #2628, #8005, #11783, .T. ) ;
#545 = ADVANCED_FACE ( 'NONE', ( #2704 ), #7479, .F. ) ;
#546 = ORIENTED_EDGE ( 'NONE', *, *, #4749, .T. ) ;
#547 = ORIENTED_EDGE ( 'NONE', *, *, #9920, .F. ) ;
#548 = DIRECTION ( 'NONE',  ( 3.491481338843133400E-015, -1.000000000000000000, 0.0000000000000000000 ) ) ;
#549 = AXIS2_PLACEMENT_3D ( 'NONE', #7213, #908, #1817 ) ;
#550 = VERTEX_POINT ( 'NONE', #7710 ) ;
#551 = STYLED_ITEM ( 'NONE', ( #10524 ), #11552 ) ;
#552 = VECTOR ( 'NONE', #9125, 1000.000000000000000 ) ;
#553 = CARTESIAN_POINT ( 'NONE',  ( 22.92686084100504100, 40.47000000000024000, 56.83614593112133000 ) ) ;
#554 = DIRECTION ( 'NONE',  ( 0.0000000000000000000, 0.0000000000000000000, -1.000000000000000000 ) ) ;
#555 = CARTESIAN_POINT ( 'NONE',  ( 38.44000000000001200, -23.09999999999998700, 48.00000000000000000 ) ) ;
#556 = ADVANCED_FACE ( 'NONE', ( #2116 ), #2266, .F. ) ;
#557 = ORIENTED_EDGE ( 'NONE', *, *, #9406, .T. ) ;
#558 = CARTESIAN_POINT ( 'NONE',  ( 36.50000000000000000, 4.469960816887838400E-015, 60.59999999999999400 ) ) ;
#559 = EDGE_CURVE ( 'NONE', #8068, #3474, #3161, .T. ) ;
#560 = DIRECTION ( 'NONE',  ( 1.000000000000000000, 0.0000000000000000000, 0.0000000000000000000 ) ) ;
#561 = EDGE_LOOP ( 'NONE', ( #6548, #10503, #6516, #4321 ) ) ;
#562 = ORIENTED_EDGE ( 'NONE', *, *, #5889, .F. ) ;
#563 = DIRECTION ( 'NONE',  ( 1.000000000000000000, -0.0000000000000000000, -0.0000000000000000000 ) ) ;
#564 = CARTESIAN_POINT ( 'NONE',  ( -31.54999999999997900, -34.80000000000000400, 58.75000000000000000 ) ) ;
#565 = DIRECTION ( 'NONE',  ( -1.000000000000000000, 0.0000000000000000000, 0.0000000000000000000 ) ) ;
#566 = DIRECTION ( 'NONE',  ( -1.000000000000000000, -3.491481338843133400E-015, 0.0000000000000000000 ) ) ;
#567 = ORIENTED_EDGE ( 'NONE', *, *, #11301, .F. ) ;
#568 = AXIS2_PLACEMENT_3D ( 'NONE', #342, #4732, #218 ) ;
#569 = FACE_BOUND ( 'NONE', #7826, .T. ) ;
#570 = DIRECTION ( 'NONE',  ( 1.000000000000000000, -3.016910393003141700E-015, 0.0000000000000000000 ) ) ;
#571 = DIRECTION ( 'NONE',  ( 0.0000000000000000000, -0.0000000000000000000, -1.000000000000000000 ) ) ;
#572 = ORIENTED_EDGE ( 'NONE', *, *, #3247, .F. ) ;
#573 = FACE_BOUND ( 'NONE', #7760, .T. ) ;
#574 = EDGE_CURVE ( 'NONE', #2761, #1283, #8054, .T. ) ;
#575 = CARTESIAN_POINT ( 'NONE',  ( 36.46999999999999900, -23.60000000000000100, 56.49999999999999300 ) ) ;
#576 = FILL_AREA_STYLE ('',( #7883 ) ) ;
#577 = DIRECTION ( 'NONE',  ( -1.000000000000000000, 0.0000000000000000000, 0.0000000000000000000 ) ) ;
#578 = EDGE_LOOP ( 'NONE', ( #7932, #6292, #7489, #1957 ) ) ;
#579 = FACE_OUTER_BOUND ( 'NONE', #1415, .T. ) ;
#580 = ORIENTED_EDGE ( 'NONE', *, *, #9181, .F. ) ;
#581 = CARTESIAN_POINT ( 'NONE',  ( -38.38420073837013300, 21.10000000000000100, 56.83639580559808000 ) ) ;
#582 = CIRCLE ( 'NONE', #8883, 1.500000000000001300 ) ;
#583 = VERTEX_POINT ( 'NONE', #9483 ) ;
#584 = VECTOR ( 'NONE', #2952, 1000.000000000000000 ) ;
#585 = STYLED_ITEM ( 'NONE', ( #1815 ), #8254 ) ;
#586 = CARTESIAN_POINT ( 'NONE',  ( 31.20000000000000600, -31.19999999999999200, 48.00000000000000000 ) ) ;
#587 = DIRECTION ( 'NONE',  ( 1.000000000000000000, 0.0000000000000000000, 0.0000000000000000000 ) ) ;
#588 = VERTEX_POINT ( 'NONE', #11324 ) ;
#589 = EDGE_CURVE ( 'NONE', #10498, #1271, #7749, .T. ) ;
#590 = EDGE_CURVE ( 'NONE', #1363, #2634, #10486, .T. ) ;
#591 = ORIENTED_EDGE ( 'NONE', *, *, #7202, .F. ) ;
#592 = ORIENTED_EDGE ( 'NONE', *, *, #8150, .F. ) ;
#593 = FACE_OUTER_BOUND ( 'NONE', #4805, .T. ) ;
#594 = DIRECTION ( 'NONE',  ( 0.0000000000000000000, 0.0000000000000000000, 1.000000000000000000 ) ) ;
#595 = EDGE_CURVE ( 'NONE', #5746, #7165, #11475, .T. ) ;
#596 = MECHANICAL_DESIGN_GEOMETRIC_PRESENTATION_REPRESENTATION (  '', ( #1209 ), #6289 ) ;
#597 = DIRECTION ( 'NONE',  ( -0.0000000000000000000, -0.0000000000000000000, 1.000000000000000000 ) ) ;
#598 = EDGE_CURVE ( 'NONE', #6070, #11317, #424, .T. ) ;
#599 = ADVANCED_FACE ( 'NONE', ( #3551 ), #4807, .T. ) ;
#600 = MECHANICAL_DESIGN_GEOMETRIC_PRESENTATION_REPRESENTATION (  '', ( #7701 ), #9556 ) ;
#601 = FILL_AREA_STYLE ('',( #8827 ) ) ;
#602 = FACE_OUTER_BOUND ( 'NONE', #7326, .T. ) ;
#603 = ORIENTED_EDGE ( 'NONE', *, *, #10984, .F. ) ;
#604 = DIRECTION ( 'NONE',  ( 1.000000000000000000, 0.0000000000000000000, 0.0000000000000000000 ) ) ;
#605 = VECTOR ( 'NONE', #3482, 1000.000000000000000 ) ;
#606 = AXIS2_PLACEMENT_3D ( 'NONE', #7110, #1816, #8057 ) ;
#607 = DIRECTION ( 'NONE',  ( 0.0000000000000000000, -1.000000000000000000, 0.0000000000000000000 ) ) ;
#608 = EDGE_CURVE ( 'NONE', #2290, #2415, #11633, .T. ) ;
#609 = CARTESIAN_POINT ( 'NONE',  ( 0.0000000000000000000, 0.0000000000000000000, 59.59999999999996600 ) ) ;
#610 = UNCERTAINTY_MEASURE_WITH_UNIT (LENGTH_MEASURE( 1.000000000000000100E-005 ), #3485, 'distance_accuracy_value', 'NONE');
#611 = FILL_AREA_STYLE ('',( #10107 ) ) ;
#612 = ADVANCED_FACE ( 'NONE', ( #5641 ), #5509, .T. ) ;
#613 = CARTESIAN_POINT ( 'NONE',  ( -40.27699418005302300, 22.59999999999999400, 57.00187174722583400 ) ) ;
#614 = PRESENTATION_STYLE_ASSIGNMENT (( #798 ) ) ;
#615 = ORIENTED_EDGE ( 'NONE', *, *, #8348, .F. ) ;
#616 = CARTESIAN_POINT ( 'NONE',  ( -26.09999999999998700, -42.74999999999999300, 55.99999999999999300 ) ) ;
#617 = CARTESIAN_POINT ( 'NONE',  ( 23.09999999999999400, 38.44000000000001200, 55.74999999999999300 ) ) ;
#618 = AXIS2_PLACEMENT_3D ( 'NONE', #7493, #11141, #9457 ) ;
#619 = TOROIDAL_SURFACE ( 'NONE', #4728, 2.750000000000002700, 0.2500000000000000000 ) ;
#620 =( NAMED_UNIT ( * ) SI_UNIT ( $, .STERADIAN. ) SOLID_ANGLE_UNIT ( ) );
#621 = CYLINDRICAL_SURFACE ( 'NONE', #11727, 0.2500000000000002200 ) ;
#622 = MECHANICAL_DESIGN_GEOMETRIC_PRESENTATION_REPRESENTATION (  '', ( #8887 ), #6074 ) ;
#623 = CARTESIAN_POINT ( 'NONE',  ( 22.59999999999957500, 40.47000000000025500, 56.49999999999999300 ) ) ;
#624 = CARTESIAN_POINT ( 'NONE',  ( 40.49999999999999300, 40.50000000000000700, 48.00000000000000000 ) ) ;
#625 = CARTESIAN_POINT ( 'NONE',  ( -38.46999999999999200, 20.60000000000000100, 55.99999999999999300 ) ) ;
#626 = AXIS2_PLACEMENT_3D ( 'NONE', #1096, #8306, #5748 ) ;
#627 = CARTESIAN_POINT ( 'NONE',  ( -21.09999999999987000, -38.97000000000007000, 56.49999999999999300 ) ) ;
#628 = ORIENTED_EDGE ( 'NONE', *, *, #4153, .F. ) ;
#629 = VERTEX_POINT ( 'NONE', #943 ) ;
#630 = CYLINDRICAL_SURFACE ( 'NONE', #4260, 0.2500000000000002200 ) ;
#631 = TOROIDAL_SURFACE ( 'NONE', #11267, 2.999999999999999100, 0.2500000000000000000 ) ;
#632 = EDGE_CURVE ( 'NONE', #6333, #1423, #9191, .T. ) ;
#633 = DIRECTION ( 'NONE',  ( -3.690901012716611600E-016, 1.000000000000000000, 0.0000000000000000000 ) ) ;
#634 = VECTOR ( 'NONE', #11004, 1000.000000000000000 ) ;
#635 = DIRECTION ( 'NONE',  ( -0.0000000000000000000, -0.0000000000000000000, 1.000000000000000000 ) ) ;
#636 = DIRECTION ( 'NONE',  ( 1.000000000000000000, 0.0000000000000000000, 0.0000000000000000000 ) ) ;
#637 =( GEOMETRIC_REPRESENTATION_CONTEXT ( 3 ) GLOBAL_UNCERTAINTY_ASSIGNED_CONTEXT ( ( #267 ) ) GLOBAL_UNIT_ASSIGNED_CONTEXT ( ( #2288, #2251, #6626 ) ) REPRESENTATION_CONTEXT ( 'NONE', 'WORKASPACE' ) );
#638 = ORIENTED_EDGE ( 'NONE', *, *, #9136, .F. ) ;
#639 = EDGE_LOOP ( 'NONE', ( #6766, #11022, #2338, #9560 ) ) ;
#640 = DIRECTION ( 'NONE',  ( -1.000000000000000000, 1.521687259628777600E-015, 0.0000000000000000000 ) ) ;
#641 = SURFACE_STYLE_FILL_AREA ( #503 ) ;
#642 = CARTESIAN_POINT ( 'NONE',  ( 37.96999999999999200, -24.90820812999051300, 57.00034395000822900 ) ) ;
#643 = DIRECTION ( 'NONE',  ( -2.426409427678566000E-014, -1.000000000000000000, 0.0000000000000000000 ) ) ;
#644 = DIRECTION ( 'NONE',  ( -1.224646799147353200E-016, 1.000000000000000000, 0.0000000000000000000 ) ) ;
#645 = CYLINDRICAL_SURFACE ( 'NONE', #6105, 3.000000000000002700 ) ;
#646 = DIRECTION ( 'NONE',  ( 1.000000000000000000, -0.0000000000000000000, 0.0000000000000000000 ) ) ;
#647 = B_SPLINE_CURVE_WITH_KNOTS ( 'NONE', 3,
 ( #1933, #3778, #238, #4663, #9326, #11017 ),
 .UNSPECIFIED., .F., .F.,
 ( 4, 2, 4 ),
 ( 0.01191150001962903300, 0.01241480646923356900, 0.01291811291883810700 ),
 .UNSPECIFIED. ) ;
#648 = CARTESIAN_POINT ( 'NONE',  ( -42.99999999999999300, -25.20000000000001000, -59.00000000000000000 ) ) ;
#649 = EDGE_CURVE ( 'NONE', #3932, #8997, #6915, .T. ) ;
#650 = ORIENTED_EDGE ( 'NONE', *, *, #3769, .T. ) ;
#651 = EDGE_LOOP ( 'NONE', ( #10789, #7187, #385, #1890 ) ) ;
#652 = PRESENTATION_STYLE_ASSIGNMENT (( #6946 ) ) ;
#653 = CARTESIAN_POINT ( 'NONE',  ( 31.20000000000000300, 28.19999999999999600, -48.00000000000000000 ) ) ;
#654 = VECTOR ( 'NONE', #2493, 1000.000000000000000 ) ;
#655 = SURFACE_STYLE_USAGE ( .BOTH. , #5042 ) ;
#656 = VECTOR ( 'NONE', #6478, 1000.000000000000000 ) ;
#657 = ORIENTED_EDGE ( 'NONE', *, *, #9673, .F. ) ;
#658 = FILL_AREA_STYLE_COLOUR ( '', #47 ) ;
#659 = DIRECTION ( 'NONE',  ( 1.000000000000000000, 0.0000000000000000000, 0.0000000000000000000 ) ) ;
#660 = AXIS2_PLACEMENT_3D ( 'NONE', #7550, #9318, #2926 ) ;
#661 = DIRECTION ( 'NONE',  ( -0.0000000000000000000, -0.0000000000000000000, -1.000000000000000000 ) ) ;
#662 = CARTESIAN_POINT ( 'NONE',  ( 23.09999999999998000, 38.44000000000000500, 56.24999999999999300 ) ) ;
#663 = CARTESIAN_POINT ( 'NONE',  ( 38.43999999999999800, -23.09999999999998700, 58.75000000000000000 ) ) ;
#664 = SURFACE_SIDE_STYLE ('',( #2232 ) ) ;
#665 = ADVANCED_FACE ( 'NONE', ( #4396 ), #6193, .F. ) ;
#666 = VERTEX_POINT ( 'NONE', #1810 ) ;
#667 = ORIENTED_EDGE ( 'NONE', *, *, #8427, .F. ) ;
#668 = CIRCLE ( 'NONE', #5969, 3.000000000000002700 ) ;
#669 = CARTESIAN_POINT ( 'NONE',  ( 0.0000000000000000000, 0.0000000000000000000, 2.099999999999963200 ) ) ;
#670 = CIRCLE ( 'NONE', #4638, 2.999999999999999100 ) ;
#671 = EDGE_CURVE ( 'NONE', #10802, #2582, #1413, .T. ) ;
#672 = DIRECTION ( 'NONE',  ( 0.0000000000000000000, 0.0000000000000000000, -1.000000000000000000 ) ) ;
#673 = FILL_AREA_STYLE ('',( #7068 ) ) ;
#674 = ORIENTED_EDGE ( 'NONE', *, *, #9961, .T. ) ;
#675 = CARTESIAN_POINT ( 'NONE',  ( 34.79999999999999000, 34.79999999999999700, 58.75000000000000000 ) ) ;
#676 = DIRECTION ( 'NONE',  ( -1.000000000000000000, 0.0000000000000000000, -0.0000000000000000000 ) ) ;
#677 = CARTESIAN_POINT ( 'NONE',  ( 34.80000000000000400, -34.79999999999998300, 59.00000000000000000 ) ) ;
#678 = AXIS2_PLACEMENT_3D ( 'NONE', #3259, #9585, #10582 ) ;
#679 = ORIENTED_EDGE ( 'NONE', *, *, #11350, .F. ) ;
#680 = VERTEX_POINT ( 'NONE', #2614 ) ;
#681 = ADVANCED_FACE ( 'NONE', ( #7049 ), #8745, .T. ) ;
#682 = SURFACE_SIDE_STYLE ('',( #4367 ) ) ;
#683 = CYLINDRICAL_SURFACE ( 'NONE', #8904, 1.249999999999997600 ) ;
#684 = ORIENTED_EDGE ( 'NONE', *, *, #3910, .F. ) ;
#685 = DIRECTION ( 'NONE',  ( -1.000000000000000000, -4.130293990420970400E-016, 0.0000000000000000000 ) ) ;
#686 = DIRECTION ( 'NONE',  ( -1.000000000000000000, 0.0000000000000000000, 0.0000000000000000000 ) ) ;
#687 = UNCERTAINTY_MEASURE_WITH_UNIT (LENGTH_MEASURE( 1.000000000000000100E-005 ), #4029, 'distance_accuracy_value', 'NONE');
#688 = DIRECTION ( 'NONE',  ( 1.000000000000000000, 0.0000000000000000000, 0.0000000000000000000 ) ) ;
#689 = EDGE_CURVE ( 'NONE', #166, #9768, #941, .T. ) ;
#690 = ORIENTED_EDGE ( 'NONE', *, *, #10572, .F. ) ;
#691 = VERTEX_POINT ( 'NONE', #2848 ) ;
#692 = VECTOR ( 'NONE', #11158, 1000.000000000000000 ) ;
#693 = CARTESIAN_POINT ( 'NONE',  ( 40.49999999999999300, 40.50000000000000700, 58.75000000000000000 ) ) ;
#694 = AXIS2_PLACEMENT_3D ( 'NONE', #7990, #3512, #4382 ) ;
#695 = VECTOR ( 'NONE', #11014, 1000.000000000000000 ) ;
#696 = EDGE_CURVE ( 'NONE', #10920, #4643, #10175, .T. ) ;
#697 = ORIENTED_EDGE ( 'NONE', *, *, #1528, .F. ) ;
#698 = AXIS2_PLACEMENT_3D ( 'NONE', #3047, #4906, #7527 ) ;
#699 = CARTESIAN_POINT ( 'NONE',  ( -31.19999999999998900, 31.19999999999999600, -58.75000000000000000 ) ) ;
#700 = FILL_AREA_STYLE_COLOUR ( '', #360 ) ;
#701 = CARTESIAN_POINT ( 'NONE',  ( -38.43999999999999800, 26.34999999999999100, 56.24999999999999300 ) ) ;
#702 = FACE_OUTER_BOUND ( 'NONE', #4490, .T. ) ;
#703 = DIRECTION ( 'NONE',  ( -1.613696256722611400E-016, 1.000000000000000000, 0.0000000000000000000 ) ) ;
#704 = DIRECTION ( 'NONE',  ( 0.0000000000000000000, 1.000000000000000000, 0.0000000000000000000 ) ) ;
#705 = ORIENTED_EDGE ( 'NONE', *, *, #1452, .T. ) ;
#706 = AXIS2_PLACEMENT_3D ( 'NONE', #7173, #8085, #2694 ) ;
#707 = PLANE ( 'NONE',  #1663 ) ;
#708 = DIRECTION ( 'NONE',  ( 1.000000000000000000, 0.0000000000000000000, 0.0000000000000000000 ) ) ;
#709 = VECTOR ( 'NONE', #9286, 1000.000000000000000 ) ;
#710 = EDGE_CURVE ( 'NONE', #5935, #10811, #2253, .T. ) ;
#711 = EDGE_LOOP ( 'NONE', ( #5716, #8652, #9962, #2543, #5476 ) ) ;
#712 = ORIENTED_EDGE ( 'NONE', *, *, #4274, .F. ) ;
#713 = DIRECTION ( 'NONE',  ( 1.000000000000000000, 0.0000000000000000000, 0.0000000000000000000 ) ) ;
#714 = DIRECTION ( 'NONE',  ( 1.000000000000000000, 0.0000000000000000000, 0.0000000000000000000 ) ) ;
#715 = PRODUCT_RELATED_PRODUCT_CATEGORY ( 'part', '', ( #1479 ) ) ;
#716 = VERTEX_POINT ( 'NONE', #225 ) ;
#717 = CARTESIAN_POINT ( 'NONE',  ( 5.999999999999999100, -3.605551275463990500, 72.59999999999999400 ) ) ;
#718 = ORIENTED_EDGE ( 'NONE', *, *, #7248, .T. ) ;
#719 = CARTESIAN_POINT ( 'NONE',  ( 22.59999999999957500, 40.47000000000025500, 56.75896736903245500 ) ) ;
#720 = CARTESIAN_POINT ( 'NONE',  ( -34.79999999999999700, 34.79999999999999000, 58.75000000000000000 ) ) ;
#721 = DIRECTION ( 'NONE',  ( 0.0000000000000000000, 0.0000000000000000000, 1.000000000000000000 ) ) ;
#722 = VERTEX_POINT ( 'NONE', #2885 ) ;
#723 = EDGE_LOOP ( 'NONE', ( #2842, #4264, #5971, #8587 ) ) ;
#724 = SURFACE_SIDE_STYLE ('',( #8578 ) ) ;
#725 = EDGE_CURVE ( 'NONE', #6324, #2934, #1827, .T. ) ;
#726 = ORIENTED_EDGE ( 'NONE', *, *, #3143, .T. ) ;
#727 = CARTESIAN_POINT ( 'NONE',  ( 37.96999999999999900, -21.51708127956469600, 57.21345909932559700 ) ) ;
#728 = DIRECTION ( 'NONE',  ( 0.0000000000000000000, 0.0000000000000000000, -1.000000000000000000 ) ) ;
#729 = CIRCLE ( 'NONE', #1680, 1.250000000000001100 ) ;
#730 = CARTESIAN_POINT ( 'NONE',  ( 25.20000000000000600, -42.99999999999998600, -59.00000000000000000 ) ) ;
#731 = DIRECTION ( 'NONE',  ( 0.0000000000000000000, 0.0000000000000000000, -1.000000000000000000 ) ) ;
#732 = TOROIDAL_SURFACE ( 'NONE', #4646, 3.249999999999999600, 0.2500000000000000000 ) ;
#733 = CARTESIAN_POINT ( 'NONE',  ( -43.00000000000000000, 28.19999999999999600, 48.00000000000000000 ) ) ;
#734 = ORIENTED_EDGE ( 'NONE', *, *, #4565, .F. ) ;
#735 = LINE ( 'NONE', #1985, #317 ) ;
#736 = B_SPLINE_CURVE_WITH_KNOTS ( 'NONE', 3,
 ( #6669, #11292, #6029, #8513, #7837, #11490 ),
 .UNSPECIFIED., .F., .F.,
 ( 4, 2, 4 ),
 ( 6.938893903907228400E-018, 0.0002528233410046200000, 0.0005056466820092330500 ),
 .UNSPECIFIED. ) ;
#737 = CARTESIAN_POINT ( 'NONE',  ( 23.09999999999998000, 42.75000000000000700, 55.74999999999999300 ) ) ;
#738 = DIRECTION ( 'NONE',  ( -1.000000000000000000, 0.0000000000000000000, 0.0000000000000000000 ) ) ;
#739 = AXIS2_PLACEMENT_3D ( 'NONE', #11260, #1222, #7531 ) ;
#740 = VERTEX_POINT ( 'NONE', #11082 ) ;
#741 =( NAMED_UNIT ( * ) PLANE_ANGLE_UNIT ( ) SI_UNIT ( $, .RADIAN. ) );
#742 = CIRCLE ( 'NONE', #10177, 2.999999999999999100 ) ;
#743 = ORIENTED_EDGE ( 'NONE', *, *, #5667, .F. ) ;
#744 = CARTESIAN_POINT ( 'NONE',  ( -39.99999999999998600, -28.20000000000001000, -48.00000000000000000 ) ) ;
#745 = EDGE_CURVE ( 'NONE', #5054, #2582, #129, .T. ) ;
#746 = ORIENTED_EDGE ( 'NONE', *, *, #3779, .F. ) ;
#747 = ADVANCED_FACE ( 'NONE', ( #9465 ), #3825, .T. ) ;
#748 = PRESENTATION_STYLE_ASSIGNMENT (( #7273 ) ) ;
#749 = CARTESIAN_POINT ( 'NONE',  ( -40.47000000000002000, 22.59999999999999800, 56.75896736903245500 ) ) ;
#750 = DIRECTION ( 'NONE',  ( 0.0000000000000000000, 0.0000000000000000000, -1.000000000000000000 ) ) ;
#751 = CARTESIAN_POINT ( 'NONE',  ( 38.96999999999999200, -24.90699418005300500, 57.00187174722587700 ) ) ;
#752 = CIRCLE ( 'NONE', #5837, 0.2500000000000002200 ) ;
#753 = AXIS2_PLACEMENT_3D ( 'NONE', #8991, #7302, #5500 ) ;
#754 = ORIENTED_EDGE ( 'NONE', *, *, #7005, .T. ) ;
#755 = DIRECTION ( 'NONE',  ( -1.000000000000000000, 3.016910393003141700E-015, 0.0000000000000000000 ) ) ;
#756 = CARTESIAN_POINT ( 'NONE',  ( -19.84999999999998700, -38.44000000000000500, 55.99999999999999300 ) ) ;
#757 = CIRCLE ( 'NONE', #8188, 3.308340903158652100 ) ;
#758 = SURFACE_SIDE_STYLE ('',( #5977 ) ) ;
#759 = CARTESIAN_POINT ( 'NONE',  ( -23.09999999999997700, -38.44000000000001200, 48.00000000000000000 ) ) ;
#760 = FILL_AREA_STYLE ('',( #11669 ) ) ;
#761 = DIRECTION ( 'NONE',  ( 1.108712219367988300E-016, 3.871048024070685300E-031, -1.000000000000000000 ) ) ;
#762 = AXIS2_PLACEMENT_3D ( 'NONE', #4860, #5802, #4744 ) ;
#763 = LINE ( 'NONE', #5298, #10109 ) ;
#764 = ORIENTED_EDGE ( 'NONE', *, *, #9096, .F. ) ;
#765 = CYLINDRICAL_SURFACE ( 'NONE', #6440, 0.2500000000000002200 ) ;
#766 = DIRECTION ( 'NONE',  ( 0.0000000000000000000, 0.0000000000000000000, 1.000000000000000000 ) ) ;
#767 = LINE ( 'NONE', #11045, #11702 ) ;
#768 = FACE_OUTER_BOUND ( 'NONE', #11623, .T. ) ;
#769 = AXIS2_PLACEMENT_3D ( 'NONE', #7638, #2409, #10458 ) ;
#770 = DIRECTION ( 'NONE',  ( 1.000000000000000000, 0.0000000000000000000, 0.0000000000000000000 ) ) ;
#771 = DIRECTION ( 'NONE',  ( 0.0000000000000000000, -0.0000000000000000000, 1.000000000000000000 ) ) ;
#772 = EDGE_CURVE ( 'NONE', #2290, #7253, #4656, .T. ) ;
#773 = CARTESIAN_POINT ( 'NONE',  ( 7.000000000000000000, 0.0000000000000000000, 2.099999999999963200 ) ) ;
#774 = CARTESIAN_POINT ( 'NONE',  ( 23.09999999999998000, 38.44000000000000500, 58.75000000000000000 ) ) ;
#775 = CARTESIAN_POINT ( 'NONE',  ( 38.46999999999999200, -21.10000000000000500, 56.83639580559806600 ) ) ;
#776 = ORIENTED_EDGE ( 'NONE', *, *, #1313, .F. ) ;
#777 = CIRCLE ( 'NONE', #7402, 1.250000000000001100 ) ;
#778 = VECTOR ( 'NONE', #1559, 1000.000000000000000 ) ;
#779 = AXIS2_PLACEMENT_3D ( 'NONE', #11187, #7581, #5658 ) ;
#780 = EDGE_CURVE ( 'NONE', #3541, #6210, #1535, .T. ) ;
#781 = VERTEX_POINT ( 'NONE', #2780 ) ;
#782 = SURFACE_STYLE_USAGE ( .BOTH. , #1562 ) ;
#783 = DIRECTION ( 'NONE',  ( 0.0000000000000000000, -0.0000000000000000000, -1.000000000000000000 ) ) ;
#784 = CARTESIAN_POINT ( 'NONE',  ( -39.99999999999999300, 28.19999999999999600, -59.00000000000000000 ) ) ;
#785 = STYLED_ITEM ( 'NONE', ( #8932 ), #5169 ) ;
#786 = DIRECTION ( 'NONE',  ( 1.000000000000000000, 0.0000000000000000000, 0.0000000000000000000 ) ) ;
#787 = VERTEX_POINT ( 'NONE', #10117 ) ;
#788 = ORIENTED_EDGE ( 'NONE', *, *, #11717, .F. ) ;
#789 = CONICAL_SURFACE ( 'NONE', #4956, 8.000000000000000000, 0.7853981633974447300 ) ;
#790 = ADVANCED_FACE ( 'NONE', ( #7896 ), #4693, .F. ) ;
#791 = CARTESIAN_POINT ( 'NONE',  ( 38.43999999999999800, -23.09999999999998700, 58.75000000000000000 ) ) ;
#792 = DIRECTION ( 'NONE',  ( 0.0000000000000000000, 0.0000000000000000000, 1.000000000000000000 ) ) ;
#793 = DIRECTION ( 'NONE',  ( 1.000000000000000000, 0.0000000000000000000, 0.0000000000000000000 ) ) ;
#794 = CARTESIAN_POINT ( 'NONE',  ( 23.09999999999999400, 38.44000000000001200, 55.74999999999999300 ) ) ;
#795 = EDGE_CURVE ( 'NONE', #266, #9060, #10909, .T. ) ;
#796 = FILL_AREA_STYLE_COLOUR ( '', #5705 ) ;
#797 = VERTEX_POINT ( 'NONE', #3694 ) ;
#798 = SURFACE_STYLE_USAGE ( .BOTH. , #3585 ) ;
#799 = ORIENTED_EDGE ( 'NONE', *, *, #9055, .T. ) ;
#800 = VECTOR ( 'NONE', #2661, 1000.000000000000000 ) ;
#801 = CARTESIAN_POINT ( 'NONE',  ( -21.59999999999997700, -38.44000000000001200, 48.00000000000000000 ) ) ;
#802 = PRESENTATION_STYLE_ASSIGNMENT (( #296 ) ) ;
#803 = ADVANCED_FACE ( 'NONE', ( #7737 ), #8039, .T. ) ;
#804 = VERTEX_POINT ( 'NONE', #10968 ) ;
#805 = DIRECTION ( 'NONE',  ( 0.0000000000000000000, 0.0000000000000000000, -1.000000000000000000 ) ) ;
#806 = AXIS2_PLACEMENT_3D ( 'NONE', #7830, #10492, #8750 ) ;
#807 = CARTESIAN_POINT ( 'NONE',  ( 37.96999999999999900, -22.30130848654233200, 57.70833027779985300 ) ) ;
#808 = CARTESIAN_POINT ( 'NONE',  ( 28.20000000000000300, 31.19999999999999600, -48.00000000000000000 ) ) ;
#809 = PLANE ( 'NONE',  #7844 ) ;
#810 = CARTESIAN_POINT ( 'NONE',  ( 21.84999999999999400, 38.44000000000001200, 48.25000000000000000 ) ) ;
#811 = VERTEX_POINT ( 'NONE', #10362 ) ;
#812 = TOROIDAL_SURFACE ( 'NONE', #8610, 36.75000000000000000, 0.2500000000000000000 ) ;
#813 = CARTESIAN_POINT ( 'NONE',  ( 27.95000000000001000, -39.99999999999997900, -59.00000000000000000 ) ) ;
#814 = EDGE_CURVE ( 'NONE', #3888, #8786, #6357, .T. ) ;
#815 = DIRECTION ( 'NONE',  ( 1.000000000000000000, 0.0000000000000000000, 0.0000000000000000000 ) ) ;
#816 = ORIENTED_EDGE ( 'NONE', *, *, #544, .F. ) ;
#817 = EDGE_LOOP ( 'NONE', ( #8889, #5304, #2096, #10356 ) ) ;
#818 = VECTOR ( 'NONE', #1907, 1000.000000000000000 ) ;
#819 = CIRCLE ( 'NONE', #11173, 2.250000000000001800 ) ;
#820 = DIRECTION ( 'NONE',  ( 0.0000000000000000000, 0.0000000000000000000, -1.000000000000000000 ) ) ;
#821 = AXIS2_PLACEMENT_3D ( 'NONE', #5517, #11047, #112 ) ;
#822 = SURFACE_STYLE_FILL_AREA ( #1320 ) ;
#823 = EDGE_LOOP ( 'NONE', ( #3082, #3502, #4571, #10471, #11143, #3537, #10483, #6611, #7578, #6223, #5668, #8752 ) ) ;
#824 = EDGE_CURVE ( 'NONE', #8724, #367, #10619, .T. ) ;
#825 = CARTESIAN_POINT ( 'NONE',  ( -34.79999999999999700, 34.79999999999999000, 58.75000000000000000 ) ) ;
#826 = EDGE_CURVE ( 'NONE', #6384, #8100, #3106, .T. ) ;
#827 = LINE ( 'NONE', #5189, #2966 ) ;
#828 = DIRECTION ( 'NONE',  ( 0.0000000000000000000, -0.0000000000000000000, -1.000000000000000000 ) ) ;
#829 = FILL_AREA_STYLE ('',( #6247 ) ) ;
#830 = ORIENTED_EDGE ( 'NONE', *, *, #5471, .T. ) ;
#831 = DIRECTION ( 'NONE',  ( -0.0000000000000000000, -1.000000000000000000, -0.0000000000000000000 ) ) ;
#832 =( NAMED_UNIT ( * ) SI_UNIT ( $, .STERADIAN. ) SOLID_ANGLE_UNIT ( ) );
#833 = FACE_OUTER_BOUND ( 'NONE', #8440, .T. ) ;
#834 = ORIENTED_EDGE ( 'NONE', *, *, #1656, .T. ) ;
#835 = CARTESIAN_POINT ( 'NONE',  ( 19.59999999999999400, 42.75000000000000700, 58.75000000000000000 ) ) ;
#836 = CARTESIAN_POINT ( 'NONE',  ( 21.51406637999227600, 38.97000000000021900, 57.21087685217725700 ) ) ;
#837 = AXIS2_PLACEMENT_3D ( 'NONE', #7218, #8064, #2588 ) ;
#838 = DIRECTION ( 'NONE',  ( 0.0000000000000000000, -0.0000000000000000000, 1.000000000000000000 ) ) ;
#839 =( GEOMETRIC_REPRESENTATION_CONTEXT ( 3 ) GLOBAL_UNCERTAINTY_ASSIGNED_CONTEXT ( ( #535 ) ) GLOBAL_UNIT_ASSIGNED_CONTEXT ( ( #3961, #9474, #4069 ) ) REPRESENTATION_CONTEXT ( 'NONE', 'WORKASPACE' ) );
#840 = UNCERTAINTY_MEASURE_WITH_UNIT (LENGTH_MEASURE( 1.000000000000000100E-005 ), #11309, 'distance_accuracy_value', 'NONE');
#841 = VERTEX_POINT ( 'NONE', #8463 ) ;
#842 = ORIENTED_EDGE ( 'NONE', *, *, #10006, .T. ) ;
#843 = ORIENTED_EDGE ( 'NONE', *, *, #10820, .T. ) ;
#844 = CARTESIAN_POINT ( 'NONE',  ( 22.76039147670921600, 36.47000000000022600, 56.80943189897303100 ) ) ;
#845 = FACE_OUTER_BOUND ( 'NONE', #723, .T. ) ;
#846 = PRESENTATION_LAYER_ASSIGNMENT (  '', '', ( #1670 ) ) ;
#847 =( NAMED_UNIT ( * ) SI_UNIT ( $, .STERADIAN. ) SOLID_ANGLE_UNIT ( ) );
#848 = CARTESIAN_POINT ( 'NONE',  ( 43.00000000000000000, -20.09999999999999800, 55.74999999999999300 ) ) ;
#849 = DIRECTION ( 'NONE',  ( 0.0000000000000000000, 0.0000000000000000000, -1.000000000000000000 ) ) ;
#850 = EDGE_CURVE ( 'NONE', #1321, #11518, #6057, .T. ) ;
#851 = ORIENTED_EDGE ( 'NONE', *, *, #9526, .F. ) ;
#852 = AXIS2_PLACEMENT_3D ( 'NONE', #1288, #5833, #10364 ) ;
#853 = ORIENTED_EDGE ( 'NONE', *, *, #7106, .T. ) ;
#854 = EDGE_CURVE ( 'NONE', #3870, #4848, #11192, .T. ) ;
#855 = CYLINDRICAL_SURFACE ( 'NONE', #4624, 2.300000000000000700 ) ;
#856 = AXIS2_PLACEMENT_3D ( 'NONE', #8127, #2742, #1731 ) ;
#857 = ORIENTED_EDGE ( 'NONE', *, *, #11287, .F. ) ;
#858 = ORIENTED_EDGE ( 'NONE', *, *, #8706, .F. ) ;
#859 = CARTESIAN_POINT ( 'NONE',  ( -36.46999999999999900, 23.60000000000000100, 56.49999999999999300 ) ) ;
#860 = DIRECTION ( 'NONE',  ( 1.000000000000000000, 3.690901012716611600E-016, 0.0000000000000000000 ) ) ;
#861 = ADVANCED_FACE ( 'NONE', ( #5215 ), #1400, .T. ) ;
#862 = CARTESIAN_POINT ( 'NONE',  ( 34.80000000000000400, -34.79999999999998300, 59.00000000000000000 ) ) ;
#863 = DIRECTION ( 'NONE',  ( -1.000000000000000000, 0.0000000000000000000, -0.0000000000000000000 ) ) ;
#864 = CARTESIAN_POINT ( 'NONE',  ( 38.96999999999999200, -25.10000000000000500, 56.75896736903249000 ) ) ;
#865 = STYLED_ITEM ( 'NONE', ( #7976 ), #2768 ) ;
#866 = DIRECTION ( 'NONE',  ( 0.0000000000000000000, -0.0000000000000000000, 1.000000000000000000 ) ) ;
#867 = ORIENTED_EDGE ( 'NONE', *, *, #5847, .F. ) ;
#868 = EDGE_CURVE ( 'NONE', #10277, #6591, #8455, .T. ) ;
#869 = CYLINDRICAL_SURFACE ( 'NONE', #6756, 8.000000000000000000 ) ;
#870 = ORIENTED_EDGE ( 'NONE', *, *, #9949, .F. ) ;
#871 = ORIENTED_EDGE ( 'NONE', *, *, #2838, .T. ) ;
#872 = CARTESIAN_POINT ( 'NONE',  ( 28.20000000000000300, 40.00000000000000000, -48.00000000000000000 ) ) ;
#873 = DIRECTION ( 'NONE',  ( 1.000000000000000000, 0.0000000000000000000, 0.0000000000000000000 ) ) ;
#874 = ORIENTED_EDGE ( 'NONE', *, *, #2447, .T. ) ;
#875 = AXIS2_PLACEMENT_3D ( 'NONE', #11092, #235, #7436 ) ;
#876 = LINE ( 'NONE', #9932, #6811 ) ;
#877 = VERTEX_POINT ( 'NONE', #345 ) ;
#878 = COLOUR_RGB ( '',0.2000000000000000100, 0.2000000000000000100, 0.2000000000000000100 ) ;
#879 = VERTEX_POINT ( 'NONE', #1325 ) ;
#880 = CARTESIAN_POINT ( 'NONE',  ( -34.79999999999998300, -34.80000000000000400, 48.25000000000000000 ) ) ;
#881 = EDGE_CURVE ( 'NONE', #2634, #1275, #4386, .T. ) ;
#882 = ORIENTED_EDGE ( 'NONE', *, *, #10392, .F. ) ;
#883 = CARTESIAN_POINT ( 'NONE',  ( 25.09999999999960400, 37.97000000000025500, 56.75896736903245500 ) ) ;
#884 = ORIENTED_EDGE ( 'NONE', *, *, #2337, .T. ) ;
#885 = EDGE_LOOP ( 'NONE', ( #1117, #10276, #4268, #7577 ) ) ;
#886 = CARTESIAN_POINT ( 'NONE',  ( -28.19999999999998200, -31.20000000000000600, 48.00000000000000000 ) ) ;
#887 = DIRECTION ( 'NONE',  ( 1.000000000000000000, 0.0000000000000000000, 0.0000000000000000000 ) ) ;
#888 = LINE ( 'NONE', #5867, #8502 ) ;
#889 = ORIENTED_EDGE ( 'NONE', *, *, #3936, .T. ) ;
#890 = DIRECTION ( 'NONE',  ( 1.000000000000000000, 1.048696931033059200E-014, 0.0000000000000000000 ) ) ;
#891 = EDGE_LOOP ( 'NONE', ( #4931, #8195, #6542, #6561 ) ) ;
#892 = DIRECTION ( 'NONE',  ( 1.000000000000000000, 1.613696256722611400E-016, -0.0000000000000000000 ) ) ;
#893 = AXIS2_PLACEMENT_3D ( 'NONE', #5170, #5329, #1736 ) ;
#894 = DIRECTION ( 'NONE',  ( -1.000000000000000000, -3.491481338843133400E-015, 0.0000000000000000000 ) ) ;
#895 = DIRECTION ( 'NONE',  ( 0.0000000000000000000, -1.000000000000000000, 0.0000000000000000000 ) ) ;
#896 = EDGE_CURVE ( 'NONE', #6087, #7052, #6768, .T. ) ;
#897 = CARTESIAN_POINT ( 'NONE',  ( -37.96999999999998500, 21.29300581994700900, 57.00187174722588400 ) ) ;
#899 = SURFACE_STYLE_USAGE ( .BOTH. , #8965 ) ;
#898 = CONICAL_SURFACE ( 'NONE', #4568, 6.800000000000000700, 0.7853981633974331800 ) ;
#900 = VERTEX_POINT ( 'NONE', #7626 ) ;
#901 = CARTESIAN_POINT ( 'NONE',  ( -38.43999999999999800, 20.09999999999999400, 55.99999999999999300 ) ) ;
#902 = FACE_OUTER_BOUND ( 'NONE', #3160, .T. ) ;
#903 = LINE ( 'NONE', #11512, #2763 ) ;
#904 = DIRECTION ( 'NONE',  ( -0.0000000000000000000, -0.0000000000000000000, 1.000000000000000000 ) ) ;
#905 = FACE_OUTER_BOUND ( 'NONE', #7004, .T. ) ;
#906 = ORIENTED_EDGE ( 'NONE', *, *, #6250, .T. ) ;
#907 =( LENGTH_UNIT ( ) NAMED_UNIT ( * ) SI_UNIT ( .MILLI., .METRE. ) );
#908 = DIRECTION ( 'NONE',  ( 0.0000000000000000000, 0.0000000000000000000, -1.000000000000000000 ) ) ;
#909 = VECTOR ( 'NONE', #2548, 1000.000000000000000 ) ;
#910 = DIRECTION ( 'NONE',  ( -1.000000000000000000, 0.0000000000000000000, 0.0000000000000000000 ) ) ;
#911 = ORIENTED_EDGE ( 'NONE', *, *, #5314, .T. ) ;
#912 = LINE ( 'NONE', #2422, #337 ) ;
#913 = CARTESIAN_POINT ( 'NONE',  ( 0.0000000000000000000, 0.0000000000000000000, 60.59999999999999400 ) ) ;
#914 = VECTOR ( 'NONE', #860, 1000.000000000000000 ) ;
#915 = VECTOR ( 'NONE', #5984, 1000.000000000000000 ) ;
#916 = DIRECTION ( 'NONE',  ( 0.0000000000000000000, -1.000000000000000000, 0.0000000000000000000 ) ) ;
#917 = CARTESIAN_POINT ( 'NONE',  ( 22.45147248056538600, 38.97000000000022600, 57.75230104942099300 ) ) ;
#918 = CIRCLE ( 'NONE', #369, 3.000000000000002700 ) ;
#919 = AXIS2_PLACEMENT_3D ( 'NONE', #9750, #11627, #4326 ) ;
#920 = EDGE_CURVE ( 'NONE', #1145, #629, #7593, .T. ) ;
#921 = ADVANCED_FACE ( 'NONE', ( #10333 ), #5496, .F. ) ;
#922 = DIRECTION ( 'NONE',  ( 1.000000000000000000, 0.0000000000000000000, 0.0000000000000000000 ) ) ;
#923 = ORIENTED_EDGE ( 'NONE', *, *, #11642, .T. ) ;
#924 = ORIENTED_EDGE ( 'NONE', *, *, #8592, .F. ) ;
#925 = AXIS2_PLACEMENT_3D ( 'NONE', #10689, #11486, #8925 ) ;
#926 = CARTESIAN_POINT ( 'NONE',  ( 37.96999999999999200, -23.60000000000000100, 56.49999999999999300 ) ) ;
#927 = SURFACE_SIDE_STYLE ('',( #6342 ) ) ;
#928 = DIRECTION ( 'NONE',  ( -2.775557561562879400E-014, -1.000000000000000000, 0.0000000000000000000 ) ) ;
#929 = SURFACE_SIDE_STYLE ('',( #2755 ) ) ;
#930 = MECHANICAL_DESIGN_GEOMETRIC_PRESENTATION_REPRESENTATION (  '', ( #1693 ), #5778 ) ;
#931 = ORIENTED_EDGE ( 'NONE', *, *, #7118, .F. ) ;
#932 = ORIENTED_EDGE ( 'NONE', *, *, #62, .F. ) ;
#933 = CIRCLE ( 'NONE', #9011, 0.2500000000000002200 ) ;
#934 = DIRECTION ( 'NONE',  ( 0.0000000000000000000, 0.0000000000000000000, 1.000000000000000000 ) ) ;
#935 = PLANE ( 'NONE',  #5038 ) ;
#936 = FACE_OUTER_BOUND ( 'NONE', #4495, .T. ) ;
#937 = EDGE_CURVE ( 'NONE', #9480, #9505, #11620, .T. ) ;
#938 = DIRECTION ( 'NONE',  ( -1.000000000000000000, 0.0000000000000000000, 0.0000000000000000000 ) ) ;
#939 = DIRECTION ( 'NONE',  ( -1.000000000000000000, 0.0000000000000000000, 0.0000000000000000000 ) ) ;
#940 = CIRCLE ( 'NONE', #4084, 8.000000000000000000 ) ;
#941 = B_SPLINE_CURVE_WITH_KNOTS ( 'NONE', 3,
 ( #186, #5629, #1921, #9198, #8234, #5480 ),
 .UNSPECIFIED., .F., .F.,
 ( 4, 2, 4 ),
 ( 0.01191150001962889400, 0.01241480646923343600, 0.01291811291883797700 ),
 .UNSPECIFIED. ) ;
#942 = DIRECTION ( 'NONE',  ( 1.000000000000000000, 0.0000000000000000000, 0.0000000000000000000 ) ) ;
#943 = CARTESIAN_POINT ( 'NONE',  ( 22.59999999999960400, 37.97000000000022600, 57.79579263126747400 ) ) ;
#944 = CARTESIAN_POINT ( 'NONE',  ( 31.20000000000000300, 28.19999999999999600, 48.00000000000000000 ) ) ;
#945 = ORIENTED_EDGE ( 'NONE', *, *, #3936, .F. ) ;
#946 = VERTEX_POINT ( 'NONE', #9394 ) ;
#947 = FACE_OUTER_BOUND ( 'NONE', #1281, .T. ) ;
#948 = CARTESIAN_POINT ( 'NONE',  ( -25.09999999999987400, -38.13213061928726700, 56.80355594003678700 ) ) ;
#949 = LINE ( 'NONE', #6717, #6596 ) ;
#950 = ORIENTED_EDGE ( 'NONE', *, *, #9038, .F. ) ;
#951 = CARTESIAN_POINT ( 'NONE',  ( 0.0000000000000000000, 0.0000000000000000000, 97.60000000000000900 ) ) ;
#952 = EDGE_CURVE ( 'NONE', #797, #5454, #4241, .T. ) ;
#953 = DIRECTION ( 'NONE',  ( 0.0000000000000000000, 0.0000000000000000000, -1.000000000000000000 ) ) ;
#954 = PLANE ( 'NONE',  #4631 ) ;
#955 = ORIENTED_EDGE ( 'NONE', *, *, #4506, .T. ) ;
#956 = VERTEX_POINT ( 'NONE', #7466 ) ;
#957 = ORIENTED_EDGE ( 'NONE', *, *, #2078, .F. ) ;
#958 = CIRCLE ( 'NONE', #7825, 0.2500000000000002200 ) ;
#959 = AXIS2_PLACEMENT_3D ( 'NONE', #9594, #6125, #2350 ) ;
#960 = CARTESIAN_POINT ( 'NONE',  ( -21.09999999999987400, -37.97000000000006300, 56.75896736903250400 ) ) ;
#961 = DIRECTION ( 'NONE',  ( -0.0000000000000000000, -0.0000000000000000000, 1.000000000000000000 ) ) ;
#962 = ORIENTED_EDGE ( 'NONE', *, *, #559, .T. ) ;
#963 = PRESENTATION_STYLE_ASSIGNMENT (( #8153 ) ) ;
#964 = FILL_AREA_STYLE ('',( #4537 ) ) ;
#965 = LINE ( 'NONE', #9385, #4934 ) ;
#966 = EDGE_CURVE ( 'NONE', #8005, #6143, #5913, .T. ) ;
#967 = CIRCLE ( 'NONE', #6016, 9.103553390593294400 ) ;
#968 = EDGE_LOOP ( 'NONE', ( #1538, #615, #2114, #2343 ) ) ;
#969 = DIRECTION ( 'NONE',  ( 0.0000000000000000000, 0.0000000000000000000, -1.000000000000000000 ) ) ;
#970 = CARTESIAN_POINT ( 'NONE',  ( -40.49999999999997900, -42.74999999999999300, 58.75000000000000000 ) ) ;
#971 = ADVANCED_FACE ( 'NONE', ( #9764 ), #9437, .F. ) ;
#972 = DIRECTION ( 'NONE',  ( 0.0000000000000000000, -1.000000000000000000, 0.0000000000000000000 ) ) ;
#973 = DIRECTION ( 'NONE',  ( -1.000000000000000000, 0.0000000000000000000, 0.0000000000000000000 ) ) ;
#974 = CARTESIAN_POINT ( 'NONE',  ( -31.19999999999998900, 28.19999999999999600, -59.00000000000000000 ) ) ;
#975 = AXIS2_PLACEMENT_3D ( 'NONE', #7743, #2316, #2198 ) ;
#976 = DIRECTION ( 'NONE',  ( 1.000000000000000000, 0.0000000000000000000, 0.0000000000000000000 ) ) ;
#977 = DIRECTION ( 'NONE',  ( 0.0000000000000000000, 0.0000000000000000000, 1.000000000000000000 ) ) ;
#978 = VERTEX_POINT ( 'NONE', #305 ) ;
#979 = ORIENTED_EDGE ( 'NONE', *, *, #2217, .F. ) ;
#980 = VERTEX_POINT ( 'NONE', #4065 ) ;
#981 = VECTOR ( 'NONE', #6575, 1000.000000000000000 ) ;
#982 = DIRECTION ( 'NONE',  ( 0.0000000000000000000, -0.0000000000000000000, -1.000000000000000000 ) ) ;
#983 = ORIENTED_EDGE ( 'NONE', *, *, #5497, .T. ) ;
#984 = AXIS2_PLACEMENT_3D ( 'NONE', #6400, #3661, #5562 ) ;
#985 = UNCERTAINTY_MEASURE_WITH_UNIT (LENGTH_MEASURE( 1.000000000000000100E-005 ), #907, 'distance_accuracy_value', 'NONE');
#986 = DIRECTION ( 'NONE',  ( 0.0000000000000000000, 1.000000000000000000, 0.0000000000000000000 ) ) ;
#987 = VERTEX_POINT ( 'NONE', #5751 ) ;
#988 = EDGE_LOOP ( 'NONE', ( #2285, #3714, #3578, #8572 ) ) ;
#989 =( NAMED_UNIT ( * ) SI_UNIT ( $, .STERADIAN. ) SOLID_ANGLE_UNIT ( ) );
#990 = ORIENTED_EDGE ( 'NONE', *, *, #4274, .T. ) ;
#991 = VERTEX_POINT ( 'NONE', #6847 ) ;
#992 = CIRCLE ( 'NONE', #2970, 1.500000000000001300 ) ;
#993 = DIRECTION ( 'NONE',  ( -1.521687259628777600E-015, -1.000000000000000000, 0.0000000000000000000 ) ) ;
#994 = AXIS2_PLACEMENT_3D ( 'NONE', #5611, #10306, #9303 ) ;
#995 = ORIENTED_EDGE ( 'NONE', *, *, #278, .F. ) ;
#996 = ORIENTED_EDGE ( 'NONE', *, *, #1831, .F. ) ;
#997 = MECHANICAL_DESIGN_GEOMETRIC_PRESENTATION_REPRESENTATION (  '', ( #234 ), #839 ) ;
#998 = CARTESIAN_POINT ( 'NONE',  ( 31.20000000000000600, -31.19999999999999200, 48.00000000000000000 ) ) ;
#999 = EDGE_LOOP ( 'NONE', ( #10949, #8886, #2516, #6808 ) ) ;
#1000 =( GEOMETRIC_REPRESENTATION_CONTEXT ( 3 ) GLOBAL_UNCERTAINTY_ASSIGNED_CONTEXT ( ( #840 ) ) GLOBAL_UNIT_ASSIGNED_CONTEXT ( ( #11309, #5859, #3383 ) ) REPRESENTATION_CONTEXT ( 'NONE', 'WORKASPACE' ) );
#1001 = VECTOR ( 'NONE', #5877, 1000.000000000000000 ) ;
#1002 = CARTESIAN_POINT ( 'NONE',  ( 38.46999999999999200, -23.09999999999999800, 54.73916976027089700 ) ) ;
#1003 = VECTOR ( 'NONE', #6338, 1000.000000000000000 ) ;
#1004 = EDGE_CURVE ( 'NONE', #5801, #8534, #3542, .T. ) ;
#1005 = EDGE_LOOP ( 'NONE', ( #8106, #3806, #9812, #10288, #4345, #7398, #7060, #7984, #7866, #3232, #11071, #4975, #9739, #3463, #395, #906, #1642, #1638, #11348, #439, #6431, #1747, #1085, #9424 ) ) ;
#1006 = AXIS2_PLACEMENT_3D ( 'NONE', #7946, #8778, #3149 ) ;
#1007 = AXIS2_PLACEMENT_3D ( 'NONE', #7768, #3340, #4170 ) ;
#1008 = ORIENTED_EDGE ( 'NONE', *, *, #2270, .F. ) ;
#1009 = SURFACE_STYLE_USAGE ( .BOTH. , #4543 ) ;
#1010 = CIRCLE ( 'NONE', #1301, 1.500000000000001300 ) ;
#1011 = DIRECTION ( 'NONE',  ( 0.0000000000000000000, 0.0000000000000000000, -1.000000000000000000 ) ) ;
#1012 = CIRCLE ( 'NONE', #1006, 0.2500000000000002200 ) ;
#1013 = ORIENTED_EDGE ( 'NONE', *, *, #11413, .T. ) ;
#1014 = CYLINDRICAL_SURFACE ( 'NONE', #3218, 0.2500000000000002200 ) ;
#1015 = VERTEX_POINT ( 'NONE', #5032 ) ;
#1016 = CARTESIAN_POINT ( 'NONE',  ( -19.84999999999999100, -43.00000000000000000, 56.24999999999999300 ) ) ;
#1017 = CARTESIAN_POINT ( 'NONE',  ( 31.20000000000000300, 31.19999999999999600, 48.00000000000000000 ) ) ;
#1018 = MECHANICAL_DESIGN_GEOMETRIC_PRESENTATION_REPRESENTATION (  '', ( #11579 ), #1610 ) ;
#1019 = CARTESIAN_POINT ( 'NONE',  ( -26.34999999999998700, -43.00000000000000000, 58.75000000000000000 ) ) ;
#1020 = EDGE_CURVE ( 'NONE', #10995, #10001, #4943, .T. ) ;
#1021 = ORIENTED_EDGE ( 'NONE', *, *, #3812, .T. ) ;
#1022 = ORIENTED_EDGE ( 'NONE', *, *, #8972, .F. ) ;
#1023 = FACE_OUTER_BOUND ( 'NONE', #11296, .T. ) ;
#1024 = ORIENTED_EDGE ( 'NONE', *, *, #4790, .T. ) ;
#1025 = CARTESIAN_POINT ( 'NONE',  ( -1.747239518372058400E-015, 48.99999999999999300, -53.50000000000000000 ) ) ;
#1026 = ORIENTED_EDGE ( 'NONE', *, *, #9136, .T. ) ;
#1027 = FACE_OUTER_BOUND ( 'NONE', #6708, .T. ) ;
#1028 = DIRECTION ( 'NONE',  ( -0.0000000000000000000, -0.0000000000000000000, 1.000000000000000000 ) ) ;
#1029 = CARTESIAN_POINT ( 'NONE',  ( 43.00000000000000000, 28.19999999999999600, 48.00000000000000000 ) ) ;
#1030 = AXIS2_PLACEMENT_3D ( 'NONE', #5744, #11043, #9236 ) ;
#1031 = CARTESIAN_POINT ( 'NONE',  ( -37.96999999999999200, 22.60000000000000100, 57.79579263126747400 ) ) ;
#1032 = ADVANCED_FACE ( 'NONE', ( #10761 ), #4645, .F. ) ;
#1033 = ORIENTED_EDGE ( 'NONE', *, *, #9194, .T. ) ;
#1034 = DIRECTION ( 'NONE',  ( -1.000000000000000000, 0.0000000000000000000, 0.0000000000000000000 ) ) ;
#1035 = CIRCLE ( 'NONE', #7144, 9.000000000000021300 ) ;
#1036 = EDGE_CURVE ( 'NONE', #5599, #3862, #272, .T. ) ;
#1037 = FACE_OUTER_BOUND ( 'NONE', #7634, .T. ) ;
#1038 = CARTESIAN_POINT ( 'NONE',  ( -31.19999999999998200, -31.20000000000000600, 48.00000000000000000 ) ) ;
#1039 = DIRECTION ( 'NONE',  ( 0.0000000000000000000, 1.000000000000000000, -1.108712219367988300E-016 ) ) ;
#1040 = CARTESIAN_POINT ( 'NONE',  ( 38.96999999999999200, -25.10000000000000500, 56.49999999999999300 ) ) ;
#1041 = CARTESIAN_POINT ( 'NONE',  ( -13.53278131872451300, 6.000000000000000000, 72.59999999999999400 ) ) ;
#1042 = DIRECTION ( 'NONE',  ( 0.0000000000000000000, 0.0000000000000000000, -1.000000000000000000 ) ) ;
#1043 = FACE_OUTER_BOUND ( 'NONE', #6358, .T. ) ;
#1044 = AXIS2_PLACEMENT_3D ( 'NONE', #5955, #4163, #2408 ) ;
#1045 = VERTEX_POINT ( 'NONE', #8583 ) ;
#1046 = CIRCLE ( 'NONE', #8626, 7.000000000000000000 ) ;
#1047 = CARTESIAN_POINT ( 'NONE',  ( -22.92686084100532500, -40.47000000000009800, 56.83614593112135100 ) ) ;
#1048 = EDGE_CURVE ( 'NONE', #4826, #3120, #9902, .T. ) ;
#1049 = UNCERTAINTY_MEASURE_WITH_UNIT (LENGTH_MEASURE( 1.000000000000000100E-005 ), #7939, 'distance_accuracy_value', 'NONE');
#1050 = CARTESIAN_POINT ( 'NONE',  ( 38.43999999999999800, -19.59999999999998700, 58.75000000000000000 ) ) ;
#1051 = EDGE_CURVE ( 'NONE', #4411, #4040, #7446, .T. ) ;
#1052 = CARTESIAN_POINT ( 'NONE',  ( 38.30000000000000400, -34.79999999999998300, 58.75000000000000000 ) ) ;
#1053 = DIRECTION ( 'NONE',  ( 1.000000000000000000, 0.0000000000000000000, 0.0000000000000000000 ) ) ;
#1054 = DIRECTION ( 'NONE',  ( 0.0000000000000000000, -1.000000000000000000, 0.0000000000000000000 ) ) ;
#1055 = DIRECTION ( 'NONE',  ( 1.000000000000000000, -0.0000000000000000000, 0.0000000000000000000 ) ) ;
#1056 = ORIENTED_EDGE ( 'NONE', *, *, #8276, .F. ) ;
#1057 = ORIENTED_EDGE ( 'NONE', *, *, #9016, .F. ) ;
#1058 = CIRCLE ( 'NONE', #3892, 1.250000000000001100 ) ;
#1059 = COLOUR_RGB ( '',0.2000000000000000100, 0.2000000000000000100, 0.2000000000000000100 ) ;
#1060 = PRESENTATION_LAYER_ASSIGNMENT (  '', '', ( #10786 ) ) ;
#1061 = FACE_OUTER_BOUND ( 'NONE', #988, .T. ) ;
#1062 = AXIS2_PLACEMENT_3D ( 'NONE', #1923, #4515, #6321 ) ;
#1063 = CARTESIAN_POINT ( 'NONE',  ( 36.94000000000000500, -23.09999999999998700, -59.00000000000000000 ) ) ;
#1064 = DIRECTION ( 'NONE',  ( -1.000000000000000000, 0.0000000000000000000, 0.0000000000000000000 ) ) ;
#1065 = ORIENTED_EDGE ( 'NONE', *, *, #3492, .T. ) ;
#1066 = CARTESIAN_POINT ( 'NONE',  ( 19.84999999999999800, 42.75000000000000700, 56.24999999999999300 ) ) ;
#1067 = EDGE_LOOP ( 'NONE', ( #5607, #6076, #1841, #7903 ) ) ;
#1068 = DIRECTION ( 'NONE',  ( -0.0000000000000000000, -0.0000000000000000000, -1.000000000000000000 ) ) ;
#1069 = ORIENTED_EDGE ( 'NONE', *, *, #10516, .T. ) ;
#1070 = LINE ( 'NONE', #2000, #8843 ) ;
#1071 = LINE ( 'NONE', #6534, #3052 ) ;
#1072 = MECHANICAL_DESIGN_GEOMETRIC_PRESENTATION_REPRESENTATION (  '', ( #1670 ), #4562 ) ;
#1073 = DIRECTION ( 'NONE',  ( 0.0000000000000000000, 0.0000000000000000000, 1.000000000000000000 ) ) ;
#1074 = VECTOR ( 'NONE', #3443, 1000.000000000000000 ) ;
#1075 = EDGE_CURVE ( 'NONE', #8897, #1270, #4522, .T. ) ;
#1076 = CARTESIAN_POINT ( 'NONE',  ( -39.69000000000000500, 23.09999999999999100, 48.25000000000000000 ) ) ;
#1077 = FILL_AREA_STYLE_COLOUR ( '', #6047 ) ;
#1078 = AXIS2_PLACEMENT_3D ( 'NONE', #8190, #3601, #5501 ) ;
#1079 = CARTESIAN_POINT ( 'NONE',  ( 23.59999999999957900, 40.47000000000024000, 56.49999999999999300 ) ) ;
#1080 = DIRECTION ( 'NONE',  ( 1.000000000000000000, 0.0000000000000000000, 0.0000000000000000000 ) ) ;
#1081 = EDGE_CURVE ( 'NONE', #9217, #6224, #120, .T. ) ;
#1082 = STYLED_ITEM ( 'NONE', ( #6692 ), #10776 ) ;
#1083 = PLANE ( 'NONE',  #8678 ) ;
#1084 = ORIENTED_EDGE ( 'NONE', *, *, #2855, .T. ) ;
#1085 = ORIENTED_EDGE ( 'NONE', *, *, #6522, .T. ) ;
#1086 = CARTESIAN_POINT ( 'NONE',  ( 31.29999999999998600, 34.79999999999999700, 59.00000000000000000 ) ) ;
#1087 = LINE ( 'NONE', #1825, #656 ) ;
#1088 =( NAMED_UNIT ( * ) SI_UNIT ( $, .STERADIAN. ) SOLID_ANGLE_UNIT ( ) );
#1089 = ORIENTED_EDGE ( 'NONE', *, *, #10226, .F. ) ;
#1090 = STYLED_ITEM ( 'NONE', ( #7556 ), #2100 ) ;
#1091 = CARTESIAN_POINT ( 'NONE',  ( 27.95000000000000300, 31.19999999999999600, -59.00000000000000000 ) ) ;
#1092 = EDGE_CURVE ( 'NONE', #5010, #1271, #11607, .T. ) ;
#1093 = ORIENTED_EDGE ( 'NONE', *, *, #671, .F. ) ;
#1094 = ORIENTED_EDGE ( 'NONE', *, *, #8307, .F. ) ;
#1095 = FACE_BOUND ( 'NONE', #10058, .T. ) ;
#1096 = CARTESIAN_POINT ( 'NONE',  ( 0.0000000000000000000, 0.0000000000000000000, -59.00000000000000000 ) ) ;
#1097 = ADVANCED_FACE ( 'NONE', ( #4376 ), #7307, .T. ) ;
#1098 = DIRECTION ( 'NONE',  ( -0.0000000000000000000, 0.0000000000000000000, 1.000000000000000000 ) ) ;
#1099 = CARTESIAN_POINT ( 'NONE',  ( -38.29999999999999000, -34.80000000000000400, 48.25000000000000000 ) ) ;
#1100 = CARTESIAN_POINT ( 'NONE',  ( 38.44000000000001200, -23.09999999999998700, 48.25000000000000000 ) ) ;
#1101 = TOROIDAL_SURFACE ( 'NONE', #1941, 3.500000000000001300, 0.2500000000000000000 ) ;
#1102 = ORIENTED_EDGE ( 'NONE', *, *, #3832, .F. ) ;
#1103 = ORIENTED_EDGE ( 'NONE', *, *, #3418, .T. ) ;
#1104 = CIRCLE ( 'NONE', #2417, 1.250000000000008000 ) ;
#1105 = DIRECTION ( 'NONE',  ( -1.000000000000000000, 0.0000000000000000000, 0.0000000000000000000 ) ) ;
#1106 = CARTESIAN_POINT ( 'NONE',  ( 31.30000000000000100, -34.79999999999998300, 59.00000000000000000 ) ) ;
#1107 = CARTESIAN_POINT ( 'NONE',  ( 21.09999999999960000, 38.47000000000021200, 56.83639580559806600 ) ) ;
#1108 = EDGE_CURVE ( 'NONE', #6580, #11440, #965, .T. ) ;
#1109 = ADVANCED_FACE ( 'NONE', ( #6896 ), #7880, .F. ) ;
#1110 = ORIENTED_EDGE ( 'NONE', *, *, #3680, .T. ) ;
#1111 = CARTESIAN_POINT ( 'NONE',  ( -21.84999999999997700, -38.44000000000001200, 59.00000000000000000 ) ) ;
#1112 = VERTEX_POINT ( 'NONE', #4673 ) ;
#1113 = ORIENTED_EDGE ( 'NONE', *, *, #574, .F. ) ;
#1114 = AXIS2_PLACEMENT_3D ( 'NONE', #282, #6678, #1149 ) ;
#1115 = CARTESIAN_POINT ( 'NONE',  ( -38.46999999999999200, 25.10000000000000500, 56.83639580559805200 ) ) ;
#1116 = DIRECTION ( 'NONE',  ( -1.000000000000000000, 0.0000000000000000000, -0.0000000000000000000 ) ) ;
#1117 = ORIENTED_EDGE ( 'NONE', *, *, #9355, .F. ) ;
#1118 = DIRECTION ( 'NONE',  ( 0.0000000000000000000, 0.0000000000000000000, -1.000000000000000000 ) ) ;
#1119 =( LENGTH_UNIT ( ) NAMED_UNIT ( * ) SI_UNIT ( .MILLI., .METRE. ) );
#1120 = PLANE ( 'NONE',  #9500 ) ;
#1121 = EDGE_CURVE ( 'NONE', #7357, #6293, #1523, .T. ) ;
#1122 = ORIENTED_EDGE ( 'NONE', *, *, #11658, .F. ) ;
#1123 = ORIENTED_EDGE ( 'NONE', *, *, #9906, .F. ) ;
#1124 = CARTESIAN_POINT ( 'NONE',  ( 40.00000000000000700, -25.19999999999999200, -48.00000000000000000 ) ) ;
#1125 = SURFACE_STYLE_FILL_AREA ( #2743 ) ;
#1126 = DIRECTION ( 'NONE',  ( -0.0000000000000000000, 0.0000000000000000000, 1.000000000000000000 ) ) ;
#1127 =( NAMED_UNIT ( * ) SI_UNIT ( $, .STERADIAN. ) SOLID_ANGLE_UNIT ( ) );
#1128 = CARTESIAN_POINT ( 'NONE',  ( 38.96999999999999200, -25.10000000000000500, 56.49999999999999300 ) ) ;
#1129 = AXIS2_PLACEMENT_3D ( 'NONE', #9373, #3166, #9485 ) ;
#1130 = DIRECTION ( 'NONE',  ( -0.0000000000000000000, -0.0000000000000000000, -1.000000000000000000 ) ) ;
#1131 = DIRECTION ( 'NONE',  ( -0.0000000000000000000, -0.0000000000000000000, 1.000000000000000000 ) ) ;
#1132 = FILL_AREA_STYLE ('',( #3811 ) ) ;
#1133 = VERTEX_POINT ( 'NONE', #6482 ) ;
#1134 = PRESENTATION_STYLE_ASSIGNMENT (( #10414 ) ) ;
#1135 = CIRCLE ( 'NONE', #1771, 1.500000000000001300 ) ;
#1136 = AXIS2_PLACEMENT_3D ( 'NONE', #1644, #3368, #659 ) ;
#1137 = ORIENTED_EDGE ( 'NONE', *, *, #4711, .F. ) ;
#1138 = EDGE_LOOP ( 'NONE', ( #5632, #10061, #9295, #6645 ) ) ;
#1139 = CARTESIAN_POINT ( 'NONE',  ( -23.09999999999998400, -38.44000000000000500, 58.75000000000000000 ) ) ;
#1140 = EDGE_CURVE ( 'NONE', #3211, #2102, #9612, .T. ) ;
#1141 = CARTESIAN_POINT ( 'NONE',  ( 21.09999999999960700, 38.38420073837035300, 56.83639580559809400 ) ) ;
#1142 = DIRECTION ( 'NONE',  ( -0.0000000000000000000, 0.0000000000000000000, 1.000000000000000000 ) ) ;
#1143 = ORIENTED_EDGE ( 'NONE', *, *, #5688, .F. ) ;
#1144 = CIRCLE ( 'NONE', #9271, 3.249999999999996000 ) ;
#1145 = VERTEX_POINT ( 'NONE', #1268 ) ;
#1146 = ADVANCED_FACE ( 'NONE', ( #2530 ), #9302, .F. ) ;
#1147 = CIRCLE ( 'NONE', #8813, 2.999999999999999100 ) ;
#1148 = ORIENTED_EDGE ( 'NONE', *, *, #11740, .T. ) ;
#1149 = DIRECTION ( 'NONE',  ( 1.000000000000000000, 0.0000000000000000000, 0.0000000000000000000 ) ) ;
#1150 = DIRECTION ( 'NONE',  ( -0.0000000000000000000, -0.0000000000000000000, -1.000000000000000000 ) ) ;
#1151 =( NAMED_UNIT ( * ) SI_UNIT ( $, .STERADIAN. ) SOLID_ANGLE_UNIT ( ) );
#1152 = AXIS2_PLACEMENT_3D ( 'NONE', #5857, #6726, #2228 ) ;
#1153 = ORIENTED_EDGE ( 'NONE', *, *, #9605, .F. ) ;
#1154 = EDGE_CURVE ( 'NONE', #9656, #5773, #3386, .T. ) ;
#1155 = CIRCLE ( 'NONE', #5386, 0.2500000000000002200 ) ;
#1156 = ORIENTED_EDGE ( 'NONE', *, *, #8045, .F. ) ;
#1157 = CARTESIAN_POINT ( 'NONE',  ( -38.96999999999999200, 25.10000000000000500, 56.49999999999999300 ) ) ;
#1158 = FACE_OUTER_BOUND ( 'NONE', #9440, .T. ) ;
#1159 = ORIENTED_EDGE ( 'NONE', *, *, #1515, .F. ) ;
#1160 = AXIS2_PLACEMENT_3D ( 'NONE', #8680, #9583, #1394 ) ;
#1161 = DIRECTION ( 'NONE',  ( -1.000000000000000000, 0.0000000000000000000, 0.0000000000000000000 ) ) ;
#1162 = ADVANCED_FACE ( 'NONE', ( #11320 ), #4952, .F. ) ;
#1163 = FILL_AREA_STYLE ('',( #7309 ) ) ;
#1164 = ORIENTED_EDGE ( 'NONE', *, *, #9172, .F. ) ;
#1165 = SURFACE_SIDE_STYLE ('',( #5143 ) ) ;
#1166 = CARTESIAN_POINT ( 'NONE',  ( 37.96999999999999200, -23.60000000000000100, 57.79579263126746700 ) ) ;
#1167 = FACE_OUTER_BOUND ( 'NONE', #9110, .T. ) ;
#1168 = VERTEX_POINT ( 'NONE', #4758 ) ;
#1169 = CARTESIAN_POINT ( 'NONE',  ( -26.09999999999998700, -42.74999999999999300, 56.24999999999999300 ) ) ;
#1170 = CARTESIAN_POINT ( 'NONE',  ( 0.0000000000000000000, 0.0000000000000000000, 72.59999999999999400 ) ) ;
#1171 = ORIENTED_EDGE ( 'NONE', *, *, #1386, .T. ) ;
#1172 = FACE_OUTER_BOUND ( 'NONE', #6294, .T. ) ;
#1173 = B_SPLINE_CURVE_WITH_KNOTS ( 'NONE', 3,
 ( #9139, #9106, #6380, #4639, #5466, #11767, #3759, #94 ),
 .UNSPECIFIED., .F., .F.,
 ( 4, 2, 2, 4 ),
 ( 0.01712125363646609500, 0.01758061768880458600, 0.01803998174114308100, 0.01895870984582006700 ),
 .UNSPECIFIED. ) ;
#1174 = EDGE_CURVE ( 'NONE', #3732, #588, #2105, .T. ) ;
#1175 = CARTESIAN_POINT ( 'NONE',  ( 20.09999999999999800, 43.00000000000000700, 56.24999999999999300 ) ) ;
#1176 = CYLINDRICAL_SURFACE ( 'NONE', #10710, 0.2500000000000002200 ) ;
#1177 = ORIENTED_EDGE ( 'NONE', *, *, #509, .T. ) ;
#1178 = TOROIDAL_SURFACE ( 'NONE', #2979, 3.500000000000001300, 0.2500000000000000000 ) ;
#1179 = DIRECTION ( 'NONE',  ( 0.0000000000000000000, 0.0000000000000000000, -1.000000000000000000 ) ) ;
#1180 = PRESENTATION_STYLE_ASSIGNMENT (( #782 ) ) ;
#1181 = CARTESIAN_POINT ( 'NONE',  ( -3.336355592480137600, 6.000000000000000000, 97.53583266236229600 ) ) ;
#1182 = AXIS2_PLACEMENT_3D ( 'NONE', #1992, #1126, #8347 ) ;
#1183 = EDGE_CURVE ( 'NONE', #3723, #8547, #4795, .T. ) ;
#1184 = VERTEX_POINT ( 'NONE', #511 ) ;
#1185 = CYLINDRICAL_SURFACE ( 'NONE', #9257, 2.999999999999999100 ) ;
#1186 = CARTESIAN_POINT ( 'NONE',  ( -38.13213061928717500, 25.10000000000000500, 56.80355594003680900 ) ) ;
#1187 = CARTESIAN_POINT ( 'NONE',  ( -42.99999999999999300, -25.20000000000001400, -58.75000000000000000 ) ) ;
#1188 = CARTESIAN_POINT ( 'NONE',  ( -25.19999999999998900, 39.99999999999998600, -58.75000000000000000 ) ) ;
#1189 = LINE ( 'NONE', #3569, #1344 ) ;
#1190 = CIRCLE ( 'NONE', #8122, 1.500000000000001300 ) ;
#1191 = CARTESIAN_POINT ( 'NONE',  ( 25.20000000000000600, -42.99999999999998600, 48.00000000000000000 ) ) ;
#1192 = FACE_OUTER_BOUND ( 'NONE', #7709, .T. ) ;
#1193 = DIRECTION ( 'NONE',  ( -1.000000000000000000, 0.0000000000000000000, 0.0000000000000000000 ) ) ;
#1194 = DIRECTION ( 'NONE',  ( -0.0000000000000000000, -1.000000000000000000, -0.0000000000000000000 ) ) ;
#1195 = AXIS2_PLACEMENT_3D ( 'NONE', #3511, #5465, #8113 ) ;
#1196 = SURFACE_SIDE_STYLE ('',( #7843 ) ) ;
#1197 = VERTEX_POINT ( 'NONE', #1309 ) ;
#1198 = EDGE_LOOP ( 'NONE', ( #5073, #3403, #3257, #2648 ) ) ;
#1199 = TOROIDAL_SURFACE ( 'NONE', #5900, 8.250000000000000000, 0.2500000000000000000 ) ;
#1200 = FACE_OUTER_BOUND ( 'NONE', #10137, .T. ) ;
#1201 = EDGE_CURVE ( 'NONE', #2153, #6636, #2968, .T. ) ;
#1202 =( NAMED_UNIT ( * ) SI_UNIT ( $, .STERADIAN. ) SOLID_ANGLE_UNIT ( ) );
#1203 = EDGE_CURVE ( 'NONE', #2377, #7629, #11465, .T. ) ;
#1204 = ADVANCED_FACE ( 'NONE', ( #2688 ), #10324, .T. ) ;
#1205 = DIRECTION ( 'NONE',  ( 0.0000000000000000000, -0.0000000000000000000, -1.000000000000000000 ) ) ;
#1206 = CARTESIAN_POINT ( 'NONE',  ( 40.00000000000001400, -27.94999999999997800, -58.75000000000000000 ) ) ;
#1207 = ORIENTED_EDGE ( 'NONE', *, *, #4099, .T. ) ;
#1208 = ORIENTED_EDGE ( 'NONE', *, *, #9282, .F. ) ;
#1209 = STYLED_ITEM ( 'NONE', ( #1409 ), #3307 ) ;
#1210 = CYLINDRICAL_SURFACE ( 'NONE', #10037, 0.2500000000000002200 ) ;
#1211 = AXIS2_PLACEMENT_3D ( 'NONE', #6659, #461, #10365 ) ;
#1212 = DIRECTION ( 'NONE',  ( -1.000000000000000000, 0.0000000000000000000, 0.0000000000000000000 ) ) ;
#1213 = CYLINDRICAL_SURFACE ( 'NONE', #11220, 8.000000000000000000 ) ;
#1214 = CARTESIAN_POINT ( 'NONE',  ( -21.89645295415374100, -38.97000000000006300, 57.47839634320756400 ) ) ;
#1215 = ADVANCED_FACE ( 'NONE', ( #1249 ), #8644, .F. ) ;
#1216 =( NAMED_UNIT ( * ) PLANE_ANGLE_UNIT ( ) SI_UNIT ( $, .RADIAN. ) );
#1217 = AXIS2_PLACEMENT_3D ( 'NONE', #11426, #9668, #7655 ) ;
#1218 = ORIENTED_EDGE ( 'NONE', *, *, #11367, .F. ) ;
#1219 = ORIENTED_EDGE ( 'NONE', *, *, #11175, .T. ) ;
#1220 = CIRCLE ( 'NONE', #4171, 0.2500000000000002200 ) ;
#1221 = EDGE_CURVE ( 'NONE', #6070, #5367, #11455, .T. ) ;
#1222 = DIRECTION ( 'NONE',  ( 0.0000000000000000000, 0.0000000000000000000, 1.000000000000000000 ) ) ;
#1223 = LINE ( 'NONE', #10216, #2221 ) ;
#1224 = ORIENTED_EDGE ( 'NONE', *, *, #7160, .F. ) ;
#1225 = CARTESIAN_POINT ( 'NONE',  ( -38.04982285089077000, 25.10000000000000500, 56.78408231111888000 ) ) ;
#1226 = AXIS2_PLACEMENT_3D ( 'NONE', #1188, #7449, #6684 ) ;
#1227 = CARTESIAN_POINT ( 'NONE',  ( 27.95000000000000300, 40.00000000000000000, -59.00000000000000000 ) ) ;
#1228 = CARTESIAN_POINT ( 'NONE',  ( 0.0000000000000000000, -42.74999999999999300, 58.75000000000000000 ) ) ;
#1229 = MECHANICAL_DESIGN_GEOMETRIC_PRESENTATION_REPRESENTATION (  '', ( #551 ), #8267 ) ;
#1230 = DIRECTION ( 'NONE',  ( -1.000000000000000000, 0.0000000000000000000, -0.0000000000000000000 ) ) ;
#1231 = PLANE ( 'NONE',  #2986 ) ;
#1232 = ORIENTED_EDGE ( 'NONE', *, *, #1051, .T. ) ;
#1233 = ORIENTED_EDGE ( 'NONE', *, *, #7299, .F. ) ;
#1234 = DIRECTION ( 'NONE',  ( -1.000000000000000000, 0.0000000000000000000, 0.0000000000000000000 ) ) ;
#1235 = PRESENTATION_STYLE_ASSIGNMENT (( #1361 ) ) ;
#1236 = AXIS2_PLACEMENT_3D ( 'NONE', #9238, #8383, #2960 ) ;
#1237 = CARTESIAN_POINT ( 'NONE',  ( 0.0000000000000000000, 0.0000000000000000000, 47.99999999999999300 ) ) ;
#1238 = ORIENTED_EDGE ( 'NONE', *, *, #7108, .F. ) ;
#1239 = CARTESIAN_POINT ( 'NONE',  ( -36.93999999999999100, 23.09999999999999100, -59.00000000000000000 ) ) ;
#1240 = EDGE_CURVE ( 'NONE', #4814, #5755, #3085, .T. ) ;
#1241 = CARTESIAN_POINT ( 'NONE',  ( 26.09999999999999400, 42.75000000000000700, 56.24999999999999300 ) ) ;
#1242 = FILL_AREA_STYLE ('',( #5750 ) ) ;
#1243 = DIRECTION ( 'NONE',  ( -0.0000000000000000000, 0.0000000000000000000, 1.000000000000000000 ) ) ;
#1244 = CARTESIAN_POINT ( 'NONE',  ( -26.59999999999998400, -38.44000000000000500, 58.75000000000000000 ) ) ;
#1245 = ORIENTED_EDGE ( 'NONE', *, *, #91, .F. ) ;
#1246 = ORIENTED_EDGE ( 'NONE', *, *, #10788, .T. ) ;
#1247 = FACE_OUTER_BOUND ( 'NONE', #6817, .T. ) ;
#1248 = VERTEX_POINT ( 'NONE', #4991 ) ;
#1249 = FACE_OUTER_BOUND ( 'NONE', #5804, .T. ) ;
#1251 = CIRCLE ( 'NONE', #9913, 0.2500000000000002200 ) ;
#1250 = B_SPLINE_CURVE_WITH_KNOTS ( 'NONE', 3,
 ( #2497, #581, #11615, #1529, #8806, #1607 ),
 .UNSPECIFIED., .F., .F.,
 ( 4, 2, 4 ),
 ( 6.938893903907228400E-018, 0.0002528233410046206500, 0.0005056466820092343600 ),
 .UNSPECIFIED. ) ;
#1252 = ORIENTED_EDGE ( 'NONE', *, *, #6504, .T. ) ;
#1253 = MECHANICAL_DESIGN_GEOMETRIC_PRESENTATION_REPRESENTATION (  '', ( #4527 ), #2155 ) ;
#1254 = CARTESIAN_POINT ( 'NONE',  ( 39.94000000000001200, -23.09999999999998700, 55.99999999999999300 ) ) ;
#1255 = CARTESIAN_POINT ( 'NONE',  ( -36.46999999999999900, 23.60000000000000100, 56.75896736903249700 ) ) ;
#1256 = ORIENTED_EDGE ( 'NONE', *, *, #2758, .F. ) ;
#1257 = CARTESIAN_POINT ( 'NONE',  ( 22.59999999999958600, 40.05291872043554900, 57.21345909932557600 ) ) ;
#1258 = ORIENTED_EDGE ( 'NONE', *, *, #5128, .F. ) ;
#1259 = VECTOR ( 'NONE', #8204, 1000.000000000000000 ) ;
#1260 = EDGE_CURVE ( 'NONE', #666, #5912, #2379, .T. ) ;
#1261 = CARTESIAN_POINT ( 'NONE',  ( -31.29999999999997900, -34.80000000000000400, 59.00000000000000000 ) ) ;
#1262 = FILL_AREA_STYLE ('',( #7484 ) ) ;
#1263 = SURFACE_STYLE_FILL_AREA ( #2402 ) ;
#1264 = ADVANCED_FACE ( 'NONE', ( #10748 ), #1513, .F. ) ;
#1265 = CARTESIAN_POINT ( 'NONE',  ( 40.46999999999999200, -23.60000000000000100, 56.49999999999999300 ) ) ;
#1266 = ORIENTED_EDGE ( 'NONE', *, *, #3769, .F. ) ;
#1267 = AXIS2_PLACEMENT_3D ( 'NONE', #3848, #10153, #5630 ) ;
#1268 = CARTESIAN_POINT ( 'NONE',  ( 21.09999999999960400, 37.97000000000021200, 56.75896736903249700 ) ) ;
#1269 = CARTESIAN_POINT ( 'NONE',  ( -37.26645295415387700, 22.60000000000000900, 57.47839634320757800 ) ) ;
#1270 = VERTEX_POINT ( 'NONE', #8809 ) ;
#1271 = VERTEX_POINT ( 'NONE', #8720 ) ;
#1272 = VECTOR ( 'NONE', #5487, 1000.000000000000000 ) ;
#1273 = DIRECTION ( 'NONE',  ( -0.0000000000000000000, -0.0000000000000000000, 1.000000000000000000 ) ) ;
#1274 = ORIENTED_EDGE ( 'NONE', *, *, #6783, .F. ) ;
#1275 = VERTEX_POINT ( 'NONE', #5213 ) ;
#1276 = CARTESIAN_POINT ( 'NONE',  ( -39.99999999999998600, -28.20000000000001000, -48.00000000000000000 ) ) ;
#1277 = CARTESIAN_POINT ( 'NONE',  ( 38.44000000000001200, -23.09999999999998700, 48.25000000000000000 ) ) ;
#1278 = EDGE_CURVE ( 'NONE', #5583, #2761, #1392, .T. ) ;
#1279 = CARTESIAN_POINT ( 'NONE',  ( -23.59999999999985900, -40.47000000000007700, 56.49999999999999300 ) ) ;
#1280 = ADVANCED_FACE ( 'NONE', ( #5620 ), #8302, .T. ) ;
#1281 = EDGE_LOOP ( 'NONE', ( #4330, #1984, #6332, #8365, #6198, #5783, #2969, #6230, #4710, #10591 ) ) ;
#1282 = DIRECTION ( 'NONE',  ( 1.000000000000000000, 0.0000000000000000000, 0.0000000000000000000 ) ) ;
#1283 = VERTEX_POINT ( 'NONE', #3451 ) ;
#1284 = DIRECTION ( 'NONE',  ( 1.000000000000000000, -0.0000000000000000000, 0.0000000000000000000 ) ) ;
#1285 = FILL_AREA_STYLE_COLOUR ( '', #1958 ) ;
#1286 = AXIS2_PLACEMENT_3D ( 'NONE', #1499, #2420, #3332 ) ;
#1287 = PLANE ( 'NONE',  #975 ) ;
#1288 = CARTESIAN_POINT ( 'NONE',  ( -40.49999999999997900, -42.74999999999999300, 48.25000000000000000 ) ) ;
#1289 = FILL_AREA_STYLE ('',( #9439 ) ) ;
#1290 = ORIENTED_EDGE ( 'NONE', *, *, #6134, .F. ) ;
#1291 = AXIS2_PLACEMENT_3D ( 'NONE', #11777, #6318, #6273 ) ;
#1292 = CIRCLE ( 'NONE', #2907, 0.2500000000000002200 ) ;
#1293 = DIRECTION ( 'NONE',  ( 0.0000000000000000000, 0.0000000000000000000, 1.000000000000000000 ) ) ;
#1294 = CIRCLE ( 'NONE', #9341, 3.500000000000003100 ) ;
#1295 = EDGE_CURVE ( 'NONE', #5508, #1719, #3235, .T. ) ;
#1296 = ORIENTED_EDGE ( 'NONE', *, *, #9786, .F. ) ;
#1297 = ORIENTED_EDGE ( 'NONE', *, *, #8103, .F. ) ;
#1298 = CARTESIAN_POINT ( 'NONE',  ( -28.19999999999998900, 39.99999999999998600, -48.00000000000000000 ) ) ;
#1299 = DIRECTION ( 'NONE',  ( -0.0000000000000000000, 0.0000000000000000000, 1.000000000000000000 ) ) ;
#1300 = CARTESIAN_POINT ( 'NONE',  ( 40.00000000000000700, -28.19999999999998900, 48.00000000000000000 ) ) ;
#1301 = AXIS2_PLACEMENT_3D ( 'NONE', #11160, #7551, #3275 ) ;
#1302 = EDGE_CURVE ( 'NONE', #4690, #6087, #819, .T. ) ;
#1303 =( GEOMETRIC_REPRESENTATION_CONTEXT ( 3 ) GLOBAL_UNCERTAINTY_ASSIGNED_CONTEXT ( ( #2070 ) ) GLOBAL_UNIT_ASSIGNED_CONTEXT ( ( #538, #2294, #8598 ) ) REPRESENTATION_CONTEXT ( 'NONE', 'WORKASPACE' ) );
#1304 = EDGE_LOOP ( 'NONE', ( #4909, #7877 ) ) ;
#1305 = FACE_OUTER_BOUND ( 'NONE', #5177, .T. ) ;
#1306 = EDGE_LOOP ( 'NONE', ( #6251, #9022, #5631, #10854 ) ) ;
#1307 = ORIENTED_EDGE ( 'NONE', *, *, #8376, .F. ) ;
#1308 = CIRCLE ( 'NONE', #5249, 0.2500000000000002200 ) ;
#1309 = CARTESIAN_POINT ( 'NONE',  ( -23.59999999999987400, -36.47000000000007700, 56.75896736903249700 ) ) ;
#1310 = PRESENTATION_LAYER_ASSIGNMENT (  '', '', ( #1090 ) ) ;
#1311 = DIRECTION ( 'NONE',  ( -0.0000000000000000000, 0.0000000000000000000, 1.000000000000000000 ) ) ;
#1312 = DIRECTION ( 'NONE',  ( 0.0000000000000000000, 0.0000000000000000000, 1.000000000000000000 ) ) ;
#1313 = EDGE_CURVE ( 'NONE', #4501, #2485, #10165, .T. ) ;
#1314 = CARTESIAN_POINT ( 'NONE',  ( 23.59999999999959600, 39.54069771509295400, 57.55735127863046300 ) ) ;
#1315 = VECTOR ( 'NONE', #4489, 1000.000000000000000 ) ;
#1316 = ORIENTED_EDGE ( 'NONE', *, *, #7072, .F. ) ;
#1317 = LINE ( 'NONE', #6587, #8527 ) ;
#1318 = PRESENTATION_STYLE_ASSIGNMENT (( #7191 ) ) ;
#1319 = LINE ( 'NONE', #6015, #10400 ) ;
#1320 = FILL_AREA_STYLE ('',( #6733 ) ) ;
#1321 = VERTEX_POINT ( 'NONE', #7762 ) ;
#1322 = PLANE ( 'NONE',  #8495 ) ;
#1323 = ADVANCED_FACE ( 'NONE', ( #6606 ), #7580, .T. ) ;
#1324 = DIRECTION ( 'NONE',  ( -1.682156097916899000E-015, -1.000000000000000000, -0.0000000000000000000 ) ) ;
#1325 = CARTESIAN_POINT ( 'NONE',  ( 25.19999999999999900, 43.00000000000000000, -48.00000000000000000 ) ) ;
#1326 = DIRECTION ( 'NONE',  ( 0.0000000000000000000, 0.0000000000000000000, -1.000000000000000000 ) ) ;
#1327 = DIRECTION ( 'NONE',  ( 0.0000000000000000000, -0.0000000000000000000, 1.000000000000000000 ) ) ;
#1328 = VECTOR ( 'NONE', #7300, 1000.000000000000000 ) ;
#1329 = ORIENTED_EDGE ( 'NONE', *, *, #6869, .T. ) ;
#1330 = PRESENTATION_STYLE_ASSIGNMENT (( #10183 ) ) ;
#1331 = CIRCLE ( 'NONE', #3531, 0.2500000000000002200 ) ;
#1332 = EDGE_CURVE ( 'NONE', #1836, #5606, #7869, .T. ) ;
#1333 = FACE_OUTER_BOUND ( 'NONE', #5223, .T. ) ;
#1334 = DIRECTION ( 'NONE',  ( -1.000000000000000000, 0.0000000000000000000, -0.0000000000000000000 ) ) ;
#1335 = SURFACE_STYLE_USAGE ( .BOTH. , #4861 ) ;
#1336 = DIRECTION ( 'NONE',  ( 0.0000000000000000000, 1.000000000000000000, 0.0000000000000000000 ) ) ;
#1337 = ADVANCED_FACE ( 'NONE', ( #5905 ), #10023, .T. ) ;
#1338 = CARTESIAN_POINT ( 'NONE',  ( 8.000000000000000000, 0.0000000000000000000, -48.00000000000000000 ) ) ;
#1339 = DIRECTION ( 'NONE',  ( -1.000000000000000000, 0.0000000000000000000, 0.0000000000000000000 ) ) ;
#1340 = AXIS2_PLACEMENT_3D ( 'NONE', #6048, #594, #636 ) ;
#1341 = ORIENTED_EDGE ( 'NONE', *, *, #9415, .T. ) ;
#1342 = DIRECTION ( 'NONE',  ( -1.521687259628777600E-015, -1.000000000000000000, 0.0000000000000000000 ) ) ;
#1343 = FACE_OUTER_BOUND ( 'NONE', #9609, .T. ) ;
#1344 = VECTOR ( 'NONE', #1685, 1000.000000000000000 ) ;
#1345 = CIRCLE ( 'NONE', #5732, 7.000000000000000000 ) ;
#1346 = DIRECTION ( 'NONE',  ( 1.000000000000000000, 3.491481338843133400E-015, 0.0000000000000000000 ) ) ;
#1347 = UNCERTAINTY_MEASURE_WITH_UNIT (LENGTH_MEASURE( 1.000000000000000100E-005 ), #9995, 'distance_accuracy_value', 'NONE');
#1348 = EDGE_CURVE ( 'NONE', #7985, #10811, #8431, .T. ) ;
#1349 = SURFACE_SIDE_STYLE ('',( #4228 ) ) ;
#1350 = CARTESIAN_POINT ( 'NONE',  ( 22.59999999999961400, 36.66179187000972200, 57.00034395000822200 ) ) ;
#1351 = DIRECTION ( 'NONE',  ( 1.000000000000000000, 0.0000000000000000000, -0.0000000000000000000 ) ) ;
#1352 = ORIENTED_EDGE ( 'NONE', *, *, #3071, .T. ) ;
#1353 = VERTEX_POINT ( 'NONE', #1608 ) ;
#1354 = LINE ( 'NONE', #4896, #5584 ) ;
#1355 = EDGE_LOOP ( 'NONE', ( #9328, #4518 ) ) ;
#1356 = TOROIDAL_SURFACE ( 'NONE', #7800, 0.5000000000000000000, 0.2500000000000000000 ) ;
#1357 = LINE ( 'NONE', #1770, #2923 ) ;
#1358 =( NAMED_UNIT ( * ) PLANE_ANGLE_UNIT ( ) SI_UNIT ( $, .RADIAN. ) );
#1359 = AXIS2_PLACEMENT_3D ( 'NONE', #8189, #3871, #6379 ) ;
#1360 = DIRECTION ( 'NONE',  ( 0.0000000000000000000, 0.0000000000000000000, -1.000000000000000000 ) ) ;
#1361 = SURFACE_STYLE_USAGE ( .BOTH. , #3070 ) ;
#1362 = EDGE_LOOP ( 'NONE', ( #9975, #4767, #2154, #3392 ) ) ;
#1363 = VERTEX_POINT ( 'NONE', #4317 ) ;
#1364 = LINE ( 'NONE', #6547, #2800 ) ;
#1365 = CARTESIAN_POINT ( 'NONE',  ( 31.54999999999998600, 34.79999999999999700, 38.80761184457487200 ) ) ;
#1366 = CIRCLE ( 'NONE', #3982, 0.2500000000000002200 ) ;
#1367 = AXIS2_PLACEMENT_3D ( 'NONE', #1488, #2371, #9614 ) ;
#1368 = FILL_AREA_STYLE_COLOUR ( '', #8312 ) ;
#1369 = DIRECTION ( 'NONE',  ( -1.000000000000000000, 1.521687259628777600E-015, 0.0000000000000000000 ) ) ;
#1370 = CARTESIAN_POINT ( 'NONE',  ( 26.59999999999998400, 43.00000000000000700, 59.00000000000000000 ) ) ;
#1371 = LINE ( 'NONE', #363, #9014 ) ;
#1372 = CARTESIAN_POINT ( 'NONE',  ( -38.96999999999999200, 25.10000000000000500, 56.75896736903249000 ) ) ;
#1373 = ORIENTED_EDGE ( 'NONE', *, *, #6465, .F. ) ;
#1374 = EDGE_LOOP ( 'NONE', ( #229, #8467, #11344, #10625 ) ) ;
#1375 = AXIS2_PLACEMENT_3D ( 'NONE', #6792, #1342, #8711 ) ;
#1376 = AXIS2_PLACEMENT_3D ( 'NONE', #9908, #4487, #5379 ) ;
#1377 = ORIENTED_EDGE ( 'NONE', *, *, #8121, .F. ) ;
#1378 = VECTOR ( 'NONE', #2585, 1000.000000000000000 ) ;
#1379 = DIRECTION ( 'NONE',  ( 0.0000000000000000000, 0.0000000000000000000, -1.000000000000000000 ) ) ;
#1380 = DIRECTION ( 'NONE',  ( 0.0000000000000000000, 0.0000000000000000000, 1.000000000000000000 ) ) ;
#1381 = CYLINDRICAL_SURFACE ( 'NONE', #1340, 0.2500000000000002200 ) ;
#1382 = CARTESIAN_POINT ( 'NONE',  ( 26.59999999999998700, 38.43999999999999800, 59.00000000000000000 ) ) ;
#1383 =( LENGTH_UNIT ( ) NAMED_UNIT ( * ) SI_UNIT ( .MILLI., .METRE. ) );
#1384 = CARTESIAN_POINT ( 'NONE',  ( -25.19999999999998200, -40.00000000000000000, -48.00000000000000000 ) ) ;
#1385 = AXIS2_PLACEMENT_3D ( 'NONE', #7442, #5807, #470 ) ;
#1386 = EDGE_CURVE ( 'NONE', #216, #5790, #7727, .T. ) ;
#1387 = ADVANCED_FACE ( 'NONE', ( #11169 ), #10886, .T. ) ;
#1388 = ORIENTED_EDGE ( 'NONE', *, *, #5908, .F. ) ;
#1389 = VERTEX_POINT ( 'NONE', #11417 ) ;
#1390 = FACE_OUTER_BOUND ( 'NONE', #9887, .T. ) ;
#1391 = DIRECTION ( 'NONE',  ( 0.0000000000000000000, 0.0000000000000000000, 1.000000000000000000 ) ) ;
#1392 = CIRCLE ( 'NONE', #5, 0.2500000000000002200 ) ;
#1393 = AXIS2_PLACEMENT_3D ( 'NONE', #6301, #9224, #1832 ) ;
#1394 = DIRECTION ( 'NONE',  ( 1.000000000000000000, 0.0000000000000000000, 0.0000000000000000000 ) ) ;
#1395 = CARTESIAN_POINT ( 'NONE',  ( -28.19999999999998900, 31.19999999999999600, -58.75000000000000000 ) ) ;
#1396 = CARTESIAN_POINT ( 'NONE',  ( 40.46999999999999200, -23.60000000000000100, 56.49999999999999300 ) ) ;
#1397 = ORIENTED_EDGE ( 'NONE', *, *, #2630, .F. ) ;
#1398 = CIRCLE ( 'NONE', #2812, 2.250000000000001800 ) ;
#1399 = ORIENTED_EDGE ( 'NONE', *, *, #8305, .T. ) ;
#1400 = CYLINDRICAL_SURFACE ( 'NONE', #4709, 7.000000000000000000 ) ;
#1401 = ADVANCED_FACE ( 'NONE', ( #8719 ), #11497, .F. ) ;
#1402 = CARTESIAN_POINT ( 'NONE',  ( -37.96999999999999200, 23.89379525704681500, 57.69400999138253600 ) ) ;
#1403 = CIRCLE ( 'NONE', #4804, 0.2500000000000002200 ) ;
#1404 = EDGE_CURVE ( 'NONE', #6253, #6785, #11760, .T. ) ;
#1405 = ORIENTED_EDGE ( 'NONE', *, *, #7712, .F. ) ;
#1406 = CARTESIAN_POINT ( 'NONE',  ( 38.29999999999999700, 34.79999999999999700, 48.25000000000000000 ) ) ;
#1407 = DIRECTION ( 'NONE',  ( -1.108712219367988300E-016, -3.871048024070685300E-031, 1.000000000000000000 ) ) ;
#1408 = CARTESIAN_POINT ( 'NONE',  ( -36.88708127956468300, 23.60000000000000500, 57.21345909932559700 ) ) ;
#1409 = PRESENTATION_STYLE_ASSIGNMENT (( #10063 ) ) ;
#1410 = ORIENTED_EDGE ( 'NONE', *, *, #10529, .F. ) ;
#1411 = B_SPLINE_CURVE_WITH_KNOTS ( 'NONE', 3,
 ( #3170, #10413, #10456, #7753, #7636, #9613, #1458, #7676 ),
 .UNSPECIFIED., .F., .F.,
 ( 4, 2, 2, 4 ),
 ( 0.01712125363646610500, 0.01758061768880460300, 0.01803998174114310500, 0.01895870984582009200 ),
 .UNSPECIFIED. ) ;
#1412 = EDGE_LOOP ( 'NONE', ( #2808, #7012, #10167, #2101, #3567, #4662, #11224, #11374, #1428, #2189 ) ) ;
#1413 = CIRCLE ( 'NONE', #83, 3.500000000000003100 ) ;
#1414 = AXIS2_PLACEMENT_3D ( 'NONE', #2777, #10922, #7346 ) ;
#1415 = EDGE_LOOP ( 'NONE', ( #7262, #2376, #8387, #3216 ) ) ;
#1416 = CARTESIAN_POINT ( 'NONE',  ( -22.59999999999986300, -37.39930228490735700, 57.55735127863044900 ) ) ;
#1417 = DIRECTION ( 'NONE',  ( -0.0000000000000000000, -0.0000000000000000000, 1.000000000000000000 ) ) ;
#1418 = DIRECTION ( 'NONE',  ( 0.0000000000000000000, -1.000000000000000000, 0.0000000000000000000 ) ) ;
#1419 = EDGE_CURVE ( 'NONE', #3121, #166, #8167, .T. ) ;
#1420 = DIRECTION ( 'NONE',  ( 0.0000000000000000000, 1.000000000000000000, 0.0000000000000000000 ) ) ;
#1421 = ORIENTED_EDGE ( 'NONE', *, *, #7641, .F. ) ;
#1422 = CARTESIAN_POINT ( 'NONE',  ( -25.19999999999998200, -42.75000000000000000, -58.75000000000000000 ) ) ;
#1423 = VERTEX_POINT ( 'NONE', #9859 ) ;
#1424 = ORIENTED_EDGE ( 'NONE', *, *, #10489, .F. ) ;
#1425 = CARTESIAN_POINT ( 'NONE',  ( 43.00000000000000700, -28.19999999999998900, 48.00000000000000000 ) ) ;
#1426 = AXIS2_PLACEMENT_3D ( 'NONE', #4812, #8464, #6617 ) ;
#1427 = DIRECTION ( 'NONE',  ( 0.0000000000000000000, 1.000000000000000000, 0.0000000000000000000 ) ) ;
#1428 = ORIENTED_EDGE ( 'NONE', *, *, #1850, .F. ) ;
#1429 = DIRECTION ( 'NONE',  ( -1.000000000000000000, 0.0000000000000000000, 0.0000000000000000000 ) ) ;
#1430 = EDGE_CURVE ( 'NONE', #8343, #8707, #4783, .T. ) ;
#1431 = CARTESIAN_POINT ( 'NONE',  ( 23.59999999999962100, 36.47000000000024800, 56.75896736903250400 ) ) ;
#1432 = EDGE_CURVE ( 'NONE', #1492, #6224, #670, .T. ) ;
#1433 = VERTEX_POINT ( 'NONE', #11664 ) ;
#1434 = FACE_OUTER_BOUND ( 'NONE', #8290, .T. ) ;
#1435 = ORIENTED_EDGE ( 'NONE', *, *, #4342, .F. ) ;
#1436 = ORIENTED_EDGE ( 'NONE', *, *, #8213, .T. ) ;
#1437 = PRESENTATION_LAYER_ASSIGNMENT (  '', '', ( #1209 ) ) ;
#1438 = CARTESIAN_POINT ( 'NONE',  ( -25.19999999999998200, -43.00000000000000000, -58.75000000000000000 ) ) ;
#1439 = ADVANCED_FACE ( 'NONE', ( #5194 ), #8015, .F. ) ;
#1441 =( NAMED_UNIT ( * ) SI_UNIT ( $, .STERADIAN. ) SOLID_ANGLE_UNIT ( ) );
#1440 = LINE ( 'NONE', #7925, #3588 ) ;
#1442 = MECHANICAL_DESIGN_GEOMETRIC_PRESENTATION_REPRESENTATION (  '', ( #5678 ), #9719 ) ;
#1443 = ORIENTED_EDGE ( 'NONE', *, *, #6452, .T. ) ;
#1444 = DIRECTION ( 'NONE',  ( 0.0000000000000000000, -1.000000000000000000, 0.0000000000000000000 ) ) ;
#1445 = VECTOR ( 'NONE', #7674, 1000.000000000000000 ) ;
#1446 = DIRECTION ( 'NONE',  ( 1.224646799147353200E-016, 1.000000000000000000, 0.0000000000000000000 ) ) ;
#1447 = VERTEX_POINT ( 'NONE', #5418 ) ;
#1448 = LINE ( 'NONE', #8301, #5820 ) ;
#1449 = AXIS2_PLACEMENT_3D ( 'NONE', #3058, #7406, #2060 ) ;
#1450 = VERTEX_POINT ( 'NONE', #6199 ) ;
#1451 = CARTESIAN_POINT ( 'NONE',  ( -39.99999999999998600, -25.20000000000001000, 48.00000000000000000 ) ) ;
#1452 = EDGE_CURVE ( 'NONE', #8875, #9547, #9601, .T. ) ;
#1453 = ORIENTED_EDGE ( 'NONE', *, *, #6935, .T. ) ;
#1454 =( LENGTH_UNIT ( ) NAMED_UNIT ( * ) SI_UNIT ( .MILLI., .METRE. ) );
#1455 = ORIENTED_EDGE ( 'NONE', *, *, #11788, .F. ) ;
#1456 = ADVANCED_FACE ( 'NONE', ( #5344 ), #1666, .T. ) ;
#1457 = VECTOR ( 'NONE', #3735, 1000.000000000000000 ) ;
#1458 = CARTESIAN_POINT ( 'NONE',  ( -23.59999999999984900, -40.27820812999057400, 57.00034395000822900 ) ) ;
#1459 = CARTESIAN_POINT ( 'NONE',  ( -38.46999999999999200, 25.59999999999999800, 55.99999999999999300 ) ) ;
#1460 = FILL_AREA_STYLE_COLOUR ( '', #10237 ) ;
#1461 = AXIS2_PLACEMENT_3D ( 'NONE', #307, #9364, #11200 ) ;
#1462 = DIRECTION ( 'NONE',  ( 0.0000000000000000000, 0.0000000000000000000, -1.000000000000000000 ) ) ;
#1463 = MECHANICAL_DESIGN_GEOMETRIC_PRESENTATION_REPRESENTATION (  '', ( #4948 ), #5770 ) ;
#1464 = ORIENTED_EDGE ( 'NONE', *, *, #1140, .T. ) ;
#1465 = VECTOR ( 'NONE', #5297, 1000.000000000000000 ) ;
#1466 = DIRECTION ( 'NONE',  ( 1.000000000000000000, 0.0000000000000000000, 0.0000000000000000000 ) ) ;
#1467 = CARTESIAN_POINT ( 'NONE',  ( 25.09999999999960400, 37.97000000000025500, 56.75896736903245500 ) ) ;
#1468 = AXIS2_PLACEMENT_3D ( 'NONE', #10726, #4305, #10766 ) ;
#1469 = CARTESIAN_POINT ( 'NONE',  ( -39.69000000000000500, 23.09999999999999100, 55.74999999999999300 ) ) ;
#1470 = EDGE_CURVE ( 'NONE', #7598, #10354, #9972, .T. ) ;
#1471 = DIRECTION ( 'NONE',  ( -0.0000000000000000000, 0.0000000000000000000, 1.000000000000000000 ) ) ;
#1472 = SURFACE_SIDE_STYLE ('',( #9067 ) ) ;
#1473 = VERTEX_POINT ( 'NONE', #872 ) ;
#1474 = EDGE_LOOP ( 'NONE', ( #10650, #4092, #10831, #6371 ) ) ;
#1475 = FACE_OUTER_BOUND ( 'NONE', #291, .T. ) ;
#1476 = AXIS2_PLACEMENT_3D ( 'NONE', #11265, #11182, #7537 ) ;
#1477 = DIRECTION ( 'NONE',  ( 0.0000000000000000000, 0.0000000000000000000, 1.000000000000000000 ) ) ;
#1478 = CARTESIAN_POINT ( 'NONE',  ( -38.43999999999999800, 23.09999999999999100, -59.00000000000000000 ) ) ;
#1479 = PRODUCT ( 'Nema34', 'Nema34', '', ( #9831 ) ) ;
#1480 = EDGE_CURVE ( 'NONE', #841, #9080, #5761, .T. ) ;
#1481 = ORIENTED_EDGE ( 'NONE', *, *, #11472, .T. ) ;
#1482 = ORIENTED_EDGE ( 'NONE', *, *, #3055, .F. ) ;
#1483 = CIRCLE ( 'NONE', #8475, 7.000000000000000000 ) ;
#1484 = CARTESIAN_POINT ( 'NONE',  ( -27.94999999999998900, 39.99999999999998600, -58.75000000000000000 ) ) ;
#1485 = FACE_OUTER_BOUND ( 'NONE', #4106, .T. ) ;
#1486 = UNCERTAINTY_MEASURE_WITH_UNIT (LENGTH_MEASURE( 1.000000000000000100E-005 ), #11652, 'distance_accuracy_value', 'NONE');
#1487 = CARTESIAN_POINT ( 'NONE',  ( 42.74999999999999300, -40.49999999999997900, 59.00000000000000000 ) ) ;
#1488 = CARTESIAN_POINT ( 'NONE',  ( -43.00000000000000000, 19.84999999999999800, 55.99999999999999300 ) ) ;
#1489 = AXIS2_PLACEMENT_3D ( 'NONE', #825, #8931, #9272 ) ;
#1490 = SURFACE_SIDE_STYLE ('',( #8855 ) ) ;
#1491 = ORIENTED_EDGE ( 'NONE', *, *, #9850, .T. ) ;
#1492 = VERTEX_POINT ( 'NONE', #6282 ) ;
#1493 = PRESENTATION_STYLE_ASSIGNMENT (( #9119 ) ) ;
#1494 = ADVANCED_FACE ( 'NONE', ( #6189 ), #1777, .F. ) ;
#1495 = CARTESIAN_POINT ( 'NONE',  ( 0.0000000000000000000, 0.0000000000000000000, 2.099999999999963200 ) ) ;
#1496 = VECTOR ( 'NONE', #9496, 1000.000000000000000 ) ;
#1497 = EDGE_CURVE ( 'NONE', #8332, #6603, #5050, .T. ) ;
#1498 = CARTESIAN_POINT ( 'NONE',  ( 43.00000000000000000, 43.00000000000000700, 48.25000000000000000 ) ) ;
#1499 = CARTESIAN_POINT ( 'NONE',  ( 34.79999999999999000, 34.79999999999999700, 59.00000000000000000 ) ) ;
#1500 = DIRECTION ( 'NONE',  ( -0.0000000000000000000, 0.0000000000000000000, 1.000000000000000000 ) ) ;
#1501 = VERTEX_POINT ( 'NONE', #2878 ) ;
#1502 = ORIENTED_EDGE ( 'NONE', *, *, #9543, .F. ) ;
#1503 = CARTESIAN_POINT ( 'NONE',  ( -9.000000000000021300, 1.102182119232620500E-015, 60.59999999999999400 ) ) ;
#1504 =( GEOMETRIC_REPRESENTATION_CONTEXT ( 3 ) GLOBAL_UNCERTAINTY_ASSIGNED_CONTEXT ( ( #1916 ) ) GLOBAL_UNIT_ASSIGNED_CONTEXT ( ( #8814, #4590, #989 ) ) REPRESENTATION_CONTEXT ( 'NONE', 'WORKASPACE' ) );
#1505 = CIRCLE ( 'NONE', #10910, 1.500000000000001300 ) ;
#1506 = ADVANCED_FACE ( 'NONE', ( #10463 ), #5331, .F. ) ;
#1507 = CARTESIAN_POINT ( 'NONE',  ( -42.99999999999998600, -40.49999999999997900, 58.75000000000000000 ) ) ;
#1508 = DIRECTION ( 'NONE',  ( 1.682156097916899000E-015, 1.000000000000000000, 0.0000000000000000000 ) ) ;
#1509 = DIRECTION ( 'NONE',  ( -0.0000000000000000000, -0.0000000000000000000, 1.000000000000000000 ) ) ;
#1510 = DIRECTION ( 'NONE',  ( -1.000000000000000000, 0.0000000000000000000, 0.0000000000000000000 ) ) ;
#1511 = ORIENTED_EDGE ( 'NONE', *, *, #2989, .F. ) ;
#1512 = ORIENTED_EDGE ( 'NONE', *, *, #6336, .T. ) ;
#1513 = CYLINDRICAL_SURFACE ( 'NONE', #3828, 3.250000000000002700 ) ;
#1514 = CARTESIAN_POINT ( 'NONE',  ( -34.79999999999998300, -34.80000000000000400, 48.25000000000000000 ) ) ;
#1515 = EDGE_CURVE ( 'NONE', #8776, #8023, #1795, .T. ) ;
#1516 = CIRCLE ( 'NONE', #4294, 1.250000000000001100 ) ;
#1517 = DIRECTION ( 'NONE',  ( -0.0000000000000000000, -1.000000000000000000, -0.0000000000000000000 ) ) ;
#1518 = AXIS2_PLACEMENT_3D ( 'NONE', #1525, #11653, #6194 ) ;
#1519 = AXIS2_PLACEMENT_3D ( 'NONE', #8078, #7376, #176 ) ;
#1520 = ORIENTED_EDGE ( 'NONE', *, *, #8873, .F. ) ;
#1521 = DIRECTION ( 'NONE',  ( 1.000000000000000000, 0.0000000000000000000, 0.0000000000000000000 ) ) ;
#1522 = ORIENTED_EDGE ( 'NONE', *, *, #9053, .F. ) ;
#1523 = CIRCLE ( 'NONE', #4938, 8.926776695296659600 ) ;
#1524 =( NAMED_UNIT ( * ) SI_UNIT ( $, .STERADIAN. ) SOLID_ANGLE_UNIT ( ) );
#1525 = CARTESIAN_POINT ( 'NONE',  ( -38.43999999999999800, 26.34999999999999100, 55.99999999999999300 ) ) ;
#1526 = AXIS2_PLACEMENT_3D ( 'NONE', #913, #9985, #6363 ) ;
#1527 = CARTESIAN_POINT ( 'NONE',  ( 40.00000000000000700, -25.19999999999999200, 48.00000000000000000 ) ) ;
#1528 = EDGE_CURVE ( 'NONE', #1015, #6333, #3942, .T. ) ;
#1529 = CARTESIAN_POINT ( 'NONE',  ( -38.13304899744442600, 21.09999999999999800, 56.80370889822909000 ) ) ;
#1530 = ORIENTED_EDGE ( 'NONE', *, *, #5275, .T. ) ;
#1531 = DIRECTION ( 'NONE',  ( 1.108712219367988300E-016, 1.161314407221205600E-030, 1.000000000000000000 ) ) ;
#1532 = AXIS2_PLACEMENT_3D ( 'NONE', #8594, #7519, #10292 ) ;
#1533 = CARTESIAN_POINT ( 'NONE',  ( -28.19999999999998200, -28.20000000000000300, 48.00000000000000000 ) ) ;
#1534 = ORIENTED_EDGE ( 'NONE', *, *, #8531, .F. ) ;
#1535 = LINE ( 'NONE', #9081, #3699 ) ;
#1536 = SURFACE_STYLE_USAGE ( .BOTH. , #1572 ) ;
#1537 = LINE ( 'NONE', #4003, #8748 ) ;
#1538 = ORIENTED_EDGE ( 'NONE', *, *, #8483, .F. ) ;
#1539 = DIRECTION ( 'NONE',  ( -0.0000000000000000000, -0.0000000000000000000, -1.000000000000000000 ) ) ;
#1540 = ORIENTED_EDGE ( 'NONE', *, *, #689, .F. ) ;
#1541 = DIRECTION ( 'NONE',  ( -0.0000000000000000000, -0.0000000000000000000, 1.000000000000000000 ) ) ;
#1542 = ORIENTED_EDGE ( 'NONE', *, *, #6843, .T. ) ;
#1543 = FACE_OUTER_BOUND ( 'NONE', #10382, .T. ) ;
#1544 = EDGE_CURVE ( 'NONE', #10277, #6364, #391, .T. ) ;
#1545 = CARTESIAN_POINT ( 'NONE',  ( -38.43999999999999800, 23.09999999999999100, -59.00000000000000000 ) ) ;
#1546 = VECTOR ( 'NONE', #2264, 1000.000000000000000 ) ;
#1547 = EDGE_LOOP ( 'NONE', ( #3658, #8084, #8406, #4697, #11077, #160, #6438, #5153, #10345, #8573, #152, #4058, #2150, #3177, #11128, #858, #11219, #275, #6923, #7730, #3272, #389, #9504, #8442 ) ) ;
#1548 = ADVANCED_FACE ( 'NONE', ( #110 ), #11598, .F. ) ;
#1549 = ORIENTED_EDGE ( 'NONE', *, *, #10151, .F. ) ;
#1550 = DIRECTION ( 'NONE',  ( 0.0000000000000000000, 0.0000000000000000000, -1.000000000000000000 ) ) ;
#1551 = B_SPLINE_CURVE_WITH_KNOTS ( 'NONE', 3,
 ( #10156, #9200, #190, #2928, #9243, #4738, #11086, #5634 ),
 .UNSPECIFIED., .F., .F.,
 ( 4, 2, 2, 4 ),
 ( 0.01712125363646609100, 0.01758061768880458300, 0.01803998174114307800, 0.01895870984582007400 ),
 .UNSPECIFIED. ) ;
#1552 = DIRECTION ( 'NONE',  ( 8.501585775512798800E-017, -1.000000000000000000, 0.0000000000000000000 ) ) ;
#1553 = ORIENTED_EDGE ( 'NONE', *, *, #5514, .T. ) ;
#1554 = CARTESIAN_POINT ( 'NONE',  ( 23.09999999999999400, 38.44000000000001200, 48.00000000000000000 ) ) ;
#1555 = COLOUR_RGB ( '',0.8941176470588234600, 0.9137254901960784000, 0.9294117647058823800 ) ;
#1556 = ORIENTED_EDGE ( 'NONE', *, *, #9336, .F. ) ;
#1557 = FACE_BOUND ( 'NONE', #4739, .T. ) ;
#1558 = ORIENTED_EDGE ( 'NONE', *, *, #3122, .T. ) ;
#1559 = DIRECTION ( 'NONE',  ( 2.753529326947313900E-016, -1.000000000000000000, 0.0000000000000000000 ) ) ;
#1560 = EDGE_CURVE ( 'NONE', #2469, #18, #9742, .T. ) ;
#1561 = ADVANCED_FACE ( 'NONE', ( #3516 ), #10454, .F. ) ;
#1562 = SURFACE_SIDE_STYLE ('',( #11115 ) ) ;
#1563 = DIRECTION ( 'NONE',  ( 0.0000000000000000000, -1.000000000000000000, 0.0000000000000000000 ) ) ;
#1564 = CARTESIAN_POINT ( 'NONE',  ( 0.0000000000000000000, 0.0000000000000000000, 72.59999999999999400 ) ) ;
#1565 = ORIENTED_EDGE ( 'NONE', *, *, #4800, .T. ) ;
#1566 = TOROIDAL_SURFACE ( 'NONE', #11256, 2.250000000000000400, 0.2500000000000000000 ) ;
#1567 = ORIENTED_EDGE ( 'NONE', *, *, #2881, .T. ) ;
#1568 = CIRCLE ( 'NONE', #1989, 3.308340903158648600 ) ;
#1569 = ORIENTED_EDGE ( 'NONE', *, *, #6281, .T. ) ;
#1570 = AXIS2_PLACEMENT_3D ( 'NONE', #7627, #10444, #9596 ) ;
#1571 = DIRECTION ( 'NONE',  ( -0.0000000000000000000, -0.0000000000000000000, 1.000000000000000000 ) ) ;
#1572 = SURFACE_SIDE_STYLE ('',( #1653 ) ) ;
#1573 = CARTESIAN_POINT ( 'NONE',  ( 42.74999999999999300, -20.09999999999999800, 55.74999999999999300 ) ) ;
#1574 = EDGE_LOOP ( 'NONE', ( #8682, #10705, #8304, #11403 ) ) ;
#1575 = CARTESIAN_POINT ( 'NONE',  ( 43.00000000000000700, -25.19999999999999200, -59.00000000000000000 ) ) ;
#1576 = AXIS2_PLACEMENT_3D ( 'NONE', #3206, #8669, #1339 ) ;
#1577 = VECTOR ( 'NONE', #577, 1000.000000000000000 ) ;
#1578 = VERTEX_POINT ( 'NONE', #1279 ) ;
#1579 = VERTEX_POINT ( 'NONE', #2186 ) ;
#1580 = SURFACE_STYLE_USAGE ( .BOTH. , #682 ) ;
#1581 = AXIS2_PLACEMENT_3D ( 'NONE', #7059, #7836, #2453 ) ;
#1582 = AXIS2_PLACEMENT_3D ( 'NONE', #11471, #646, #1550 ) ;
#1583 = DIRECTION ( 'NONE',  ( 1.000000000000000000, -1.521687259628777600E-015, 0.0000000000000000000 ) ) ;
#1584 = SURFACE_STYLE_USAGE ( .BOTH. , #11682 ) ;
#1585 = DIRECTION ( 'NONE',  ( -1.000000000000000000, 0.0000000000000000000, 0.0000000000000000000 ) ) ;
#1586 = ORIENTED_EDGE ( 'NONE', *, *, #3642, .T. ) ;
#1587 = VECTOR ( 'NONE', #7291, 1000.000000000000000 ) ;
#1588 = DIRECTION ( 'NONE',  ( 0.0000000000000000000, 0.0000000000000000000, -1.000000000000000000 ) ) ;
#1589 = SURFACE_STYLE_FILL_AREA ( #9955 ) ;
#1590 = FACE_OUTER_BOUND ( 'NONE', #5152, .T. ) ;
#1591 = AXIS2_PLACEMENT_3D ( 'NONE', #6555, #1073, #6673 ) ;
#1592 = ORIENTED_EDGE ( 'NONE', *, *, #10272, .T. ) ;
#1593 = CARTESIAN_POINT ( 'NONE',  ( -38.43999999999999800, 23.09999999999999100, -48.00000000000000000 ) ) ;
#1594 = EDGE_CURVE ( 'NONE', #10893, #8597, #6593, .T. ) ;
#1595 = DIRECTION ( 'NONE',  ( -1.000000000000000000, 0.0000000000000000000, 0.0000000000000000000 ) ) ;
#1596 = CARTESIAN_POINT ( 'NONE',  ( 42.74999999999999300, 25.19999999999999600, -59.00000000000000000 ) ) ;
#1597 = TOROIDAL_SURFACE ( 'NONE', #8471, -0.5586641917832802000, 3.308340903158649500 ) ;
#1598 = ORIENTED_EDGE ( 'NONE', *, *, #4532, .T. ) ;
#1599 = CARTESIAN_POINT ( 'NONE',  ( -19.84999999999999100, -42.99999999999999300, 58.75000000000000000 ) ) ;
#1600 = DIRECTION ( 'NONE',  ( -1.000000000000000000, 0.0000000000000000000, 0.0000000000000000000 ) ) ;
#1601 = VECTOR ( 'NONE', #11069, 1000.000000000000000 ) ;
#1602 = AXIS2_PLACEMENT_3D ( 'NONE', #7713, #3321, #5118 ) ;
#1603 = FACE_OUTER_BOUND ( 'NONE', #4344, .T. ) ;
#1604 = CARTESIAN_POINT ( 'NONE',  ( 39.99999999999999300, 27.94999999999999600, -59.00000000000000000 ) ) ;
#1605 = LINE ( 'NONE', #1857, #4595 ) ;
#1606 = STYLED_ITEM ( 'NONE', ( #748 ), #11387 ) ;
#1607 = CARTESIAN_POINT ( 'NONE',  ( -37.96999999999999200, 21.10000000000000500, 56.75896736903249700 ) ) ;
#1608 = CARTESIAN_POINT ( 'NONE',  ( 43.00000000000000700, -25.19999999999999200, -58.75000000000000000 ) ) ;
#1609 = CARTESIAN_POINT ( 'NONE',  ( 25.09999999999960400, 37.97000000000025500, 56.75896736903245500 ) ) ;
#1610 =( GEOMETRIC_REPRESENTATION_CONTEXT ( 3 ) GLOBAL_UNCERTAINTY_ASSIGNED_CONTEXT ( ( #5333 ) ) GLOBAL_UNIT_ASSIGNED_CONTEXT ( ( #454, #2076, #10442 ) ) REPRESENTATION_CONTEXT ( 'NONE', 'WORKASPACE' ) );
#1611 = DIRECTION ( 'NONE',  ( -1.000000000000000000, 0.0000000000000000000, 0.0000000000000000000 ) ) ;
#1612 = EDGE_LOOP ( 'NONE', ( #4668, #2697 ) ) ;
#1613 = CIRCLE ( 'NONE', #11553, 36.75000000000000000 ) ;
#1614 = LINE ( 'NONE', #7879, #6564 ) ;
#1615 = EDGE_CURVE ( 'NONE', #3441, #7046, #4365, .T. ) ;
#1616 =( LENGTH_UNIT ( ) NAMED_UNIT ( * ) SI_UNIT ( .MILLI., .METRE. ) );
#1617 = CARTESIAN_POINT ( 'NONE',  ( 28.20000000000000300, 31.19999999999999600, 48.00000000000000000 ) ) ;
#1618 = LINE ( 'NONE', #4737, #2633 ) ;
#1619 = DIRECTION ( 'NONE',  ( 0.0000000000000000000, 0.0000000000000000000, -1.000000000000000000 ) ) ;
#1620 = ADVANCED_FACE ( 'NONE', ( #11445 ), #4076, .F. ) ;
#1621 = AXIS2_PLACEMENT_3D ( 'NONE', #11481, #607, #571 ) ;
#1622 = VERTEX_POINT ( 'NONE', #10904 ) ;
#1623 = ORIENTED_EDGE ( 'NONE', *, *, #9336, .T. ) ;
#1624 = FACE_OUTER_BOUND ( 'NONE', #7329, .T. ) ;
#1625 = CARTESIAN_POINT ( 'NONE',  ( 23.74852751943381800, 37.97000000000024000, 57.75230104942100000 ) ) ;
#1626 = DIRECTION ( 'NONE',  ( -0.0000000000000000000, 0.0000000000000000000, 1.000000000000000000 ) ) ;
#1627 = COLOUR_RGB ( '',0.2000000000000000100, 0.2000000000000000100, 0.2000000000000000100 ) ;
#1628 = DIRECTION ( 'NONE',  ( 1.000000000000000000, 0.0000000000000000000, 0.0000000000000000000 ) ) ;
#1629 =( NAMED_UNIT ( * ) SI_UNIT ( $, .STERADIAN. ) SOLID_ANGLE_UNIT ( ) );
#1630 = CARTESIAN_POINT ( 'NONE',  ( -26.34999999999998400, -38.44000000000000500, 55.99999999999999300 ) ) ;
#1631 = LINE ( 'NONE', #7301, #7403 ) ;
#1632 = DIRECTION ( 'NONE',  ( 0.0000000000000000000, 0.0000000000000000000, 1.000000000000000000 ) ) ;
#1633 = B_SPLINE_CURVE_WITH_KNOTS ( 'NONE', 3,
 ( #7020, #10690, #10734, #3574 ),
 .UNSPECIFIED., .F., .F.,
 ( 4, 4 ),
 ( 0.01605689750330281300, 0.01650909774520733400 ),
 .UNSPECIFIED. ) ;
#1634 = CARTESIAN_POINT ( 'NONE',  ( 21.84999999999999800, 38.44000000000001200, 48.00000000000000000 ) ) ;
#1635 = EDGE_CURVE ( 'NONE', #6528, #10090, #1655, .T. ) ;
#1636 = DIRECTION ( 'NONE',  ( -0.0000000000000000000, -0.0000000000000000000, 1.000000000000000000 ) ) ;
#1637 = VERTEX_POINT ( 'NONE', #10623 ) ;
#1638 = ORIENTED_EDGE ( 'NONE', *, *, #3357, .T. ) ;
#1639 = LINE ( 'NONE', #11708, #11154 ) ;
#1640 = CARTESIAN_POINT ( 'NONE',  ( 40.46999999999999200, -23.60000000000000100, 56.49999999999999300 ) ) ;
#1641 = VECTOR ( 'NONE', #8255, 1000.000000000000000 ) ;
#1642 = ORIENTED_EDGE ( 'NONE', *, *, #5724, .T. ) ;
#1643 =( LENGTH_UNIT ( ) NAMED_UNIT ( * ) SI_UNIT ( .MILLI., .METRE. ) );
#1644 = CARTESIAN_POINT ( 'NONE',  ( -34.79999999999998300, -34.80000000000000400, 48.25000000000000000 ) ) ;
#1645 = AXIS2_PLACEMENT_3D ( 'NONE', #8671, #3286, #5205 ) ;
#1646 = DIRECTION ( 'NONE',  ( 0.0000000000000000000, -0.0000000000000000000, -1.000000000000000000 ) ) ;
#1647 = CARTESIAN_POINT ( 'NONE',  ( -25.09999999999987400, -37.97000000000007700, 56.49999999999999300 ) ) ;
#1648 = CARTESIAN_POINT ( 'NONE',  ( 0.0000000000000000000, 0.0000000000000000000, -58.99999999999999300 ) ) ;
#1649 = CARTESIAN_POINT ( 'NONE',  ( 38.96999999999999200, -25.10000000000000500, 56.75896736903249000 ) ) ;
#1650 = EDGE_CURVE ( 'NONE', #5606, #10515, #2518, .T. ) ;
#1651 = ORIENTED_EDGE ( 'NONE', *, *, #2296, .T. ) ;
#1652 = ORIENTED_EDGE ( 'NONE', *, *, #4868, .T. ) ;
#1653 = SURFACE_STYLE_FILL_AREA ( #6118 ) ;
#1654 = CARTESIAN_POINT ( 'NONE',  ( -22.59999999999986600, -38.97000000000007000, 57.79579263126747400 ) ) ;
#1655 = CIRCLE ( 'NONE', #9725, 0.2500000000000002200 ) ;
#1656 = EDGE_CURVE ( 'NONE', #3276, #5520, #9445, .T. ) ;
#1657 = DIRECTION ( 'NONE',  ( 1.682156097916899000E-015, 1.000000000000000000, 0.0000000000000000000 ) ) ;
#1658 = CARTESIAN_POINT ( 'NONE',  ( 39.99999999999999300, -27.94999999999999200, -58.75000000000000000 ) ) ;
#1659 = VECTOR ( 'NONE', #1583, 1000.000000000000000 ) ;
#1660 =( NAMED_UNIT ( * ) SI_UNIT ( $, .STERADIAN. ) SOLID_ANGLE_UNIT ( ) );
#1661 = AXIS2_PLACEMENT_3D ( 'NONE', #2599, #3634, #11029 ) ;
#1662 = PLANE ( 'NONE',  #377 ) ;
#1663 = AXIS2_PLACEMENT_3D ( 'NONE', #8241, #4552, #982 ) ;
#1664 = ORIENTED_EDGE ( 'NONE', *, *, #9657, .F. ) ;
#1665 = ORIENTED_EDGE ( 'NONE', *, *, #62, .T. ) ;
#1666 = CYLINDRICAL_SURFACE ( 'NONE', #5236, 0.2500000000000002200 ) ;
#1667 = LINE ( 'NONE', #1914, #8028 ) ;
#1668 = ORIENTED_EDGE ( 'NONE', *, *, #1615, .T. ) ;
#1669 = CARTESIAN_POINT ( 'NONE',  ( 26.59999999999999400, 42.75000000000000700, 58.75000000000000000 ) ) ;
#1670 = STYLED_ITEM ( 'NONE', ( #7459 ), #612 ) ;
#1671 = ADVANCED_FACE ( 'NONE', ( #11023 ), #6750, .F. ) ;
#1672 = DIRECTION ( 'NONE',  ( 0.0000000000000000000, 0.0000000000000000000, -1.000000000000000000 ) ) ;
#1673 = DIRECTION ( 'NONE',  ( -0.0000000000000000000, -0.0000000000000000000, 1.000000000000000000 ) ) ;
#1674 = DIRECTION ( 'NONE',  ( -0.0000000000000000000, -0.0000000000000000000, 1.000000000000000000 ) ) ;
#1675 = EDGE_CURVE ( 'NONE', #5511, #6399, #8014, .T. ) ;
#1676 = ORIENTED_EDGE ( 'NONE', *, *, #10040, .T. ) ;
#1677 = ORIENTED_EDGE ( 'NONE', *, *, #826, .F. ) ;
#1678 = ORIENTED_EDGE ( 'NONE', *, *, #2201, .T. ) ;
#1679 = CARTESIAN_POINT ( 'NONE',  ( -36.75000000000000000, 4.500576986866523800E-015, 59.00000000000000000 ) ) ;
#1680 = AXIS2_PLACEMENT_3D ( 'NONE', #7744, #6013, #1510 ) ;
#1681 = VECTOR ( 'NONE', #8392, 1000.000000000000000 ) ;
#1682 = AXIS2_PLACEMENT_3D ( 'NONE', #7717, #3125, #5044 ) ;
#1683 = DIRECTION ( 'NONE',  ( 1.000000000000000000, 0.0000000000000000000, 0.0000000000000000000 ) ) ;
#1684 = DIRECTION ( 'NONE',  ( -1.000000000000000000, -4.130293990420970900E-016, 0.0000000000000000000 ) ) ;
#1685 = DIRECTION ( 'NONE',  ( -0.0000000000000000000, -0.0000000000000000000, 1.000000000000000000 ) ) ;
#1686 = ADVANCED_FACE ( 'NONE', ( #7026 ), #4828, .F. ) ;
#1687 = LINE ( 'NONE', #10532, #5521 ) ;
#1688 = DIRECTION ( 'NONE',  ( -1.000000000000000000, 0.0000000000000000000, 0.0000000000000000000 ) ) ;
#1689 = DIRECTION ( 'NONE',  ( -0.0000000000000000000, 0.0000000000000000000, 1.000000000000000000 ) ) ;
#1690 = DIRECTION ( 'NONE',  ( 0.0000000000000000000, 0.0000000000000000000, 1.000000000000000000 ) ) ;
#1691 = ORIENTED_EDGE ( 'NONE', *, *, #6827, .F. ) ;
#1692 = VERTEX_POINT ( 'NONE', #9492 ) ;
#1693 = STYLED_ITEM ( 'NONE', ( #10998 ), #2161 ) ;
#1694 = VECTOR ( 'NONE', #10888, 1000.000000000000000 ) ;
#1695 = CARTESIAN_POINT ( 'NONE',  ( 38.38420073837013300, -21.10000000000000100, 56.83639580559808000 ) ) ;
#1696 = CARTESIAN_POINT ( 'NONE',  ( -43.00000000000000000, 28.19999999999999600, 48.00000000000000000 ) ) ;
#1697 = EDGE_CURVE ( 'NONE', #10773, #1133, #9154, .T. ) ;
#1698 = ORIENTED_EDGE ( 'NONE', *, *, #2254, .T. ) ;
#1699 = CARTESIAN_POINT ( 'NONE',  ( -39.99999999999999300, 28.19999999999999600, 48.00000000000000000 ) ) ;
#1700 = CARTESIAN_POINT ( 'NONE',  ( -31.19999999999998900, 31.19999999999999600, -48.00000000000000000 ) ) ;
#1701 = CARTESIAN_POINT ( 'NONE',  ( 25.09999999999960400, 38.04982285089102600, 56.78408231111888000 ) ) ;
#1702 = EDGE_LOOP ( 'NONE', ( #950, #9797, #3905, #9780 ) ) ;
#1703 = CARTESIAN_POINT ( 'NONE',  ( -37.18999999999998400, 23.09999999999999100, 55.74999999999999300 ) ) ;
#1704 = VECTOR ( 'NONE', #9982, 1000.000000000000000 ) ;
#1705 = CARTESIAN_POINT ( 'NONE',  ( 21.59999999999999400, 38.44000000000001200, -59.00000000000000000 ) ) ;
#1706 =( LENGTH_UNIT ( ) NAMED_UNIT ( * ) SI_UNIT ( .MILLI., .METRE. ) );
#1707 = VERTEX_POINT ( 'NONE', #8761 ) ;
#1708 = ORIENTED_EDGE ( 'NONE', *, *, #3265, .F. ) ;
#1709 = MANIFOLD_SOLID_BREP ( 'Cut-Extrude4', #11339 ) ;
#1710 = DIRECTION ( 'NONE',  ( 1.000000000000000000, 0.0000000000000000000, 0.0000000000000000000 ) ) ;
#1711 = EDGE_CURVE ( 'NONE', #7052, #4539, #3222, .T. ) ;
#1712 = ORIENTED_EDGE ( 'NONE', *, *, #2662, .T. ) ;
#1713 = VECTOR ( 'NONE', #10031, 1000.000000000000000 ) ;
#1714 = DIRECTION ( 'NONE',  ( 7.608436298143899900E-016, 1.000000000000000000, -0.0000000000000000000 ) ) ;
#1715 = CARTESIAN_POINT ( 'NONE',  ( 0.0000000000000000000, 0.0000000000000000000, -48.00000000000000000 ) ) ;
#1716 = CARTESIAN_POINT ( 'NONE',  ( 40.49999999999999300, -42.74999999999999300, 58.75000000000000000 ) ) ;
#1717 = FACE_OUTER_BOUND ( 'NONE', #7785, .T. ) ;
#1718 = DIRECTION ( 'NONE',  ( 7.608436298143899900E-016, 1.000000000000000000, 0.0000000000000000000 ) ) ;
#1719 = VERTEX_POINT ( 'NONE', #3328 ) ;
#1720 = ORIENTED_EDGE ( 'NONE', *, *, #3033, .T. ) ;
#1721 = B_SPLINE_CURVE_WITH_KNOTS ( 'NONE', 3,
 ( #1107, #1141, #7323, #10207, #3934, #8285 ),
 .UNSPECIFIED., .F., .F.,
 ( 4, 2, 4 ),
 ( 6.938893903907228400E-018, 0.0002528233410046206500, 0.0005056466820092343600 ),
 .UNSPECIFIED. ) ;
#1722 = DIRECTION ( 'NONE',  ( -1.000000000000000000, 0.0000000000000000000, 0.0000000000000000000 ) ) ;
#1723 = DIRECTION ( 'NONE',  ( 1.000000000000000000, 0.0000000000000000000, 0.0000000000000000000 ) ) ;
#1724 = AXIS2_PLACEMENT_3D ( 'NONE', #5922, #435, #2300 ) ;
#1725 = EDGE_LOOP ( 'NONE', ( #304, #3401, #2942, #7981 ) ) ;
#1726 = LINE ( 'NONE', #1647, #4699 ) ;
#1727 = EDGE_LOOP ( 'NONE', ( #9712, #11377, #2807, #8177 ) ) ;
#1728 = EDGE_CURVE ( 'NONE', #8416, #11688, #9298, .T. ) ;
#1729 = EDGE_LOOP ( 'NONE', ( #10402, #11496, #8662, #9507 ) ) ;
#1730 = COLOUR_RGB ( '',0.2000000000000000100, 0.2000000000000000100, 0.2000000000000000100 ) ;
#1731 = DIRECTION ( 'NONE',  ( 1.000000000000000000, 0.0000000000000000000, 0.0000000000000000000 ) ) ;
#1732 = DIRECTION ( 'NONE',  ( 0.0000000000000000000, 0.0000000000000000000, -1.000000000000000000 ) ) ;
#1733 = DIRECTION ( 'NONE',  ( -1.000000000000000000, 0.0000000000000000000, 0.0000000000000000000 ) ) ;
#1734 = ADVANCED_FACE ( 'NONE', ( #5609 ), #5769, .T. ) ;
#1735 = ORIENTED_EDGE ( 'NONE', *, *, #1905, .F. ) ;
#1736 = DIRECTION ( 'NONE',  ( 1.000000000000000000, 2.523530811895499100E-015, 1.108712219367988300E-016 ) ) ;
#1737 = FACE_OUTER_BOUND ( 'NONE', #4654, .T. ) ;
#1738 = AXIS2_PLACEMENT_3D ( 'NONE', #7926, #9781, #4357 ) ;
#1739 = ORIENTED_EDGE ( 'NONE', *, *, #4974, .T. ) ;
#1740 = CARTESIAN_POINT ( 'NONE',  ( -19.59999999999998700, -42.74999999999999300, 58.75000000000000000 ) ) ;
#1741 = ORIENTED_EDGE ( 'NONE', *, *, #8095, .T. ) ;
#1742 = CIRCLE ( 'NONE', #4720, 1.250000000000008000 ) ;
#1743 = CARTESIAN_POINT ( 'NONE',  ( -31.54999999999999400, 34.79999999999999000, 38.80761184457487200 ) ) ;
#1744 = EDGE_CURVE ( 'NONE', #5831, #879, #6020, .T. ) ;
#1745 = ADVANCED_FACE ( 'NONE', ( #3659 ), #6858, .F. ) ;
#1746 = LINE ( 'NONE', #1894, #5840 ) ;
#1747 = ORIENTED_EDGE ( 'NONE', *, *, #5084, .T. ) ;
#1748 = CARTESIAN_POINT ( 'NONE',  ( 42.74999999999999300, -26.09999999999999400, 55.99999999999999300 ) ) ;
#1749 = TOROIDAL_SURFACE ( 'NONE', #10552, 2.999999999999999100, 0.2500000000000000000 ) ;
#1750 = AXIS2_PLACEMENT_3D ( 'NONE', #6236, #4513, #29 ) ;
#1751 = DIRECTION ( 'NONE',  ( -1.000000000000000000, 1.521687259628777600E-015, -0.0000000000000000000 ) ) ;
#1752 = CARTESIAN_POINT ( 'NONE',  ( 23.27313915899414800, 36.47000000000023300, 56.83614593112137200 ) ) ;
#1753 = AXIS2_PLACEMENT_3D ( 'NONE', #4596, #953, #200 ) ;
#1754 = FILL_AREA_STYLE_COLOUR ( '', #6938 ) ;
#1755 = DIRECTION ( 'NONE',  ( 1.000000000000000000, -7.608436298143899900E-016, 0.0000000000000000000 ) ) ;
#1756 =( NAMED_UNIT ( * ) PLANE_ANGLE_UNIT ( ) SI_UNIT ( $, .RADIAN. ) );
#1757 = DIRECTION ( 'NONE',  ( 1.000000000000000000, -0.0000000000000000000, -0.0000000000000000000 ) ) ;
#1758 = ORIENTED_EDGE ( 'NONE', *, *, #3953, .F. ) ;
#1759 = ORIENTED_EDGE ( 'NONE', *, *, #1560, .T. ) ;
#1760 = LINE ( 'NONE', #7453, #1601 ) ;
#1761 = CIRCLE ( 'NONE', #4055, 0.2500000000000002200 ) ;
#1762 = CARTESIAN_POINT ( 'NONE',  ( -31.19999999999998900, 31.19999999999999600, -59.00000000000000000 ) ) ;
#1763 = EDGE_CURVE ( 'NONE', #5885, #6310, #4062, .T. ) ;
#1764 = CARTESIAN_POINT ( 'NONE',  ( 26.34999999999998700, 38.43999999999999800, 58.75000000000000000 ) ) ;
#1765 =( LENGTH_UNIT ( ) NAMED_UNIT ( * ) SI_UNIT ( .MILLI., .METRE. ) );
#1766 = ORIENTED_EDGE ( 'NONE', *, *, #2034, .T. ) ;
#1767 = B_SPLINE_CURVE_WITH_KNOTS ( 'NONE', 3,
 ( #8020, #917, #11757, #7115, #11714, #836, #3627, #9863 ),
 .UNSPECIFIED., .F., .F.,
 ( 4, 2, 2, 4 ),
 ( 0.01712125363646610800, 0.01758061768880460300, 0.01803998174114310200, 0.01895870984582009200 ),
 .UNSPECIFIED. ) ;
#1768 = CARTESIAN_POINT ( 'NONE',  ( 26.59999999999998700, 38.43999999999999800, 59.00000000000000000 ) ) ;
#1769 = FILL_AREA_STYLE_COLOUR ( '', #3118 ) ;
#1770 = CARTESIAN_POINT ( 'NONE',  ( -39.69000000000000500, 23.09999999999999100, -59.00000000000000000 ) ) ;
#1771 = AXIS2_PLACEMENT_3D ( 'NONE', #8848, #3540, #7029 ) ;
#1772 = PRESENTATION_LAYER_ASSIGNMENT (  '', '', ( #9346 ) ) ;
#1773 = ORIENTED_EDGE ( 'NONE', *, *, #4153, .T. ) ;
#1774 = VERTEX_POINT ( 'NONE', #2412 ) ;
#1775 = CYLINDRICAL_SURFACE ( 'NONE', #387, 1.250000000000001100 ) ;
#1776 = VECTOR ( 'NONE', #7584, 1000.000000000000000 ) ;
#1777 = PLANE ( 'NONE',  #5463 ) ;
#1778 = DIRECTION ( 'NONE',  ( 2.460600675144407800E-016, -1.000000000000000000, 0.0000000000000000000 ) ) ;
#1779 = EDGE_CURVE ( 'NONE', #2773, #2297, #8280, .T. ) ;
#1780 = DIRECTION ( 'NONE',  ( 0.0000000000000000000, 0.0000000000000000000, -1.000000000000000000 ) ) ;
#1781 = EDGE_LOOP ( 'NONE', ( #962, #11289, #10844, #7018 ) ) ;
#1782 = ORIENTED_EDGE ( 'NONE', *, *, #7054, .F. ) ;
#1783 = FACE_OUTER_BOUND ( 'NONE', #3423, .T. ) ;
#1784 = CIRCLE ( 'NONE', #4309, 3.000000000000002700 ) ;
#1785 = DIRECTION ( 'NONE',  ( 1.000000000000000000, 3.491481338843133400E-015, 0.0000000000000000000 ) ) ;
#1786 = STYLED_ITEM ( 'NONE', ( #3817 ), #6558 ) ;
#1787 = DIRECTION ( 'NONE',  ( -1.521687259628777600E-015, -1.000000000000000000, 0.0000000000000000000 ) ) ;
#1788 = PLANE ( 'NONE',  #7884 ) ;
#1789 = ADVANCED_FACE ( 'NONE', ( #506 ), #5595, .T. ) ;
#1790 = DIRECTION ( 'NONE',  ( -1.000000000000000000, 0.0000000000000000000, 0.0000000000000000000 ) ) ;
#1791 = CARTESIAN_POINT ( 'NONE',  ( 0.0000000000000000000, 0.0000000000000000000, -58.99999999999999300 ) ) ;
#1792 = VERTEX_POINT ( 'NONE', #11491 ) ;
#1793 = ORIENTED_EDGE ( 'NONE', *, *, #854, .T. ) ;
#1794 = CIRCLE ( 'NONE', #8775, 3.250000000000002700 ) ;
#1795 = CIRCLE ( 'NONE', #2834, 0.2500000000000002200 ) ;
#1796 = DIRECTION ( 'NONE',  ( 0.0000000000000000000, -0.0000000000000000000, -1.000000000000000000 ) ) ;
#1797 = ORIENTED_EDGE ( 'NONE', *, *, #1004, .F. ) ;
#1798 = LINE ( 'NONE', #507, #3663 ) ;
#1799 = CARTESIAN_POINT ( 'NONE',  ( -42.74999999999999300, 19.84999999999999800, 55.99999999999999300 ) ) ;
#1800 = EDGE_CURVE ( 'NONE', #9661, #7614, #3362, .T. ) ;
#1801 = CARTESIAN_POINT ( 'NONE',  ( 0.0000000000000000000, 0.0000000000000000000, 48.00000000000000000 ) ) ;
#1802 = DIRECTION ( 'NONE',  ( -0.0000000000000000000, -0.0000000000000000000, -1.000000000000000000 ) ) ;
#1803 = ORIENTED_EDGE ( 'NONE', *, *, #315, .F. ) ;
#1804 = ORIENTED_EDGE ( 'NONE', *, *, #10054, .T. ) ;
#1805 = PRESENTATION_STYLE_ASSIGNMENT (( #3142 ) ) ;
#1806 = CARTESIAN_POINT ( 'NONE',  ( 25.19999999999999900, 40.00000000000000000, -58.75000000000000000 ) ) ;
#1807 = VECTOR ( 'NONE', #1571, 1000.000000000000000 ) ;
#1808 = ADVANCED_FACE ( 'NONE', ( #3797 ), #9866, .F. ) ;
#1809 = FILL_AREA_STYLE_COLOUR ( '', #9683 ) ;
#1810 = CARTESIAN_POINT ( 'NONE',  ( -40.49999999999997900, -42.99999999999999300, 48.25000000000000000 ) ) ;
#1811 = AXIS2_PLACEMENT_3D ( 'NONE', #11142, #1230, #1311 ) ;
#1812 = ORIENTED_EDGE ( 'NONE', *, *, #824, .T. ) ;
#1813 = EDGE_CURVE ( 'NONE', #4884, #7985, #9142, .T. ) ;
#1814 = EDGE_CURVE ( 'NONE', #1184, #7424, #10588, .T. ) ;
#1815 = PRESENTATION_STYLE_ASSIGNMENT (( #3310 ) ) ;
#1816 = DIRECTION ( 'NONE',  ( 0.0000000000000000000, 0.0000000000000000000, -1.000000000000000000 ) ) ;
#1817 = DIRECTION ( 'NONE',  ( -1.000000000000000000, 0.0000000000000000000, 0.0000000000000000000 ) ) ;
#1818 = ORIENTED_EDGE ( 'NONE', *, *, #7576, .F. ) ;
#1819 = PRESENTATION_STYLE_ASSIGNMENT (( #4390 ) ) ;
#1820 = ORIENTED_EDGE ( 'NONE', *, *, #4482, .T. ) ;
#1821 = CARTESIAN_POINT ( 'NONE',  ( 37.96999999999999200, -22.60000000000000100, 57.79579263126747400 ) ) ;
#1822 = AXIS2_PLACEMENT_3D ( 'NONE', #7407, #3097, #10343 ) ;
#1823 = AXIS2_PLACEMENT_3D ( 'NONE', #11285, #5794, #8466 ) ;
#1824 = ORIENTED_EDGE ( 'NONE', *, *, #8021, .T. ) ;
#1825 = CARTESIAN_POINT ( 'NONE',  ( 43.00000000000000000, -40.49999999999997900, 59.00000000000000000 ) ) ;
#1826 = ORIENTED_EDGE ( 'NONE', *, *, #11740, .F. ) ;
#1827 = LINE ( 'NONE', #6538, #3246 ) ;
#1828 = AXIS2_PLACEMENT_3D ( 'NONE', #3137, #9455, #11303 ) ;
#1829 = CARTESIAN_POINT ( 'NONE',  ( 38.43999999999999800, -26.34999999999998700, 56.24999999999999300 ) ) ;
#1830 = CARTESIAN_POINT ( 'NONE',  ( 24.59999999999999800, 38.44000000000001200, 48.25000000000000000 ) ) ;
#1831 = EDGE_CURVE ( 'NONE', #5098, #7455, #4623, .T. ) ;
#1832 = DIRECTION ( 'NONE',  ( 1.000000000000000000, 0.0000000000000000000, 0.0000000000000000000 ) ) ;
#1833 = CARTESIAN_POINT ( 'NONE',  ( 38.43999999999999800, -26.34999999999998700, 58.75000000000000000 ) ) ;
#1834 = VERTEX_POINT ( 'NONE', #4398 ) ;
#1835 = AXIS2_PLACEMENT_3D ( 'NONE', #8223, #9262, #3791 ) ;
#1836 = VERTEX_POINT ( 'NONE', #7021 ) ;
#1837 = ORIENTED_EDGE ( 'NONE', *, *, #7005, .F. ) ;
#1838 = SPHERICAL_SURFACE ( 'NONE', #2355, 0.2500000000000000000 ) ;
#1839 = LINE ( 'NONE', #4875, #9634 ) ;
#1840 = VERTEX_POINT ( 'NONE', #1604 ) ;
#1841 = ORIENTED_EDGE ( 'NONE', *, *, #2855, .F. ) ;
#1842 = B_SPLINE_CURVE_WITH_KNOTS ( 'NONE', 3,
 ( #3196, #3231, #1408, #490, #9557, #8741 ),
 .UNSPECIFIED., .F., .F.,
 ( 4, 2, 4 ),
 ( 0.01713536489727013300, 0.01805660470586274400, 0.01897784451445535400 ),
 .UNSPECIFIED. ) ;
#1843 = SURFACE_STYLE_USAGE ( .BOTH. , #63 ) ;
#1844 = CARTESIAN_POINT ( 'NONE',  ( -36.46999999999999900, 23.60000000000000100, 56.49999999999999300 ) ) ;
#1845 = CARTESIAN_POINT ( 'NONE',  ( -7.000000000000000000, 0.0000000000000000000, -58.80000000000000400 ) ) ;
#1846 = CARTESIAN_POINT ( 'NONE',  ( -38.43999999999999800, 23.09999999999999100, 55.74999999999999300 ) ) ;
#1847 = MECHANICAL_DESIGN_GEOMETRIC_PRESENTATION_REPRESENTATION (  '', ( #3297 ), #4514 ) ;
#1848 = CARTESIAN_POINT ( 'NONE',  ( -31.19999999999998500, -27.95000000000000600, -58.75000000000000000 ) ) ;
#1849 = VERTEX_POINT ( 'NONE', #6150 ) ;
#1850 = EDGE_CURVE ( 'NONE', #1248, #2886, #4973, .T. ) ;
#1851 = VECTOR ( 'NONE', #7162, 1000.000000000000000 ) ;
#1852 = ORIENTED_EDGE ( 'NONE', *, *, #1763, .F. ) ;
#1853 = ORIENTED_EDGE ( 'NONE', *, *, #6522, .F. ) ;
#1854 = CARTESIAN_POINT ( 'NONE',  ( -25.09999999999987400, -38.04982285089087000, 56.78408231111889400 ) ) ;
#1855 = UNCERTAINTY_MEASURE_WITH_UNIT (LENGTH_MEASURE( 1.000000000000000100E-005 ), #1765, 'distance_accuracy_value', 'NONE');
#1856 = DIRECTION ( 'NONE',  ( 0.0000000000000000000, 0.0000000000000000000, 1.000000000000000000 ) ) ;
#1857 = CARTESIAN_POINT ( 'NONE',  ( -13.53278131872451300, 6.000000000000000000, 97.60000000000000900 ) ) ;
#1858 = VERTEX_POINT ( 'NONE', #5288 ) ;
#1859 = AXIS2_PLACEMENT_3D ( 'NONE', #1139, #9249, #2090 ) ;
#1860 = VECTOR ( 'NONE', #2359, 1000.000000000000000 ) ;
#1861 = SURFACE_STYLE_FILL_AREA ( #8111 ) ;
#1862 = EDGE_LOOP ( 'NONE', ( #5088, #7617, #2832, #9524 ) ) ;
#1863 = ADVANCED_FACE ( 'NONE', ( #7414 ), #7697, .F. ) ;
#1864 = SURFACE_STYLE_FILL_AREA ( #4723 ) ;
#1865 = CARTESIAN_POINT ( 'NONE',  ( 0.0000000000000000000, 0.0000000000000000000, 72.59999999999999400 ) ) ;
#1866 = EDGE_CURVE ( 'NONE', #583, #465, #8000, .T. ) ;
#1867 = DIRECTION ( 'NONE',  ( 1.000000000000000000, 0.0000000000000000000, 0.0000000000000000000 ) ) ;
#1868 = ORIENTED_EDGE ( 'NONE', *, *, #3607, .T. ) ;
#1869 = DIRECTION ( 'NONE',  ( -1.000000000000000000, 1.224646799147349500E-016, 0.0000000000000000000 ) ) ;
#1870 = CARTESIAN_POINT ( 'NONE',  ( -43.00000000000000000, 19.84999999999999800, 56.24999999999999300 ) ) ;
#1871 = VECTOR ( 'NONE', #8130, 1000.000000000000000 ) ;
#1872 = ORIENTED_EDGE ( 'NONE', *, *, #8656, .F. ) ;
#1873 = DIRECTION ( 'NONE',  ( 1.224646799147353200E-016, 1.000000000000000000, -0.0000000000000000000 ) ) ;
#1874 = EDGE_LOOP ( 'NONE', ( #1246, #8428, #3260, #95 ) ) ;
#1875 = MECHANICAL_DESIGN_GEOMETRIC_PRESENTATION_REPRESENTATION (  '', ( #7533 ), #2490 ) ;
#1876 = CARTESIAN_POINT ( 'NONE',  ( 37.18999999999999800, -23.09999999999998700, 59.00000000000000000 ) ) ;
#1877 = EDGE_CURVE ( 'NONE', #7455, #3904, #10299, .T. ) ;
#1878 = CARTESIAN_POINT ( 'NONE',  ( 40.47000000000002000, -22.59999999999999800, 56.49999999999999300 ) ) ;
#1879 = ORIENTED_EDGE ( 'NONE', *, *, #710, .T. ) ;
#1880 = DIRECTION ( 'NONE',  ( -0.0000000000000000000, 0.0000000000000000000, -1.000000000000000000 ) ) ;
#1881 = DIRECTION ( 'NONE',  ( -1.000000000000000000, -2.460600675144407800E-016, -0.0000000000000000000 ) ) ;
#1882 = CIRCLE ( 'NONE', #6816, 0.2500000000000002200 ) ;
#1883 = FACE_OUTER_BOUND ( 'NONE', #11524, .T. ) ;
#1884 = CARTESIAN_POINT ( 'NONE',  ( 39.99999999999999300, 28.19999999999999600, 48.00000000000000000 ) ) ;
#1885 = AXIS2_PLACEMENT_3D ( 'NONE', #7070, #7935, #9829 ) ;
#1886 = CARTESIAN_POINT ( 'NONE',  ( 42.74999999999999300, -23.09999999999998700, 55.74999999999999300 ) ) ;
#1887 = DIRECTION ( 'NONE',  ( 1.000000000000000000, 0.0000000000000000000, 0.0000000000000000000 ) ) ;
#1888 = CYLINDRICAL_SURFACE ( 'NONE', #9714, 0.2500000000000002200 ) ;
#1889 = DIRECTION ( 'NONE',  ( 1.000000000000000000, 0.0000000000000000000, 0.0000000000000000000 ) ) ;
#1890 = ORIENTED_EDGE ( 'NONE', *, *, #6729, .F. ) ;
#1891 = FACE_OUTER_BOUND ( 'NONE', #1725, .T. ) ;
#1892 = LINE ( 'NONE', #3090, #5842 ) ;
#1893 = CARTESIAN_POINT ( 'NONE',  ( 38.44000000000001200, -23.09999999999998700, -59.00000000000000000 ) ) ;
#1894 = CARTESIAN_POINT ( 'NONE',  ( -8.000000000000000000, 9.797174393178825700E-016, 59.59999999999996600 ) ) ;
#1895 = MECHANICAL_DESIGN_GEOMETRIC_PRESENTATION_REPRESENTATION (  '', ( #6298 ), #8328 ) ;
#1896 = EDGE_CURVE ( 'NONE', #11385, #2428, #2506, .T. ) ;
#1897 = CARTESIAN_POINT ( 'NONE',  ( -42.74999999999999300, 26.09999999999999800, 55.74999999999999300 ) ) ;
#1898 = ORIENTED_EDGE ( 'NONE', *, *, #2031, .F. ) ;
#1899 = ORIENTED_EDGE ( 'NONE', *, *, #7505, .F. ) ;
#1900 = CYLINDRICAL_SURFACE ( 'NONE', #7789, 3.250000000000002700 ) ;
#1901 = AXIS2_PLACEMENT_3D ( 'NONE', #2438, #11397, #9759 ) ;
#1902 =( LENGTH_UNIT ( ) NAMED_UNIT ( * ) SI_UNIT ( .MILLI., .METRE. ) );
#1903 = CARTESIAN_POINT ( 'NONE',  ( 23.59999999999957900, 40.47000000000024000, 56.49999999999999300 ) ) ;
#1904 = LINE ( 'NONE', #7141, #11560 ) ;
#1905 = EDGE_CURVE ( 'NONE', #8820, #3526, #6167, .T. ) ;
#1906 = STYLED_ITEM ( 'NONE', ( #1180 ), #10792 ) ;
#1907 = DIRECTION ( 'NONE',  ( 1.000000000000000000, 0.0000000000000000000, 0.0000000000000000000 ) ) ;
#1908 = CARTESIAN_POINT ( 'NONE',  ( -21.51708127956457200, -37.97000000000006300, 57.21345909932559700 ) ) ;
#1909 = SURFACE_SIDE_STYLE ('',( #2675 ) ) ;
#1910 =( GEOMETRIC_REPRESENTATION_CONTEXT ( 3 ) GLOBAL_UNCERTAINTY_ASSIGNED_CONTEXT ( ( #7405 ) ) GLOBAL_UNIT_ASSIGNED_CONTEXT ( ( #4509, #8125, #2737 ) ) REPRESENTATION_CONTEXT ( 'NONE', 'WORKASPACE' ) );
#1911 = ORIENTED_EDGE ( 'NONE', *, *, #1650, .F. ) ;
#1912 = EDGE_LOOP ( 'NONE', ( #3006, #1021, #5765, #6240 ) ) ;
#1913 = SURFACE_STYLE_FILL_AREA ( #7355 ) ;
#1914 = CARTESIAN_POINT ( 'NONE',  ( -21.84999999999997700, -38.44000000000001200, 48.00000000000000000 ) ) ;
#1915 = EDGE_CURVE ( 'NONE', #5790, #6310, #8419, .T. ) ;
#1916 = UNCERTAINTY_MEASURE_WITH_UNIT (LENGTH_MEASURE( 1.000000000000000100E-005 ), #8814, 'distance_accuracy_value', 'NONE');
#1917 = DIRECTION ( 'NONE',  ( 0.0000000000000000000, 0.0000000000000000000, -1.000000000000000000 ) ) ;
#1918 = CYLINDRICAL_SURFACE ( 'NONE', #9147, 2.500000000000002200 ) ;
#1919 = ADVANCED_FACE ( 'NONE', ( #10012 ), #7854, .T. ) ;
#1920 = DIRECTION ( 'NONE',  ( 0.0000000000000000000, 0.0000000000000000000, -1.000000000000000000 ) ) ;
#1921 = CARTESIAN_POINT ( 'NONE',  ( -40.46999999999999900, 23.26837466999577600, 56.83664221820388500 ) ) ;
#1922 = PLANE ( 'NONE',  #821 ) ;
#1923 = CARTESIAN_POINT ( 'NONE',  ( -37.96999999999999200, 23.60000000000000100, 56.49999999999999300 ) ) ;
#1924 = AXIS2_PLACEMENT_3D ( 'NONE', #5057, #1539, #11503 ) ;
#1925 = VERTEX_POINT ( 'NONE', #7871 ) ;
#1926 = ORIENTED_EDGE ( 'NONE', *, *, #10412, .F. ) ;
#1927 = TOROIDAL_SURFACE ( 'NONE', #9629, 1.500000000000001300, 0.2500000000000000000 ) ;
#1928 = VECTOR ( 'NONE', #8804, 1000.000000000000000 ) ;
#1929 = CARTESIAN_POINT ( 'NONE',  ( -19.59999999999998700, -42.74999999999999300, 55.99999999999999300 ) ) ;
#1930 = CARTESIAN_POINT ( 'NONE',  ( 38.44000000000001200, -23.09999999999998700, 59.00000000000000000 ) ) ;
#1931 = CIRCLE ( 'NONE', #7371, 0.2500000000000002200 ) ;
#1932 = EDGE_LOOP ( 'NONE', ( #4320, #3939 ) ) ;
#1933 = CARTESIAN_POINT ( 'NONE',  ( 36.46999999999999900, -22.60000000000000500, 56.75896736903246900 ) ) ;
#1934 = EDGE_CURVE ( 'NONE', #6888, #2377, #7569, .T. ) ;
#1935 = DIRECTION ( 'NONE',  ( -1.000000000000000000, 0.0000000000000000000, 0.0000000000000000000 ) ) ;
#1936 = ORIENTED_EDGE ( 'NONE', *, *, #8459, .F. ) ;
#1937 = ORIENTED_EDGE ( 'NONE', *, *, #952, .F. ) ;
#1938 = FACE_OUTER_BOUND ( 'NONE', #4918, .T. ) ;
#1939 = DIRECTION ( 'NONE',  ( 1.000000000000000000, 0.0000000000000000000, 0.0000000000000000000 ) ) ;
#1940 = FACE_OUTER_BOUND ( 'NONE', #6812, .T. ) ;
#1941 = AXIS2_PLACEMENT_3D ( 'NONE', #880, #7080, #7982 ) ;
#1942 = PLANE ( 'NONE',  #618 ) ;
#1943 = CARTESIAN_POINT ( 'NONE',  ( 38.43999999999999100, -26.09999999999998700, 56.24999999999999300 ) ) ;
#1944 = ORIENTED_EDGE ( 'NONE', *, *, #7175, .F. ) ;
#1945 = EDGE_LOOP ( 'NONE', ( #11066, #3131, #5924, #10204 ) ) ;
#1946 = FILL_AREA_STYLE_COLOUR ( '', #4282 ) ;
#1947 = EDGE_CURVE ( 'NONE', #7105, #6636, #2801, .T. ) ;
#1948 =( NAMED_UNIT ( * ) SI_UNIT ( $, .STERADIAN. ) SOLID_ANGLE_UNIT ( ) );
#1949 = CYLINDRICAL_SURFACE ( 'NONE', #7082, 0.2500000000000002200 ) ;
#1950 = ORIENTED_EDGE ( 'NONE', *, *, #4257, .T. ) ;
#1951 =( LENGTH_UNIT ( ) NAMED_UNIT ( * ) SI_UNIT ( .MILLI., .METRE. ) );
#1952 = SURFACE_STYLE_USAGE ( .BOTH. , #2922 ) ;
#1953 = DIRECTION ( 'NONE',  ( 0.0000000000000000000, -0.0000000000000000000, -1.000000000000000000 ) ) ;
#1954 = AXIS2_PLACEMENT_3D ( 'NONE', #2871, #7338, #1869 ) ;
#1955 = CARTESIAN_POINT ( 'NONE',  ( 22.59999999999957500, 40.47000000000025500, 56.49999999999999300 ) ) ;
#1956 = EDGE_LOOP ( 'NONE', ( #10707, #3727, #9359, #9452 ) ) ;
#1957 = ORIENTED_EDGE ( 'NONE', *, *, #16, .F. ) ;
#1958 = COLOUR_RGB ( '',0.8941176470588234600, 0.9137254901960784000, 0.9294117647058823800 ) ;
#1959 = AXIS2_PLACEMENT_3D ( 'NONE', #10452, #10370, #11361 ) ;
#1960 = DIRECTION ( 'NONE',  ( -0.0000000000000000000, -0.0000000000000000000, 1.000000000000000000 ) ) ;
#1961 = VERTEX_POINT ( 'NONE', #11556 ) ;
#1962 = EDGE_LOOP ( 'NONE', ( #3186, #3807, #10898, #3433 ) ) ;
#1963 = SURFACE_STYLE_USAGE ( .BOTH. , #4664 ) ;
#1964 = ORIENTED_EDGE ( 'NONE', *, *, #1480, .T. ) ;
#1965 = VECTOR ( 'NONE', #7435, 1000.000000000000000 ) ;
#1966 = DIRECTION ( 'NONE',  ( -0.0000000000000000000, -0.0000000000000000000, 1.000000000000000000 ) ) ;
#1967 = DIRECTION ( 'NONE',  ( 2.775557561562879400E-014, 1.000000000000000000, 0.0000000000000000000 ) ) ;
#1968 = AXIS2_PLACEMENT_3D ( 'NONE', #1384, #7799, #2373 ) ;
#1969 = PRESENTATION_STYLE_ASSIGNMENT (( #4521 ) ) ;
#1970 = EDGE_CURVE ( 'NONE', #3837, #6399, #1366, .T. ) ;
#1971 = EDGE_LOOP ( 'NONE', ( #11049, #2845, #4746, #924 ) ) ;
#1972 = ORIENTED_EDGE ( 'NONE', *, *, #11616, .F. ) ;
#1973 = AXIS2_PLACEMENT_3D ( 'NONE', #9185, #8191, #8262 ) ;
#1974 = ADVANCED_FACE ( 'NONE', ( #5749 ), #233, .T. ) ;
#1975 = DIRECTION ( 'NONE',  ( 0.0000000000000000000, 0.0000000000000000000, 1.000000000000000000 ) ) ;
#1976 = VERTEX_POINT ( 'NONE', #9682 ) ;
#1977 = FILL_AREA_STYLE ('',( #5461 ) ) ;
#1978 = AXIS2_PLACEMENT_3D ( 'NONE', #6078, #6957, #10580 ) ;
#1979 = CIRCLE ( 'NONE', #7623, 1.500000000000001300 ) ;
#1980 = DIRECTION ( 'NONE',  ( 0.0000000000000000000, -0.0000000000000000000, -1.000000000000000000 ) ) ;
#1981 = FILL_AREA_STYLE_COLOUR ( '', #10979 ) ;
#1982 = EDGE_CURVE ( 'NONE', #10001, #8134, #5739, .T. ) ;
#1983 = ORIENTED_EDGE ( 'NONE', *, *, #4766, .T. ) ;
#1984 = ORIENTED_EDGE ( 'NONE', *, *, #1260, .T. ) ;
#1985 = CARTESIAN_POINT ( 'NONE',  ( 21.09999999999959600, 38.97000000000021200, 56.49999999999999300 ) ) ;
#1986 = CARTESIAN_POINT ( 'NONE',  ( -26.09999999999998400, -38.44000000000000500, 56.24999999999999300 ) ) ;
#1987 =( GEOMETRIC_REPRESENTATION_CONTEXT ( 3 ) GLOBAL_UNCERTAINTY_ASSIGNED_CONTEXT ( ( #4484 ) ) GLOBAL_UNIT_ASSIGNED_CONTEXT ( ( #449, #4255, #4 ) ) REPRESENTATION_CONTEXT ( 'NONE', 'WORKASPACE' ) );
#1988 = ADVANCED_FACE ( 'NONE', ( #10003 ), #3065, .T. ) ;
#1989 = AXIS2_PLACEMENT_3D ( 'NONE', #2730, #4504, #890 ) ;
#1990 = ORIENTED_EDGE ( 'NONE', *, *, #480, .F. ) ;
#1991 = DIRECTION ( 'NONE',  ( 1.000000000000000000, -1.982541115402065300E-015, 0.0000000000000000000 ) ) ;
#1992 = CARTESIAN_POINT ( 'NONE',  ( -38.43999999999999800, 23.09999999999999100, 48.25000000000000000 ) ) ;
#1993 = LINE ( 'NONE', #773, #8781 ) ;
#1994 = ORIENTED_EDGE ( 'NONE', *, *, #9072, .F. ) ;
#1995 = LINE ( 'NONE', #11459, #11079 ) ;
#1996 = EDGE_LOOP ( 'NONE', ( #7293, #1373, #2563, #11203 ) ) ;
#1997 = DIRECTION ( 'NONE',  ( 1.000000000000000000, 0.0000000000000000000, 0.0000000000000000000 ) ) ;
#1998 = DIRECTION ( 'NONE',  ( -0.0000000000000000000, -0.0000000000000000000, 1.000000000000000000 ) ) ;
#1999 = UNCERTAINTY_MEASURE_WITH_UNIT (LENGTH_MEASURE( 1.000000000000000100E-005 ), #6073, 'distance_accuracy_value', 'NONE');
#2000 = CARTESIAN_POINT ( 'NONE',  ( -28.19999999999998200, -43.00000000000000000, 48.00000000000000000 ) ) ;
#2001 = EDGE_CURVE ( 'NONE', #2934, #6356, #8355, .T. ) ;
#2002 = VERTEX_POINT ( 'NONE', #7010 ) ;
#2003 = LINE ( 'NONE', #3530, #3154 ) ;
#2004 = ORIENTED_EDGE ( 'NONE', *, *, #6840, .T. ) ;
#2005 = CARTESIAN_POINT ( 'NONE',  ( 31.20000000000000300, 31.19999999999999600, -58.75000000000000000 ) ) ;
#2006 = PLANE ( 'NONE',  #2713 ) ;
#2007 = TOROIDAL_SURFACE ( 'NONE', #10418, 2.250000000000000400, 0.2500000000000000000 ) ;
#2008 = ORIENTED_EDGE ( 'NONE', *, *, #414, .T. ) ;
#2009 = DIRECTION ( 'NONE',  ( -1.000000000000000000, 0.0000000000000000000, 0.0000000000000000000 ) ) ;
#2010 = DIRECTION ( 'NONE',  ( 0.0000000000000000000, -1.000000000000000000, 0.0000000000000000000 ) ) ;
#2011 = DIRECTION ( 'NONE',  ( 1.000000000000000000, 0.0000000000000000000, 0.0000000000000000000 ) ) ;
#2012 = STYLED_ITEM ( 'NONE', ( #1819 ), #6255 ) ;
#2013 = CARTESIAN_POINT ( 'NONE',  ( 34.79999999999999000, 34.79999999999999700, 48.25000000000000000 ) ) ;
#2014 = EDGE_LOOP ( 'NONE', ( #979, #3319, #10346, #11262 ) ) ;
#2015 = FACE_OUTER_BOUND ( 'NONE', #7342, .T. ) ;
#2016 = ORIENTED_EDGE ( 'NONE', *, *, #5256, .F. ) ;
#2017 = DIRECTION ( 'NONE',  ( -0.0000000000000000000, -0.0000000000000000000, 1.000000000000000000 ) ) ;
#2018 = EDGE_CURVE ( 'NONE', #11409, #11234, #3784, .T. ) ;
#2019 = VERTEX_POINT ( 'NONE', #1679 ) ;
#2020 = TOROIDAL_SURFACE ( 'NONE', #7137, 1.500000000000001300, 0.2500000000000000000 ) ;
#2021 = CARTESIAN_POINT ( 'NONE',  ( -26.59999999999998700, -42.99999999999999300, 58.75000000000000000 ) ) ;
#2022 = CARTESIAN_POINT ( 'NONE',  ( -1.747239518372058400E-015, 48.99999999999999300, -53.50000000000000000 ) ) ;
#2023 = DIRECTION ( 'NONE',  ( -0.0000000000000000000, -0.0000000000000000000, 1.000000000000000000 ) ) ;
#2024 = DIRECTION ( 'NONE',  ( -0.0000000000000000000, -0.0000000000000000000, -1.000000000000000000 ) ) ;
#2025 = VECTOR ( 'NONE', #9130, 1000.000000000000000 ) ;
#2026 = AXIS2_PLACEMENT_3D ( 'NONE', #6146, #8091, #10816 ) ;
#2027 = ORIENTED_EDGE ( 'NONE', *, *, #11423, .F. ) ;
#2028 = PRESENTATION_STYLE_ASSIGNMENT (( #4244 ) ) ;
#2029 = CIRCLE ( 'NONE', #9324, 3.500000000000003100 ) ;
#2030 = LINE ( 'NONE', #8879, #9839 ) ;
#2031 = EDGE_CURVE ( 'NONE', #3474, #1197, #351, .T. ) ;
#2032 = CARTESIAN_POINT ( 'NONE',  ( -39.99999999999998600, -25.20000000000001000, -59.00000000000000000 ) ) ;
#2033 = FILL_AREA_STYLE_COLOUR ( '', #6989 ) ;
#2034 = EDGE_CURVE ( 'NONE', #2297, #3103, #9578, .T. ) ;
#2035 = ORIENTED_EDGE ( 'NONE', *, *, #4959, .F. ) ;
#2036 = ADVANCED_FACE ( 'NONE', ( #6154 ), #1356, .T. ) ;
#2037 = DIRECTION ( 'NONE',  ( 0.0000000000000000000, 0.0000000000000000000, -1.000000000000000000 ) ) ;
#2038 = DIRECTION ( 'NONE',  ( -0.0000000000000000000, -0.0000000000000000000, 1.000000000000000000 ) ) ;
#2039 = CARTESIAN_POINT ( 'NONE',  ( -26.59999999999998700, -42.74999999999999300, 58.75000000000000000 ) ) ;
#2040 =( LENGTH_UNIT ( ) NAMED_UNIT ( * ) SI_UNIT ( .MILLI., .METRE. ) );
#2041 = CARTESIAN_POINT ( 'NONE',  ( 0.0000000000000000000, 0.0000000000000000000, 56.49999999999999300 ) ) ;
#2042 = DIRECTION ( 'NONE',  ( 0.0000000000000000000, 0.0000000000000000000, -1.000000000000000000 ) ) ;
#2043 = ORIENTED_EDGE ( 'NONE', *, *, #5362, .T. ) ;
#2044 = CIRCLE ( 'NONE', #6508, 0.2500000000000002200 ) ;
#2045 = AXIS2_PLACEMENT_3D ( 'NONE', #9994, #8294, #5429 ) ;
#2046 = AXIS2_PLACEMENT_3D ( 'NONE', #8742, #5973, #8784 ) ;
#2047 = ORIENTED_EDGE ( 'NONE', *, *, #2788, .T. ) ;
#2048 = DIRECTION ( 'NONE',  ( 0.0000000000000000000, -1.000000000000000000, 0.0000000000000000000 ) ) ;
#2049 =( NAMED_UNIT ( * ) SI_UNIT ( $, .STERADIAN. ) SOLID_ANGLE_UNIT ( ) );
#2050 = ADVANCED_FACE ( 'NONE', ( #936 ), #8694, .T. ) ;
#2051 = CARTESIAN_POINT ( 'NONE',  ( 34.80000000000000400, -34.79999999999998300, 38.80761184457487200 ) ) ;
#2052 = ORIENTED_EDGE ( 'NONE', *, *, #6141, .T. ) ;
#2053 = CARTESIAN_POINT ( 'NONE',  ( -38.43999999999999800, 23.09999999999999100, 55.99999999999999300 ) ) ;
#2054 = EDGE_LOOP ( 'NONE', ( #5880, #11647, #3664, #11214 ) ) ;
#2055 = FACE_OUTER_BOUND ( 'NONE', #1362, .T. ) ;
#2056 = VECTOR ( 'NONE', #10375, 1000.000000000000000 ) ;
#2057 = AXIS2_PLACEMENT_3D ( 'NONE', #8922, #9043, #11650 ) ;
#2058 = CYLINDRICAL_SURFACE ( 'NONE', #5506, 0.2500000000000002200 ) ;
#2059 = EDGE_CURVE ( 'NONE', #9073, #8100, #3347, .T. ) ;
#2060 = DIRECTION ( 'NONE',  ( -1.000000000000000000, 0.0000000000000000000, 0.0000000000000000000 ) ) ;
#2061 = STYLED_ITEM ( 'NONE', ( #2735 ), #4729 ) ;
#2062 = CARTESIAN_POINT ( 'NONE',  ( 37.18999999999999800, -23.09999999999998700, -48.00000000000000000 ) ) ;
#2063 = CARTESIAN_POINT ( 'NONE',  ( -42.74999999999999300, 26.09999999999999800, 56.24999999999999300 ) ) ;
#2064 = EDGE_CURVE ( 'NONE', #7105, #1834, #5458, .T. ) ;
#2065 = AXIS2_PLACEMENT_3D ( 'NONE', #6707, #1299, #2011 ) ;
#2066 = PLANE ( 'NONE',  #3878 ) ;
#2067 = EDGE_LOOP ( 'NONE', ( #1352, #8350, #7931, #9401 ) ) ;
#2068 = ORIENTED_EDGE ( 'NONE', *, *, #6389, .T. ) ;
#2069 = VECTOR ( 'NONE', #8884, 1000.000000000000000 ) ;
#2070 = UNCERTAINTY_MEASURE_WITH_UNIT (LENGTH_MEASURE( 1.000000000000000100E-005 ), #538, 'distance_accuracy_value', 'NONE');
#2071 = FACE_OUTER_BOUND ( 'NONE', #1781, .T. ) ;
#2072 = CARTESIAN_POINT ( 'NONE',  ( -23.09999999999997700, -38.44000000000001200, -48.00000000000000000 ) ) ;
#2073 = ORIENTED_EDGE ( 'NONE', *, *, #1970, .T. ) ;
#2074 = AXIS2_PLACEMENT_3D ( 'NONE', #2356, #7423, #3842 ) ;
#2075 = DIRECTION ( 'NONE',  ( -1.000000000000000000, 0.0000000000000000000, 0.0000000000000000000 ) ) ;
#2076 =( NAMED_UNIT ( * ) PLANE_ANGLE_UNIT ( ) SI_UNIT ( $, .RADIAN. ) );
#2077 = DIRECTION ( 'NONE',  ( -1.224646799147353200E-016, 1.000000000000000000, 0.0000000000000000000 ) ) ;
#2078 = EDGE_CURVE ( 'NONE', #6224, #11596, #4198, .T. ) ;
#2079 = ORIENTED_EDGE ( 'NONE', *, *, #9070, .F. ) ;
#2080 = VERTEX_POINT ( 'NONE', #5276 ) ;
#2081 = CARTESIAN_POINT ( 'NONE',  ( -38.43999999999999800, 23.09999999999999100, 55.99999999999999300 ) ) ;
#2082 = DIRECTION ( 'NONE',  ( 0.0000000000000000000, -1.000000000000000000, 0.0000000000000000000 ) ) ;
#2083 = DIRECTION ( 'NONE',  ( -0.0000000000000000000, -0.0000000000000000000, 1.000000000000000000 ) ) ;
#2084 = VECTOR ( 'NONE', #10339, 1000.000000000000000 ) ;
#2085 = B_SPLINE_CURVE_WITH_KNOTS ( 'NONE', 3,
 ( #519, #8456, #1402, #9432, #4056, #451, #5933, #10355 ),
 .UNSPECIFIED., .F., .F.,
 ( 4, 2, 2, 4 ),
 ( 0.01712125363646607400, 0.01758061768880457200, 0.01803998174114306700, 0.01895870984582006000 ),
 .UNSPECIFIED. ) ;
#2086 = AXIS2_PLACEMENT_3D ( 'NONE', #6115, #4284, #714 ) ;
#2087 = ORIENTED_EDGE ( 'NONE', *, *, #6082, .T. ) ;
#2088 = ORIENTED_EDGE ( 'NONE', *, *, #6291, .T. ) ;
#2089 = DIRECTION ( 'NONE',  ( 0.0000000000000000000, 0.0000000000000000000, -1.000000000000000000 ) ) ;
#2090 = DIRECTION ( 'NONE',  ( 1.000000000000000000, 0.0000000000000000000, 0.0000000000000000000 ) ) ;
#2091 = PRESENTATION_STYLE_ASSIGNMENT (( #2839 ) ) ;
#2092 = CARTESIAN_POINT ( 'NONE',  ( 5.999999999999999100, 3.605551275463991300, 72.59999999999999400 ) ) ;
#2093 = CARTESIAN_POINT ( 'NONE',  ( -38.43999999999999100, 26.09999999999999100, 56.24999999999999300 ) ) ;
#2094 = VECTOR ( 'NONE', #6531, 1000.000000000000000 ) ;
#2095 = EDGE_CURVE ( 'NONE', #7614, #9661, #8147, .T. ) ;
#2096 = ORIENTED_EDGE ( 'NONE', *, *, #3522, .F. ) ;
#2097 = DIRECTION ( 'NONE',  ( -0.0000000000000000000, -0.0000000000000000000, 1.000000000000000000 ) ) ;
#2098 = DIRECTION ( 'NONE',  ( 0.0000000000000000000, 0.0000000000000000000, -1.000000000000000000 ) ) ;
#2099 = EDGE_CURVE ( 'NONE', #9217, #2302, #10290, .T. ) ;
#2100 = ADVANCED_FACE ( 'NONE', ( #11290 ), #2354, .T. ) ;
#2101 = ORIENTED_EDGE ( 'NONE', *, *, #2001, .F. ) ;
#2102 = VERTEX_POINT ( 'NONE', #76 ) ;
#2103 = DIRECTION ( 'NONE',  ( 0.0000000000000000000, 1.000000000000000000, 0.0000000000000000000 ) ) ;
#2104 = ORIENTED_EDGE ( 'NONE', *, *, #11044, .T. ) ;
#2105 = LINE ( 'NONE', #2304, #9753 ) ;
#2106 = AXIS2_PLACEMENT_3D ( 'NONE', #10964, #11466, #1710 ) ;
#2107 = DIRECTION ( 'NONE',  ( 0.0000000000000000000, 0.0000000000000000000, 1.000000000000000000 ) ) ;
#2108 = CARTESIAN_POINT ( 'NONE',  ( 43.00000000000000000, -26.59999999999998400, 59.00000000000000000 ) ) ;
#2109 = CIRCLE ( 'NONE', #4897, 3.000000000000002700 ) ;
#2110 = CARTESIAN_POINT ( 'NONE',  ( 23.59999999999958200, 40.05593362000755100, 57.21087685217725000 ) ) ;
#2111 = EDGE_CURVE ( 'NONE', #4996, #550, #9426, .T. ) ;
#2112 = DIRECTION ( 'NONE',  ( 1.000000000000000000, 0.0000000000000000000, 0.0000000000000000000 ) ) ;
#2113 = EDGE_LOOP ( 'NONE', ( #1569, #8642 ) ) ;
#2114 = ORIENTED_EDGE ( 'NONE', *, *, #4466, .T. ) ;
#2115 = CARTESIAN_POINT ( 'NONE',  ( -24.34999999999998000, -38.44000000000001200, 59.00000000000000000 ) ) ;
#2116 = FACE_OUTER_BOUND ( 'NONE', #1702, .T. ) ;
#2117 = ADVANCED_FACE ( 'NONE', ( #4901 ), #9133, .T. ) ;
#2118 = CARTESIAN_POINT ( 'NONE',  ( 40.05291872043530800, -22.59999999999999400, 57.21345909932558300 ) ) ;
#2119 = FACE_OUTER_BOUND ( 'NONE', #10606, .T. ) ;
#2120 = ORIENTED_EDGE ( 'NONE', *, *, #10420, .T. ) ;
#2121 = DIRECTION ( 'NONE',  ( 1.000000000000000000, 0.0000000000000000000, 0.0000000000000000000 ) ) ;
#2122 = CARTESIAN_POINT ( 'NONE',  ( -39.93999999999999800, 23.09999999999999100, -58.75000000000000000 ) ) ;
#2123 = DIRECTION ( 'NONE',  ( -1.000000000000000000, 0.0000000000000000000, 0.0000000000000000000 ) ) ;
#2124 = AXIS2_PLACEMENT_3D ( 'NONE', #8141, #8060, #1889 ) ;
#2125 = CARTESIAN_POINT ( 'NONE',  ( -28.19999999999998200, -31.20000000000000600, -48.00000000000000000 ) ) ;
#2126 = CARTESIAN_POINT ( 'NONE',  ( 23.59999999999962100, 36.47000000000024800, 56.75896736903250400 ) ) ;
#2127 = SURFACE_STYLE_USAGE ( .BOTH. , #150 ) ;
#2128 = ORIENTED_EDGE ( 'NONE', *, *, #9301, .F. ) ;
#2129 = VERTEX_POINT ( 'NONE', #3935 ) ;
#2130 = EDGE_LOOP ( 'NONE', ( #292, #3995, #1143, #5264, #5704, #5745, #3488, #6476, #764, #3141 ) ) ;
#2131 = CYLINDRICAL_SURFACE ( 'NONE', #6582, 0.2500000000000002200 ) ;
#2132 = CIRCLE ( 'NONE', #6928, 2.999999999999999100 ) ;
#2133 = STYLED_ITEM ( 'NONE', ( #1134 ), #214 ) ;
#2134 = ORIENTED_EDGE ( 'NONE', *, *, #5919, .T. ) ;
#2135 = ORIENTED_EDGE ( 'NONE', *, *, #7849, .F. ) ;
#2136 = CARTESIAN_POINT ( 'NONE',  ( -43.00000000000000000, 43.00000000000000700, 48.25000000000000000 ) ) ;
#2137 = EDGE_CURVE ( 'NONE', #583, #434, #2496, .T. ) ;
#2138 = CARTESIAN_POINT ( 'NONE',  ( 20.09999999999999800, 42.75000000000000700, 56.24999999999999300 ) ) ;
#2139 = EDGE_LOOP ( 'NONE', ( #432, #8798, #9622, #5902 ) ) ;
#2140 = DIRECTION ( 'NONE',  ( 1.000000000000000000, 0.0000000000000000000, 0.0000000000000000000 ) ) ;
#2141 = MECHANICAL_DESIGN_GEOMETRIC_PRESENTATION_REPRESENTATION (  '', ( #11322 ), #10487 ) ;
#2142 = EDGE_CURVE ( 'NONE', #9433, #2886, #6313, .T. ) ;
#2143 = AXIS2_PLACEMENT_3D ( 'NONE', #11713, #2586, #4368 ) ;
#2144 = VECTOR ( 'NONE', #4496, 1000.000000000000000 ) ;
#2145 = ORIENTED_EDGE ( 'NONE', *, *, #7802, .F. ) ;
#2146 = TOROIDAL_SURFACE ( 'NONE', #1007, 1.500000000000001300, 0.2500000000000000000 ) ;
#2147 = VERTEX_POINT ( 'NONE', #10253 ) ;
#2148 = FILL_AREA_STYLE ('',( #6639 ) ) ;
#2149 = MECHANICAL_DESIGN_GEOMETRIC_PRESENTATION_REPRESENTATION (  '', ( #4798 ), #8569 ) ;
#2150 = ORIENTED_EDGE ( 'NONE', *, *, #9541, .F. ) ;
#2151 = CARTESIAN_POINT ( 'NONE',  ( 31.20000000000000600, -28.19999999999999200, -48.00000000000000000 ) ) ;
#2152 = EDGE_CURVE ( 'NONE', #465, #5341, #4763, .T. ) ;
#2153 = VERTEX_POINT ( 'NONE', #10095 ) ;
#2154 = ORIENTED_EDGE ( 'NONE', *, *, #6994, .T. ) ;
#2155 =( GEOMETRIC_REPRESENTATION_CONTEXT ( 3 ) GLOBAL_UNCERTAINTY_ASSIGNED_CONTEXT ( ( #11013 ) ) GLOBAL_UNIT_ASSIGNED_CONTEXT ( ( #10897, #3704, #5452 ) ) REPRESENTATION_CONTEXT ( 'NONE', 'WORKASPACE' ) );
#2156 = FILL_AREA_STYLE_COLOUR ( '', #8699 ) ;
#2157 = CARTESIAN_POINT ( 'NONE',  ( -43.00000000000000000, 25.19999999999999600, -58.75000000000000000 ) ) ;
#2158 = EDGE_LOOP ( 'NONE', ( #5997, #7812, #5541, #11735 ) ) ;
#2159 = VERTEX_POINT ( 'NONE', #1066 ) ;
#2160 = CARTESIAN_POINT ( 'NONE',  ( 39.11852751943419500, -23.60000000000000500, 57.75230104942100000 ) ) ;
#2161 = ADVANCED_FACE ( 'NONE', ( #2206 ), #198, .F. ) ;
#2162 = CARTESIAN_POINT ( 'NONE',  ( -25.19999999999999200, 42.99999999999999300, -58.75000000000000000 ) ) ;
#2163 = ORIENTED_EDGE ( 'NONE', *, *, #8603, .T. ) ;
#2164 = VERTEX_POINT ( 'NONE', #5683 ) ;
#2165 = PRESENTATION_STYLE_ASSIGNMENT (( #6304 ) ) ;
#2166 = B_SPLINE_CURVE_WITH_KNOTS ( 'NONE', 3,
 ( #11191, #6647, #10186, #213, #8454, #3990 ),
 .UNSPECIFIED., .F., .F.,
 ( 4, 2, 4 ),
 ( 0.01191150001962904000, 0.01216198312822895800, 0.01241246623682887600 ),
 .UNSPECIFIED. ) ;
#2167 = EDGE_CURVE ( 'NONE', #8749, #4478, #11146, .T. ) ;
#2168 = CARTESIAN_POINT ( 'NONE',  ( 3.336584566673805400, 6.000000000000000000, 97.53572490980063500 ) ) ;
#2169 = LINE ( 'NONE', #5603, #2025 ) ;
#2170 = CARTESIAN_POINT ( 'NONE',  ( 7.000000000000000000, 8.572527594031473200E-016, 72.59999999999999400 ) ) ;
#2171 = ORIENTED_EDGE ( 'NONE', *, *, #9010, .F. ) ;
#2172 = VECTOR ( 'NONE', #2712, 1000.000000000000000 ) ;
#2173 = VECTOR ( 'NONE', #8540, 1000.000000000000000 ) ;
#2174 = ADVANCED_FACE ( 'NONE', ( #4612 ), #1210, .F. ) ;
#2175 = AXIS2_PLACEMENT_3D ( 'NONE', #7039, #9631, #6924 ) ;
#2176 = SURFACE_STYLE_USAGE ( .BOTH. , #7562 ) ;
#2177 = CARTESIAN_POINT ( 'NONE',  ( -35.18999999999999800, 23.09999999999999100, 55.99999999999999300 ) ) ;
#2178 = EDGE_CURVE ( 'NONE', #5396, #6603, #6011, .T. ) ;
#2179 = FACE_OUTER_BOUND ( 'NONE', #4942, .T. ) ;
#2180 = ORIENTED_EDGE ( 'NONE', *, *, #3371, .F. ) ;
#2181 = DIRECTION ( 'NONE',  ( 1.613696256722611400E-016, -1.000000000000000000, 0.0000000000000000000 ) ) ;
#2182 = DIRECTION ( 'NONE',  ( 0.0000000000000000000, 0.0000000000000000000, 1.000000000000000000 ) ) ;
#2183 = LINE ( 'NONE', #3012, #7670 ) ;
#2184 = CARTESIAN_POINT ( 'NONE',  ( -23.09999999999998400, -38.44000000000000500, 56.24999999999999300 ) ) ;
#2185 = ORIENTED_EDGE ( 'NONE', *, *, #6171, .F. ) ;
#2186 = CARTESIAN_POINT ( 'NONE',  ( -42.99999999999999300, -25.20000000000001000, -48.00000000000000000 ) ) ;
#2187 = MECHANICAL_DESIGN_GEOMETRIC_PRESENTATION_REPRESENTATION (  '', ( #585 ), #7242 ) ;
#2188 = ORIENTED_EDGE ( 'NONE', *, *, #1675, .F. ) ;
#2189 = ORIENTED_EDGE ( 'NONE', *, *, #4303, .F. ) ;
#2190 = DIRECTION ( 'NONE',  ( -0.0000000000000000000, 0.0000000000000000000, 1.000000000000000000 ) ) ;
#2191 = LINE ( 'NONE', #1640, #2332 ) ;
#2192 = CARTESIAN_POINT ( 'NONE',  ( 0.0000000000000000000, 0.0000000000000000000, 59.59999999999996600 ) ) ;
#2193 = DIRECTION ( 'NONE',  ( -2.312964634635698100E-015, 1.000000000000000000, 0.0000000000000000000 ) ) ;
#2194 = LINE ( 'NONE', #10927, #4044 ) ;
#2195 = EDGE_CURVE ( 'NONE', #7092, #1792, #3610, .T. ) ;
#2196 = CARTESIAN_POINT ( 'NONE',  ( -25.19999999999998900, 42.99999999999999300, -59.00000000000000000 ) ) ;
#2197 = CARTESIAN_POINT ( 'NONE',  ( 38.04999999999999000, 34.79999999999999700, 38.80761184457487200 ) ) ;
#2198 = DIRECTION ( 'NONE',  ( 0.0000000000000000000, -0.0000000000000000000, -1.000000000000000000 ) ) ;
#2199 = CARTESIAN_POINT ( 'NONE',  ( 40.00000000000000700, -28.19999999999999600, -58.75000000000000000 ) ) ;
#2200 = CARTESIAN_POINT ( 'NONE',  ( -21.09999999999987400, -38.47000000000007000, 56.83639580559806600 ) ) ;
#2201 = EDGE_CURVE ( 'NONE', #11061, #7838, #3647, .T. ) ;
#2202 = ORIENTED_EDGE ( 'NONE', *, *, #6751, .T. ) ;
#2203 = ORIENTED_EDGE ( 'NONE', *, *, #16, .T. ) ;
#2204 = PRESENTATION_STYLE_ASSIGNMENT (( #2705 ) ) ;
#2205 = AXIS2_PLACEMENT_3D ( 'NONE', #4164, #3326, #6824 ) ;
#2206 = FACE_OUTER_BOUND ( 'NONE', #6455, .T. ) ;
#2207 = AXIS2_PLACEMENT_3D ( 'NONE', #1573, #6868, #7767 ) ;
#2208 = CARTESIAN_POINT ( 'NONE',  ( 38.43999999999999800, -26.34999999999998700, 55.99999999999999300 ) ) ;
#2209 = CYLINDRICAL_SURFACE ( 'NONE', #10062, 8.000000000000000000 ) ;
#2210 = DIRECTION ( 'NONE',  ( -1.000000000000000000, -3.491481338843133400E-015, 0.0000000000000000000 ) ) ;
#2211 = CARTESIAN_POINT ( 'NONE',  ( 0.0000000000000000000, 0.0000000000000000000, 60.59999999999999400 ) ) ;
#2212 = DIRECTION ( 'NONE',  ( -0.0000000000000000000, -0.0000000000000000000, 1.000000000000000000 ) ) ;
#2213 = AXIS2_PLACEMENT_3D ( 'NONE', #10541, #4283, #672 ) ;
#2214 = ORIENTED_EDGE ( 'NONE', *, *, #7475, .T. ) ;
#2215 = ORIENTED_EDGE ( 'NONE', *, *, #4480, .F. ) ;
#2216 = VECTOR ( 'NONE', #10827, 1000.000000000000000 ) ;
#2217 = EDGE_CURVE ( 'NONE', #740, #4488, #7988, .T. ) ;
#2218 = ADVANCED_FACE ( 'NONE', ( #2920 ), #631, .F. ) ;
#2219 = CARTESIAN_POINT ( 'NONE',  ( 38.43999999999999800, -23.09999999999998700, 59.00000000000000000 ) ) ;
#2220 = UNCERTAINTY_MEASURE_WITH_UNIT (LENGTH_MEASURE( 1.000000000000000100E-005 ), #8537, 'distance_accuracy_value', 'NONE');
#2221 = VECTOR ( 'NONE', #4015, 1000.000000000000000 ) ;
#2222 = ORIENTED_EDGE ( 'NONE', *, *, #8293, .T. ) ;
#2223 = AXIS2_PLACEMENT_3D ( 'NONE', #9716, #8533, #3468 ) ;
#2224 = CARTESIAN_POINT ( 'NONE',  ( -20.09999999999998700, -38.44000000000000500, 56.24999999999999300 ) ) ;
#2225 = SURFACE_STYLE_USAGE ( .BOTH. , #8373 ) ;
#2226 = AXIS2_PLACEMENT_3D ( 'NONE', #3354, #6180, #1552 ) ;
#2227 = DIRECTION ( 'NONE',  ( -0.0000000000000000000, -0.0000000000000000000, -1.000000000000000000 ) ) ;
#2228 = DIRECTION ( 'NONE',  ( 1.000000000000000000, 0.0000000000000000000, 0.0000000000000000000 ) ) ;
#2229 = VERTEX_POINT ( 'NONE', #11326 ) ;
#2230 = ORIENTED_EDGE ( 'NONE', *, *, #9494, .T. ) ;
#2231 = FACE_OUTER_BOUND ( 'NONE', #9789, .T. ) ;
#2232 = SURFACE_STYLE_FILL_AREA ( #5045 ) ;
#2233 = AXIS2_PLACEMENT_3D ( 'NONE', #9718, #9638, #4180 ) ;
#2234 = ADVANCED_FACE ( 'NONE', ( #3922 ), #3336, .T. ) ;
#2235 =( LENGTH_UNIT ( ) NAMED_UNIT ( * ) SI_UNIT ( .MILLI., .METRE. ) );
#2236 = EDGE_CURVE ( 'NONE', #4937, #7953, #5448, .T. ) ;
#2237 = CARTESIAN_POINT ( 'NONE',  ( 38.43999999999999800, -26.59999999999998700, 59.00000000000000000 ) ) ;
#2238 = CARTESIAN_POINT ( 'NONE',  ( 8.000000000000000000, 0.0000000000000000000, -48.00000000000000000 ) ) ;
#2239 = CARTESIAN_POINT ( 'NONE',  ( -38.96999999999999200, 21.10000000000000500, 56.49999999999999300 ) ) ;
#2240 = DIRECTION ( 'NONE',  ( -0.0000000000000000000, -0.0000000000000000000, -1.000000000000000000 ) ) ;
#2241 = CARTESIAN_POINT ( 'NONE',  ( -23.59999999999987400, -36.47000000000007700, 56.75896736903249700 ) ) ;
#2242 = CARTESIAN_POINT ( 'NONE',  ( 8.250000000000000000, 0.0000000000000000000, 48.24999999999999300 ) ) ;
#2243 = ORIENTED_EDGE ( 'NONE', *, *, #136, .F. ) ;
#2244 = ORIENTED_EDGE ( 'NONE', *, *, #11367, .T. ) ;
#2245 = CIRCLE ( 'NONE', #3025, 3.249999999999999600 ) ;
#2246 = DIRECTION ( 'NONE',  ( 0.0000000000000000000, 0.0000000000000000000, -1.000000000000000000 ) ) ;
#2247 = FACE_OUTER_BOUND ( 'NONE', #357, .T. ) ;
#2248 = EDGE_LOOP ( 'NONE', ( #2877, #2484, #4659, #10969 ) ) ;
#2249 = STYLED_ITEM ( 'NONE', ( #10620 ), #6191 ) ;
#2250 = CARTESIAN_POINT ( 'NONE',  ( -22.59999999999987000, -37.67620474295324600, 57.69400999138254300 ) ) ;
#2251 =( NAMED_UNIT ( * ) PLANE_ANGLE_UNIT ( ) SI_UNIT ( $, .RADIAN. ) );
#2252 = VERTEX_POINT ( 'NONE', #9001 ) ;
#2253 = CIRCLE ( 'NONE', #2680, 2.999999999999999100 ) ;
#2254 = EDGE_CURVE ( 'NONE', #9886, #3120, #8126, .T. ) ;
#2255 = DIRECTION ( 'NONE',  ( 0.0000000000000000000, -1.000000000000000000, 0.0000000000000000000 ) ) ;
#2256 = DIRECTION ( 'NONE',  ( 1.000000000000000000, 0.0000000000000000000, 0.0000000000000000000 ) ) ;
#2257 = DIRECTION ( 'NONE',  ( 0.0000000000000000000, 0.0000000000000000000, -1.000000000000000000 ) ) ;
#2258 = FACE_OUTER_BOUND ( 'NONE', #7498, .T. ) ;
#2259 = ORIENTED_EDGE ( 'NONE', *, *, #10975, .F. ) ;
#2260 = DIRECTION ( 'NONE',  ( -3.491481338843133400E-015, 1.000000000000000000, 0.0000000000000000000 ) ) ;
#2261 = ORIENTED_EDGE ( 'NONE', *, *, #6515, .T. ) ;
#2262 = MECHANICAL_DESIGN_GEOMETRIC_PRESENTATION_REPRESENTATION (  '', ( #8303 ), #11609 ) ;
#2263 = ORIENTED_EDGE ( 'NONE', *, *, #2427, .T. ) ;
#2264 = DIRECTION ( 'NONE',  ( 7.608436298143899900E-016, 1.000000000000000000, -0.0000000000000000000 ) ) ;
#2265 = ORIENTED_EDGE ( 'NONE', *, *, #2404, .F. ) ;
#2266 = CYLINDRICAL_SURFACE ( 'NONE', #8550, 2.300000000000000700 ) ;
#2267 = CARTESIAN_POINT ( 'NONE',  ( 36.46999999999999900, -22.60000000000000100, 56.49999999999999300 ) ) ;
#2268 = FACE_OUTER_BOUND ( 'NONE', #5558, .T. ) ;
#2269 = ORIENTED_EDGE ( 'NONE', *, *, #3717, .T. ) ;
#2270 = EDGE_CURVE ( 'NONE', #9068, #3870, #2486, .T. ) ;
#2271 = EDGE_CURVE ( 'NONE', #7046, #740, #4187, .T. ) ;
#2272 = VERTEX_POINT ( 'NONE', #8918 ) ;
#2273 = CARTESIAN_POINT ( 'NONE',  ( 36.94000000000000500, -23.09999999999998700, -58.75000000000000000 ) ) ;
#2274 = ORIENTED_EDGE ( 'NONE', *, *, #9211, .F. ) ;
#2275 =( GEOMETRIC_REPRESENTATION_CONTEXT ( 3 ) GLOBAL_UNCERTAINTY_ASSIGNED_CONTEXT ( ( #3461 ) ) GLOBAL_UNIT_ASSIGNED_CONTEXT ( ( #1706, #7074, #1660 ) ) REPRESENTATION_CONTEXT ( 'NONE', 'WORKASPACE' ) );
#2276 = CARTESIAN_POINT ( 'NONE',  ( -37.96999999999999200, 22.60000000000000100, 56.49999999999999300 ) ) ;
#2277 = VECTOR ( 'NONE', #7111, 1000.000000000000000 ) ;
#2278 = VERTEX_POINT ( 'NONE', #1764 ) ;
#2279 = ADVANCED_FACE ( 'NONE', ( #69 ), #10280, .T. ) ;
#2280 = DIRECTION ( 'NONE',  ( 0.0000000000000000000, 0.0000000000000000000, 1.000000000000000000 ) ) ;
#2281 = AXIS2_PLACEMENT_3D ( 'NONE', #7513, #3037, #4657 ) ;
#2282 = CARTESIAN_POINT ( 'NONE',  ( 26.59999999999999400, 42.75000000000000700, 58.75000000000000000 ) ) ;
#2283 = DIRECTION ( 'NONE',  ( 0.0000000000000000000, 0.0000000000000000000, 1.000000000000000000 ) ) ;
#2284 = CARTESIAN_POINT ( 'NONE',  ( 26.59999999999999400, 42.75000000000000700, 56.24999999999999300 ) ) ;
#2285 = ORIENTED_EDGE ( 'NONE', *, *, #8121, .T. ) ;
#2286 = PRESENTATION_LAYER_ASSIGNMENT (  '', '', ( #463 ) ) ;
#2287 = UNCERTAINTY_MEASURE_WITH_UNIT (LENGTH_MEASURE( 1.000000000000000100E-005 ), #3800, 'distance_accuracy_value', 'NONE');
#2288 =( LENGTH_UNIT ( ) NAMED_UNIT ( * ) SI_UNIT ( .MILLI., .METRE. ) );
#2289 = EDGE_CURVE ( 'NONE', #3419, #5932, #3201, .T. ) ;
#2290 = VERTEX_POINT ( 'NONE', #859 ) ;
#2291 = FACE_BOUND ( 'NONE', #7619, .T. ) ;
#2292 = EDGE_LOOP ( 'NONE', ( #2637, #4714, #5083, #116 ) ) ;
#2293 = ADVANCED_FACE ( 'NONE', ( #11422 ), #496, .T. ) ;
#2294 =( NAMED_UNIT ( * ) PLANE_ANGLE_UNIT ( ) SI_UNIT ( $, .RADIAN. ) );
#2295 =( GEOMETRIC_REPRESENTATION_CONTEXT ( 3 ) GLOBAL_UNCERTAINTY_ASSIGNED_CONTEXT ( ( #3243 ) ) GLOBAL_UNIT_ASSIGNED_CONTEXT ( ( #7949, #2604, #8909 ) ) REPRESENTATION_CONTEXT ( 'NONE', 'WORKASPACE' ) );
#2296 = EDGE_CURVE ( 'NONE', #3121, #316, #8683, .T. ) ;
#2297 = VERTEX_POINT ( 'NONE', #5626 ) ;
#2298 = VECTOR ( 'NONE', #5323, 1000.000000000000000 ) ;
#2299 = ORIENTED_EDGE ( 'NONE', *, *, #795, .F. ) ;
#2300 = DIRECTION ( 'NONE',  ( -1.000000000000000000, 0.0000000000000000000, 0.0000000000000000000 ) ) ;
#2301 = FACE_OUTER_BOUND ( 'NONE', #11759, .T. ) ;
#2302 = VERTEX_POINT ( 'NONE', #10192 ) ;
#2303 = TOROIDAL_SURFACE ( 'NONE', #10574, 1.500000000000001300, 0.2500000000000000000 ) ;
#2304 = CARTESIAN_POINT ( 'NONE',  ( 39.69000000000001900, -23.09999999999998700, 59.00000000000000000 ) ) ;
#2305 = STYLED_ITEM ( 'NONE', ( #9705 ), #2293 ) ;
#2306 = CARTESIAN_POINT ( 'NONE',  ( -42.74999999999999300, 20.10000000000000100, 56.24999999999999300 ) ) ;
#2307 = EDGE_CURVE ( 'NONE', #5757, #7590, #7829, .T. ) ;
#2308 = ORIENTED_EDGE ( 'NONE', *, *, #399, .T. ) ;
#2309 = CARTESIAN_POINT ( 'NONE',  ( 23.59999999999961400, 36.88708127956495300, 57.21345909932559700 ) ) ;
#2310 = VERTEX_POINT ( 'NONE', #11118 ) ;
#2311 = ORIENTED_EDGE ( 'NONE', *, *, #2971, .T. ) ;
#2312 = FACE_OUTER_BOUND ( 'NONE', #6137, .T. ) ;
#2313 = CARTESIAN_POINT ( 'NONE',  ( -38.96999999999999200, 24.90699418005300500, 57.00187174722587700 ) ) ;
#2314 = DIRECTION ( 'NONE',  ( -1.000000000000000000, -1.047444401652940000E-014, 0.0000000000000000000 ) ) ;
#2315 = FILL_AREA_STYLE ('',( #1368 ) ) ;
#2316 = DIRECTION ( 'NONE',  ( 0.0000000000000000000, -1.000000000000000000, 0.0000000000000000000 ) ) ;
#2317 = SURFACE_STYLE_USAGE ( .BOTH. , #3159 ) ;
#2318 = LINE ( 'NONE', #10103, #10977 ) ;
#2319 = ORIENTED_EDGE ( 'NONE', *, *, #7461, .F. ) ;
#2320 = SURFACE_STYLE_FILL_AREA ( #8684 ) ;
#2321 = CIRCLE ( 'NONE', #5324, 0.2500000000000002200 ) ;
#2322 = EDGE_CURVE ( 'NONE', #6324, #8832, #1071, .T. ) ;
#2323 = VECTOR ( 'NONE', #10608, 1000.000000000000000 ) ;
#2324 = ORIENTED_EDGE ( 'NONE', *, *, #10546, .T. ) ;
#2325 = DIRECTION ( 'NONE',  ( 0.0000000000000000000, 0.0000000000000000000, -1.000000000000000000 ) ) ;
#2326 = DIRECTION ( 'NONE',  ( 1.000000000000000000, -1.521687259628777600E-015, 0.0000000000000000000 ) ) ;
#2327 = DIRECTION ( 'NONE',  ( -0.0000000000000000000, -0.0000000000000000000, 1.000000000000000000 ) ) ;
#2328 = AXIS2_PLACEMENT_3D ( 'NONE', #2676, #766, #11631 ) ;
#2329 = EDGE_LOOP ( 'NONE', ( #3865, #9648, #9835, #8850 ) ) ;
#2330 =( NAMED_UNIT ( * ) PLANE_ANGLE_UNIT ( ) SI_UNIT ( $, .RADIAN. ) );
#2331 = CIRCLE ( 'NONE', #5459, 0.2500000000000002200 ) ;
#2332 = VECTOR ( 'NONE', #2653, 1000.000000000000000 ) ;
#2333 = CARTESIAN_POINT ( 'NONE',  ( 0.0000000000000000000, 0.0000000000000000000, 48.00000000000000000 ) ) ;
#2334 = FACE_BOUND ( 'NONE', #10057, .T. ) ;
#2335 = ADVANCED_FACE ( 'NONE', ( #4887 ), #10855, .T. ) ;
#2336 = DIRECTION ( 'NONE',  ( 0.7071067811865451300, 0.0000000000000000000, 0.7071067811865500200 ) ) ;
#2337 = EDGE_CURVE ( 'NONE', #4411, #2587, #6297, .T. ) ;
#2338 = ORIENTED_EDGE ( 'NONE', *, *, #3702, .T. ) ;
#2339 =( NAMED_UNIT ( * ) PLANE_ANGLE_UNIT ( ) SI_UNIT ( $, .RADIAN. ) );
#2340 = CARTESIAN_POINT ( 'NONE',  ( -37.18999999999998400, 23.09999999999999100, 48.25000000000000000 ) ) ;
#2341 = DIRECTION ( 'NONE',  ( 0.0000000000000000000, 1.000000000000000000, 0.0000000000000000000 ) ) ;
#2342 = ORIENTED_EDGE ( 'NONE', *, *, #2921, .T. ) ;
#2343 = ORIENTED_EDGE ( 'NONE', *, *, #2095, .F. ) ;
#2344 = COLOUR_RGB ( '',0.1019607843137254900, 0.1019607843137254900, 0.1019607843137254900 ) ;
#2345 = CYLINDRICAL_SURFACE ( 'NONE', #6079, 0.2500000000000002200 ) ;
#2346 = LINE ( 'NONE', #5124, #8139 ) ;
#2347 = CARTESIAN_POINT ( 'NONE',  ( 0.0000000000000000000, 0.0000000000000000000, -48.00000000000000000 ) ) ;
#2348 = AXIS2_PLACEMENT_3D ( 'NONE', #8926, #3446, #8971 ) ;
#2349 = ADVANCED_FACE ( 'NONE', ( #8399 ), #789, .F. ) ;
#2350 = DIRECTION ( 'NONE',  ( 1.000000000000000000, 0.0000000000000000000, -0.0000000000000000000 ) ) ;
#2351 = ORIENTED_EDGE ( 'NONE', *, *, #11031, .F. ) ;
#2352 = EDGE_LOOP ( 'NONE', ( #6912, #2261 ) ) ;
#2353 = CARTESIAN_POINT ( 'NONE',  ( -1.184017610587345300E-014, 43.00000000000000000, -53.50000000000000000 ) ) ;
#2354 = CYLINDRICAL_SURFACE ( 'NONE', #1526, 36.50000000000000000 ) ;
#2355 = AXIS2_PLACEMENT_3D ( 'NONE', #2039, #9388, #35 ) ;
#2356 = CARTESIAN_POINT ( 'NONE',  ( -42.74999999999999300, 25.19999999999999600, -58.75000000000000000 ) ) ;
#2357 = CARTESIAN_POINT ( 'NONE',  ( -42.74999999999999300, 26.59999999999999800, 58.75000000000000000 ) ) ;
#2358 = CARTESIAN_POINT ( 'NONE',  ( -38.43999999999999800, 23.09999999999999100, -58.75000000000000000 ) ) ;
#2359 = DIRECTION ( 'NONE',  ( -1.682156097916899000E-015, -1.000000000000000000, -0.0000000000000000000 ) ) ;
#2360 = EDGE_CURVE ( 'NONE', #10708, #4516, #6004, .T. ) ;
#2361 = ORIENTED_EDGE ( 'NONE', *, *, #1183, .T. ) ;
#2362 = PRESENTATION_LAYER_ASSIGNMENT (  '', '', ( #11322 ) ) ;
#2363 = STYLED_ITEM ( 'NONE', ( #4592 ), #10115 ) ;
#2364 = EDGE_LOOP ( 'NONE', ( #10460, #4410, #8623, #955 ) ) ;
#2365 = CIRCLE ( 'NONE', #10013, 0.2500000000000002200 ) ;
#2366 = DIRECTION ( 'NONE',  ( -0.0000000000000000000, 0.0000000000000000000, 1.000000000000000000 ) ) ;
#2367 = UNCERTAINTY_MEASURE_WITH_UNIT (LENGTH_MEASURE( 1.000000000000000100E-005 ), #6722, 'distance_accuracy_value', 'NONE');
#2368 = PLANE ( 'NONE',  #7274 ) ;
#2369 = VECTOR ( 'NONE', #1785, 1000.000000000000000 ) ;
#2370 = DIRECTION ( 'NONE',  ( 3.491481338843133400E-015, -1.000000000000000000, 0.0000000000000000000 ) ) ;
#2371 = DIRECTION ( 'NONE',  ( -1.521687259628777600E-015, -1.000000000000000000, 0.0000000000000000000 ) ) ;
#2372 = DIRECTION ( 'NONE',  ( 1.000000000000000000, -1.224646799147353200E-016, 1.357780870624564900E-032 ) ) ;
#2373 = DIRECTION ( 'NONE',  ( -1.000000000000000000, 0.0000000000000000000, 0.0000000000000000000 ) ) ;
#2374 = AXIS2_PLACEMENT_3D ( 'NONE', #3190, #6421, #1991 ) ;
#2375 = EDGE_CURVE ( 'NONE', #67, #4647, #6852, .T. ) ;
#2376 = ORIENTED_EDGE ( 'NONE', *, *, #7761, .F. ) ;
#2377 = VERTEX_POINT ( 'NONE', #4889 ) ;
#2378 = LINE ( 'NONE', #10308, #10884 ) ;
#2379 = LINE ( 'NONE', #11264, #4219 ) ;
#2380 = AXIS2_PLACEMENT_3D ( 'NONE', #3084, #354, #8511 ) ;
#2381 = DIRECTION ( 'NONE',  ( 1.000000000000000000, 0.0000000000000000000, 0.0000000000000000000 ) ) ;
#2382 = CIRCLE ( 'NONE', #5491, 0.2500000000000002200 ) ;
#2383 = ORIENTED_EDGE ( 'NONE', *, *, #11194, .T. ) ;
#2384 =( NAMED_UNIT ( * ) PLANE_ANGLE_UNIT ( ) SI_UNIT ( $, .RADIAN. ) );
#2385 = DIRECTION ( 'NONE',  ( -0.0000000000000000000, -0.0000000000000000000, 1.000000000000000000 ) ) ;
#2386 = FILL_AREA_STYLE ('',( #11384 ) ) ;
#2387 = VERTEX_POINT ( 'NONE', #8539 ) ;
#2388 = ORIENTED_EDGE ( 'NONE', *, *, #9990, .T. ) ;
#2389 = LINE ( 'NONE', #11593, #11771 ) ;
#2390 = ORIENTED_EDGE ( 'NONE', *, *, #9313, .T. ) ;
#2391 = EDGE_CURVE ( 'NONE', #11518, #2929, #219, .T. ) ;
#2392 = ORIENTED_EDGE ( 'NONE', *, *, #7184, .T. ) ;
#2393 = CARTESIAN_POINT ( 'NONE',  ( -42.74999999999999300, 19.84999999999999800, 55.99999999999999300 ) ) ;
#2394 = ADVANCED_FACE ( 'NONE', ( #7688 ), #5024, .T. ) ;
#2395 = CARTESIAN_POINT ( 'NONE',  ( 0.0000000000000000000, 0.0000000000000000000, 2.099999999999963200 ) ) ;
#2396 = CARTESIAN_POINT ( 'NONE',  ( 38.43999999999999800, -26.59999999999998700, 58.75000000000000000 ) ) ;
#2397 = CARTESIAN_POINT ( 'NONE',  ( -19.59999999999998700, -42.99999999999999300, 56.24999999999999300 ) ) ;
#2398 = EDGE_LOOP ( 'NONE', ( #11250, #3696, #6370, #7172 ) ) ;
#2399 = ORIENTED_EDGE ( 'NONE', *, *, #1404, .T. ) ;
#2400 = CIRCLE ( 'NONE', #6433, 1.249999999999997600 ) ;
#2401 = PRESENTATION_LAYER_ASSIGNMENT (  '', '', ( #1786 ) ) ;
#2402 = FILL_AREA_STYLE ('',( #5115 ) ) ;
#2403 = ORIENTED_EDGE ( 'NONE', *, *, #11787, .F. ) ;
#2404 = EDGE_CURVE ( 'NONE', #2663, #10793, #8136, .T. ) ;
#2405 = ADVANCED_FACE ( 'NONE', ( #10130 ), #1231, .F. ) ;
#2406 = CARTESIAN_POINT ( 'NONE',  ( -23.09999999999997700, -38.44000000000001200, 59.00000000000000000 ) ) ;
#2407 = EDGE_LOOP ( 'NONE', ( #8156, #6779, #3715, #7304 ) ) ;
#2408 = DIRECTION ( 'NONE',  ( 0.0000000000000000000, -1.000000000000000000, 0.0000000000000000000 ) ) ;
#2409 = DIRECTION ( 'NONE',  ( 0.0000000000000000000, 0.0000000000000000000, -1.000000000000000000 ) ) ;
#2410 = ORIENTED_EDGE ( 'NONE', *, *, #3122, .F. ) ;
#2411 = CIRCLE ( 'NONE', #6810, 36.50000000000000000 ) ;
#2412 = CARTESIAN_POINT ( 'NONE',  ( -38.29999999999999700, 34.79999999999999000, 48.00000000000000000 ) ) ;
#2413 = SURFACE_STYLE_FILL_AREA ( #673 ) ;
#2414 = VERTEX_POINT ( 'NONE', #11270 ) ;
#2415 = VERTEX_POINT ( 'NONE', #8529 ) ;
#2416 = DIRECTION ( 'NONE',  ( 1.000000000000000000, 0.0000000000000000000, 0.0000000000000000000 ) ) ;
#2417 = AXIS2_PLACEMENT_3D ( 'NONE', #7496, #5780, #3023 ) ;
#2418 = DIRECTION ( 'NONE',  ( 0.0000000000000000000, -0.0000000000000000000, 1.000000000000000000 ) ) ;
#2419 = EDGE_LOOP ( 'NONE', ( #6668, #6524, #996, #7942 ) ) ;
#2420 = DIRECTION ( 'NONE',  ( 0.0000000000000000000, -0.0000000000000000000, -1.000000000000000000 ) ) ;
#2421 = FACE_OUTER_BOUND ( 'NONE', #446, .T. ) ;
#2422 = CARTESIAN_POINT ( 'NONE',  ( -37.96999999999999200, 23.60000000000000100, 56.49999999999999300 ) ) ;
#2423 = EDGE_CURVE ( 'NONE', #5932, #5209, #5307, .T. ) ;
#2424 = DIRECTION ( 'NONE',  ( -0.0000000000000000000, 0.0000000000000000000, 1.000000000000000000 ) ) ;
#2425 = CARTESIAN_POINT ( 'NONE',  ( 0.0000000000000000000, 0.0000000000000000000, 59.00000000000000000 ) ) ;
#2426 = LINE ( 'NONE', #8031, #1003 ) ;
#2427 = EDGE_CURVE ( 'NONE', #7657, #7445, #5730, .T. ) ;
#2428 = VERTEX_POINT ( 'NONE', #4880 ) ;
#2429 = CIRCLE ( 'NONE', #10347, 0.2500000000000002200 ) ;
#2430 = CARTESIAN_POINT ( 'NONE',  ( 31.20000000000000600, -31.19999999999999200, -59.00000000000000000 ) ) ;
#2431 = ORIENTED_EDGE ( 'NONE', *, *, #4267, .F. ) ;
#2432 = AXIS2_PLACEMENT_3D ( 'NONE', #10553, #11468, #6214 ) ;
#2433 = DIRECTION ( 'NONE',  ( 1.000000000000000000, 0.0000000000000000000, 0.0000000000000000000 ) ) ;
#2434 = DIRECTION ( 'NONE',  ( -0.0000000000000000000, -0.0000000000000000000, -1.000000000000000000 ) ) ;
#2435 = CIRCLE ( 'NONE', #852, 0.2500000000000002200 ) ;
#2436 = AXIS2_PLACEMENT_3D ( 'NONE', #4220, #11515, #5036 ) ;
#2437 = ORIENTED_EDGE ( 'NONE', *, *, #10932, .T. ) ;
#2438 = CARTESIAN_POINT ( 'NONE',  ( 19.84999999999999800, 43.00000000000000000, 55.99999999999999300 ) ) ;
#2439 = UNCERTAINTY_MEASURE_WITH_UNIT (LENGTH_MEASURE( 1.000000000000000100E-005 ), #270, 'distance_accuracy_value', 'NONE');
#2440 = DIRECTION ( 'NONE',  ( 0.0000000000000000000, 0.0000000000000000000, -1.000000000000000000 ) ) ;
#2441 = EDGE_LOOP ( 'NONE', ( #9854, #1177, #4073, #106 ) ) ;
#2442 = DIRECTION ( 'NONE',  ( 1.000000000000000000, 0.0000000000000000000, 0.0000000000000000000 ) ) ;
#2443 = AXIS2_PLACEMENT_3D ( 'NONE', #9943, #1657, #755 ) ;
#2444 = VERTEX_POINT ( 'NONE', #11226 ) ;
#2445 = ORIENTED_EDGE ( 'NONE', *, *, #2152, .F. ) ;
#2446 = CARTESIAN_POINT ( 'NONE',  ( 36.46999999999999900, -23.60000000000000100, 56.75896736903249700 ) ) ;
#2447 = EDGE_CURVE ( 'NONE', #10675, #4478, #9414, .T. ) ;
#2448 = VECTOR ( 'NONE', #540, 1000.000000000000000 ) ;
#2449 = ORIENTED_EDGE ( 'NONE', *, *, #2937, .T. ) ;
#2450 = EDGE_LOOP ( 'NONE', ( #1937, #3254, #2145, #302 ) ) ;
#2451 = COLOUR_RGB ( '',0.2000000000000000100, 0.2000000000000000100, 0.2000000000000000100 ) ;
#2452 = CARTESIAN_POINT ( 'NONE',  ( -31.29999999999997900, -34.80000000000000400, 48.00000000000000000 ) ) ;
#2453 = DIRECTION ( 'NONE',  ( 1.000000000000000000, 0.0000000000000000000, 0.0000000000000000000 ) ) ;
#2454 = AXIS2_PLACEMENT_3D ( 'NONE', #9386, #3980, #9421 ) ;
#2455 = CARTESIAN_POINT ( 'NONE',  ( -21.51406637999254900, -38.97000000000007700, 57.21087685217725700 ) ) ;
#2456 = MECHANICAL_DESIGN_GEOMETRIC_PRESENTATION_REPRESENTATION (  '', ( #1606 ), #3689 ) ;
#2457 = ADVANCED_FACE ( 'NONE', ( #1200 ), #2345, .T. ) ;
#2458 = DIRECTION ( 'NONE',  ( 0.0000000000000000000, 0.0000000000000000000, 1.000000000000000000 ) ) ;
#2459 = SURFACE_STYLE_FILL_AREA ( #3782 ) ;
#2460 = VERTEX_POINT ( 'NONE', #59 ) ;
#2461 = DIRECTION ( 'NONE',  ( -0.0000000000000000000, 0.0000000000000000000, 1.000000000000000000 ) ) ;
#2462 = AXIS2_PLACEMENT_3D ( 'NONE', #8791, #3318, #5198 ) ;
#2463 =( NAMED_UNIT ( * ) SI_UNIT ( $, .STERADIAN. ) SOLID_ANGLE_UNIT ( ) );
#2464 = EDGE_CURVE ( 'NONE', #151, #37, #7147, .T. ) ;
#2465 = FILL_AREA_STYLE_COLOUR ( '', #6278 ) ;
#2466 = CARTESIAN_POINT ( 'NONE',  ( 26.09999999999999400, 43.00000000000000700, 56.24999999999999300 ) ) ;
#2467 = ADVANCED_FACE ( 'NONE', ( #4754 ), #9549, .F. ) ;
#2468 = FACE_OUTER_BOUND ( 'NONE', #8754, .T. ) ;
#2469 = VERTEX_POINT ( 'NONE', #488 ) ;
#2470 = CYLINDRICAL_SURFACE ( 'NONE', #9645, 0.2500000000000002200 ) ;
#2471 = DIRECTION ( 'NONE',  ( -0.0000000000000000000, -0.0000000000000000000, 1.000000000000000000 ) ) ;
#2472 = CYLINDRICAL_SURFACE ( 'NONE', #3698, 0.2500000000000002200 ) ;
#2473 = VECTOR ( 'NONE', #1966, 1000.000000000000000 ) ;
#2474 =( GEOMETRIC_REPRESENTATION_CONTEXT ( 3 ) GLOBAL_UNCERTAINTY_ASSIGNED_CONTEXT ( ( #8506 ) ) GLOBAL_UNIT_ASSIGNED_CONTEXT ( ( #8810, #11578, #6958 ) ) REPRESENTATION_CONTEXT ( 'NONE', 'WORKASPACE' ) );
#2475 = CARTESIAN_POINT ( 'NONE',  ( 43.00000000000000700, -25.19999999999999200, -48.00000000000000000 ) ) ;
#2476 = DIRECTION ( 'NONE',  ( -1.682156097916899000E-015, -1.000000000000000000, -0.0000000000000000000 ) ) ;
#2477 = DIRECTION ( 'NONE',  ( 0.0000000000000000000, 0.0000000000000000000, -1.000000000000000000 ) ) ;
#2478 = FILL_AREA_STYLE ('',( #1754 ) ) ;
#2479 = CARTESIAN_POINT ( 'NONE',  ( 24.34999999999999400, 38.44000000000001200, -48.00000000000000000 ) ) ;
#2480 = B_SPLINE_CURVE_WITH_KNOTS ( 'NONE', 3,
 ( #3183, #7499, #4841, #1314, #4090, #2110, #3066, #6686 ),
 .UNSPECIFIED., .F., .F.,
 ( 4, 2, 2, 4 ),
 ( 0.01712125363646608800, 0.01758061768880458600, 0.01803998174114308100, 0.01895870984582006400 ),
 .UNSPECIFIED. ) ;
#2481 = CARTESIAN_POINT ( 'NONE',  ( -38.43999999999999800, 23.09999999999999100, 55.99999999999999300 ) ) ;
#2482 = EDGE_CURVE ( 'NONE', #6253, #6591, #10989, .T. ) ;
#2483 = DIRECTION ( 'NONE',  ( -1.000000000000000000, 0.0000000000000000000, 0.0000000000000000000 ) ) ;
#2484 = ORIENTED_EDGE ( 'NONE', *, *, #4122, .F. ) ;
#2485 = VERTEX_POINT ( 'NONE', #4145 ) ;
#2486 = CIRCLE ( 'NONE', #11734, 0.2500000000000002200 ) ;
#2487 = FACE_OUTER_BOUND ( 'NONE', #8716, .T. ) ;
#2488 = DIRECTION ( 'NONE',  ( 0.0000000000000000000, 0.0000000000000000000, 1.000000000000000000 ) ) ;
#2489 = DIRECTION ( 'NONE',  ( 1.000000000000000000, 0.0000000000000000000, 0.0000000000000000000 ) ) ;
#2490 =( GEOMETRIC_REPRESENTATION_CONTEXT ( 3 ) GLOBAL_UNCERTAINTY_ASSIGNED_CONTEXT ( ( #11161 ) ) GLOBAL_UNIT_ASSIGNED_CONTEXT ( ( #2040, #10241, #6577 ) ) REPRESENTATION_CONTEXT ( 'NONE', 'WORKASPACE' ) );
#2491 = DIRECTION ( 'NONE',  ( -1.000000000000000000, -3.491481338843133400E-015, 0.0000000000000000000 ) ) ;
#2492 = CARTESIAN_POINT ( 'NONE',  ( 38.29968292186143200, -21.10000000000000500, 56.82968972440241400 ) ) ;
#2493 = DIRECTION ( 'NONE',  ( -0.0000000000000000000, -0.0000000000000000000, 1.000000000000000000 ) ) ;
#2494 = ORIENTED_EDGE ( 'NONE', *, *, #10583, .T. ) ;
#2495 = ORIENTED_EDGE ( 'NONE', *, *, #10683, .T. ) ;
#2496 = LINE ( 'NONE', #5567, #8844 ) ;
#2497 = CARTESIAN_POINT ( 'NONE',  ( -38.46999999999999200, 21.10000000000000500, 56.83639580559806600 ) ) ;
#2498 = EDGE_CURVE ( 'NONE', #11165, #6347, #5869, .T. ) ;
#2499 = SURFACE_SIDE_STYLE ('',( #2413 ) ) ;
#2500 = CARTESIAN_POINT ( 'NONE',  ( -25.09999999999987000, -38.97000000000008400, 56.75896736903248300 ) ) ;
#2501 = ORIENTED_EDGE ( 'NONE', *, *, #2555, .F. ) ;
#2502 = DIRECTION ( 'NONE',  ( 1.376764663473656200E-016, -1.000000000000000000, 0.0000000000000000000 ) ) ;
#2503 = ORIENTED_EDGE ( 'NONE', *, *, #6416, .F. ) ;
#2504 = FACE_OUTER_BOUND ( 'NONE', #5592, .T. ) ;
#2505 = CARTESIAN_POINT ( 'NONE',  ( -39.99999999999998600, -28.20000000000001000, 48.00000000000000000 ) ) ;
#2506 = LINE ( 'NONE', #7050, #98 ) ;
#2507 = AXIS2_PLACEMENT_3D ( 'NONE', #9126, #38, #6362 ) ;
#2508 = FACE_OUTER_BOUND ( 'NONE', #9897, .T. ) ;
#2509 = ORIENTED_EDGE ( 'NONE', *, *, #3884, .T. ) ;
#2510 = DIRECTION ( 'NONE',  ( -0.0000000000000000000, -0.0000000000000000000, 1.000000000000000000 ) ) ;
#2511 = CARTESIAN_POINT ( 'NONE',  ( -31.19999999999998200, -31.20000000000000600, -58.75000000000000000 ) ) ;
#2512 = AXIS2_PLACEMENT_3D ( 'NONE', #7241, #820, #5443 ) ;
#2513 = CARTESIAN_POINT ( 'NONE',  ( 0.0000000000000000000, 0.0000000000000000000, 60.59999999999999400 ) ) ;
#2514 = FILL_AREA_STYLE ('',( #9878 ) ) ;
#2515 = ORIENTED_EDGE ( 'NONE', *, *, #11334, .T. ) ;
#2516 = ORIENTED_EDGE ( 'NONE', *, *, #881, .T. ) ;
#2517 = FACE_BOUND ( 'NONE', #11661, .T. ) ;
#2518 = LINE ( 'NONE', #2940, #11308 ) ;
#2519 = CARTESIAN_POINT ( 'NONE',  ( 31.20000000000000300, 28.19999999999999600, -48.00000000000000000 ) ) ;
#2520 = EDGE_CURVE ( 'NONE', #4040, #10498, #6998, .T. ) ;
#2521 = CIRCLE ( 'NONE', #2328, 1.250000000000008000 ) ;
#2522 = DIRECTION ( 'NONE',  ( -1.000000000000000000, 0.0000000000000000000, 0.0000000000000000000 ) ) ;
#2523 = CARTESIAN_POINT ( 'NONE',  ( 38.96999999999999200, -21.10000000000000500, 56.75896736903246900 ) ) ;
#2524 = AXIS2_PLACEMENT_3D ( 'NONE', #3738, #9160, #1054 ) ;
#2525 = EDGE_CURVE ( 'NONE', #3904, #215, #11412, .T. ) ;
#2526 = MECHANICAL_DESIGN_GEOMETRIC_PRESENTATION_REPRESENTATION (  '', ( #10181 ), #1303 ) ;
#2527 = SURFACE_STYLE_USAGE ( .BOTH. , #10765 ) ;
#2528 = VERTEX_POINT ( 'NONE', #3427 ) ;
#2529 = CIRCLE ( 'NONE', #1954, 0.2500000000000002200 ) ;
#2530 = FACE_OUTER_BOUND ( 'NONE', #348, .T. ) ;
#2531 = ADVANCED_FACE ( 'NONE', ( #485 ), #7135, .T. ) ;
#2532 = CARTESIAN_POINT ( 'NONE',  ( -39.54266270251069700, 22.59999999999999100, 57.56948464461341800 ) ) ;
#2533 = DIRECTION ( 'NONE',  ( -1.000000000000000000, 0.0000000000000000000, 0.0000000000000000000 ) ) ;
#2534 = DIRECTION ( 'NONE',  ( -1.000000000000000000, 0.0000000000000000000, 0.0000000000000000000 ) ) ;
#2535 = AXIS2_PLACEMENT_3D ( 'NONE', #4770, #3032, #9357 ) ;
#2536 = CARTESIAN_POINT ( 'NONE',  ( 24.34999999999999800, 38.44000000000001200, -58.75000000000000000 ) ) ;
#2537 = ORIENTED_EDGE ( 'NONE', *, *, #3801, .T. ) ;
#2538 = EDGE_CURVE ( 'NONE', #8608, #268, #5013, .T. ) ;
#2539 = DIRECTION ( 'NONE',  ( 0.0000000000000000000, 0.0000000000000000000, -1.000000000000000000 ) ) ;
#2540 = ORIENTED_EDGE ( 'NONE', *, *, #3265, .T. ) ;
#2541 = CARTESIAN_POINT ( 'NONE',  ( -39.99999999999999300, 25.19999999999999600, -58.75000000000000000 ) ) ;
#2542 = DIRECTION ( 'NONE',  ( 1.000000000000000000, 0.0000000000000000000, -0.0000000000000000000 ) ) ;
#2543 = ORIENTED_EDGE ( 'NONE', *, *, #11109, .F. ) ;
#2544 = VECTOR ( 'NONE', #146, 1000.000000000000000 ) ;
#2545 =( GEOMETRIC_REPRESENTATION_CONTEXT ( 3 ) GLOBAL_UNCERTAINTY_ASSIGNED_CONTEXT ( ( #11443 ) ) GLOBAL_UNIT_ASSIGNED_CONTEXT ( ( #2670, #3546, #7117 ) ) REPRESENTATION_CONTEXT ( 'NONE', 'WORKASPACE' ) );
#2546 = CARTESIAN_POINT ( 'NONE',  ( 42.74999999999999300, -26.59999999999999400, 56.24999999999999300 ) ) ;
#2547 = CYLINDRICAL_SURFACE ( 'NONE', #3711, 1.250000000000008000 ) ;
#2548 = DIRECTION ( 'NONE',  ( 1.000000000000000000, 3.690901012716611600E-016, 0.0000000000000000000 ) ) ;
#2549 = CARTESIAN_POINT ( 'NONE',  ( 27.95000000000000300, -31.19999999999999200, -59.00000000000000000 ) ) ;
#2550 = ORIENTED_EDGE ( 'NONE', *, *, #952, .T. ) ;
#2551 = EDGE_LOOP ( 'NONE', ( #557, #4566, #6285, #4291 ) ) ;
#2552 = DIRECTION ( 'NONE',  ( 1.000000000000000000, 2.312964634635698100E-015, 0.0000000000000000000 ) ) ;
#2553 = VERTEX_POINT ( 'NONE', #1395 ) ;
#2554 = ORIENTED_EDGE ( 'NONE', *, *, #4183, .F. ) ;
#2555 = EDGE_CURVE ( 'NONE', #3881, #6260, #4741, .T. ) ;
#2556 =( LENGTH_UNIT ( ) NAMED_UNIT ( * ) SI_UNIT ( .MILLI., .METRE. ) );
#2557 = CIRCLE ( 'NONE', #875, 3.249999999999996000 ) ;
#2558 = ORIENTED_EDGE ( 'NONE', *, *, #1728, .T. ) ;
#2559 = PLANE ( 'NONE',  #4995 ) ;
#2560 = DIRECTION ( 'NONE',  ( -7.608436298143899900E-016, -1.000000000000000000, 0.0000000000000000000 ) ) ;
#2561 = CARTESIAN_POINT ( 'NONE',  ( -19.84999999999999100, -43.00000000000000000, 55.99999999999999300 ) ) ;
#2562 = CARTESIAN_POINT ( 'NONE',  ( -35.18999999999999800, 23.09999999999999100, 56.24999999999999300 ) ) ;
#2563 = ORIENTED_EDGE ( 'NONE', *, *, #1278, .T. ) ;
#2564 = AXIS2_PLACEMENT_3D ( 'NONE', #11026, #7260, #10060 ) ;
#2565 = ORIENTED_EDGE ( 'NONE', *, *, #9282, .T. ) ;
#2566 = DIRECTION ( 'NONE',  ( -1.000000000000000000, 0.0000000000000000000, 0.0000000000000000000 ) ) ;
#2567 = LINE ( 'NONE', #756, #2277 ) ;
#2568 = ORIENTED_EDGE ( 'NONE', *, *, #1515, .T. ) ;
#2569 = EDGE_LOOP ( 'NONE', ( #9383, #7211, #10251, #9354 ) ) ;
#2570 = CARTESIAN_POINT ( 'NONE',  ( 25.20000000000000600, -42.99999999999998600, -48.00000000000000000 ) ) ;
#2571 = CARTESIAN_POINT ( 'NONE',  ( 43.00000000000000000, 28.19999999999999600, -48.00000000000000000 ) ) ;
#2572 = EDGE_CURVE ( 'NONE', #7197, #10289, #8980, .T. ) ;
#2573 = CARTESIAN_POINT ( 'NONE',  ( -31.19999999999998900, 28.19999999999999600, -48.00000000000000000 ) ) ;
#2574 = SURFACE_SIDE_STYLE ('',( #3786 ) ) ;
#2575 = DIRECTION ( 'NONE',  ( 0.0000000000000000000, -0.0000000000000000000, 1.000000000000000000 ) ) ;
#2576 = DIRECTION ( 'NONE',  ( 0.0000000000000000000, 1.000000000000000000, 0.0000000000000000000 ) ) ;
#2577 =( LENGTH_UNIT ( ) NAMED_UNIT ( * ) SI_UNIT ( .MILLI., .METRE. ) );
#2578 = ORIENTED_EDGE ( 'NONE', *, *, #6279, .T. ) ;
#2579 = ADVANCED_FACE ( 'NONE', ( #3624 ), #9263, .T. ) ;
#2580 = CIRCLE ( 'NONE', #9177, 1.500000000000001300 ) ;
#2581 = DIRECTION ( 'NONE',  ( -1.224646799147353200E-016, 1.000000000000000000, 0.0000000000000000000 ) ) ;
#2582 = VERTEX_POINT ( 'NONE', #7235 ) ;
#2583 = FACE_BOUND ( 'NONE', #1932, .T. ) ;
#2584 = DIRECTION ( 'NONE',  ( -1.000000000000000000, 0.0000000000000000000, 0.0000000000000000000 ) ) ;
#2585 = DIRECTION ( 'NONE',  ( -0.0000000000000000000, -0.0000000000000000000, 1.000000000000000000 ) ) ;
#2586 = DIRECTION ( 'NONE',  ( -1.682156097916899000E-015, -1.000000000000000000, -0.0000000000000000000 ) ) ;
#2587 = VERTEX_POINT ( 'NONE', #5025 ) ;
#2588 = DIRECTION ( 'NONE',  ( 1.000000000000000000, 0.0000000000000000000, 0.0000000000000000000 ) ) ;
#2589 = DIRECTION ( 'NONE',  ( -1.000000000000000000, -3.491481338843133400E-015, -1.108712219367988300E-016 ) ) ;
#2590 = AXIS2_PLACEMENT_3D ( 'NONE', #5982, #6818, #5839 ) ;
#2591 = FACE_OUTER_BOUND ( 'NONE', #6859, .T. ) ;
#2592 = VERTEX_POINT ( 'NONE', #1276 ) ;
#2593 = UNCERTAINTY_MEASURE_WITH_UNIT (LENGTH_MEASURE( 1.000000000000000100E-005 ), #9905, 'distance_accuracy_value', 'NONE');
#2594 = EDGE_LOOP ( 'NONE', ( #10628, #11584, #6124, #8764 ) ) ;
#2595 = ADVANCED_FACE ( 'NONE', ( #5990 ), #3707, .F. ) ;
#2596 = CIRCLE ( 'NONE', #11341, 8.000000000000000000 ) ;
#2597 = DIRECTION ( 'NONE',  ( -0.0000000000000000000, -0.0000000000000000000, 1.000000000000000000 ) ) ;
#2598 = AXIS2_PLACEMENT_3D ( 'NONE', #3287, #10533, #4984 ) ;
#2599 = CARTESIAN_POINT ( 'NONE',  ( -38.43999999999999800, 23.09999999999999100, 48.00000000000000000 ) ) ;
#2600 = EDGE_CURVE ( 'NONE', #5367, #797, #6140, .T. ) ;
#2601 = AXIS2_PLACEMENT_3D ( 'NONE', #6472, #2756, #8142 ) ;
#2602 = VERTEX_POINT ( 'NONE', #9049 ) ;
#2603 =( LENGTH_UNIT ( ) NAMED_UNIT ( * ) SI_UNIT ( .MILLI., .METRE. ) );
#2604 =( NAMED_UNIT ( * ) PLANE_ANGLE_UNIT ( ) SI_UNIT ( $, .RADIAN. ) );
#2605 = CARTESIAN_POINT ( 'NONE',  ( -25.09999999999987000, -38.97000000000008400, 56.49999999999999300 ) ) ;
#2606 = VERTEX_POINT ( 'NONE', #10725 ) ;
#2607 = DIRECTION ( 'NONE',  ( -0.0000000000000000000, -0.0000000000000000000, -1.000000000000000000 ) ) ;
#2608 = CYLINDRICAL_SURFACE ( 'NONE', #1661, 1.250000000000008000 ) ;
#2609 = PRESENTATION_LAYER_ASSIGNMENT (  '', '', ( #8481 ) ) ;
#2610 = DIRECTION ( 'NONE',  ( -1.000000000000000000, 0.0000000000000000000, 0.0000000000000000000 ) ) ;
#2611 = EDGE_CURVE ( 'NONE', #8897, #10227, #3775, .T. ) ;
#2612 = CARTESIAN_POINT ( 'NONE',  ( 38.44000000000001200, -23.09999999999998700, -58.75000000000000000 ) ) ;
#2614 = CARTESIAN_POINT ( 'NONE',  ( 28.20000000000000300, 31.19999999999999600, -48.00000000000000000 ) ) ;
#2613 = VECTOR ( 'NONE', #6962, 1000.000000000000000 ) ;
#2615 = ORIENTED_EDGE ( 'NONE', *, *, #8571, .T. ) ;
#2616 = DIRECTION ( 'NONE',  ( 1.000000000000000000, -2.135044278125301300E-015, 0.0000000000000000000 ) ) ;
#2617 = CIRCLE ( 'NONE', #2207, 0.2500000000000002200 ) ;
#2618 = AXIS2_PLACEMENT_3D ( 'NONE', #4414, #3597, #2722 ) ;
#2619 = LINE ( 'NONE', #1876, #6126 ) ;
#2620 = DIRECTION ( 'NONE',  ( -0.0000000000000000000, 0.0000000000000000000, 1.000000000000000000 ) ) ;
#2621 = DIRECTION ( 'NONE',  ( -0.0000000000000000000, -0.0000000000000000000, 1.000000000000000000 ) ) ;
#2622 = VECTOR ( 'NONE', #11483, 1000.000000000000000 ) ;
#2623 = AXIS2_PLACEMENT_3D ( 'NONE', #7377, #9186, #3914 ) ;
#2624 = CARTESIAN_POINT ( 'NONE',  ( -38.44000000000000500, 20.09999999999999400, 56.24999999999999300 ) ) ;
#2625 = DIRECTION ( 'NONE',  ( -0.0000000000000000000, -0.0000000000000000000, 1.000000000000000000 ) ) ;
#2626 = CARTESIAN_POINT ( 'NONE',  ( -3.200000000000000600, 6.000000000000000000, 97.60000000000000900 ) ) ;
#2627 = ORIENTED_EDGE ( 'NONE', *, *, #4888, .T. ) ;
#2628 = VERTEX_POINT ( 'NONE', #3168 ) ;
#2629 = COLOUR_RGB ( '',0.8941176470588234600, 0.9137254901960784000, 0.9294117647058823800 ) ;
#2630 = EDGE_CURVE ( 'NONE', #5341, #1774, #10419, .T. ) ;
#2631 = EDGE_CURVE ( 'NONE', #10227, #2310, #1614, .T. ) ;
#2632 = FILL_AREA_STYLE ('',( #796 ) ) ;
#2633 = VECTOR ( 'NONE', #8423, 1000.000000000000000 ) ;
#2634 = VERTEX_POINT ( 'NONE', #6983 ) ;
#2635 = CARTESIAN_POINT ( 'NONE',  ( 42.74999999999999300, -19.59999999999999400, 56.24999999999999300 ) ) ;
#2636 =( GEOMETRIC_REPRESENTATION_CONTEXT ( 3 ) GLOBAL_UNCERTAINTY_ASSIGNED_CONTEXT ( ( #4328 ) ) GLOBAL_UNIT_ASSIGNED_CONTEXT ( ( #1951, #10997, #3728 ) ) REPRESENTATION_CONTEXT ( 'NONE', 'WORKASPACE' ) );
#2637 = ORIENTED_EDGE ( 'NONE', *, *, #11125, .F. ) ;
#2638 = EDGE_LOOP ( 'NONE', ( #1964, #3126 ) ) ;
#2639 = FACE_OUTER_BOUND ( 'NONE', #11544, .T. ) ;
#2640 = CARTESIAN_POINT ( 'NONE',  ( 31.20000000000000600, -28.19999999999999200, -48.00000000000000000 ) ) ;
#2641 = SURFACE_SIDE_STYLE ('',( #1861 ) ) ;
#2642 = VECTOR ( 'NONE', #5439, 1000.000000000000000 ) ;
#2643 = ADVANCED_FACE ( 'NONE', ( #10551 ), #6271, .F. ) ;
#2644 = SURFACE_SIDE_STYLE ('',( #4563 ) ) ;
#2645 = FACE_OUTER_BOUND ( 'NONE', #2364, .T. ) ;
#2646 = DIRECTION ( 'NONE',  ( 3.491481338843133400E-015, -1.000000000000000000, -0.0000000000000000000 ) ) ;
#2647 = EDGE_CURVE ( 'NONE', #3932, #7838, #1189, .T. ) ;
#2648 = ORIENTED_EDGE ( 'NONE', *, *, #9246, .F. ) ;
#2649 = EDGE_LOOP ( 'NONE', ( #3631, #283, #2079, #5199 ) ) ;
#2650 = FACE_OUTER_BOUND ( 'NONE', #2740, .T. ) ;
#2651 = CARTESIAN_POINT ( 'NONE',  ( 43.00000000000000000, -20.09999999999999800, 56.24999999999999300 ) ) ;
#2652 = PRESENTATION_STYLE_ASSIGNMENT (( #7972 ) ) ;
#2653 = DIRECTION ( 'NONE',  ( 2.775557561562879400E-014, 1.000000000000000000, 0.0000000000000000000 ) ) ;
#2654 = VECTOR ( 'NONE', #7681, 1000.000000000000000 ) ;
#2655 = ADVANCED_FACE ( 'NONE', ( #1475 ), #3475, .T. ) ;
#2656 = ORIENTED_EDGE ( 'NONE', *, *, #5362, .F. ) ;
#2657 = CARTESIAN_POINT ( 'NONE',  ( -38.43999999999999800, 23.09999999999999100, 55.74999999999999300 ) ) ;
#2658 = AXIS2_PLACEMENT_3D ( 'NONE', #226, #10284, #8309 ) ;
#2659 =( NAMED_UNIT ( * ) PLANE_ANGLE_UNIT ( ) SI_UNIT ( $, .RADIAN. ) );
#2660 = CARTESIAN_POINT ( 'NONE',  ( 38.05000000000000400, -34.79999999999998300, 38.80761184457487200 ) ) ;
#2661 = DIRECTION ( 'NONE',  ( -0.0000000000000000000, 1.000000000000000000, -0.0000000000000000000 ) ) ;
#2662 = EDGE_CURVE ( 'NONE', #2587, #11353, #8538, .T. ) ;
#2663 = VERTEX_POINT ( 'NONE', #4432 ) ;
#2664 = UNCERTAINTY_MEASURE_WITH_UNIT (LENGTH_MEASURE( 1.000000000000000100E-005 ), #7169, 'distance_accuracy_value', 'NONE');
#2665 = EDGE_CURVE ( 'NONE', #11773, #266, #2191, .T. ) ;
#2666 = FILL_AREA_STYLE_COLOUR ( '', #10923 ) ;
#2667 = LINE ( 'NONE', #7188, #2369 ) ;
#2668 = SURFACE_STYLE_USAGE ( .BOTH. , #758 ) ;
#2669 = AXIS2_PLACEMENT_3D ( 'NONE', #6483, #9061, #10911 ) ;
#2670 =( LENGTH_UNIT ( ) NAMED_UNIT ( * ) SI_UNIT ( .MILLI., .METRE. ) );
#2671 = AXIS2_PLACEMENT_3D ( 'NONE', #5351, #8955, #3557 ) ;
#2672 = VERTEX_POINT ( 'NONE', #9730 ) ;
#2673 = EDGE_LOOP ( 'NONE', ( #9434, #5796, #9120, #8654 ) ) ;
#2674 = VECTOR ( 'NONE', #1118, 1000.000000000000000 ) ;
#2675 = SURFACE_STYLE_FILL_AREA ( #3802 ) ;
#2676 = CARTESIAN_POINT ( 'NONE',  ( 38.44000000000001200, -23.09999999999998700, -48.00000000000000000 ) ) ;
#2677 = FACE_OUTER_BOUND ( 'NONE', #2407, .T. ) ;
#2678 = ORIENTED_EDGE ( 'NONE', *, *, #3625, .F. ) ;
#2679 = DIRECTION ( 'NONE',  ( 0.0000000000000000000, -1.000000000000000000, 0.0000000000000000000 ) ) ;
#2680 = AXIS2_PLACEMENT_3D ( 'NONE', #10152, #1953, #4736 ) ;
#2681 = DIRECTION ( 'NONE',  ( -1.000000000000000000, 0.0000000000000000000, 0.0000000000000000000 ) ) ;
#2682 = CARTESIAN_POINT ( 'NONE',  ( -25.19999999999998900, 42.99999999999999300, -58.75000000000000000 ) ) ;
#2683 = DIRECTION ( 'NONE',  ( 1.230300337572203600E-016, -1.000000000000000000, 0.0000000000000000000 ) ) ;
#2684 = EDGE_CURVE ( 'NONE', #3103, #2528, #6842, .T. ) ;
#2685 = ORIENTED_EDGE ( 'NONE', *, *, #5204, .F. ) ;
#2686 = FACE_BOUND ( 'NONE', #1355, .T. ) ;
#2687 = ORIENTED_EDGE ( 'NONE', *, *, #7378, .F. ) ;
#2688 = FACE_OUTER_BOUND ( 'NONE', #9284, .T. ) ;
#2689 = CARTESIAN_POINT ( 'NONE',  ( 38.63977061241068600, -21.09999999999999800, 56.82978467406091700 ) ) ;
#2690 = AXIS2_PLACEMENT_3D ( 'NONE', #3556, #1673, #7045 ) ;
#2691 = EDGE_CURVE ( 'NONE', #1015, #6734, #6712, .T. ) ;
#2692 = ORIENTED_EDGE ( 'NONE', *, *, #8095, .F. ) ;
#2693 = AXIS2_PLACEMENT_3D ( 'NONE', #2406, #7964, #7881 ) ;
#2694 = DIRECTION ( 'NONE',  ( 0.0000000000000000000, 0.0000000000000000000, 1.000000000000000000 ) ) ;
#2695 = DIRECTION ( 'NONE',  ( -1.000000000000000000, -1.047444401652940000E-014, 0.0000000000000000000 ) ) ;
#2696 = B_SPLINE_CURVE_WITH_KNOTS ( 'NONE', 3,
 ( #4718, #2795, #3720, #10028, #11065, #10988, #5538, #5612 ),
 .UNSPECIFIED., .F., .F.,
 ( 4, 2, 2, 4 ),
 ( 0.01712125363646609500, 0.01758061768880458600, 0.01803998174114308100, 0.01895870984582006700 ),
 .UNSPECIFIED. ) ;
#2697 = ORIENTED_EDGE ( 'NONE', *, *, #11677, .T. ) ;
#2698 =( NAMED_UNIT ( * ) SI_UNIT ( $, .STERADIAN. ) SOLID_ANGLE_UNIT ( ) );
#2699 = CARTESIAN_POINT ( 'NONE',  ( 31.20000000000000600, -27.94999999999999200, -59.00000000000000000 ) ) ;
#2700 = EDGE_LOOP ( 'NONE', ( #4832, #11507, #6666, #9636 ) ) ;
#2701 = ORIENTED_EDGE ( 'NONE', *, *, #3731, .F. ) ;
#2702 = ORIENTED_EDGE ( 'NONE', *, *, #9019, .T. ) ;
#2703 = AXIS2_PLACEMENT_3D ( 'NONE', #9039, #10078, #3648 ) ;
#2704 = FACE_OUTER_BOUND ( 'NONE', #5489, .T. ) ;
#2705 = SURFACE_STYLE_USAGE ( .BOTH. , #7317 ) ;
#2706 = FACE_OUTER_BOUND ( 'NONE', #11791, .T. ) ;
#2707 = EDGE_CURVE ( 'NONE', #10790, #8504, #4469, .T. ) ;
#2708 = FILL_AREA_STYLE_COLOUR ( '', #6885 ) ;
#2709 = ORIENTED_EDGE ( 'NONE', *, *, #10866, .F. ) ;
#2710 = ORIENTED_EDGE ( 'NONE', *, *, #9939, .T. ) ;
#2711 = COLOUR_RGB ( '',0.8941176470588234600, 0.9137254901960784000, 0.9294117647058823800 ) ;
#2712 = DIRECTION ( 'NONE',  ( -0.0000000000000000000, -0.0000000000000000000, 1.000000000000000000 ) ) ;
#2713 = AXIS2_PLACEMENT_3D ( 'NONE', #8318, #4661, #5639 ) ;
#2714 = CARTESIAN_POINT ( 'NONE',  ( 40.49999999999999300, -42.74999999999999300, 48.25000000000000000 ) ) ;
#2715 = ORIENTED_EDGE ( 'NONE', *, *, #4565, .T. ) ;
#2716 = ORIENTED_EDGE ( 'NONE', *, *, #6291, .F. ) ;
#2717 = ADVANCED_FACE ( 'NONE', ( #4176 ), #3189, .T. ) ;
#2718 = CARTESIAN_POINT ( 'NONE',  ( 43.00000000000000000, 25.19999999999999600, -48.00000000000000000 ) ) ;
#2719 = EDGE_CURVE ( 'NONE', #1271, #3294, #8674, .T. ) ;
#2720 = EDGE_LOOP ( 'NONE', ( #7477, #6795, #3623 ) ) ;
#2721 = CARTESIAN_POINT ( 'NONE',  ( 24.17069771509232400, 37.97000000000023300, 57.55735127863043500 ) ) ;
#2722 = DIRECTION ( 'NONE',  ( 1.000000000000000000, 0.0000000000000000000, 0.0000000000000000000 ) ) ;
#2723 = FACE_BOUND ( 'NONE', #1612, .T. ) ;
#2724 = CARTESIAN_POINT ( 'NONE',  ( -31.19999999999998500, -28.20000000000000600, -48.00000000000000000 ) ) ;
#2725 = CIRCLE ( 'NONE', #2454, 3.250000000000002700 ) ;
#2726 = DIRECTION ( 'NONE',  ( 1.000000000000000000, 0.0000000000000000000, 0.0000000000000000000 ) ) ;
#2727 = VERTEX_POINT ( 'NONE', #744 ) ;
#2728 = SPHERICAL_SURFACE ( 'NONE', #6239, 0.2500000000000000000 ) ;
#2729 = ORIENTED_EDGE ( 'NONE', *, *, #10029, .F. ) ;
#2730 = CARTESIAN_POINT ( 'NONE',  ( 22.54133580821631700, 38.47000000000022600, 54.73916976027089700 ) ) ;
#2731 = CARTESIAN_POINT ( 'NONE',  ( -42.74999999999999300, 20.10000000000000100, 56.24999999999999300 ) ) ;
#2732 = AXIS2_PLACEMENT_3D ( 'NONE', #9570, #6857, #9691 ) ;
#2733 = ORIENTED_EDGE ( 'NONE', *, *, #6496, .F. ) ;
#2734 = DIRECTION ( 'NONE',  ( 0.0000000000000000000, -1.000000000000000000, 0.0000000000000000000 ) ) ;
#2735 = PRESENTATION_STYLE_ASSIGNMENT (( #4419 ) ) ;
#2736 = VERTEX_POINT ( 'NONE', #10645 ) ;
#2737 =( NAMED_UNIT ( * ) SI_UNIT ( $, .STERADIAN. ) SOLID_ANGLE_UNIT ( ) );
#2738 = VECTOR ( 'NONE', #4381, 1000.000000000000000 ) ;
#2739 = EDGE_CURVE ( 'NONE', #10893, #4582, #4323, .T. ) ;
#2740 = EDGE_LOOP ( 'NONE', ( #1110, #4000, #5527, #8988 ) ) ;
#2741 = PRESENTATION_STYLE_ASSIGNMENT (( #10352 ) ) ;
#2742 = DIRECTION ( 'NONE',  ( 0.0000000000000000000, 0.0000000000000000000, 1.000000000000000000 ) ) ;
#2743 = FILL_AREA_STYLE ('',( #3571 ) ) ;
#2744 = CARTESIAN_POINT ( 'NONE',  ( -25.19999999999998200, -43.00000000000000000, -48.00000000000000000 ) ) ;
#2745 = DIRECTION ( 'NONE',  ( 0.0000000000000000000, 0.0000000000000000000, 1.000000000000000000 ) ) ;
#2746 = DIRECTION ( 'NONE',  ( 0.0000000000000000000, -0.0000000000000000000, -1.000000000000000000 ) ) ;
#2747 = VERTEX_POINT ( 'NONE', #6233 ) ;
#2748 = CIRCLE ( 'NONE', #7401, 0.2500000000000002200 ) ;
#2749 = AXIS2_PLACEMENT_3D ( 'NONE', #3298, #440, #1351 ) ;
#2750 = ORIENTED_EDGE ( 'NONE', *, *, #598, .T. ) ;
#2751 = SURFACE_SIDE_STYLE ('',( #2953 ) ) ;
#2752 = UNCERTAINTY_MEASURE_WITH_UNIT (LENGTH_MEASURE( 1.000000000000000100E-005 ), #2235, 'distance_accuracy_value', 'NONE');
#2753 = CARTESIAN_POINT ( 'NONE',  ( -28.19999999999998900, 39.99999999999998600, -58.75000000000000000 ) ) ;
#2754 = ORIENTED_EDGE ( 'NONE', *, *, #9838, .F. ) ;
#2755 = SURFACE_STYLE_FILL_AREA ( #964 ) ;
#2756 = DIRECTION ( 'NONE',  ( -0.0000000000000000000, -0.0000000000000000000, 1.000000000000000000 ) ) ;
#2757 = DIRECTION ( 'NONE',  ( -1.000000000000000000, 0.0000000000000000000, 0.0000000000000000000 ) ) ;
#2758 = EDGE_CURVE ( 'NONE', #10843, #3888, #5862, .T. ) ;
#2759 = EDGE_CURVE ( 'NONE', #7451, #1792, #1904, .T. ) ;
#2760 = CIRCLE ( 'NONE', #232, 0.2500000000000002200 ) ;
#2761 = VERTEX_POINT ( 'NONE', #2846 ) ;
#2762 = CARTESIAN_POINT ( 'NONE',  ( 38.44000000000001200, -23.09999999999998700, -58.75000000000000000 ) ) ;
#2763 = VECTOR ( 'NONE', #11432, 1000.000000000000000 ) ;
#2764 = SURFACE_STYLE_FILL_AREA ( #6753 ) ;
#2765 = AXIS2_PLACEMENT_3D ( 'NONE', #5767, #358, #5644 ) ;
#2766 = DIRECTION ( 'NONE',  ( -1.000000000000000000, 0.0000000000000000000, 0.0000000000000000000 ) ) ;
#2767 = DIRECTION ( 'NONE',  ( -0.0000000000000000000, -0.0000000000000000000, 1.000000000000000000 ) ) ;
#2768 = ADVANCED_FACE ( 'NONE', ( #5576 ), #4876, .F. ) ;
#2769 = AXIS2_PLACEMENT_3D ( 'NONE', #10840, #8910, #7194 ) ;
#2770 = DIRECTION ( 'NONE',  ( 0.0000000000000000000, -1.000000000000000000, 0.0000000000000000000 ) ) ;
#2771 = CARTESIAN_POINT ( 'NONE',  ( -22.93162533000409900, -36.47000000000007000, 56.83664221820388500 ) ) ;
#2772 = VECTOR ( 'NONE', #9102, 1000.000000000000100 ) ;
#2773 = VERTEX_POINT ( 'NONE', #2809 ) ;
#2774 = LINE ( 'NONE', #9184, #10550 ) ;
#2775 = CIRCLE ( 'NONE', #4285, 3.000000000000002700 ) ;
#2776 = AXIS2_PLACEMENT_3D ( 'NONE', #11370, #10459, #3251 ) ;
#2777 = CARTESIAN_POINT ( 'NONE',  ( 0.0000000000000000000, 0.0000000000000000000, 97.60000000000000900 ) ) ;
#2778 = EDGE_CURVE ( 'NONE', #6143, #3794, #1761, .T. ) ;
#2779 = ADVANCED_FACE ( 'NONE', ( #9254 ), #5438, .T. ) ;
#2780 = CARTESIAN_POINT ( 'NONE',  ( -38.96999999999999200, 22.60000000000000100, 57.79579263126746700 ) ) ;
#2781 = DIRECTION ( 'NONE',  ( 0.0000000000000000000, 0.0000000000000000000, -1.000000000000000000 ) ) ;
#2782 = AXIS2_PLACEMENT_3D ( 'NONE', #3320, #5946, #9565 ) ;
#2783 = EDGE_LOOP ( 'NONE', ( #32, #8194, #2515, #9368 ) ) ;
#2784 = LINE ( 'NONE', #7705, #7133 ) ;
#2785 = VECTOR ( 'NONE', #1684, 1000.000000000000000 ) ;
#2786 = VECTOR ( 'NONE', #3652, 1000.000000000000000 ) ;
#2787 = DIRECTION ( 'NONE',  ( 1.000000000000000000, 0.0000000000000000000, -0.0000000000000000000 ) ) ;
#2788 = EDGE_CURVE ( 'NONE', #9505, #4237, #10199, .T. ) ;
#2789 = PLANE ( 'NONE',  #5981 ) ;
#2790 = ORIENTED_EDGE ( 'NONE', *, *, #9620, .T. ) ;
#2791 =( NAMED_UNIT ( * ) PLANE_ANGLE_UNIT ( ) SI_UNIT ( $, .RADIAN. ) );
#2792 = ORIENTED_EDGE ( 'NONE', *, *, #3495, .T. ) ;
#2793 = FACE_OUTER_BOUND ( 'NONE', #4118, .T. ) ;
#2794 = CARTESIAN_POINT ( 'NONE',  ( -9.000000000000021300, 0.0000000000000000000, -59.00000000000000000 ) ) ;
#2795 = CARTESIAN_POINT ( 'NONE',  ( 38.96999999999998500, -22.45147248056579400, 57.75230104942097900 ) ) ;
#2796 = DIRECTION ( 'NONE',  ( 0.0000000000000000000, 0.0000000000000000000, 1.000000000000000000 ) ) ;
#2797 = DIRECTION ( 'NONE',  ( -0.0000000000000000000, -0.0000000000000000000, 1.000000000000000000 ) ) ;
#2798 = EDGE_LOOP ( 'NONE', ( #6864, #8369, #6054, #4227 ) ) ;
#2799 = ORIENTED_EDGE ( 'NONE', *, *, #2778, .F. ) ;
#2800 = VECTOR ( 'NONE', #4705, 1000.000000000000000 ) ;
#2801 = LINE ( 'NONE', #3355, #11586 ) ;
#2802 = CIRCLE ( 'NONE', #8600, 2.499999999999998700 ) ;
#2803 =( NAMED_UNIT ( * ) SI_UNIT ( $, .STERADIAN. ) SOLID_ANGLE_UNIT ( ) );
#2804 = EDGE_CURVE ( 'NONE', #167, #2672, #1331, .T. ) ;
#2805 = ORIENTED_EDGE ( 'NONE', *, *, #649, .F. ) ;
#2806 = CARTESIAN_POINT ( 'NONE',  ( 38.46999999999999200, -21.10000000000000500, 56.83639580559806600 ) ) ;
#2807 = ORIENTED_EDGE ( 'NONE', *, *, #9004, .T. ) ;
#2808 = ORIENTED_EDGE ( 'NONE', *, *, #9055, .F. ) ;
#2809 = CARTESIAN_POINT ( 'NONE',  ( 40.00000000000000700, -28.19999999999998900, 48.00000000000000000 ) ) ;
#2810 = VECTOR ( 'NONE', #11536, 1000.000000000000000 ) ;
#2811 = DIRECTION ( 'NONE',  ( 0.0000000000000000000, 0.0000000000000000000, -1.000000000000000000 ) ) ;
#2812 = AXIS2_PLACEMENT_3D ( 'NONE', #8782, #8864, #6131 ) ;
#2813 = DIRECTION ( 'NONE',  ( 7.885106708985496900E-016, -1.000000000000000000, 0.0000000000000000000 ) ) ;
#2814 = CARTESIAN_POINT ( 'NONE',  ( 38.88906664419311500, -25.10000000000000500, 56.78443171315530700 ) ) ;
#2815 = VECTOR ( 'NONE', #3308, 1000.000000000000000 ) ;
#2816 =( LENGTH_UNIT ( ) NAMED_UNIT ( * ) SI_UNIT ( .MILLI., .METRE. ) );
#2817 = ORIENTED_EDGE ( 'NONE', *, *, #123, .T. ) ;
#2818 = AXIS2_PLACEMENT_3D ( 'NONE', #4371, #5219, #7677 ) ;
#2819 = EDGE_LOOP ( 'NONE', ( #5772, #5988, #10656, #9951, #4681, #9515, #6908, #1926, #7006, #10696 ) ) ;
#2820 = FACE_BOUND ( 'NONE', #10539, .T. ) ;
#2821 = CARTESIAN_POINT ( 'NONE',  ( -26.34999999999998400, -38.44000000000000500, 56.24999999999999300 ) ) ;
#2822 = CARTESIAN_POINT ( 'NONE',  ( -38.96999999999999200, 21.10000000000000500, 56.75896736903246900 ) ) ;
#2823 = ORIENTED_EDGE ( 'NONE', *, *, #7202, .T. ) ;
#2824 = DIRECTION ( 'NONE',  ( -0.0000000000000000000, -0.0000000000000000000, -1.000000000000000000 ) ) ;
#2825 = CARTESIAN_POINT ( 'NONE',  ( -38.46999999999999200, 25.10000000000000500, 56.83639580559805200 ) ) ;
#2826 = PRESENTATION_LAYER_ASSIGNMENT (  '', '', ( #10258 ) ) ;
#2827 = EDGE_CURVE ( 'NONE', #9433, #11773, #7815, .T. ) ;
#2828 = PRESENTATION_LAYER_ASSIGNMENT (  '', '', ( #5231 ) ) ;
#2829 = ADVANCED_FACE ( 'NONE', ( #1891 ), #619, .T. ) ;
#2830 = ORIENTED_EDGE ( 'NONE', *, *, #7564, .F. ) ;
#2831 = EDGE_LOOP ( 'NONE', ( #6175, #9129, #4449, #3476 ) ) ;
#2832 = ORIENTED_EDGE ( 'NONE', *, *, #11024, .T. ) ;
#2833 = CARTESIAN_POINT ( 'NONE',  ( 38.43999999999999800, -20.09999999999999100, 55.99999999999999300 ) ) ;
#2834 = AXIS2_PLACEMENT_3D ( 'NONE', #3725, #10959, #5503 ) ;
#2835 = VERTEX_POINT ( 'NONE', #109 ) ;
#2836 = CARTESIAN_POINT ( 'NONE',  ( 5.999999999999999100, -3.200000000000001100, 97.60000000000000900 ) ) ;
#2837 = DIRECTION ( 'NONE',  ( 1.000000000000000000, 0.0000000000000000000, -0.0000000000000000000 ) ) ;
#2838 = EDGE_CURVE ( 'NONE', #11302, #7047, #2619, .T. ) ;
#2839 = SURFACE_STYLE_USAGE ( .BOTH. , #1909 ) ;
#2840 = ORIENTED_EDGE ( 'NONE', *, *, #11528, .F. ) ;
#2841 = AXIS2_PLACEMENT_3D ( 'NONE', #7658, #2434, #8739 ) ;
#2842 = ORIENTED_EDGE ( 'NONE', *, *, #9211, .T. ) ;
#2843 = AXIS2_PLACEMENT_3D ( 'NONE', #2072, #5548, #9228 ) ;
#2844 = CIRCLE ( 'NONE', #5413, 0.5000000000000004400 ) ;
#2845 = ORIENTED_EDGE ( 'NONE', *, *, #11528, .T. ) ;
#2846 = CARTESIAN_POINT ( 'NONE',  ( -36.93999999999999100, 23.09999999999999100, 48.00000000000000000 ) ) ;
#2847 = DIRECTION ( 'NONE',  ( 1.000000000000000000, 1.047444401652940000E-014, 0.0000000000000000000 ) ) ;
#2848 = CARTESIAN_POINT ( 'NONE',  ( -31.19999999999998500, -28.20000000000000600, -48.00000000000000000 ) ) ;
#2849 = DIRECTION ( 'NONE',  ( -1.000000000000000000, 0.0000000000000000000, 0.0000000000000000000 ) ) ;
#2850 = CARTESIAN_POINT ( 'NONE',  ( 34.80000000000000400, -34.79999999999998300, 58.75000000000000000 ) ) ;
#2851 = AXIS2_PLACEMENT_3D ( 'NONE', #9814, #7014, #8797 ) ;
#2852 = PLANE ( 'NONE',  #11011 ) ;
#2853 = VERTEX_POINT ( 'NONE', #61 ) ;
#2854 = EDGE_LOOP ( 'NONE', ( #3008, #5810, #1113, #4082 ) ) ;
#2855 = EDGE_CURVE ( 'NONE', #5010, #4411, #4727, .T. ) ;
#2856 = COLOUR_RGB ( '',0.8941176470588234600, 0.9137254901960784000, 0.9294117647058823800 ) ;
#2857 = ORIENTED_EDGE ( 'NONE', *, *, #7475, .F. ) ;
#2858 = CARTESIAN_POINT ( 'NONE',  ( -25.09999999999987400, -38.47000000000007700, 56.83639580559805200 ) ) ;
#2859 = DIRECTION ( 'NONE',  ( 1.000000000000000000, -0.0000000000000000000, 0.0000000000000000000 ) ) ;
#2860 = DIRECTION ( 'NONE',  ( 0.0000000000000000000, 0.0000000000000000000, -1.000000000000000000 ) ) ;
#2861 = ORIENTED_EDGE ( 'NONE', *, *, #2337, .F. ) ;
#2862 = MECHANICAL_DESIGN_GEOMETRIC_PRESENTATION_REPRESENTATION (  '', ( #9128 ), #4071 ) ;
#2863 = DIRECTION ( 'NONE',  ( 0.0000000000000000000, 0.0000000000000000000, -1.000000000000000000 ) ) ;
#2864 = CIRCLE ( 'NONE', #1393, 1.249999999999997600 ) ;
#2865 = ORIENTED_EDGE ( 'NONE', *, *, #3902, .T. ) ;
#2866 = DIRECTION ( 'NONE',  ( -1.000000000000000000, 0.0000000000000000000, 0.0000000000000000000 ) ) ;
#2867 = EDGE_CURVE ( 'NONE', #5935, #3723, #2898, .T. ) ;
#2868 = DIRECTION ( 'NONE',  ( 0.0000000000000000000, 1.000000000000000000, 1.108712219367988300E-016 ) ) ;
#2869 = DIRECTION ( 'NONE',  ( 0.0000000000000000000, 0.0000000000000000000, 1.000000000000000000 ) ) ;
#2870 = ORIENTED_EDGE ( 'NONE', *, *, #2322, .F. ) ;
#2871 = CARTESIAN_POINT ( 'NONE',  ( -8.250000000000000000, 1.010333609296566500E-015, 48.24999999999999300 ) ) ;
#2872 = CARTESIAN_POINT ( 'NONE',  ( 38.30000000000000400, -34.79999999999998300, 48.00000000000000000 ) ) ;
#2873 = DIRECTION ( 'NONE',  ( 1.000000000000000000, -1.521687259628777600E-015, 0.0000000000000000000 ) ) ;
#2874 = LINE ( 'NONE', #9489, #1577 ) ;
#2875 = ORIENTED_EDGE ( 'NONE', *, *, #2307, .T. ) ;
#2876 = SURFACE_STYLE_USAGE ( .BOTH. , #8264 ) ;
#2877 = ORIENTED_EDGE ( 'NONE', *, *, #8873, .T. ) ;
#2878 = CARTESIAN_POINT ( 'NONE',  ( -42.99999999999999300, -25.19999999999999200, 48.00000000000000000 ) ) ;
#2879 = FACE_OUTER_BOUND ( 'NONE', #4431, .T. ) ;
#2880 = CARTESIAN_POINT ( 'NONE',  ( -25.19999999999998900, 42.99999999999999300, -48.00000000000000000 ) ) ;
#2881 = EDGE_CURVE ( 'NONE', #7451, #5023, #10267, .T. ) ;
#2882 = EDGE_CURVE ( 'NONE', #1353, #8504, #9539, .T. ) ;
#2883 = ADVANCED_FACE ( 'NONE', ( #7123 ), #2472, .T. ) ;
#2884 = CARTESIAN_POINT ( 'NONE',  ( 23.09999999999999400, 38.44000000000001200, -48.00000000000000000 ) ) ;
#2885 = CARTESIAN_POINT ( 'NONE',  ( 28.20000000000001000, -39.99999999999997900, 48.00000000000000000 ) ) ;
#2886 = VERTEX_POINT ( 'NONE', #4688 ) ;
#2887 = CARTESIAN_POINT ( 'NONE',  ( 31.54999999999998600, 34.79999999999999700, 58.75000000000000000 ) ) ;
#2888 = DIRECTION ( 'NONE',  ( 1.000000000000000000, 0.0000000000000000000, 0.0000000000000000000 ) ) ;
#2889 = DIRECTION ( 'NONE',  ( 0.0000000000000000000, 1.000000000000000000, 0.0000000000000000000 ) ) ;
#2890 = VECTOR ( 'NONE', #10967, 1000.000000000000000 ) ;
#2891 = AXIS2_PLACEMENT_3D ( 'NONE', #720, #9456, #7000 ) ;
#2892 = EDGE_CURVE ( 'NONE', #10289, #10793, #6702, .T. ) ;
#2893 = PRESENTATION_LAYER_ASSIGNMENT (  '', '', ( #7701 ) ) ;
#2894 = DIRECTION ( 'NONE',  ( 0.0000000000000000000, 0.0000000000000000000, -1.000000000000000000 ) ) ;
#2895 = CIRCLE ( 'NONE', #6865, 2.500000000000002200 ) ;
#2896 = ORIENTED_EDGE ( 'NONE', *, *, #3625, .T. ) ;
#2897 = FACE_OUTER_BOUND ( 'NONE', #4960, .T. ) ;
#2898 = LINE ( 'NONE', #143, #914 ) ;
#2899 = ADVANCED_FACE ( 'NONE', ( #3040 ), #5568, .F. ) ;
#2900 = CARTESIAN_POINT ( 'NONE',  ( 26.59999999999998700, 38.43999999999999800, 58.75000000000000000 ) ) ;
#2901 = DIRECTION ( 'NONE',  ( 4.688441826964347300E-016, -1.000000000000000000, 0.0000000000000000000 ) ) ;
#2902 = AXIS2_PLACEMENT_3D ( 'NONE', #3847, #3737, #4616 ) ;
#2903 = EDGE_CURVE ( 'NONE', #8436, #6448, #3180, .T. ) ;
#2904 = CARTESIAN_POINT ( 'NONE',  ( 26.59999999999999400, 42.75000000000000700, 59.00000000000000000 ) ) ;
#2905 = VERTEX_POINT ( 'NONE', #10194 ) ;
#2906 = CARTESIAN_POINT ( 'NONE',  ( 0.0000000000000000000, 0.0000000000000000000, -58.92677669529663100 ) ) ;
#2907 = AXIS2_PLACEMENT_3D ( 'NONE', #460, #5753, #9397 ) ;
#2908 =( NAMED_UNIT ( * ) PLANE_ANGLE_UNIT ( ) SI_UNIT ( $, .RADIAN. ) );
#2909 = VECTOR ( 'NONE', #11592, 1000.000000000000000 ) ;
#2910 = EDGE_CURVE ( 'NONE', #6734, #5773, #767, .T. ) ;
#2911 = MECHANICAL_DESIGN_GEOMETRIC_PRESENTATION_REPRESENTATION (  '', ( #1082 ), #5315 ) ;
#2912 = CARTESIAN_POINT ( 'NONE',  ( -23.09999999999998400, -38.44000000000000500, 55.99999999999999300 ) ) ;
#2913 = DIRECTION ( 'NONE',  ( -0.0000000000000000000, 0.0000000000000000000, 1.000000000000000000 ) ) ;
#2914 = FILL_AREA_STYLE ('',( #3831 ) ) ;
#2915 = FILL_AREA_STYLE ('',( #254 ) ) ;
#2916 = AXIS2_PLACEMENT_3D ( 'NONE', #8566, #11390, #7410 ) ;
#2917 = ORIENTED_EDGE ( 'NONE', *, *, #7271, .F. ) ;
#2918 = ORIENTED_EDGE ( 'NONE', *, *, #7136, .F. ) ;
#2919 = CARTESIAN_POINT ( 'NONE',  ( -26.59999999999998400, -38.44000000000000500, 59.00000000000000000 ) ) ;
#2920 = FACE_OUTER_BOUND ( 'NONE', #7599, .T. ) ;
#2921 = EDGE_CURVE ( 'NONE', #2747, #37, #2321, .T. ) ;
#2922 = SURFACE_SIDE_STYLE ('',( #4313 ) ) ;
#2923 = VECTOR ( 'NONE', #5284, 1000.000000000000000 ) ;
#2924 = DIRECTION ( 'NONE',  ( -1.000000000000000000, 0.0000000000000000000, 0.0000000000000000000 ) ) ;
#2925 = DIRECTION ( 'NONE',  ( -0.0000000000000000000, -0.0000000000000000000, 1.000000000000000000 ) ) ;
#2926 = DIRECTION ( 'NONE',  ( 1.000000000000000000, 0.0000000000000000000, 0.0000000000000000000 ) ) ;
#2927 = CARTESIAN_POINT ( 'NONE',  ( 42.74999999999999300, -19.84999999999999800, 56.24999999999999300 ) ) ;
#2928 = CARTESIAN_POINT ( 'NONE',  ( -39.54069771509270500, 23.59999999999999800, 57.55735127863043500 ) ) ;
#2929 = VERTEX_POINT ( 'NONE', #5627 ) ;
#2930 = ORIENTED_EDGE ( 'NONE', *, *, #8960, .T. ) ;
#2931 = COLOUR_RGB ( '',0.5019607843137254800, 0.5019607843137254800, 0.5019607843137254800 ) ;
#2932 = CARTESIAN_POINT ( 'NONE',  ( -26.34999999999998700, -42.74999999999999300, 58.75000000000000000 ) ) ;
#2933 = FACE_OUTER_BOUND ( 'NONE', #7839, .T. ) ;
#2934 = VERTEX_POINT ( 'NONE', #8271 ) ;
#2935 = CARTESIAN_POINT ( 'NONE',  ( -6.800000000000014000, 8.450062914116745500E-016, -59.00000000000000000 ) ) ;
#2936 = CARTESIAN_POINT ( 'NONE',  ( 19.59999999999998700, 38.43999999999999800, 58.75000000000000000 ) ) ;
#2937 = EDGE_CURVE ( 'NONE', #10227, #8897, #5853, .T. ) ;
#2938 = CARTESIAN_POINT ( 'NONE',  ( 37.67130848654232300, -23.60000000000000500, 57.70833027779985300 ) ) ;
#2939 = CARTESIAN_POINT ( 'NONE',  ( 40.46999999999999200, -23.60000000000000100, 56.49999999999999300 ) ) ;
#2940 = CARTESIAN_POINT ( 'NONE',  ( -43.00000000000000000, 19.59999999999999800, 59.00000000000000000 ) ) ;
#2941 = ORIENTED_EDGE ( 'NONE', *, *, #6827, .T. ) ;
#2942 = ORIENTED_EDGE ( 'NONE', *, *, #5157, .F. ) ;
#2943 = SURFACE_STYLE_FILL_AREA ( #7032 ) ;
#2944 = VECTOR ( 'NONE', #8532, 1000.000000000000000 ) ;
#2945 = ADVANCED_FACE ( 'NONE', ( #10112 ), #3924, .F. ) ;
#2946 = AXIS2_PLACEMENT_3D ( 'NONE', #7891, #8888, #2416 ) ;
#2947 = DIRECTION ( 'NONE',  ( 1.000000000000000000, -0.0000000000000000000, 0.0000000000000000000 ) ) ;
#2948 = ORIENTED_EDGE ( 'NONE', *, *, #3389, .T. ) ;
#2949 = ORIENTED_EDGE ( 'NONE', *, *, #1081, .F. ) ;
#2950 = LINE ( 'NONE', #6525, #2674 ) ;
#2951 = UNCERTAINTY_MEASURE_WITH_UNIT (LENGTH_MEASURE( 1.000000000000000100E-005 ), #9145, 'distance_accuracy_value', 'NONE');
#2952 = DIRECTION ( 'NONE',  ( 1.000000000000000000, 0.0000000000000000000, 0.0000000000000000000 ) ) ;
#2953 = SURFACE_STYLE_FILL_AREA ( #9012 ) ;
#2954 = EDGE_CURVE ( 'NONE', #215, #6458, #2775, .T. ) ;
#2955 = COLOUR_RGB ( '',0.7921568627450980000, 0.8196078431372548800, 0.9333333333333333500 ) ;
#2956 = DIRECTION ( 'NONE',  ( -0.0000000000000000000, -0.0000000000000000000, -1.000000000000000000 ) ) ;
#2957 = ADVANCED_FACE ( 'NONE', ( #57 ), #6980, .T. ) ;
#2958 = VERTEX_POINT ( 'NONE', #221 ) ;
#2959 = DIRECTION ( 'NONE',  ( 1.000000000000000000, 3.491481338843133400E-015, 0.0000000000000000000 ) ) ;
#2960 = DIRECTION ( 'NONE',  ( 1.000000000000000000, 0.0000000000000000000, 0.0000000000000000000 ) ) ;
#2961 = CARTESIAN_POINT ( 'NONE',  ( -42.74999999999999300, 26.59999999999999800, 59.00000000000000000 ) ) ;
#2962 = DIRECTION ( 'NONE',  ( 1.000000000000000000, 0.0000000000000000000, 0.0000000000000000000 ) ) ;
#2963 = AXIS2_PLACEMENT_3D ( 'NONE', #10510, #479, #6836 ) ;
#2964 = DIRECTION ( 'NONE',  ( 0.0000000000000000000, -0.0000000000000000000, -1.000000000000000000 ) ) ;
#2965 = EDGE_LOOP ( 'NONE', ( #743, #11782, #11709, #5456 ) ) ;
#2966 = VECTOR ( 'NONE', #563, 1000.000000000000000 ) ;
#2967 = ORIENTED_EDGE ( 'NONE', *, *, #4245, .T. ) ;
#2968 = CIRCLE ( 'NONE', #11245, 3.250000000000002700 ) ;
#2969 = ORIENTED_EDGE ( 'NONE', *, *, #5961, .T. ) ;
#2970 = AXIS2_PLACEMENT_3D ( 'NONE', #4625, #1960, #4557 ) ;
#2971 = EDGE_CURVE ( 'NONE', #6347, #8816, #10366, .T. ) ;
#2972 = DIRECTION ( 'NONE',  ( -0.0000000000000000000, -0.0000000000000000000, -1.000000000000000000 ) ) ;
#2973 = DIRECTION ( 'NONE',  ( -1.000000000000000000, -2.460600675144407800E-016, 0.0000000000000000000 ) ) ;
#2974 = ORIENTED_EDGE ( 'NONE', *, *, #5383, .F. ) ;
#2975 = ORIENTED_EDGE ( 'NONE', *, *, #5149, .T. ) ;
#2976 = PRESENTATION_STYLE_ASSIGNMENT (( #899 ) ) ;
#2977 = AXIS2_PLACEMENT_3D ( 'NONE', #3049, #2098, #6709 ) ;
#2978 = TOROIDAL_SURFACE ( 'NONE', #9595, 2.250000000000000400, 0.2500000000000000000 ) ;
#2979 = AXIS2_PLACEMENT_3D ( 'NONE', #5136, #1471, #3301 ) ;
#2980 = VERTEX_POINT ( 'NONE', #10281 ) ;
#2981 = DIRECTION ( 'NONE',  ( -1.000000000000000000, -3.491481338843133400E-015, 0.0000000000000000000 ) ) ;
#2982 = CARTESIAN_POINT ( 'NONE',  ( -37.82147248056577400, 22.60000000000000100, 57.75230104942098600 ) ) ;
#2983 =( NAMED_UNIT ( * ) SI_UNIT ( $, .STERADIAN. ) SOLID_ANGLE_UNIT ( ) );
#2984 = VERTEX_POINT ( 'NONE', #3153 ) ;
#2985 = EDGE_LOOP ( 'NONE', ( #7399, #2163, #11284, #1024 ) ) ;
#2986 = AXIS2_PLACEMENT_3D ( 'NONE', #6600, #6566, #333 ) ;
#2987 = CIRCLE ( 'NONE', #1136, 3.250000000000002700 ) ;
#2988 = LINE ( 'NONE', #4203, #11646 ) ;
#2989 = EDGE_CURVE ( 'NONE', #11234, #11793, #9112, .T. ) ;
#2990 = ORIENTED_EDGE ( 'NONE', *, *, #11001, .T. ) ;
#2991 = VERTEX_POINT ( 'NONE', #6738 ) ;
#2992 = CARTESIAN_POINT ( 'NONE',  ( -40.49999999999997900, -42.99999999999999300, 58.75000000000000000 ) ) ;
#2993 = AXIS2_PLACEMENT_3D ( 'NONE', #2208, #8477, #10247 ) ;
#2994 = AXIS2_PLACEMENT_3D ( 'NONE', #7901, #6119, #10702 ) ;
#2995 = ORIENTED_EDGE ( 'NONE', *, *, #11788, .T. ) ;
#2996 = VECTOR ( 'NONE', #9686, 1000.000000000000000 ) ;
#2997 = EDGE_LOOP ( 'NONE', ( #7892, #3697, #10613, #10495 ) ) ;
#2998 = ADVANCED_FACE ( 'NONE', ( #1603 ), #1322, .F. ) ;
#2999 = CIRCLE ( 'NONE', #11573, 1.500000000000001300 ) ;
#3000 = DIRECTION ( 'NONE',  ( 0.0000000000000000000, 0.0000000000000000000, -1.000000000000000000 ) ) ;
#3001 = ORIENTED_EDGE ( 'NONE', *, *, #6693, .T. ) ;
#3002 = B_SPLINE_CURVE_WITH_KNOTS ( 'NONE', 3,
 ( #11392, #2160, #343, #7742, #6929, #3425, #7776, #3345 ),
 .UNSPECIFIED., .F., .F.,
 ( 4, 2, 2, 4 ),
 ( 0.01712125363646609100, 0.01758061768880458300, 0.01803998174114307800, 0.01895870984582007400 ),
 .UNSPECIFIED. ) ;
#3003 = EDGE_CURVE ( 'NONE', #1363, #7916, #10971, .T. ) ;
#3004 = ORIENTED_EDGE ( 'NONE', *, *, #10846, .T. ) ;
#3005 = CIRCLE ( 'NONE', #4716, 0.2500000000000002200 ) ;
#3006 = ORIENTED_EDGE ( 'NONE', *, *, #10516, .F. ) ;
#3007 = PRESENTATION_STYLE_ASSIGNMENT (( #8073 ) ) ;
#3008 = ORIENTED_EDGE ( 'NONE', *, *, #11456, .F. ) ;
#3009 = CIRCLE ( 'NONE', #4878, 2.749999999999999100 ) ;
#3010 = DIRECTION ( 'NONE',  ( 0.0000000000000000000, 0.0000000000000000000, -1.000000000000000000 ) ) ;
#3011 = ADVANCED_FACE ( 'NONE', ( #7955 ), #9681, .T. ) ;
#3012 = CARTESIAN_POINT ( 'NONE',  ( -38.96999999999999200, 23.60000000000000100, 56.49999999999999300 ) ) ;
#3013 = DIRECTION ( 'NONE',  ( -0.0000000000000000000, -0.0000000000000000000, 1.000000000000000000 ) ) ;
#3014 = VERTEX_POINT ( 'NONE', #2238 ) ;
#3015 = VECTOR ( 'NONE', #2212, 1000.000000000000000 ) ;
#3016 = ORIENTED_EDGE ( 'NONE', *, *, #2611, .T. ) ;
#3017 = DIRECTION ( 'NONE',  ( -0.0000000000000000000, -0.0000000000000000000, -1.000000000000000000 ) ) ;
#3018 = EDGE_CURVE ( 'NONE', #7294, #5039, #9978, .T. ) ;
#3019 = ORIENTED_EDGE ( 'NONE', *, *, #4466, .F. ) ;
#3020 = COLOUR_RGB ( '',0.8941176470588234600, 0.9137254901960784000, 0.9294117647058823800 ) ;
#3021 = CARTESIAN_POINT ( 'NONE',  ( 39.99999999999999300, 25.19999999999999600, -59.00000000000000000 ) ) ;
#3022 = FILL_AREA_STYLE_COLOUR ( '', #2856 ) ;
#3023 = DIRECTION ( 'NONE',  ( -1.000000000000000000, 0.0000000000000000000, 0.0000000000000000000 ) ) ;
#3024 = DIRECTION ( 'NONE',  ( -1.000000000000000000, -0.0000000000000000000, -0.0000000000000000000 ) ) ;
#3025 = AXIS2_PLACEMENT_3D ( 'NONE', #2184, #3101, #5700 ) ;
#3026 = EDGE_LOOP ( 'NONE', ( #11667, #3500 ) ) ;
#3027 = CIRCLE ( 'NONE', #8253, 0.2500000000000002200 ) ;
#3028 = LINE ( 'NONE', #5387, #9391 ) ;
#3029 = DIRECTION ( 'NONE',  ( -0.0000000000000000000, -0.0000000000000000000, -1.000000000000000000 ) ) ;
#3030 = CARTESIAN_POINT ( 'NONE',  ( 39.26869151345767500, -22.60000000000000500, 57.70833027779986000 ) ) ;
#3031 = EDGE_CURVE ( 'NONE', #3271, #4172, #7247, .T. ) ;
#3032 = DIRECTION ( 'NONE',  ( 0.0000000000000000000, 0.0000000000000000000, 1.000000000000000000 ) ) ;
#3033 = EDGE_CURVE ( 'NONE', #9320, #537, #10678, .T. ) ;
#3034 = DIRECTION ( 'NONE',  ( -1.000000000000000000, -0.0000000000000000000, -0.0000000000000000000 ) ) ;
#3035 = CARTESIAN_POINT ( 'NONE',  ( -8.000000000000000000, 9.797174393178825700E-016, -57.99999999999997900 ) ) ;
#3036 = CARTESIAN_POINT ( 'NONE',  ( 42.74999999999999300, -20.09999999999999800, 56.24999999999999300 ) ) ;
#3037 = DIRECTION ( 'NONE',  ( 1.224646799147353200E-016, 1.000000000000000000, 0.0000000000000000000 ) ) ;
#3038 = FACE_OUTER_BOUND ( 'NONE', #7013, .T. ) ;
#3039 = VERTEX_POINT ( 'NONE', #11351 ) ;
#3040 = FACE_OUTER_BOUND ( 'NONE', #5109, .T. ) ;
#3041 = VECTOR ( 'NONE', #2326, 1000.000000000000000 ) ;
#3042 = AXIS2_PLACEMENT_3D ( 'NONE', #7492, #8372, #2107 ) ;
#3043 = EDGE_CURVE ( 'NONE', #2634, #268, #5978, .T. ) ;
#3044 = AXIS2_PLACEMENT_3D ( 'NONE', #1514, #7822, #9602 ) ;
#3045 = PLANE ( 'NONE',  #1532 ) ;
#3046 = CARTESIAN_POINT ( 'NONE',  ( 0.0000000000000000000, 0.0000000000000000000, 59.59999999999996600 ) ) ;
#3047 = CARTESIAN_POINT ( 'NONE',  ( -38.96999999999999200, 25.10000000000000500, 56.49999999999999300 ) ) ;
#3048 = EDGE_LOOP ( 'NONE', ( #10447, #5317, #2073 ) ) ;
#3049 = CARTESIAN_POINT ( 'NONE',  ( -39.99999999999998600, -25.20000000000001000, -58.75000000000000000 ) ) ;
#3050 = ORIENTED_EDGE ( 'NONE', *, *, #8393, .T. ) ;
#3051 = CIRCLE ( 'NONE', #2671, 1.250000000000001100 ) ;
#3052 = VECTOR ( 'NONE', #4967, 1000.000000000000000 ) ;
#3053 = PRESENTATION_LAYER_ASSIGNMENT (  '', '', ( #10952 ) ) ;
#3054 = LINE ( 'NONE', #10610, #5731 ) ;
#3055 = EDGE_CURVE ( 'NONE', #11688, #8416, #1035, .T. ) ;
#3056 = ADVANCED_FACE ( 'NONE', ( #6116 ), #7585, .F. ) ;
#3057 = DIRECTION ( 'NONE',  ( 0.0000000000000000000, 0.0000000000000000000, -1.000000000000000000 ) ) ;
#3058 = CARTESIAN_POINT ( 'NONE',  ( 23.09999999999999400, 38.44000000000001200, 59.00000000000000000 ) ) ;
#3059 =( GEOMETRIC_REPRESENTATION_CONTEXT ( 3 ) GLOBAL_UNCERTAINTY_ASSIGNED_CONTEXT ( ( #3620 ) ) GLOBAL_UNIT_ASSIGNED_CONTEXT ( ( #4463, #5306, #11679 ) ) REPRESENTATION_CONTEXT ( 'NONE', 'WORKASPACE' ) );
#3060 = CARTESIAN_POINT ( 'NONE',  ( -31.19999999999998900, 31.19999999999999600, 48.00000000000000000 ) ) ;
#3061 = AXIS2_PLACEMENT_3D ( 'NONE', #5433, #8160, #6344 ) ;
#3062 = DIRECTION ( 'NONE',  ( 1.000000000000000000, 1.047444401652940000E-014, 0.0000000000000000000 ) ) ;
#3063 = ORIENTED_EDGE ( 'NONE', *, *, #2254, .F. ) ;
#3064 = ORIENTED_EDGE ( 'NONE', *, *, #1108, .T. ) ;
#3065 = TOROIDAL_SURFACE ( 'NONE', #9036, 2.250000000000000400, 0.2500000000000000000 ) ;
#3066 = CARTESIAN_POINT ( 'NONE',  ( 23.59999999999957200, 40.27820812999073800, 57.00034395000822900 ) ) ;
#3067 = DIRECTION ( 'NONE',  ( 1.000000000000000000, 0.0000000000000000000, 0.0000000000000000000 ) ) ;
#3068 = DIRECTION ( 'NONE',  ( -0.0000000000000000000, -0.0000000000000000000, 1.000000000000000000 ) ) ;
#3069 = ADVANCED_FACE ( 'NONE', ( #6550 ), #3191, .F. ) ;
#3070 = SURFACE_SIDE_STYLE ('',( #822 ) ) ;
#3071 = EDGE_CURVE ( 'NONE', #2886, #7598, #3002, .T. ) ;
#3072 = EDGE_LOOP ( 'NONE', ( #11487, #11153, #8268, #1171 ) ) ;
#3073 = VERTEX_POINT ( 'NONE', #7546 ) ;
#3074 = VECTOR ( 'NONE', #3858, 1000.000000000000000 ) ;
#3075 = CARTESIAN_POINT ( 'NONE',  ( 38.38499493012302800, -25.10000000000000500, 56.83639580559807300 ) ) ;
#3076 = SURFACE_SIDE_STYLE ('',( #3192 ) ) ;
#3077 = LINE ( 'NONE', #9837, #7288 ) ;
#3078 = CARTESIAN_POINT ( 'NONE',  ( 40.00000000000000700, -25.19999999999999200, -59.00000000000000000 ) ) ;
#3079 = ORIENTED_EDGE ( 'NONE', *, *, #8243, .F. ) ;
#3080 = AXIS2_PLACEMENT_3D ( 'NONE', #9484, #3933, #9444 ) ;
#3081 = EDGE_LOOP ( 'NONE', ( #3016, #8284, #1691, #3562 ) ) ;
#3082 = ORIENTED_EDGE ( 'NONE', *, *, #4057, .T. ) ;
#3083 = LINE ( 'NONE', #8725, #10600 ) ;
#3084 = CARTESIAN_POINT ( 'NONE',  ( -38.29999999999999700, 34.79999999999999000, 58.75000000000000000 ) ) ;
#3085 = CIRCLE ( 'NONE', #1828, 1.250000000000001100 ) ;
#3086 = CARTESIAN_POINT ( 'NONE',  ( 42.74999999999999300, 40.50000000000000700, 48.25000000000000000 ) ) ;
#3087 = CIRCLE ( 'NONE', #9615, 3.250000000000002700 ) ;
#3088 = EDGE_CURVE ( 'NONE', #3589, #11786, #4865, .T. ) ;
#3089 = ORIENTED_EDGE ( 'NONE', *, *, #11694, .F. ) ;
#3090 = CARTESIAN_POINT ( 'NONE',  ( 37.96999999999999200, -23.60000000000000100, 56.49999999999999300 ) ) ;
#3091 = ORIENTED_EDGE ( 'NONE', *, *, #6601, .F. ) ;
#3092 = ORIENTED_EDGE ( 'NONE', *, *, #6452, .F. ) ;
#3093 = VECTOR ( 'NONE', #7009, 1000.000000000000000 ) ;
#3094 = DIRECTION ( 'NONE',  ( -0.0000000000000000000, -0.0000000000000000000, 1.000000000000000000 ) ) ;
#3095 = UNCERTAINTY_MEASURE_WITH_UNIT (LENGTH_MEASURE( 1.000000000000000100E-005 ), #7100, 'distance_accuracy_value', 'NONE');
#3096 = DIRECTION ( 'NONE',  ( 1.000000000000000000, 0.0000000000000000000, 0.0000000000000000000 ) ) ;
#3097 = DIRECTION ( 'NONE',  ( -0.0000000000000000000, -0.0000000000000000000, 1.000000000000000000 ) ) ;
#3098 = CARTESIAN_POINT ( 'NONE',  ( -37.18999999999998400, 23.09999999999999100, -48.00000000000000000 ) ) ;
#3099 = TOROIDAL_SURFACE ( 'NONE', #5643, 3.249999999999999600, 0.2500000000000000000 ) ;
#3100 = ORIENTED_EDGE ( 'NONE', *, *, #10544, .F. ) ;
#3101 = DIRECTION ( 'NONE',  ( -0.0000000000000000000, -0.0000000000000000000, -1.000000000000000000 ) ) ;
#3102 = EDGE_CURVE ( 'NONE', #8236, #3870, #45, .T. ) ;
#3103 = VERTEX_POINT ( 'NONE', #2475 ) ;
#3104 = EDGE_LOOP ( 'NONE', ( #7857, #11400, #5371, #9205 ) ) ;
#3105 = DIRECTION ( 'NONE',  ( 0.0000000000000000000, 0.0000000000000000000, -1.000000000000000000 ) ) ;
#3106 = CIRCLE ( 'NONE', #4109, 0.2500000000000002200 ) ;
#3107 = CIRCLE ( 'NONE', #5999, 1.250000000000008000 ) ;
#3108 = ORIENTED_EDGE ( 'NONE', *, *, #9823, .T. ) ;
#3109 = DIRECTION ( 'NONE',  ( 0.0000000000000000000, 0.0000000000000000000, 1.000000000000000000 ) ) ;
#3110 = ADVANCED_FACE ( 'NONE', ( #8379, #7524 ), #4333, .F. ) ;
#3111 = CARTESIAN_POINT ( 'NONE',  ( -37.96999999999999200, 22.60000000000000100, 56.49999999999999300 ) ) ;
#3112 = DIRECTION ( 'NONE',  ( -0.0000000000000000000, -0.0000000000000000000, 1.000000000000000000 ) ) ;
#3113 = MECHANICAL_DESIGN_GEOMETRIC_PRESENTATION_REPRESENTATION (  '', ( #10624 ), #4327 ) ;
#3114 = CARTESIAN_POINT ( 'NONE',  ( 34.80000000000000400, -34.79999999999998300, 58.75000000000000000 ) ) ;
#3115 = DIRECTION ( 'NONE',  ( -1.000000000000000000, 0.0000000000000000000, -0.0000000000000000000 ) ) ;
#3116 = CIRCLE ( 'NONE', #521, 0.2500000000000002200 ) ;
#3117 = EDGE_LOOP ( 'NONE', ( #4609, #2308, #2016, #8329 ) ) ;
#3118 = COLOUR_RGB ( '',0.8941176470588234600, 0.9137254901960784000, 0.9294117647058823800 ) ;
#3119 = FACE_OUTER_BOUND ( 'NONE', #6860, .T. ) ;
#3120 = VERTEX_POINT ( 'NONE', #8657 ) ;
#3121 = VERTEX_POINT ( 'NONE', #8777 ) ;
#3122 = EDGE_CURVE ( 'NONE', #10549, #9809, #2029, .T. ) ;
#3123 = DIRECTION ( 'NONE',  ( -1.000000000000000000, -1.613696256722612600E-016, 0.0000000000000000000 ) ) ;
#3124 = ADVANCED_FACE ( 'NONE', ( #10254 ), #11401, .F. ) ;
#3125 = DIRECTION ( 'NONE',  ( 0.0000000000000000000, -0.0000000000000000000, -1.000000000000000000 ) ) ;
#3126 = ORIENTED_EDGE ( 'NONE', *, *, #334, .T. ) ;
#3127 = CARTESIAN_POINT ( 'NONE',  ( -25.19999999999998200, -42.75000000000000700, -59.00000000000000000 ) ) ;
#3128 = CARTESIAN_POINT ( 'NONE',  ( -38.29999999999999700, 34.79999999999999000, 48.25000000000000000 ) ) ;
#3129 = AXIS2_PLACEMENT_3D ( 'NONE', #5901, #7865, #4216 ) ;
#3130 = EDGE_CURVE ( 'NONE', #2553, #5790, #3453, .T. ) ;
#3131 = ORIENTED_EDGE ( 'NONE', *, *, #725, .F. ) ;
#3132 = AXIS2_PLACEMENT_3D ( 'NONE', #5122, #3367, #2489 ) ;
#3133 = CIRCLE ( 'NONE', #1226, 2.999999999999999100 ) ;
#3134 = VERTEX_POINT ( 'NONE', #7908 ) ;
#3135 = ORIENTED_EDGE ( 'NONE', *, *, #6097, .F. ) ;
#3136 = DIRECTION ( 'NONE',  ( 1.278740865116509800E-014, -1.000000000000000000, 0.0000000000000000000 ) ) ;
#3137 = CARTESIAN_POINT ( 'NONE',  ( 23.09999999999999400, 38.44000000000001200, 48.25000000000000000 ) ) ;
#3138 = DIRECTION ( 'NONE',  ( 0.0000000000000000000, 0.0000000000000000000, -1.000000000000000000 ) ) ;
#3139 = CARTESIAN_POINT ( 'NONE',  ( 22.59999999999961100, 37.82147248056603000, 57.75230104942098600 ) ) ;
#3140 = AXIS2_PLACEMENT_3D ( 'NONE', #2032, #6614, #10147 ) ;
#3141 = ORIENTED_EDGE ( 'NONE', *, *, #1048, .F. ) ;
#3142 = SURFACE_STYLE_USAGE ( .BOTH. , #5816 ) ;
#3143 = EDGE_CURVE ( 'NONE', #7757, #8256, #8515, .T. ) ;
#3144 = VECTOR ( 'NONE', #4103, 1000.000000000000000 ) ;
#3145 = CIRCLE ( 'NONE', #6682, 0.2500000000000002200 ) ;
#3146 = ORIENTED_EDGE ( 'NONE', *, *, #7862, .F. ) ;
#3147 = VECTOR ( 'NONE', #11038, 1000.000000000000000 ) ;
#3148 = ORIENTED_EDGE ( 'NONE', *, *, #10320, .F. ) ;
#3149 = DIRECTION ( 'NONE',  ( 0.0000000000000000000, 0.0000000000000000000, -1.000000000000000000 ) ) ;
#3150 = AXIS2_PLACEMENT_3D ( 'NONE', #7732, #3264, #9591 ) ;
#3151 = CARTESIAN_POINT ( 'NONE',  ( 5.999999999999999100, 3.200000000000002000, 97.60000000000000900 ) ) ;
#3152 = ORIENTED_EDGE ( 'NONE', *, *, #223, .T. ) ;
#3153 = CARTESIAN_POINT ( 'NONE',  ( -39.69000000000000500, 23.09999999999999100, -48.00000000000000000 ) ) ;
#3155 =( LENGTH_UNIT ( ) NAMED_UNIT ( * ) SI_UNIT ( .MILLI., .METRE. ) );
#3154 = VECTOR ( 'NONE', #8092, 1000.000000000000000 ) ;
#3156 = EDGE_LOOP ( 'NONE', ( #7583, #1623, #788, #2870, #10079 ) ) ;
#3157 = CARTESIAN_POINT ( 'NONE',  ( -23.59999999999987700, -36.88708127956477500, 57.21345909932559700 ) ) ;
#3158 = CARTESIAN_POINT ( 'NONE',  ( -37.96999999999999200, 25.10000000000000500, 56.49999999999999300 ) ) ;
#3159 = SURFACE_SIDE_STYLE ('',( #6711 ) ) ;
#3160 = EDGE_LOOP ( 'NONE', ( #3241, #8743, #7566, #10883 ) ) ;
#3161 = B_SPLINE_CURVE_WITH_KNOTS ( 'NONE', 3,
 ( #7632, #8627, #2250, #1416, #4939, #4112, #9607, #3163 ),
 .UNSPECIFIED., .F., .F.,
 ( 4, 2, 2, 4 ),
 ( 0.01712125363646608400, 0.01758061768880457900, 0.01803998174114307400, 0.01895870984582005700 ),
 .UNSPECIFIED. ) ;
#3162 = EDGE_CURVE ( 'NONE', #8484, #138, #903, .T. ) ;
#3163 = CARTESIAN_POINT ( 'NONE',  ( -22.59999999999987700, -36.47000000000007000, 56.75896736903246900 ) ) ;
#3164 = UNCERTAINTY_MEASURE_WITH_UNIT (LENGTH_MEASURE( 1.000000000000000100E-005 ), #8228, 'distance_accuracy_value', 'NONE');
#3165 = CARTESIAN_POINT ( 'NONE',  ( -36.46999999999999900, 22.93162533000423100, 56.83664221820388500 ) ) ;
#3166 = DIRECTION ( 'NONE',  ( 0.0000000000000000000, 1.000000000000000000, 0.0000000000000000000 ) ) ;
#3167 = ORIENTED_EDGE ( 'NONE', *, *, #7364, .F. ) ;
#3168 = CARTESIAN_POINT ( 'NONE',  ( -38.43999999999999800, 26.34999999999999100, 58.75000000000000000 ) ) ;
#3169 = CYLINDRICAL_SURFACE ( 'NONE', #9416, 0.2500000000000002200 ) ;
#3170 = CARTESIAN_POINT ( 'NONE',  ( -23.59999999999986600, -38.97000000000007700, 57.79579263126746700 ) ) ;
#3171 = PLANE ( 'NONE',  #1367 ) ;
#3172 = PRESENTATION_LAYER_ASSIGNMENT (  '', '', ( #6182 ) ) ;
#3173 = ADVANCED_FACE ( 'NONE', ( #5560 ), #6051, .F. ) ;
#3174 = CARTESIAN_POINT ( 'NONE',  ( 25.19999999999999900, 43.00000000000000000, -59.00000000000000000 ) ) ;
#3175 = EDGE_CURVE ( 'NONE', #2485, #8631, #5843, .T. ) ;
#3176 = FACE_OUTER_BOUND ( 'NONE', #4107, .T. ) ;
#3177 = ORIENTED_EDGE ( 'NONE', *, *, #4850, .F. ) ;
#3178 = VECTOR ( 'NONE', #52, 1000.000000000000000 ) ;
#3179 = DIRECTION ( 'NONE',  ( -0.0000000000000000000, 0.0000000000000000000, 1.000000000000000000 ) ) ;
#3180 = CIRCLE ( 'NONE', #4130, 1.500000000000001300 ) ;
#3181 = CIRCLE ( 'NONE', #4791, 0.2500000000000002200 ) ;
#3182 = CARTESIAN_POINT ( 'NONE',  ( -26.34999999999998400, -38.44000000000000500, 58.75000000000000000 ) ) ;
#3183 = CARTESIAN_POINT ( 'NONE',  ( 23.59999999999959300, 38.97000000000024000, 57.79579263126747400 ) ) ;
#3184 = AXIS2_PLACEMENT_3D ( 'NONE', #8260, #8296, #51 ) ;
#3185 = ADVANCED_FACE ( 'NONE', ( #1883 ), #1749, .F. ) ;
#3186 = ORIENTED_EDGE ( 'NONE', *, *, #11, .T. ) ;
#3187 = CIRCLE ( 'NONE', #5838, 2.999999999999999100 ) ;
#3188 = DIRECTION ( 'NONE',  ( -1.376764663473656200E-016, 1.000000000000000000, 0.0000000000000000000 ) ) ;
#3189 = CYLINDRICAL_SURFACE ( 'NONE', #3454, 3.000000000000002700 ) ;
#3190 = CARTESIAN_POINT ( 'NONE',  ( 23.09999999999998000, 38.44000000000000500, 59.00000000000000000 ) ) ;
#3191 = PLANE ( 'NONE',  #7257 ) ;
#3192 = SURFACE_STYLE_FILL_AREA ( #264 ) ;
#3193 = AXIS2_PLACEMENT_3D ( 'NONE', #10589, #3404, #1688 ) ;
#3194 = CARTESIAN_POINT ( 'NONE',  ( 43.00000000000000000, 25.19999999999999600, -59.00000000000000000 ) ) ;
#3195 = CARTESIAN_POINT ( 'NONE',  ( -23.59999999999987700, -36.66300581994708100, 57.00187174722587700 ) ) ;
#3196 = CARTESIAN_POINT ( 'NONE',  ( -36.46999999999999900, 23.60000000000000100, 56.75896736903249700 ) ) ;
#3197 = CARTESIAN_POINT ( 'NONE',  ( -42.74999999999999300, 19.84999999999999800, 58.75000000000000000 ) ) ;
#3198 = ORIENTED_EDGE ( 'NONE', *, *, #7153, .F. ) ;
#3199 = VERTEX_POINT ( 'NONE', #6844 ) ;
#3200 = AXIS2_PLACEMENT_3D ( 'NONE', #4010, #3013, #10168 ) ;
#3201 = CIRCLE ( 'NONE', #10427, 3.000000000000002700 ) ;
#3202 = EDGE_CURVE ( 'NONE', #9463, #3740, #4169, .T. ) ;
#3203 = AXIS2_PLACEMENT_3D ( 'NONE', #9056, #5571, #2860 ) ;
#3204 = DIRECTION ( 'NONE',  ( 1.000000000000000000, 0.0000000000000000000, 0.0000000000000000000 ) ) ;
#3205 = DIRECTION ( 'NONE',  ( -1.000000000000000000, -1.613696256722611400E-016, 0.0000000000000000000 ) ) ;
#3206 = CARTESIAN_POINT ( 'NONE',  ( 38.44000000000001200, -23.09999999999998700, -58.75000000000000000 ) ) ;
#3207 = CARTESIAN_POINT ( 'NONE',  ( 23.59999999999960400, 37.97000000000024000, 57.79579263126746700 ) ) ;
#3208 = AXIS2_PLACEMENT_3D ( 'NONE', #5776, #3096, #11337 ) ;
#3209 =( NAMED_UNIT ( * ) SI_UNIT ( $, .STERADIAN. ) SOLID_ANGLE_UNIT ( ) );
#3210 = ORIENTED_EDGE ( 'NONE', *, *, #8214, .T. ) ;
#3211 = VERTEX_POINT ( 'NONE', #1438 ) ;
#3212 = LINE ( 'NONE', #1019, #7695 ) ;
#3213 = VECTOR ( 'NONE', #9618, 1000.000000000000000 ) ;
#3214 = EDGE_CURVE ( 'NONE', #11346, #8912, #11114, .T. ) ;
#3215 = FACE_OUTER_BOUND ( 'NONE', #2067, .T. ) ;
#3216 = ORIENTED_EDGE ( 'NONE', *, *, #4316, .F. ) ;
#3217 = AXIS2_PLACEMENT_3D ( 'NONE', #10104, #90, #11030 ) ;
#3218 = AXIS2_PLACEMENT_3D ( 'NONE', #10841, #5398, #9069 ) ;
#3219 = EDGE_LOOP ( 'NONE', ( #8604, #6225, #10016 ) ) ;
#3220 = ORIENTED_EDGE ( 'NONE', *, *, #5531, .T. ) ;
#3221 =( LENGTH_UNIT ( ) NAMED_UNIT ( * ) SI_UNIT ( .MILLI., .METRE. ) );
#3222 = CIRCLE ( 'NONE', #6226, 0.2500000000000002200 ) ;
#3223 = EDGE_CURVE ( 'NONE', #8059, #4172, #11286, .T. ) ;
#3224 = CARTESIAN_POINT ( 'NONE',  ( 5.999999999999999100, 3.471716758006148800, 97.46893531644589400 ) ) ;
#3225 = EDGE_CURVE ( 'NONE', #6628, #9656, #3618, .T. ) ;
#3226 = CARTESIAN_POINT ( 'NONE',  ( 37.96999999999999200, -25.10000000000000500, 56.75896736903245500 ) ) ;
#3227 = ADVANCED_FACE ( 'NONE', ( #5133 ), #10711, .F. ) ;
#3228 = SURFACE_STYLE_USAGE ( .BOTH. , #4064 ) ;
#3229 =( LENGTH_UNIT ( ) NAMED_UNIT ( * ) SI_UNIT ( .MILLI., .METRE. ) );
#3230 = DIRECTION ( 'NONE',  ( -0.0000000000000000000, 0.0000000000000000000, 1.000000000000000000 ) ) ;
#3231 = CARTESIAN_POINT ( 'NONE',  ( -36.66300581994698100, 23.60000000000000100, 57.00187174722587700 ) ) ;
#3232 = ORIENTED_EDGE ( 'NONE', *, *, #4922, .T. ) ;
#3233 = ORIENTED_EDGE ( 'NONE', *, *, #4033, .F. ) ;
#3234 = VECTOR ( 'NONE', #9877, 1000.000000000000000 ) ;
#3235 = CIRCLE ( 'NONE', #1978, 1.250000000000008000 ) ;
#3236 = DIRECTION ( 'NONE',  ( -3.369016658928398200E-015, 1.000000000000000000, 1.357780870624560700E-032 ) ) ;
#3238 = VECTOR ( 'NONE', #4965, 1000.000000000000000 ) ;
#3237 = B_SPLINE_CURVE_WITH_KNOTS ( 'NONE', 3,
 ( #749, #613, #9733, #2532, #10730, #4271 ),
 .UNSPECIFIED., .F., .F.,
 ( 4, 2, 4 ),
 ( 0.01713536489727009500, 0.01805660470586273000, 0.01897784451445536400 ),
 .UNSPECIFIED. ) ;
#3239 = ORIENTED_EDGE ( 'NONE', *, *, #3999, .T. ) ;
#3240 = ORIENTED_EDGE ( 'NONE', *, *, #5554, .F. ) ;
#3241 = ORIENTED_EDGE ( 'NONE', *, *, #6062, .F. ) ;
#3242 = CIRCLE ( 'NONE', #10693, 1.250000000000001100 ) ;
#3243 = UNCERTAINTY_MEASURE_WITH_UNIT (LENGTH_MEASURE( 1.000000000000000100E-005 ), #7949, 'distance_accuracy_value', 'NONE');
#3244 = DIRECTION ( 'NONE',  ( 0.0000000000000000000, 0.0000000000000000000, -1.000000000000000000 ) ) ;
#3245 = EDGE_LOOP ( 'NONE', ( #1852, #9562, #7171, #6931 ) ) ;
#3246 = VECTOR ( 'NONE', #2925, 1000.000000000000000 ) ;
#3247 = EDGE_CURVE ( 'NONE', #2297, #1389, #3028, .T. ) ;
#3248 = ADVANCED_FACE ( 'NONE', ( #9100 ), #6409, .T. ) ;
#3249 = CARTESIAN_POINT ( 'NONE',  ( -39.99999999999999300, 27.94999999999999600, -58.75000000000000000 ) ) ;
#3250 = DIRECTION ( 'NONE',  ( -1.000000000000000000, 0.0000000000000000000, 0.0000000000000000000 ) ) ;
#3251 = DIRECTION ( 'NONE',  ( -1.376764663473656200E-016, 1.000000000000000000, 0.0000000000000000000 ) ) ;
#3252 = ORIENTED_EDGE ( 'NONE', *, *, #3457, .F. ) ;
#3253 = CARTESIAN_POINT ( 'NONE',  ( -27.94999999999998900, 39.99999999999998600, -59.00000000000000000 ) ) ;
#3254 = ORIENTED_EDGE ( 'NONE', *, *, #6229, .T. ) ;
#3255 = CARTESIAN_POINT ( 'NONE',  ( -19.84999999999999100, -42.74999999999999300, 55.99999999999999300 ) ) ;
#3256 = DIRECTION ( 'NONE',  ( -1.521687259628777600E-015, -1.000000000000000000, 0.0000000000000000000 ) ) ;
#3257 = ORIENTED_EDGE ( 'NONE', *, *, #9937, .T. ) ;
#3258 = LINE ( 'NONE', #4782, #1965 ) ;
#3259 = CARTESIAN_POINT ( 'NONE',  ( -23.09999999999997700, -38.44000000000001200, 55.99999999999999300 ) ) ;
#3260 = ORIENTED_EDGE ( 'NONE', *, *, #5569, .T. ) ;
#3261 = CARTESIAN_POINT ( 'NONE',  ( 39.99999999999999300, 27.94999999999999600, -59.00000000000000000 ) ) ;
#3262 = EDGE_CURVE ( 'NONE', #6930, #4439, #7806, .T. ) ;
#3263 = DIRECTION ( 'NONE',  ( 1.000000000000000000, 0.0000000000000000000, 0.0000000000000000000 ) ) ;
#3264 = DIRECTION ( 'NONE',  ( 1.682156097916899000E-015, 1.000000000000000000, 0.0000000000000000000 ) ) ;
#3265 = EDGE_CURVE ( 'NONE', #7758, #9327, #6780, .T. ) ;
#3266 = VERTEX_POINT ( 'NONE', #6295 ) ;
#3267 = CIRCLE ( 'NONE', #984, 6.800000000000014000 ) ;
#3268 = AXIS2_PLACEMENT_3D ( 'NONE', #4717, #4569, #10027 ) ;
#3269 = CARTESIAN_POINT ( 'NONE',  ( -37.96999999999999200, 22.60000000000000100, 56.49999999999999300 ) ) ;
#3270 = LINE ( 'NONE', #1533, #4820 ) ;
#3271 = VERTEX_POINT ( 'NONE', #10794 ) ;
#3272 = ORIENTED_EDGE ( 'NONE', *, *, #8746, .F. ) ;
#3273 = AXIS2_PLACEMENT_3D ( 'NONE', #9918, #5395, #3517 ) ;
#3274 = CARTESIAN_POINT ( 'NONE',  ( 28.20000000000000300, -31.19999999999999200, -48.00000000000000000 ) ) ;
#3275 = DIRECTION ( 'NONE',  ( 1.000000000000000000, 0.0000000000000000000, 0.0000000000000000000 ) ) ;
#3276 = VERTEX_POINT ( 'NONE', #2640 ) ;
#3277 = AXIS2_PLACEMENT_3D ( 'NONE', #1099, #3809, #973 ) ;
#3278 = FACE_OUTER_BOUND ( 'NONE', #4051, .T. ) ;
#3279 = DIRECTION ( 'NONE',  ( -0.0000000000000000000, 0.0000000000000000000, 1.000000000000000000 ) ) ;
#3280 = TOROIDAL_SURFACE ( 'NONE', #8645, 1.500000000000001300, 0.2500000000000000000 ) ;
#3281 = EDGE_CURVE ( 'NONE', #10906, #10310, #6689, .T. ) ;
#3282 = ORIENTED_EDGE ( 'NONE', *, *, #10762, .F. ) ;
#3283 = COLOUR_RGB ( '',0.7921568627450980000, 0.8196078431372548800, 0.9333333333333333500 ) ;
#3284 = DIRECTION ( 'NONE',  ( 0.0000000000000000000, 0.0000000000000000000, -1.000000000000000000 ) ) ;
#3285 = DIRECTION ( 'NONE',  ( -1.682156097916899000E-015, -1.000000000000000000, -0.0000000000000000000 ) ) ;
#3286 = DIRECTION ( 'NONE',  ( 0.0000000000000000000, 0.0000000000000000000, 1.000000000000000000 ) ) ;
#3287 = CARTESIAN_POINT ( 'NONE',  ( 0.0000000000000000000, 0.0000000000000000000, 97.60000000000000900 ) ) ;
#3288 = EDGE_CURVE ( 'NONE', #3988, #5582, #7669, .T. ) ;
#3289 = CARTESIAN_POINT ( 'NONE',  ( -28.19999999999998900, 39.99999999999998600, -59.00000000000000000 ) ) ;
#3290 = EDGE_LOOP ( 'NONE', ( #5656, #462 ) ) ;
#3291 = ADVANCED_FACE ( 'NONE', ( #8811 ), #2608, .F. ) ;
#3292 = TOROIDAL_SURFACE ( 'NONE', #8861, -0.5586641917832802000, 3.308340903158649500 ) ;
#3293 = ORIENTED_EDGE ( 'NONE', *, *, #1081, .T. ) ;
#3294 = VERTEX_POINT ( 'NONE', #89 ) ;
#3295 = DIRECTION ( 'NONE',  ( 0.0000000000000000000, 0.0000000000000000000, -1.000000000000000000 ) ) ;
#3296 = DIRECTION ( 'NONE',  ( -0.0000000000000000000, -0.0000000000000000000, 1.000000000000000000 ) ) ;
#3297 = STYLED_ITEM ( 'NONE', ( #3465 ), #2945 ) ;
#3298 = CARTESIAN_POINT ( 'NONE',  ( -38.43999999999999800, 23.09999999999999100, 55.99999999999999300 ) ) ;
#3299 = EDGE_CURVE ( 'NONE', #9547, #8875, #7369, .T. ) ;
#3300 = ORIENTED_EDGE ( 'NONE', *, *, #8180, .F. ) ;
#3301 = DIRECTION ( 'NONE',  ( 1.000000000000000000, 0.0000000000000000000, 0.0000000000000000000 ) ) ;
#3302 = EDGE_LOOP ( 'NONE', ( #11663, #1297, #867 ) ) ;
#3303 = DIRECTION ( 'NONE',  ( -1.000000000000000000, 0.0000000000000000000, 0.0000000000000000000 ) ) ;
#3304 = FACE_OUTER_BOUND ( 'NONE', #8796, .T. ) ;
#3305 = ORIENTED_EDGE ( 'NONE', *, *, #10918, .T. ) ;
#3306 = ORIENTED_EDGE ( 'NONE', *, *, #321, .T. ) ;
#3307 = ADVANCED_FACE ( 'NONE', ( #9827 ), #4725, .F. ) ;
#3308 = DIRECTION ( 'NONE',  ( -0.0000000000000000000, -0.0000000000000000000, -1.000000000000000000 ) ) ;
#3309 = AXIS2_PLACEMENT_3D ( 'NONE', #7480, #4745, #5563 ) ;
#3310 = SURFACE_STYLE_USAGE ( .BOTH. , #7780 ) ;
#3311 = CARTESIAN_POINT ( 'NONE',  ( 38.44000000000001200, -23.09999999999998700, 48.25000000000000000 ) ) ;
#3312 = DIRECTION ( 'NONE',  ( 1.000000000000000000, 0.0000000000000000000, 0.0000000000000000000 ) ) ;
#3313 = VECTOR ( 'NONE', #8899, 1000.000000000000000 ) ;
#3314 = ORIENTED_EDGE ( 'NONE', *, *, #4547, .T. ) ;
#3315 = CARTESIAN_POINT ( 'NONE',  ( 28.20000000000000300, -31.19999999999999200, 48.00000000000000000 ) ) ;
#3316 = EDGE_CURVE ( 'NONE', #1692, #4034, #347, .T. ) ;
#3317 = FACE_OUTER_BOUND ( 'NONE', #6790, .T. ) ;
#3318 = DIRECTION ( 'NONE',  ( 0.0000000000000000000, -1.000000000000000000, 0.0000000000000000000 ) ) ;
#3319 = ORIENTED_EDGE ( 'NONE', *, *, #11287, .T. ) ;
#3320 = CARTESIAN_POINT ( 'NONE',  ( -39.99999999999998600, -25.20000000000001000, -48.00000000000000000 ) ) ;
#3321 = DIRECTION ( 'NONE',  ( -0.0000000000000000000, -0.0000000000000000000, 1.000000000000000000 ) ) ;
#3322 = SURFACE_STYLE_USAGE ( .BOTH. , #10684 ) ;
#3323 = FACE_OUTER_BOUND ( 'NONE', #1412, .T. ) ;
#3324 = AXIS2_PLACEMENT_3D ( 'NONE', #5081, #2372, #704 ) ;
#3325 = VERTEX_POINT ( 'NONE', #960 ) ;
#3326 = DIRECTION ( 'NONE',  ( -0.0000000000000000000, -0.0000000000000000000, -1.000000000000000000 ) ) ;
#3327 = VECTOR ( 'NONE', #3380, 1000.000000000000000 ) ;
#3328 = CARTESIAN_POINT ( 'NONE',  ( -39.69000000000000500, 23.09999999999999100, -48.00000000000000000 ) ) ;
#3329 = CIRCLE ( 'NONE', #5051, 0.2500000000000002200 ) ;
#3330 = EDGE_CURVE ( 'NONE', #8029, #7357, #8521, .T. ) ;
#3331 = DIRECTION ( 'NONE',  ( -1.000000000000000000, 0.0000000000000000000, 0.0000000000000000000 ) ) ;
#3332 = DIRECTION ( 'NONE',  ( 1.000000000000000000, 0.0000000000000000000, 0.0000000000000000000 ) ) ;
#3333 = ORIENTED_EDGE ( 'NONE', *, *, #11563, .F. ) ;
#3334 = ORIENTED_EDGE ( 'NONE', *, *, #2882, .T. ) ;
#3335 = CYLINDRICAL_SURFACE ( 'NONE', #4700, 0.2500000000000002200 ) ;
#3336 = TOROIDAL_SURFACE ( 'NONE', #9820, 1.500000000000001300, 0.2500000000000000000 ) ;
#3337 = CARTESIAN_POINT ( 'NONE',  ( -39.99999999999999300, 28.19999999999999600, -58.75000000000000000 ) ) ;
#3338 = CARTESIAN_POINT ( 'NONE',  ( -28.19999999999998200, -43.00000000000000000, 48.00000000000000000 ) ) ;
#3339 = SURFACE_STYLE_FILL_AREA ( #576 ) ;
#3340 = DIRECTION ( 'NONE',  ( -0.0000000000000000000, 0.0000000000000000000, 1.000000000000000000 ) ) ;
#3341 = MECHANICAL_DESIGN_GEOMETRIC_PRESENTATION_REPRESENTATION (  '', ( #306 ), #1504 ) ;
#3342 = DIRECTION ( 'NONE',  ( -0.0000000000000000000, -0.0000000000000000000, -1.000000000000000000 ) ) ;
#3343 = ORIENTED_EDGE ( 'NONE', *, *, #5228, .F. ) ;
#3344 = VERTEX_POINT ( 'NONE', #8258 ) ;
#3345 = CARTESIAN_POINT ( 'NONE',  ( 40.46999999999999200, -23.60000000000000100, 56.75896736903245500 ) ) ;
#3346 = SURFACE_SIDE_STYLE ('',( #7221 ) ) ;
#3347 = LINE ( 'NONE', #3686, #9717 ) ;
#3348 = EDGE_CURVE ( 'NONE', #5378, #7418, #5436, .T. ) ;
#3349 = ADVANCED_FACE ( 'NONE', ( #3038 ), #195, .T. ) ;
#3350 = CARTESIAN_POINT ( 'NONE',  ( 21.59999999999999400, 38.44000000000001200, 55.99999999999999300 ) ) ;
#3351 = LINE ( 'NONE', #2115, #4765 ) ;
#3352 = CARTESIAN_POINT ( 'NONE',  ( 27.95000000000000300, 25.19999999999999600, -58.75000000000000000 ) ) ;
#3353 = EDGE_CURVE ( 'NONE', #7919, #4488, #9533, .T. ) ;
#3354 = CARTESIAN_POINT ( 'NONE',  ( 5.999999999999999100, 4.655407239119941000, 72.59999999999999400 ) ) ;
#3355 = CARTESIAN_POINT ( 'NONE',  ( 31.55000000000000100, -34.79999999999998300, 38.80761184457487200 ) ) ;
#3356 = AXIS2_PLACEMENT_3D ( 'NONE', #6319, #3573, #10772 ) ;
#3357 = EDGE_CURVE ( 'NONE', #7754, #4884, #53, .T. ) ;
#3358 = PRESENTATION_LAYER_ASSIGNMENT (  '', '', ( #5158 ) ) ;
#3359 = ORIENTED_EDGE ( 'NONE', *, *, #4089, .T. ) ;
#3360 = ORIENTED_EDGE ( 'NONE', *, *, #2167, .T. ) ;
#3361 = CIRCLE ( 'NONE', #5752, 2.999999999999995600 ) ;
#3362 = CIRCLE ( 'NONE', #11488, 8.250000000000000000 ) ;
#3363 = DIRECTION ( 'NONE',  ( -1.000000000000000000, 0.0000000000000000000, 0.0000000000000000000 ) ) ;
#3364 = LINE ( 'NONE', #2718, #1641 ) ;
#3365 = ADVANCED_FACE ( 'NONE', ( #3323 ), #1597, .T. ) ;
#3366 = VERTEX_POINT ( 'NONE', #5498 ) ;
#3367 = DIRECTION ( 'NONE',  ( 0.0000000000000000000, 0.0000000000000000000, 1.000000000000000000 ) ) ;
#3368 = DIRECTION ( 'NONE',  ( 0.0000000000000000000, -0.0000000000000000000, -1.000000000000000000 ) ) ;
#3369 = AXIS2_PLACEMENT_3D ( 'NONE', #1527, #10573, #11452 ) ;
#3370 = DIRECTION ( 'NONE',  ( 0.0000000000000000000, 0.0000000000000000000, -1.000000000000000000 ) ) ;
#3371 = EDGE_CURVE ( 'NONE', #7960, #3134, #7252, .T. ) ;
#3372 = ORIENTED_EDGE ( 'NONE', *, *, #10807, .F. ) ;
#3373 = ORIENTED_EDGE ( 'NONE', *, *, #2064, .T. ) ;
#3374 = PRESENTATION_STYLE_ASSIGNMENT (( #1536 ) ) ;
#3375 = STYLED_ITEM ( 'NONE', ( #6216 ), #5896 ) ;
#3376 = DIRECTION ( 'NONE',  ( 0.0000000000000000000, 0.0000000000000000000, 1.000000000000000000 ) ) ;
#3377 = VECTOR ( 'NONE', #3188, 1000.000000000000000 ) ;
#3378 = ORIENTED_EDGE ( 'NONE', *, *, #8638, .T. ) ;
#3379 =( GEOMETRIC_REPRESENTATION_CONTEXT ( 3 ) GLOBAL_UNCERTAINTY_ASSIGNED_CONTEXT ( ( #1049 ) ) GLOBAL_UNIT_ASSIGNED_CONTEXT ( ( #7939, #3505, #7034 ) ) REPRESENTATION_CONTEXT ( 'NONE', 'WORKASPACE' ) );
#3380 = DIRECTION ( 'NONE',  ( 0.0000000000000000000, 0.0000000000000000000, 1.000000000000000000 ) ) ;
#3381 = PLANE ( 'NONE',  #11625 ) ;
#3382 = CARTESIAN_POINT ( 'NONE',  ( 23.59999999999961400, 36.66300581994724400, 57.00187174722588400 ) ) ;
#3383 =( NAMED_UNIT ( * ) SI_UNIT ( $, .STERADIAN. ) SOLID_ANGLE_UNIT ( ) );
#3384 = ORIENTED_EDGE ( 'NONE', *, *, #10955, .T. ) ;
#3385 = VECTOR ( 'NONE', #5350, 1000.000000000000000 ) ;
#3386 = CIRCLE ( 'NONE', #9404, 0.2500000000000002200 ) ;
#3387 = CARTESIAN_POINT ( 'NONE',  ( 43.00000000000000000, 40.50000000000000700, 48.25000000000000000 ) ) ;
#3388 = VECTOR ( 'NONE', #9971, 1000.000000000000000 ) ;
#3389 = EDGE_CURVE ( 'NONE', #6628, #2229, #4307, .T. ) ;
#3390 = ORIENTED_EDGE ( 'NONE', *, *, #6040, .T. ) ;
#3391 = DIRECTION ( 'NONE',  ( 1.000000000000000000, 0.0000000000000000000, 0.0000000000000000000 ) ) ;
#3392 = ORIENTED_EDGE ( 'NONE', *, *, #9706, .F. ) ;
#3393 = ORIENTED_EDGE ( 'NONE', *, *, #1020, .F. ) ;
#3394 = VECTOR ( 'NONE', #2082, 1000.000000000000000 ) ;
#3395 = DIRECTION ( 'NONE',  ( 1.000000000000000000, 0.0000000000000000000, 0.0000000000000000000 ) ) ;
#3396 = AXIS2_PLACEMENT_3D ( 'NONE', #2219, #5996, #7604 ) ;
#3397 = COLOUR_RGB ( '',0.8941176470588234600, 0.9137254901960784000, 0.9294117647058823800 ) ;
#3398 = DIRECTION ( 'NONE',  ( 0.0000000000000000000, 0.0000000000000000000, 1.000000000000000000 ) ) ;
#3399 = CARTESIAN_POINT ( 'NONE',  ( 31.20000000000000600, -31.19999999999999200, -58.75000000000000000 ) ) ;
#3400 = EDGE_CURVE ( 'NONE', #8707, #1719, #2318, .T. ) ;
#3401 = ORIENTED_EDGE ( 'NONE', *, *, #3102, .F. ) ;
#3402 =( NAMED_UNIT ( * ) PLANE_ANGLE_UNIT ( ) SI_UNIT ( $, .RADIAN. ) );
#3403 = ORIENTED_EDGE ( 'NONE', *, *, #5043, .F. ) ;
#3404 = DIRECTION ( 'NONE',  ( -0.0000000000000000000, -0.0000000000000000000, -1.000000000000000000 ) ) ;
#3405 = PLANE ( 'NONE',  #5886 ) ;
#3406 = CARTESIAN_POINT ( 'NONE',  ( 23.09999999999999400, 38.44000000000001200, 55.99999999999999300 ) ) ;
#3407 = ORIENTED_EDGE ( 'NONE', *, *, #11350, .T. ) ;
#3408 = CYLINDRICAL_SURFACE ( 'NONE', #5827, 0.2500000000000002200 ) ;
#3409 = EDGE_LOOP ( 'NONE', ( #7345, #11288, #4292, #4830 ) ) ;
#3410 = ORIENTED_EDGE ( 'NONE', *, *, #7148, .T. ) ;
#3411 = DIRECTION ( 'NONE',  ( -0.0000000000000000000, 0.0000000000000000000, 1.000000000000000000 ) ) ;
#3412 = STYLED_ITEM ( 'NONE', ( #963 ), #8366 ) ;
#3413 = DIRECTION ( 'NONE',  ( 0.0000000000000000000, 0.0000000000000000000, -1.000000000000000000 ) ) ;
#3414 = ORIENTED_EDGE ( 'NONE', *, *, #4452, .T. ) ;
#3415 = CARTESIAN_POINT ( 'NONE',  ( 2.299999999999989200, 42.99999999999999300, -53.50000000000000000 ) ) ;
#3416 = FACE_OUTER_BOUND ( 'NONE', #4139, .T. ) ;
#3417 = PRESENTATION_STYLE_ASSIGNMENT (( #2225 ) ) ;
#3418 = EDGE_CURVE ( 'NONE', #8504, #11429, #7120, .T. ) ;
#3419 = VERTEX_POINT ( 'NONE', #10265 ) ;
#3420 = EDGE_LOOP ( 'NONE', ( #8051, #1793, #8124, #8703 ) ) ;
#3421 = ADVANCED_FACE ( 'NONE', ( #6123 ), #8819, .F. ) ;
#3422 = CARTESIAN_POINT ( 'NONE',  ( 25.09999999999959600, 38.97000000000025500, 56.75896736903249000 ) ) ;
#3423 = EDGE_LOOP ( 'NONE', ( #3378, #10513, #5934, #9589, #5815, #9910, #4131, #2678, #1598, #7276 ) ) ;
#3424 = AXIS2_PLACEMENT_3D ( 'NONE', #7441, #11134, #3938 ) ;
#3425 = CARTESIAN_POINT ( 'NONE',  ( 40.05593362000730900, -23.60000000000000500, 57.21087685217727200 ) ) ;
#3426 = DIRECTION ( 'NONE',  ( -1.000000000000000000, 0.0000000000000000000, 0.0000000000000000000 ) ) ;
#3427 = CARTESIAN_POINT ( 'NONE',  ( 43.00000000000000000, 25.19999999999999600, -48.00000000000000000 ) ) ;
#3428 = CIRCLE ( 'NONE', #5696, 1.250000000000001100 ) ;
#3429 = AXIS2_PLACEMENT_3D ( 'NONE', #10743, #11666, #8019 ) ;
#3430 = DIRECTION ( 'NONE',  ( 1.000000000000000000, 0.0000000000000000000, 0.0000000000000000000 ) ) ;
#3431 = CIRCLE ( 'NONE', #5475, 2.500000000000002200 ) ;
#3432 = DIRECTION ( 'NONE',  ( -1.000000000000000000, 0.0000000000000000000, 0.0000000000000000000 ) ) ;
#3433 = ORIENTED_EDGE ( 'NONE', *, *, #464, .T. ) ;
#3434 = FACE_OUTER_BOUND ( 'NONE', #3746, .T. ) ;
#3435 = EDGE_LOOP ( 'NONE', ( #10629, #9409, #5200, #5931 ) ) ;
#3436 = EDGE_LOOP ( 'NONE', ( #7349, #10936, #4422, #7827 ) ) ;
#3437 =( NAMED_UNIT ( * ) SI_UNIT ( $, .STERADIAN. ) SOLID_ANGLE_UNIT ( ) );
#3438 = EDGE_CURVE ( 'NONE', #2980, #1501, #5715, .T. ) ;
#3439 = CIRCLE ( 'NONE', #4036, 36.50000000000000000 ) ;
#3440 = ORIENTED_EDGE ( 'NONE', *, *, #7816, .T. ) ;
#3441 = VERTEX_POINT ( 'NONE', #4874 ) ;
#3442 = FACE_OUTER_BOUND ( 'NONE', #10461, .T. ) ;
#3443 = DIRECTION ( 'NONE',  ( -1.047444401652940000E-014, 1.000000000000000000, -0.0000000000000000000 ) ) ;
#3444 = CARTESIAN_POINT ( 'NONE',  ( 0.0000000000000000000, 0.0000000000000000000, 59.25000000000000000 ) ) ;
#3445 = AXIS2_PLACEMENT_3D ( 'NONE', #4296, #10399, #728 ) ;
#3446 = DIRECTION ( 'NONE',  ( 0.0000000000000000000, 0.0000000000000000000, -1.000000000000000000 ) ) ;
#3447 = DIRECTION ( 'NONE',  ( -0.0000000000000000000, 0.0000000000000000000, 1.000000000000000000 ) ) ;
#3448 = AXIS2_PLACEMENT_3D ( 'NONE', #737, #7913, #9723 ) ;
#3449 = ORIENTED_EDGE ( 'NONE', *, *, #4687, .F. ) ;
#3450 = LINE ( 'NONE', #1111, #7538 ) ;
#3451 = CARTESIAN_POINT ( 'NONE',  ( -39.93999999999999800, 23.09999999999999100, 48.00000000000000000 ) ) ;
#3452 = CARTESIAN_POINT ( 'NONE',  ( 25.09999999999960400, 38.38499493012329100, 56.83639580559808700 ) ) ;
#3453 = LINE ( 'NONE', #8825, #5427 ) ;
#3454 = AXIS2_PLACEMENT_3D ( 'NONE', #8878, #11693, #6144 ) ;
#3455 = LINE ( 'NONE', #9316, #5551 ) ;
#3456 = DIRECTION ( 'NONE',  ( 1.000000000000000000, 0.0000000000000000000, 0.0000000000000000000 ) ) ;
#3457 = EDGE_CURVE ( 'NONE', #7396, #5511, #6417, .T. ) ;
#3458 = DIRECTION ( 'NONE',  ( 0.0000000000000000000, 0.0000000000000000000, -1.000000000000000000 ) ) ;
#3459 = CARTESIAN_POINT ( 'NONE',  ( -3.605551275463990000, 6.000000000000000000, 97.40000000000000600 ) ) ;
#3460 = CARTESIAN_POINT ( 'NONE',  ( -38.43999999999999800, 23.09999999999999100, 56.24999999999999300 ) ) ;
#3461 = UNCERTAINTY_MEASURE_WITH_UNIT (LENGTH_MEASURE( 1.000000000000000100E-005 ), #1706, 'distance_accuracy_value', 'NONE');
#3462 = CIRCLE ( 'NONE', #3504, 0.2500000000000002200 ) ;
#3463 = ORIENTED_EDGE ( 'NONE', *, *, #1877, .T. ) ;
#3464 = DIRECTION ( 'NONE',  ( -0.0000000000000000000, 1.108712219367988300E-016, -1.000000000000000000 ) ) ;
#3465 = PRESENTATION_STYLE_ASSIGNMENT (( #1952 ) ) ;
#3466 = AXIS2_PLACEMENT_3D ( 'NONE', #1593, #11738, #8044 ) ;
#3467 = CARTESIAN_POINT ( 'NONE',  ( -25.09999999999987400, -38.64031707813866500, 56.82968972440237800 ) ) ;
#3468 = DIRECTION ( 'NONE',  ( 1.000000000000000000, 0.0000000000000000000, 0.0000000000000000000 ) ) ;
#3469 = DIRECTION ( 'NONE',  ( 1.000000000000000000, -2.426409427678566000E-014, 0.0000000000000000000 ) ) ;
#3470 = DIRECTION ( 'NONE',  ( -0.0000000000000000000, 1.108712219367988300E-016, 1.000000000000000000 ) ) ;
#3471 = EDGE_CURVE ( 'NONE', #2991, #4690, #6698, .T. ) ;
#3472 = DIRECTION ( 'NONE',  ( 0.0000000000000000000, 0.0000000000000000000, 1.000000000000000000 ) ) ;
#3473 = VERTEX_POINT ( 'NONE', #1227 ) ;
#3474 = VERTEX_POINT ( 'NONE', #5697 ) ;
#3475 = TOROIDAL_SURFACE ( 'NONE', #6320, 3.250000000000001300, 0.2500000000000000000 ) ;
#3476 = ORIENTED_EDGE ( 'NONE', *, *, #11719, .F. ) ;
#3477 = CIRCLE ( 'NONE', #1267, 0.2500000000000002200 ) ;
#3478 = FILL_AREA_STYLE ('',( #700 ) ) ;
#3479 = DIRECTION ( 'NONE',  ( 0.0000000000000000000, -0.0000000000000000000, -1.000000000000000000 ) ) ;
#3480 = ORIENTED_EDGE ( 'NONE', *, *, #4594, .T. ) ;
#3481 = ADVANCED_FACE ( 'NONE', ( #4589 ), #4836, .T. ) ;
#3482 = DIRECTION ( 'NONE',  ( 1.521687259628777600E-015, 1.000000000000000000, -0.0000000000000000000 ) ) ;
#3483 =( NAMED_UNIT ( * ) PLANE_ANGLE_UNIT ( ) SI_UNIT ( $, .RADIAN. ) );
#3484 = AXIS2_PLACEMENT_3D ( 'NONE', #4025, #7420, #6609 ) ;
#3485 =( LENGTH_UNIT ( ) NAMED_UNIT ( * ) SI_UNIT ( .MILLI., .METRE. ) );
#3486 = CARTESIAN_POINT ( 'NONE',  ( 23.09999999999959600, 38.47000000000023300, 55.99999999999999300 ) ) ;
#3487 =( NAMED_UNIT ( * ) PLANE_ANGLE_UNIT ( ) SI_UNIT ( $, .RADIAN. ) );
#3488 = ORIENTED_EDGE ( 'NONE', *, *, #5514, .F. ) ;
#3489 = ORIENTED_EDGE ( 'NONE', *, *, #3832, .T. ) ;
#3490 = VECTOR ( 'NONE', #11163, 1000.000000000000000 ) ;
#3491 = VECTOR ( 'NONE', #10233, 1000.000000000000000 ) ;
#3492 = EDGE_CURVE ( 'NONE', #3822, #3974, #8591, .T. ) ;
#3493 = CARTESIAN_POINT ( 'NONE',  ( -21.59999999999997700, -38.44000000000001200, -58.75000000000000000 ) ) ;
#3494 = LINE ( 'NONE', #1599, #10433 ) ;
#3495 = EDGE_CURVE ( 'NONE', #4908, #9495, #3763, .T. ) ;
#3496 = DIRECTION ( 'NONE',  ( 0.0000000000000000000, -1.000000000000000000, 0.0000000000000000000 ) ) ;
#3497 = CARTESIAN_POINT ( 'NONE',  ( -34.79999999999998300, -34.80000000000000400, 48.00000000000000000 ) ) ;
#3498 = DIRECTION ( 'NONE',  ( 0.0000000000000000000, -0.0000000000000000000, 1.000000000000000000 ) ) ;
#3499 = CARTESIAN_POINT ( 'NONE',  ( 37.96999999999999200, -25.10000000000000500, 56.49999999999999300 ) ) ;
#3500 = ORIENTED_EDGE ( 'NONE', *, *, #8363, .T. ) ;
#3501 = DIRECTION ( 'NONE',  ( 0.0000000000000000000, 0.0000000000000000000, -1.000000000000000000 ) ) ;
#3502 = ORIENTED_EDGE ( 'NONE', *, *, #104, .T. ) ;
#3503 = LINE ( 'NONE', #7290, #2216 ) ;
#3504 = AXIS2_PLACEMENT_3D ( 'NONE', #403, #4369, #5813 ) ;
#3505 =( NAMED_UNIT ( * ) PLANE_ANGLE_UNIT ( ) SI_UNIT ( $, .RADIAN. ) );
#3506 = LINE ( 'NONE', #7570, #8858 ) ;
#3507 = VERTEX_POINT ( 'NONE', #2021 ) ;
#3508 = DIRECTION ( 'NONE',  ( -1.000000000000000000, 0.0000000000000000000, 0.0000000000000000000 ) ) ;
#3509 = SURFACE_SIDE_STYLE ('',( #1589 ) ) ;
#3510 = AXIS2_PLACEMENT_3D ( 'NONE', #7672, #1334, #3279 ) ;
#3511 = CARTESIAN_POINT ( 'NONE',  ( 0.0000000000000000000, 0.0000000000000000000, 48.24999999999999300 ) ) ;
#3512 = DIRECTION ( 'NONE',  ( -0.0000000000000000000, -0.0000000000000000000, 1.000000000000000000 ) ) ;
#3513 = ORIENTED_EDGE ( 'NONE', *, *, #7929, .T. ) ;
#3514 = ORIENTED_EDGE ( 'NONE', *, *, #4166, .F. ) ;
#3515 = CIRCLE ( 'NONE', #11083, 8.000000000000000000 ) ;
#3516 = FACE_OUTER_BOUND ( 'NONE', #4155, .T. ) ;
#3517 = DIRECTION ( 'NONE',  ( 0.0000000000000000000, 0.0000000000000000000, -1.000000000000000000 ) ) ;
#3518 = EDGE_CURVE ( 'NONE', #4516, #7411, #4816, .T. ) ;
#3519 = LINE ( 'NONE', #4251, #5764 ) ;
#3520 = DIRECTION ( 'NONE',  ( -1.000000000000000000, 0.0000000000000000000, 0.0000000000000000000 ) ) ;
#3521 = STYLED_ITEM ( 'NONE', ( #10812 ), #4788 ) ;
#3522 = EDGE_CURVE ( 'NONE', #4400, #11718, #9689, .T. ) ;
#3523 = PRESENTATION_LAYER_ASSIGNMENT (  '', '', ( #10181 ) ) ;
#3524 = SURFACE_SIDE_STYLE ('',( #7450 ) ) ;
#3525 = ORIENTED_EDGE ( 'NONE', *, *, #442, .T. ) ;
#3526 = VERTEX_POINT ( 'NONE', #2062 ) ;
#3527 = FACE_OUTER_BOUND ( 'NONE', #4477, .T. ) ;
#3528 = DIRECTION ( 'NONE',  ( -1.000000000000000000, 0.0000000000000000000, 0.0000000000000000000 ) ) ;
#3529 = CARTESIAN_POINT ( 'NONE',  ( -40.49999999999997900, -40.49999999999998600, 59.00000000000000000 ) ) ;
#3530 = CARTESIAN_POINT ( 'NONE',  ( 28.20000000000000300, 40.00000000000000000, -58.75000000000000000 ) ) ;
#3531 = AXIS2_PLACEMENT_3D ( 'NONE', #970, #939, #7174 ) ;
#3532 = DIRECTION ( 'NONE',  ( 1.000000000000000000, 0.0000000000000000000, 0.0000000000000000000 ) ) ;
#3533 = CARTESIAN_POINT ( 'NONE',  ( 0.0000000000000000000, 0.0000000000000000000, 72.59999999999999400 ) ) ;
#3534 = EDGE_CURVE ( 'NONE', #6591, #6244, #8246, .T. ) ;
#3535 = ADVANCED_FACE ( 'NONE', ( #4870 ), #7965, .T. ) ;
#3536 = DIRECTION ( 'NONE',  ( -1.000000000000000000, 0.0000000000000000000, 0.0000000000000000000 ) ) ;
#3537 = ORIENTED_EDGE ( 'NONE', *, *, #11031, .T. ) ;
#3538 = ORIENTED_EDGE ( 'NONE', *, *, #8896, .F. ) ;
#3539 = VECTOR ( 'NONE', #9677, 1000.000000000000000 ) ;
#3540 = DIRECTION ( 'NONE',  ( -0.0000000000000000000, -0.0000000000000000000, -1.000000000000000000 ) ) ;
#3541 = VERTEX_POINT ( 'NONE', #4953 ) ;
#3542 = LINE ( 'NONE', #6774, #412 ) ;
#3543 =( NAMED_UNIT ( * ) PLANE_ANGLE_UNIT ( ) SI_UNIT ( $, .RADIAN. ) );
#3544 =( NAMED_UNIT ( * ) SI_UNIT ( $, .STERADIAN. ) SOLID_ANGLE_UNIT ( ) );
#3545 = CARTESIAN_POINT ( 'NONE',  ( 39.99999999999999300, 28.19999999999999600, -48.00000000000000000 ) ) ;
#3546 =( NAMED_UNIT ( * ) PLANE_ANGLE_UNIT ( ) SI_UNIT ( $, .RADIAN. ) );
#3547 = ADVANCED_FACE ( 'NONE', ( #2468 ), #3381, .F. ) ;
#3548 = ORIENTED_EDGE ( 'NONE', *, *, #1332, .F. ) ;
#3549 = CARTESIAN_POINT ( 'NONE',  ( 31.20000000000000600, -31.19999999999999200, -58.75000000000000000 ) ) ;
#3550 = VERTEX_POINT ( 'NONE', #3459 ) ;
#3551 = FACE_OUTER_BOUND ( 'NONE', #8219, .T. ) ;
#3552 = EDGE_CURVE ( 'NONE', #7790, #4848, #3462, .T. ) ;
#3553 = DIRECTION ( 'NONE',  ( 0.0000000000000000000, 0.0000000000000000000, 1.000000000000000000 ) ) ;
#3554 = EDGE_LOOP ( 'NONE', ( #3198, #6800, #10160, #5425 ) ) ;
#3555 = DIRECTION ( 'NONE',  ( 0.0000000000000000000, 0.0000000000000000000, -1.000000000000000000 ) ) ;
#3556 = CARTESIAN_POINT ( 'NONE',  ( 39.99999999999999300, 25.19999999999999600, -58.75000000000000000 ) ) ;
#3557 = DIRECTION ( 'NONE',  ( 1.000000000000000000, 0.0000000000000000000, 0.0000000000000000000 ) ) ;
#3558 =( NAMED_UNIT ( * ) SI_UNIT ( $, .STERADIAN. ) SOLID_ANGLE_UNIT ( ) );
#3559 = CARTESIAN_POINT ( 'NONE',  ( -23.09999999999997700, -38.44000000000001200, 48.25000000000000000 ) ) ;
#3560 = ORIENTED_EDGE ( 'NONE', *, *, #7072, .T. ) ;
#3561 = AXIS2_PLACEMENT_3D ( 'NONE', #7066, #7025, #10654 ) ;
#3562 = ORIENTED_EDGE ( 'NONE', *, *, #1075, .F. ) ;
#3563 = FACE_OUTER_BOUND ( 'NONE', #3713, .T. ) ;
#3564 = DIRECTION ( 'NONE',  ( 0.0000000000000000000, 0.0000000000000000000, -1.000000000000000000 ) ) ;
#3565 = CIRCLE ( 'NONE', #1160, 2.250000000000001800 ) ;
#3566 = ORIENTED_EDGE ( 'NONE', *, *, #6336, .F. ) ;
#3567 = ORIENTED_EDGE ( 'NONE', *, *, #5402, .F. ) ;
#3568 = CARTESIAN_POINT ( 'NONE',  ( 25.19999999999999900, 42.75000000000000000, -58.75000000000000000 ) ) ;
#3569 = CARTESIAN_POINT ( 'NONE',  ( -8.000000000000000000, 9.797174393178825700E-016, -58.99999999999999300 ) ) ;
#3570 = EDGE_CURVE ( 'NONE', #9060, #6324, #9834, .T. ) ;
#3571 = FILL_AREA_STYLE_COLOUR ( '', #7061 ) ;
#3572 = DIRECTION ( 'NONE',  ( 1.000000000000000000, -2.426409427678566000E-014, 0.0000000000000000000 ) ) ;
#3573 = DIRECTION ( 'NONE',  ( -0.0000000000000000000, -0.0000000000000000000, 1.000000000000000000 ) ) ;
#3574 = CARTESIAN_POINT ( 'NONE',  ( 6.000000000000000000, -3.605551275463990000, 97.40000000000000600 ) ) ;
#3575 = ORIENTED_EDGE ( 'NONE', *, *, #11334, .F. ) ;
#3576 = EDGE_CURVE ( 'NONE', #1353, #4955, #11697, .T. ) ;
#3577 = CIRCLE ( 'NONE', #11180, 2.300000000000000700 ) ;
#3578 = ORIENTED_EDGE ( 'NONE', *, *, #4852, .T. ) ;
#3579 = VECTOR ( 'NONE', #635, 1000.000000000000000 ) ;
#3580 = ORIENTED_EDGE ( 'NONE', *, *, #8805, .F. ) ;
#3581 = AXIS2_PLACEMENT_3D ( 'NONE', #663, #2620, #3532 ) ;
#3582 = SURFACE_STYLE_USAGE ( .BOTH. , #73 ) ;
#3583 = PLANE ( 'NONE',  #1376 ) ;
#3584 = ORIENTED_EDGE ( 'NONE', *, *, #5688, .T. ) ;
#3585 = SURFACE_SIDE_STYLE ('',( #9109 ) ) ;
#3586 = DIRECTION ( 'NONE',  ( 0.0000000000000000000, -0.0000000000000000000, -1.000000000000000000 ) ) ;
#3587 = AXIS2_PLACEMENT_3D ( 'NONE', #7755, #10496, #4039 ) ;
#3588 = VECTOR ( 'NONE', #2575, 1000.000000000000000 ) ;
#3589 = VERTEX_POINT ( 'NONE', #1617 ) ;
#3590 = CIRCLE ( 'NONE', #1078, 3.000000000000002700 ) ;
#3591 = EDGE_CURVE ( 'NONE', #10424, #8547, #8118, .T. ) ;
#3592 = ORIENTED_EDGE ( 'NONE', *, *, #2684, .F. ) ;
#3593 = LINE ( 'NONE', #1041, #584 ) ;
#3594 = EDGE_LOOP ( 'NONE', ( #6715, #6978 ) ) ;
#3595 = MECHANICAL_DESIGN_GEOMETRIC_PRESENTATION_REPRESENTATION (  '', ( #10258 ), #6815 ) ;
#3596 = DIRECTION ( 'NONE',  ( 1.000000000000000000, 0.0000000000000000000, 0.0000000000000000000 ) ) ;
#3597 = DIRECTION ( 'NONE',  ( -0.0000000000000000000, -0.0000000000000000000, 1.000000000000000000 ) ) ;
#3598 = ADVANCED_FACE ( 'NONE', ( #1043 ), #1888, .F. ) ;
#3599 = AXIS2_PLACEMENT_3D ( 'NONE', #5338, #7073, #7977 ) ;
#3600 = ORIENTED_EDGE ( 'NONE', *, *, #4452, .F. ) ;
#3601 = DIRECTION ( 'NONE',  ( -0.0000000000000000000, 0.0000000000000000000, 1.000000000000000000 ) ) ;
#3602 = LINE ( 'NONE', #319, #33 ) ;
#3603 = ORIENTED_EDGE ( 'NONE', *, *, #8443, .T. ) ;
#3604 = EDGE_LOOP ( 'NONE', ( #3100, #5784, #10215, #3489 ) ) ;
#3605 = AXIS2_PLACEMENT_3D ( 'NONE', #5992, #1462, #5126 ) ;
#3606 = CARTESIAN_POINT ( 'NONE',  ( 43.00000000000000000, -19.59999999999999400, 58.75000000000000000 ) ) ;
#3607 = EDGE_CURVE ( 'NONE', #588, #4600, #4032, .T. ) ;
#3608 = CARTESIAN_POINT ( 'NONE',  ( 21.09999999999959600, 38.97000000000021200, 56.75896736903246900 ) ) ;
#3609 = ADVANCED_FACE ( 'NONE', ( #10261 ), #11261, .T. ) ;
#3610 = B_SPLINE_CURVE_WITH_KNOTS ( 'NONE', 3,
 ( #9210, #9253, #1257, #8433, #11252, #6752 ),
 .UNSPECIFIED., .F., .F.,
 ( 4, 2, 4 ),
 ( 0.01713536489727009200, 0.01805660470586272600, 0.01897784451445536100 ),
 .UNSPECIFIED. ) ;
#3611 = DIRECTION ( 'NONE',  ( -1.521687259628777600E-015, -1.000000000000000000, -0.0000000000000000000 ) ) ;
#3612 = DIRECTION ( 'NONE',  ( -1.613696256722611400E-016, 1.000000000000000000, -0.0000000000000000000 ) ) ;
#3613 = VERTEX_POINT ( 'NONE', #8526 ) ;
#3614 = DIRECTION ( 'NONE',  ( -1.230300337572203600E-016, 1.000000000000000000, 0.0000000000000000000 ) ) ;
#3615 = DIRECTION ( 'NONE',  ( 1.000000000000000000, 0.0000000000000000000, 0.0000000000000000000 ) ) ;
#3616 = CIRCLE ( 'NONE', #11480, 1.500000000000001300 ) ;
#3617 = PRESENTATION_LAYER_ASSIGNMENT (  '', '', ( #4527 ) ) ;
#3618 = LINE ( 'NONE', #2393, #11253 ) ;
#3619 = CIRCLE ( 'NONE', #11414, 2.749999999999999100 ) ;
#3620 = UNCERTAINTY_MEASURE_WITH_UNIT (LENGTH_MEASURE( 1.000000000000000100E-005 ), #4463, 'distance_accuracy_value', 'NONE');
#3621 = CARTESIAN_POINT ( 'NONE',  ( -2.300000000000002500, 49.00000000000000000, -53.50000000000000000 ) ) ;
#3622 = EDGE_LOOP ( 'NONE', ( #8637, #10214, #2351, #9270 ) ) ;
#3623 = ORIENTED_EDGE ( 'NONE', *, *, #3902, .F. ) ;
#3624 = FACE_OUTER_BOUND ( 'NONE', #4023, .T. ) ;
#3625 = EDGE_CURVE ( 'NONE', #1433, #9926, #9400, .T. ) ;
#3626 = DIRECTION ( 'NONE',  ( 0.0000000000000000000, -0.0000000000000000000, -1.000000000000000000 ) ) ;
#3627 = CARTESIAN_POINT ( 'NONE',  ( 21.29179187000908900, 38.97000000000021900, 57.00034395000824400 ) ) ;
#3628 = ORIENTED_EDGE ( 'NONE', *, *, #7494, .T. ) ;
#3629 = CIRCLE ( 'NONE', #5659, 0.2500000000000002200 ) ;
#3630 = AXIS2_PLACEMENT_3D ( 'NONE', #9728, #60, #6348 ) ;
#3631 = ORIENTED_EDGE ( 'NONE', *, *, #1203, .T. ) ;
#3632 = ORIENTED_EDGE ( 'NONE', *, *, #11551, .F. ) ;
#3633 = FACE_OUTER_BOUND ( 'NONE', #388, .T. ) ;
#3634 = DIRECTION ( 'NONE',  ( -0.0000000000000000000, -0.0000000000000000000, -1.000000000000000000 ) ) ;
#3635 = DIRECTION ( 'NONE',  ( 1.000000000000000000, 0.0000000000000000000, 0.0000000000000000000 ) ) ;
#3636 = VECTOR ( 'NONE', #375, 1000.000000000000000 ) ;
#3637 = PLANE ( 'NONE',  #9082 ) ;
#3638 = DIRECTION ( 'NONE',  ( 0.0000000000000000000, 0.0000000000000000000, -1.000000000000000000 ) ) ;
#3639 = CIRCLE ( 'NONE', #284, 3.249999999999999600 ) ;
#3640 = CARTESIAN_POINT ( 'NONE',  ( -21.09999999999987400, -37.97000000000006300, 56.75896736903250400 ) ) ;
#3641 = CARTESIAN_POINT ( 'NONE',  ( 38.44000000000000500, -20.09999999999999100, 55.99999999999999300 ) ) ;
#3642 = EDGE_CURVE ( 'NONE', #8597, #3988, #5564, .T. ) ;
#3643 = DIRECTION ( 'NONE',  ( 1.000000000000000000, 0.0000000000000000000, 0.0000000000000000000 ) ) ;
#3644 = ORIENTED_EDGE ( 'NONE', *, *, #11044, .F. ) ;
#3645 = ORIENTED_EDGE ( 'NONE', *, *, #9506, .T. ) ;
#3646 = DIRECTION ( 'NONE',  ( 3.491481338843133400E-015, -1.000000000000000000, 0.0000000000000000000 ) ) ;
#3647 = CIRCLE ( 'NONE', #9190, 8.000000000000000000 ) ;
#3648 = DIRECTION ( 'NONE',  ( -1.000000000000000000, 0.0000000000000000000, 0.0000000000000000000 ) ) ;
#3649 = LINE ( 'NONE', #3174, #1496 ) ;
#3650 = DIRECTION ( 'NONE',  ( -1.000000000000000000, 0.0000000000000000000, 0.0000000000000000000 ) ) ;
#3651 = AXIS2_PLACEMENT_3D ( 'NONE', #8448, #4799, #9304 ) ;
#3652 = DIRECTION ( 'NONE',  ( -1.521687259628777600E-015, -1.000000000000000000, 0.0000000000000000000 ) ) ;
#3653 = DIRECTION ( 'NONE',  ( 1.000000000000000000, 0.0000000000000000000, 0.0000000000000000000 ) ) ;
#3654 = CARTESIAN_POINT ( 'NONE',  ( 25.09999999999959600, 38.97000000000025500, 56.75896736903249000 ) ) ;
#3655 = ADVANCED_FACE ( 'NONE', ( #7532 ), #10548, .T. ) ;
#3656 = EDGE_CURVE ( 'NONE', #8749, #2278, #6985, .T. ) ;
#3657 = EDGE_LOOP ( 'NONE', ( #776, #1741, #10450, #9442 ) ) ;
#3658 = ORIENTED_EDGE ( 'NONE', *, *, #4502, .F. ) ;
#3659 = FACE_OUTER_BOUND ( 'NONE', #2783, .T. ) ;
#3660 = EDGE_CURVE ( 'NONE', #10415, #8134, #5139, .T. ) ;
#3661 = DIRECTION ( 'NONE',  ( 0.0000000000000000000, 0.0000000000000000000, -1.000000000000000000 ) ) ;
#3662 = CARTESIAN_POINT ( 'NONE',  ( 22.59999999999960400, 37.97000000000022600, 56.49999999999999300 ) ) ;
#3663 = VECTOR ( 'NONE', #2336, 1000.000000000000100 ) ;
#3664 = ORIENTED_EDGE ( 'NONE', *, *, #4415, .T. ) ;
#3665 = DIRECTION ( 'NONE',  ( 1.000000000000000000, 0.0000000000000000000, 0.0000000000000000000 ) ) ;
#3666 = CARTESIAN_POINT ( 'NONE',  ( -43.00000000000000000, 26.09999999999999800, 56.24999999999999300 ) ) ;
#3667 = AXIS2_PLACEMENT_3D ( 'NONE', #7809, #2424, #8728 ) ;
#3668 = AXIS2_PLACEMENT_3D ( 'NONE', #4182, #10558, #2440 ) ;
#3669 = ORIENTED_EDGE ( 'NONE', *, *, #4733, .F. ) ;
#3670 = ORIENTED_EDGE ( 'NONE', *, *, #445, .F. ) ;
#3671 = VECTOR ( 'NONE', #3179, 1000.000000000000000 ) ;
#3672 = ADVANCED_FACE ( 'NONE', ( #3176 ), #6762, .F. ) ;
#3673 = CARTESIAN_POINT ( 'NONE',  ( -27.94999999999998200, -40.00000000000000000, -59.00000000000000000 ) ) ;
#3674 = CYLINDRICAL_SURFACE ( 'NONE', #9755, 0.2500000000000002200 ) ;
#3675 = CARTESIAN_POINT ( 'NONE',  ( -28.19999999999998200, -40.00000000000000000, -59.00000000000000000 ) ) ;
#3676 = AXIS2_PLACEMENT_3D ( 'NONE', #2541, #3295, #5998 ) ;
#3677 = CARTESIAN_POINT ( 'NONE',  ( -37.18999999999998400, 23.09999999999999100, 48.00000000000000000 ) ) ;
#3678 = DIRECTION ( 'NONE',  ( 1.000000000000000000, 0.0000000000000000000, 0.0000000000000000000 ) ) ;
#3679 = CARTESIAN_POINT ( 'NONE',  ( -38.43999999999999800, 23.09999999999999100, 59.00000000000000000 ) ) ;
#3680 = EDGE_CURVE ( 'NONE', #4172, #4919, #10814, .T. ) ;
#3681 = ORIENTED_EDGE ( 'NONE', *, *, #3471, .T. ) ;
#3682 = ORIENTED_EDGE ( 'NONE', *, *, #11658, .T. ) ;
#3683 = TOROIDAL_SURFACE ( 'NONE', #6646, 2.750000000000000900, 0.2500000000000000000 ) ;
#3684 = VERTEX_POINT ( 'NONE', #7182 ) ;
#3685 = DIRECTION ( 'NONE',  ( -1.000000000000000000, 0.0000000000000000000, 0.0000000000000000000 ) ) ;
#3686 = CARTESIAN_POINT ( 'NONE',  ( 19.84999999999999800, 43.00000000000000700, 58.75000000000000000 ) ) ;
#3687 = STYLED_ITEM ( 'NONE', ( #11796 ), #5478 ) ;
#3688 = EDGE_LOOP ( 'NONE', ( #2311, #11558, #206, #2729, #1329 ) ) ;
#3689 =( GEOMETRIC_REPRESENTATION_CONTEXT ( 3 ) GLOBAL_UNCERTAINTY_ASSIGNED_CONTEXT ( ( #10351 ) ) GLOBAL_UNIT_ASSIGNED_CONTEXT ( ( #6385, #7195, #3558 ) ) REPRESENTATION_CONTEXT ( 'NONE', 'WORKASPACE' ) );
#3690 = CARTESIAN_POINT ( 'NONE',  ( 37.96999999999999200, -25.10000000000000500, 56.75896736903245500 ) ) ;
#3691 = UNCERTAINTY_MEASURE_WITH_UNIT (LENGTH_MEASURE( 1.000000000000000100E-005 ), #3221, 'distance_accuracy_value', 'NONE');
#3692 = B_SPLINE_CURVE_WITH_KNOTS ( 'NONE', 3,
 ( #6664, #2168, #9608, #9523 ),
 .UNSPECIFIED., .F., .F.,
 ( 4, 4 ),
 ( 0.02064871517878133800, 0.02110461896607167600 ),
 .UNSPECIFIED. ) ;
#3693 =( NAMED_UNIT ( * ) PLANE_ANGLE_UNIT ( ) SI_UNIT ( $, .RADIAN. ) );
#3694 = CARTESIAN_POINT ( 'NONE',  ( -19.59999999999998700, -42.74999999999999300, 59.00000000000000000 ) ) ;
#3695 = DIRECTION ( 'NONE',  ( 0.0000000000000000000, 0.0000000000000000000, 1.000000000000000000 ) ) ;
#3696 = ORIENTED_EDGE ( 'NONE', *, *, #9087, .F. ) ;
#3697 = ORIENTED_EDGE ( 'NONE', *, *, #532, .F. ) ;
#3698 = AXIS2_PLACEMENT_3D ( 'NONE', #10965, #5513, #1917 ) ;
#3699 = VECTOR ( 'NONE', #2038, 1000.000000000000000 ) ;
#3700 = SURFACE_SIDE_STYLE ('',( #10440 ) ) ;
#3701 = ADVANCED_FACE ( 'NONE', ( #2179 ), #7666, .T. ) ;
#3702 = EDGE_CURVE ( 'NONE', #804, #5214, #763, .T. ) ;
#3703 = ORIENTED_EDGE ( 'NONE', *, *, #2375, .T. ) ;
#3704 =( NAMED_UNIT ( * ) PLANE_ANGLE_UNIT ( ) SI_UNIT ( $, .RADIAN. ) );
#3705 = ORIENTED_EDGE ( 'NONE', *, *, #11563, .T. ) ;
#3706 = DIRECTION ( 'NONE',  ( -0.0000000000000000000, 0.0000000000000000000, 1.000000000000000000 ) ) ;
#3707 = PLANE ( 'NONE',  #2462 ) ;
#3708 = ORIENTED_EDGE ( 'NONE', *, *, #192, .T. ) ;
#3709 = LINE ( 'NONE', #7394, #1272 ) ;
#3710 = CARTESIAN_POINT ( 'NONE',  ( -43.00000000000000000, 26.59999999999999800, 56.24999999999999300 ) ) ;
#3711 = AXIS2_PLACEMENT_3D ( 'NONE', #1930, #6510, #7673 ) ;
#3712 = CYLINDRICAL_SURFACE ( 'NONE', #3930, 0.2500000000000002200 ) ;
#3713 = EDGE_LOOP ( 'NONE', ( #9058, #155, #3343, #592, #7412 ) ) ;
#3714 = ORIENTED_EDGE ( 'NONE', *, *, #4037, .F. ) ;
#3715 = ORIENTED_EDGE ( 'NONE', *, *, #10121, .F. ) ;
#3716 = DIRECTION ( 'NONE',  ( -1.521687259628777600E-015, -1.000000000000000000, -0.0000000000000000000 ) ) ;
#3717 = EDGE_CURVE ( 'NONE', #5912, #7657, #5280, .T. ) ;
#3718 = ORIENTED_EDGE ( 'NONE', *, *, #8823, .F. ) ;
#3719 = DIRECTION ( 'NONE',  ( -1.000000000000000000, 0.0000000000000000000, 0.0000000000000000000 ) ) ;
#3720 = CARTESIAN_POINT ( 'NONE',  ( 38.96999999999999200, -22.30620474295319500, 57.69400999138254300 ) ) ;
#3721 = CARTESIAN_POINT ( 'NONE',  ( -42.74999999999999300, 26.34999999999999800, 59.00000000000000000 ) ) ;
#3722 = EDGE_LOOP ( 'NONE', ( #9802, #9051 ) ) ;
#3723 = VERTEX_POINT ( 'NONE', #9989 ) ;
#3724 = FILL_AREA_STYLE ('',( #10804 ) ) ;
#3725 = CARTESIAN_POINT ( 'NONE',  ( 36.75000000000000000, 0.0000000000000000000, 59.25000000000000000 ) ) ;
#3726 = AXIS2_PLACEMENT_3D ( 'NONE', #257, #3916, #8345 ) ;
#3727 = ORIENTED_EDGE ( 'NONE', *, *, #1004, .T. ) ;
#3728 =( NAMED_UNIT ( * ) SI_UNIT ( $, .STERADIAN. ) SOLID_ANGLE_UNIT ( ) );
#3729 = CARTESIAN_POINT ( 'NONE',  ( -38.43999999999999800, 26.59999999999999100, 58.75000000000000000 ) ) ;
#3730 = FACE_OUTER_BOUND ( 'NONE', #240, .T. ) ;
#3731 = EDGE_CURVE ( 'NONE', #1792, #9886, #1767, .T. ) ;
#3732 = VERTEX_POINT ( 'NONE', #4455 ) ;
#3733 = ADVANCED_FACE ( 'NONE', ( #474 ), #9678, .F. ) ;
#3734 = CIRCLE ( 'NONE', #10962, 0.2500000000000002200 ) ;
#3735 = DIRECTION ( 'NONE',  ( -1.000000000000000000, 1.521687259628777600E-015, -0.0000000000000000000 ) ) ;
#3736 = ORIENTED_EDGE ( 'NONE', *, *, #10246, .F. ) ;
#3737 = DIRECTION ( 'NONE',  ( -0.0000000000000000000, 1.108712219367988300E-016, 1.000000000000000000 ) ) ;
#3738 = CARTESIAN_POINT ( 'NONE',  ( -43.00000000000000000, 19.59999999999999800, 58.75000000000000000 ) ) ;
#3739 = DIRECTION ( 'NONE',  ( -7.608436298143899900E-016, -1.000000000000000000, 0.0000000000000000000 ) ) ;
#3740 = VERTEX_POINT ( 'NONE', #3545 ) ;
#3741 = CYLINDRICAL_SURFACE ( 'NONE', #925, 8.000000000000000000 ) ;
#3742 = MECHANICAL_DESIGN_GEOMETRIC_PRESENTATION_REPRESENTATION (  '', ( #4844 ), #7320 ) ;
#3743 = ORIENTED_EDGE ( 'NONE', *, *, #8571, .F. ) ;
#3744 = DIRECTION ( 'NONE',  ( 1.682156097916899000E-015, 1.000000000000000000, 0.0000000000000000000 ) ) ;
#3745 = DIRECTION ( 'NONE',  ( -1.000000000000000000, 0.0000000000000000000, 0.0000000000000000000 ) ) ;
#3746 = EDGE_LOOP ( 'NONE', ( #754, #3220, #9017, #8913, #5303, #9869, #9252, #2503, #137, #11630 ) ) ;
#3747 = VECTOR ( 'NONE', #5234, 1000.000000000000000 ) ;
#3748 = CARTESIAN_POINT ( 'NONE',  ( 34.80000000000000400, -34.79999999999998300, 58.75000000000000000 ) ) ;
#3749 = CARTESIAN_POINT ( 'NONE',  ( 24.59999999999999800, 38.44000000000001200, 48.00000000000000000 ) ) ;
#3750 = AXIS2_PLACEMENT_3D ( 'NONE', #4872, #436, #5851 ) ;
#3751 = EDGE_CURVE ( 'NONE', #7775, #804, #6546, .T. ) ;
#3752 = ORIENTED_EDGE ( 'NONE', *, *, #1982, .F. ) ;
#3753 = CIRCLE ( 'NONE', #3203, 0.2500000000000002200 ) ;
#3754 = SURFACE_STYLE_FILL_AREA ( #5267 ) ;
#3755 = CIRCLE ( 'NONE', #8338, 0.2500000000000002200 ) ;
#3756 = EDGE_CURVE ( 'NONE', #6603, #6778, #10674, .T. ) ;
#3757 =( GEOMETRIC_REPRESENTATION_CONTEXT ( 3 ) GLOBAL_UNCERTAINTY_ASSIGNED_CONTEXT ( ( #10193 ) ) GLOBAL_UNIT_ASSIGNED_CONTEXT ( ( #1643, #3402, #1524 ) ) REPRESENTATION_CONTEXT ( 'NONE', 'WORKASPACE' ) );
#3758 = DIRECTION ( 'NONE',  ( 1.000000000000000000, 1.047444401652940000E-014, -1.108712219367988300E-016 ) ) ;
#3759 = CARTESIAN_POINT ( 'NONE',  ( -38.96999999999999900, 21.29179187000950100, 57.00034395000824400 ) ) ;
#3760 = CARTESIAN_POINT ( 'NONE',  ( -25.19999999999998900, 42.99999999999999300, -48.00000000000000000 ) ) ;
#3761 = CARTESIAN_POINT ( 'NONE',  ( -22.59999999999985600, -40.47000000000009800, 56.49999999999999300 ) ) ;
#3762 = DIRECTION ( 'NONE',  ( -7.608436298143899900E-016, -1.000000000000000000, 0.0000000000000000000 ) ) ;
#3763 = CIRCLE ( 'NONE', #1822, 3.249999999999999600 ) ;
#3764 = ORIENTED_EDGE ( 'NONE', *, *, #10615, .F. ) ;
#3765 = SURFACE_STYLE_FILL_AREA ( #2914 ) ;
#3766 = PRESENTATION_LAYER_ASSIGNMENT (  '', '', ( #4798 ) ) ;
#3767 = CYLINDRICAL_SURFACE ( 'NONE', #7192, 3.250000000000002700 ) ;
#3768 = CARTESIAN_POINT ( 'NONE',  ( -22.59999999999985600, -40.47000000000009800, 56.75896736903246200 ) ) ;
#3769 = EDGE_CURVE ( 'NONE', #465, #5593, #42, .T. ) ;
#3770 = CARTESIAN_POINT ( 'NONE',  ( 23.89869151345727300, 38.97000000000024800, 57.70833027779985300 ) ) ;
#3771 = DIRECTION ( 'NONE',  ( -0.0000000000000000000, 0.0000000000000000000, 1.000000000000000000 ) ) ;
#3772 = CARTESIAN_POINT ( 'NONE',  ( -28.19999999999998200, -31.20000000000000600, -48.00000000000000000 ) ) ;
#3773 = ORIENTED_EDGE ( 'NONE', *, *, #1544, .F. ) ;
#3774 = CIRCLE ( 'NONE', #2436, 2.999999999999999100 ) ;
#3775 = CIRCLE ( 'NONE', #2916, 1.250000000000008000 ) ;
#3776 = DIRECTION ( 'NONE',  ( 0.0000000000000000000, 0.0000000000000000000, 1.000000000000000000 ) ) ;
#3777 =( LENGTH_UNIT ( ) NAMED_UNIT ( * ) SI_UNIT ( .MILLI., .METRE. ) );
#3778 = CARTESIAN_POINT ( 'NONE',  ( 36.46999999999999900, -22.76039147670960000, 56.80943189897303100 ) ) ;
#3779 = EDGE_CURVE ( 'NONE', #4392, #5367, #2760, .T. ) ;
#3780 = DIRECTION ( 'NONE',  ( -1.047444401652940000E-014, 1.000000000000000000, 0.0000000000000000000 ) ) ;
#3781 = ORIENTED_EDGE ( 'NONE', *, *, #780, .F. ) ;
#3782 = FILL_AREA_STYLE ('',( #10097 ) ) ;
#3783 = ORIENTED_EDGE ( 'NONE', *, *, #4482, .F. ) ;
#3784 = CIRCLE ( 'NONE', #7970, 1.250000000000001100 ) ;
#3785 = DIRECTION ( 'NONE',  ( -1.000000000000000000, 0.0000000000000000000, 0.0000000000000000000 ) ) ;
#3786 = SURFACE_STYLE_FILL_AREA ( #7967 ) ;
#3787 = ADVANCED_FACE ( 'NONE', ( #602 ), #1176, .T. ) ;
#3788 = DIRECTION ( 'NONE',  ( 0.0000000000000000000, 0.0000000000000000000, 1.000000000000000000 ) ) ;
#3789 = AXIS2_PLACEMENT_3D ( 'NONE', #10907, #1034, #3788 ) ;
#3790 = DIRECTION ( 'NONE',  ( -1.000000000000000000, 0.0000000000000000000, 0.0000000000000000000 ) ) ;
#3791 = DIRECTION ( 'NONE',  ( 1.000000000000000000, 0.0000000000000000000, 0.0000000000000000000 ) ) ;
#3792 = PLANE ( 'NONE',  #9310 ) ;
#3793 = CARTESIAN_POINT ( 'NONE',  ( -34.79999999999999700, 34.79999999999999000, 48.25000000000000000 ) ) ;
#3794 = VERTEX_POINT ( 'NONE', #4708 ) ;
#3795 = ORIENTED_EDGE ( 'NONE', *, *, #8330, .F. ) ;
#3796 = CYLINDRICAL_SURFACE ( 'NONE', #5138, 8.000000000000000000 ) ;
#3797 = FACE_OUTER_BOUND ( 'NONE', #142, .T. ) ;
#3798 = DIRECTION ( 'NONE',  ( 0.0000000000000000000, 1.000000000000000000, 0.0000000000000000000 ) ) ;
#3799 = LINE ( 'NONE', #10301, #7856 ) ;
#3800 =( LENGTH_UNIT ( ) NAMED_UNIT ( * ) SI_UNIT ( .MILLI., .METRE. ) );
#3801 = EDGE_CURVE ( 'NONE', #7838, #11688, #1746, .T. ) ;
#3802 = FILL_AREA_STYLE ('',( #10074 ) ) ;
#3803 = ORIENTED_EDGE ( 'NONE', *, *, #1763, .T. ) ;
#3804 = ADVANCED_FACE ( 'NONE', ( #8233 ), #954, .F. ) ;
#3805 = DIRECTION ( 'NONE',  ( 1.000000000000000000, 0.0000000000000000000, 0.0000000000000000000 ) ) ;
#3806 = ORIENTED_EDGE ( 'NONE', *, *, #1779, .T. ) ;
#3807 = ORIENTED_EDGE ( 'NONE', *, *, #3964, .T. ) ;
#3808 = CYLINDRICAL_SURFACE ( 'NONE', #11239, 1.250000000000008000 ) ;
#3809 = DIRECTION ( 'NONE',  ( 1.224646799147353200E-016, 1.000000000000000000, 0.0000000000000000000 ) ) ;
#3810 = DIRECTION ( 'NONE',  ( 0.0000000000000000000, 0.0000000000000000000, 1.000000000000000000 ) ) ;
#3811 = FILL_AREA_STYLE_COLOUR ( '', #2344 ) ;
#3812 = EDGE_CURVE ( 'NONE', #4467, #4501, #6687, .T. ) ;
#3813 = VERTEX_POINT ( 'NONE', #4667 ) ;
#3814 = ORIENTED_EDGE ( 'NONE', *, *, #11638, .T. ) ;
#3815 = FILL_AREA_STYLE_COLOUR ( '', #3397 ) ;
#3816 = DIRECTION ( 'NONE',  ( -1.000000000000000000, 0.0000000000000000000, 0.0000000000000000000 ) ) ;
#3817 = PRESENTATION_STYLE_ASSIGNMENT (( #11311 ) ) ;
#3818 = DIRECTION ( 'NONE',  ( 1.000000000000000000, 1.047444401652940000E-014, 0.0000000000000000000 ) ) ;
#3819 = AXIS2_PLACEMENT_3D ( 'NONE', #11295, #5845, #5878 ) ;
#3820 = AXIS2_PLACEMENT_3D ( 'NONE', #8251, #3818, #3780 ) ;
#3821 = ORIENTED_EDGE ( 'NONE', *, *, #7930, .F. ) ;
#3822 = VERTEX_POINT ( 'NONE', #1031 ) ;
#3823 = DIRECTION ( 'NONE',  ( -1.000000000000000000, -3.942553354492742500E-016, 0.0000000000000000000 ) ) ;
#3824 = EDGE_LOOP ( 'NONE', ( #9458, #4011, #10862, #10746 ) ) ;
#3825 = TOROIDAL_SURFACE ( 'NONE', #6746, 2.750000000000000900, 0.2500000000000000000 ) ;
#3826 = DIRECTION ( 'NONE',  ( -0.0000000000000000000, -0.0000000000000000000, -1.000000000000000000 ) ) ;
#3827 = LINE ( 'NONE', #2136, #6633 ) ;
#3828 = AXIS2_PLACEMENT_3D ( 'NONE', #9420, #5887, #7028 ) ;
#3829 = CARTESIAN_POINT ( 'NONE',  ( 22.59999999999962100, 36.47000000000023300, 56.49999999999999300 ) ) ;
#3830 = DIRECTION ( 'NONE',  ( 1.000000000000000000, 0.0000000000000000000, 0.0000000000000000000 ) ) ;
#3831 = FILL_AREA_STYLE_COLOUR ( '', #4312 ) ;
#3832 = EDGE_CURVE ( 'NONE', #5040, #4221, #9974, .T. ) ;
#3833 = UNCERTAINTY_MEASURE_WITH_UNIT (LENGTH_MEASURE( 1.000000000000000100E-005 ), #3845, 'distance_accuracy_value', 'NONE');
#3834 = DIRECTION ( 'NONE',  ( -0.0000000000000000000, 1.000000000000000000, -0.0000000000000000000 ) ) ;
#3835 = ORIENTED_EDGE ( 'NONE', *, *, #6783, .T. ) ;
#3836 = EDGE_LOOP ( 'NONE', ( #7996, #5342, #871, #5192 ) ) ;
#3837 = VERTEX_POINT ( 'NONE', #8288 ) ;
#3838 = AXIS2_PLACEMENT_3D ( 'NONE', #5078, #10455, #1380 ) ;
#3839 = ORIENTED_EDGE ( 'NONE', *, *, #3055, .T. ) ;
#3840 = CIRCLE ( 'NONE', #1959, 3.250000000000002700 ) ;
#3841 = PRESENTATION_LAYER_ASSIGNMENT (  '', '', ( #551 ) ) ;
#3842 = DIRECTION ( 'NONE',  ( 0.0000000000000000000, 0.0000000000000000000, 1.000000000000000000 ) ) ;
#3843 = CARTESIAN_POINT ( 'NONE',  ( -34.79999999999998300, -34.80000000000000400, 58.75000000000000000 ) ) ;
#3844 = ORIENTED_EDGE ( 'NONE', *, *, #6855, .F. ) ;
#3845 =( LENGTH_UNIT ( ) NAMED_UNIT ( * ) SI_UNIT ( .MILLI., .METRE. ) );
#3846 = ADVANCED_FACE ( 'NONE', ( #8105 ), #898, .T. ) ;
#3847 = CARTESIAN_POINT ( 'NONE',  ( -38.46999999999999200, 23.09999999999999800, 54.73916976027089700 ) ) ;
#3848 = CARTESIAN_POINT ( 'NONE',  ( 42.74999999999999300, -26.09999999999999400, 55.74999999999999300 ) ) ;
#3849 =( NAMED_UNIT ( * ) SI_UNIT ( $, .STERADIAN. ) SOLID_ANGLE_UNIT ( ) );
#3850 = ORIENTED_EDGE ( 'NONE', *, *, #1650, .T. ) ;
#3851 = EDGE_CURVE ( 'NONE', #10020, #7916, #7520, .T. ) ;
#3852 = LINE ( 'NONE', #974, #11349 ) ;
#3853 = EDGE_CURVE ( 'NONE', #6747, #1707, #8377, .T. ) ;
#3854 = VECTOR ( 'NONE', #7728, 1000.000000000000000 ) ;
#3855 = EDGE_LOOP ( 'NONE', ( #5485, #11511, #3682, #1899 ) ) ;
#3856 = ORIENTED_EDGE ( 'NONE', *, *, #5112, .T. ) ;
#3857 = CARTESIAN_POINT ( 'NONE',  ( 38.96999999999999200, -22.60000000000000100, 57.79579263126746700 ) ) ;
#3858 = DIRECTION ( 'NONE',  ( -0.0000000000000000000, -0.0000000000000000000, -1.000000000000000000 ) ) ;
#3859 = DIRECTION ( 'NONE',  ( 0.0000000000000000000, -1.000000000000000000, 0.0000000000000000000 ) ) ;
#3860 = ADVANCED_FACE ( 'NONE', ( #10249 ), #8217, .F. ) ;
#3861 = CARTESIAN_POINT ( 'NONE',  ( -40.49999999999999300, 43.00000000000000700, 48.25000000000000000 ) ) ;
#3862 = VERTEX_POINT ( 'NONE', #2825 ) ;
#3863 = STYLED_ITEM ( 'NONE', ( #5918 ), #6316 ) ;
#3864 = DIRECTION ( 'NONE',  ( -0.0000000000000000000, -0.0000000000000000000, 1.000000000000000000 ) ) ;
#3865 = ORIENTED_EDGE ( 'NONE', *, *, #6190, .T. ) ;
#3866 = EDGE_LOOP ( 'NONE', ( #2702, #10874, #9864, #6402 ) ) ;
#3867 = CARTESIAN_POINT ( 'NONE',  ( 34.79999999999999000, 34.79999999999999700, 59.00000000000000000 ) ) ;
#3868 = EDGE_CURVE ( 'NONE', #2628, #10001, #11110, .T. ) ;
#3869 = CARTESIAN_POINT ( 'NONE',  ( 42.74999999999999300, -40.49999999999997900, 58.75000000000000000 ) ) ;
#3870 = VERTEX_POINT ( 'NONE', #6474 ) ;
#3871 = DIRECTION ( 'NONE',  ( 0.0000000000000000000, -0.0000000000000000000, -1.000000000000000000 ) ) ;
#3872 = TOROIDAL_SURFACE ( 'NONE', #1581, 3.500000000000001300, 0.2500000000000000000 ) ;
#3873 = ORIENTED_EDGE ( 'NONE', *, *, #8409, .T. ) ;
#3874 = DIRECTION ( 'NONE',  ( -0.0000000000000000000, -0.0000000000000000000, 1.000000000000000000 ) ) ;
#3875 = CIRCLE ( 'NONE', #4121, 0.2500000000000002200 ) ;
#3876 = ORIENTED_EDGE ( 'NONE', *, *, #3656, .T. ) ;
#3877 = CYLINDRICAL_SURFACE ( 'NONE', #8646, 1.250000000000001100 ) ;
#3878 = AXIS2_PLACEMENT_3D ( 'NONE', #7575, #3062, #8374 ) ;
#3879 = DIRECTION ( 'NONE',  ( -0.0000000000000000000, 0.0000000000000000000, 1.000000000000000000 ) ) ;
#3880 = CARTESIAN_POINT ( 'NONE',  ( 37.96999999999999200, -24.17069771509272200, 57.55735127863044900 ) ) ;
#3881 = VERTEX_POINT ( 'NONE', #3749 ) ;
#3882 = EDGE_CURVE ( 'NONE', #2634, #1363, #9250, .T. ) ;
#3883 = CARTESIAN_POINT ( 'NONE',  ( -43.00000000000000000, 43.00000000000000700, 59.00000000000000000 ) ) ;
#3884 = EDGE_CURVE ( 'NONE', #11385, #3474, #2169, .T. ) ;
#3885 = CARTESIAN_POINT ( 'NONE',  ( 40.49999999999999300, -40.49999999999997900, 48.25000000000000000 ) ) ;
#3886 = DIRECTION ( 'NONE',  ( 1.000000000000000000, -0.0000000000000000000, 0.0000000000000000000 ) ) ;
#3887 = VERTEX_POINT ( 'NONE', #10128 ) ;
#3888 = VERTEX_POINT ( 'NONE', #11059 ) ;
#3889 = LINE ( 'NONE', #8352, #2890 ) ;
#3890 = MECHANICAL_DESIGN_GEOMETRIC_PRESENTATION_REPRESENTATION (  '', ( #7859 ), #11548 ) ;
#3891 = EDGE_CURVE ( 'NONE', #6778, #11718, #4456, .T. ) ;
#3892 = AXIS2_PLACEMENT_3D ( 'NONE', #6933, #11398, #1585 ) ;
#3893 = DIRECTION ( 'NONE',  ( -1.000000000000000000, 0.0000000000000000000, 0.0000000000000000000 ) ) ;
#3894 = VECTOR ( 'NONE', #4630, 1000.000000000000000 ) ;
#3895 = DIRECTION ( 'NONE',  ( 1.521687259628777600E-015, 1.000000000000000000, -0.0000000000000000000 ) ) ;
#3896 = ORIENTED_EDGE ( 'NONE', *, *, #5486, .F. ) ;
#3897 = CARTESIAN_POINT ( 'NONE',  ( -31.19999999999998500, -28.20000000000000600, -59.00000000000000000 ) ) ;
#3898 = CIRCLE ( 'NONE', #856, 7.000000000000000000 ) ;
#3899 = DIRECTION ( 'NONE',  ( 1.000000000000000000, 0.0000000000000000000, 0.0000000000000000000 ) ) ;
#3900 = AXIS2_PLACEMENT_3D ( 'NONE', #10238, #3112, #5672 ) ;
#3901 = EDGE_LOOP ( 'NONE', ( #8890, #9288, #2052, #10046, #8957, #5273 ) ) ;
#3902 = EDGE_CURVE ( 'NONE', #9656, #10515, #6272, .T. ) ;
#3903 = ADVANCED_FACE ( 'NONE', ( #6112 ), #7952, .T. ) ;
#3904 = VERTEX_POINT ( 'NONE', #10212 ) ;
#3905 = ORIENTED_EDGE ( 'NONE', *, *, #10144, .T. ) ;
#3906 = CIRCLE ( 'NONE', #533, 3.499999999999996000 ) ;
#3907 = CARTESIAN_POINT ( 'NONE',  ( -38.30022938758929700, 25.10000000000000100, 56.82978467406088900 ) ) ;
#3908 = AXIS2_PLACEMENT_3D ( 'NONE', #4030, #6696, #11316 ) ;
#3909 = DIRECTION ( 'NONE',  ( -0.0000000000000000000, -0.0000000000000000000, 1.000000000000000000 ) ) ;
#3910 = EDGE_CURVE ( 'NONE', #8036, #11596, #3602, .T. ) ;
#3911 = DIRECTION ( 'NONE',  ( -0.0000000000000000000, -0.0000000000000000000, -1.000000000000000000 ) ) ;
#3912 = DIRECTION ( 'NONE',  ( 1.000000000000000000, 0.0000000000000000000, 0.0000000000000000000 ) ) ;
#3913 = VECTOR ( 'NONE', #6091, 1000.000000000000000 ) ;
#3914 = DIRECTION ( 'NONE',  ( -1.000000000000000000, 0.0000000000000000000, 0.0000000000000000000 ) ) ;
#3915 =( GEOMETRIC_REPRESENTATION_CONTEXT ( 3 ) GLOBAL_UNCERTAINTY_ASSIGNED_CONTEXT ( ( #1855 ) ) GLOBAL_UNIT_ASSIGNED_CONTEXT ( ( #1765, #5406, #5477 ) ) REPRESENTATION_CONTEXT ( 'NONE', 'WORKASPACE' ) );
#3916 = DIRECTION ( 'NONE',  ( 0.0000000000000000000, -1.000000000000000000, 0.0000000000000000000 ) ) ;
#3917 = ADVANCED_FACE ( 'NONE', ( #1737 ), #5116, .T. ) ;
#3918 = ORIENTED_EDGE ( 'NONE', *, *, #7833, .T. ) ;
#3919 = ORIENTED_EDGE ( 'NONE', *, *, #5168, .T. ) ;
#3920 = FACE_OUTER_BOUND ( 'NONE', #968, .T. ) ;
#3921 = FILL_AREA_STYLE ('',( #9312 ) ) ;
#3922 = FACE_OUTER_BOUND ( 'NONE', #578, .T. ) ;
#3923 = EDGE_CURVE ( 'NONE', #7788, #5030, #6537, .T. ) ;
#3924 = PLANE ( 'NONE',  #4882 ) ;
#3925 = LINE ( 'NONE', #11485, #7149 ) ;
#3926 = DIRECTION ( 'NONE',  ( -0.0000000000000000000, -0.0000000000000000000, 1.000000000000000000 ) ) ;
#3927 = CARTESIAN_POINT ( 'NONE',  ( 22.59999999999960400, 37.97000000000022600, 57.79579263126747400 ) ) ;
#3928 = PLANE ( 'NONE',  #10538 ) ;
#3929 = CARTESIAN_POINT ( 'NONE',  ( 43.00000000000000000, -40.49999999999997900, 48.25000000000000000 ) ) ;
#3930 = AXIS2_PLACEMENT_3D ( 'NONE', #1658, #6035, #7846 ) ;
#3931 = ORIENTED_EDGE ( 'NONE', *, *, #10392, .T. ) ;
#3932 = VERTEX_POINT ( 'NONE', #9332 ) ;
#3933 = DIRECTION ( 'NONE',  ( 0.0000000000000000000, -0.0000000000000000000, -1.000000000000000000 ) ) ;
#3934 = CARTESIAN_POINT ( 'NONE',  ( 21.09999999999960400, 38.05093335580709600, 56.78443171315532100 ) ) ;
#3935 = CARTESIAN_POINT ( 'NONE',  ( -37.96999999999999200, 21.10000000000000500, 56.49999999999999300 ) ) ;
#3936 = EDGE_CURVE ( 'NONE', #215, #2980, #7230, .T. ) ;
#3937 = CARTESIAN_POINT ( 'NONE',  ( -28.19999999999998900, 39.99999999999998600, 48.00000000000000000 ) ) ;
#3938 = DIRECTION ( 'NONE',  ( 0.0000000000000000000, -1.000000000000000000, 0.0000000000000000000 ) ) ;
#3939 = ORIENTED_EDGE ( 'NONE', *, *, #3751, .F. ) ;
#3940 = ORIENTED_EDGE ( 'NONE', *, *, #9355, .T. ) ;
#3941 = VECTOR ( 'NONE', #6328, 1000.000000000000000 ) ;
#3942 = CIRCLE ( 'NONE', #9334, 0.2500000000000002200 ) ;
#3943 = DIRECTION ( 'NONE',  ( 1.000000000000000000, -1.521687259628777600E-015, 0.0000000000000000000 ) ) ;
#3944 = CYLINDRICAL_SURFACE ( 'NONE', #9221, 2.500000000000002200 ) ;
#3945 = PRESENTATION_LAYER_ASSIGNMENT (  '', '', ( #8303 ) ) ;
#3946 = DIRECTION ( 'NONE',  ( -1.000000000000000000, 0.0000000000000000000, 0.0000000000000000000 ) ) ;
#3947 = DIRECTION ( 'NONE',  ( -1.000000000000000000, 0.0000000000000000000, 0.0000000000000000000 ) ) ;
#3948 = DIRECTION ( 'NONE',  ( 1.000000000000000000, 0.0000000000000000000, 0.0000000000000000000 ) ) ;
#3949 = CLOSED_SHELL ( 'NONE', ( #4306, #4891, #7421, #11212, #7142, #10547, #499, #9710, #7127, #5363, #8027, #11680, #5533, #3011, #1919, #2234, #9593, #5242, #7350, #8173, #6552, #3535, #4650, #2349, #4831, #612, #9954, #1264, #11098, #6241, #921, #1032, #1109, #6006, #10792, #3307, #1506, #4012, #6732, #11695, #8920, #11508, #9392, #2945, #9156, #5787, #7079, #3349, #7642, #11328, #144, #4140, #8780, #5183, #4712, #7239, #8859, #7185, #3173, #6052, #378, #3124, #9875, #4772, #8485, #9890, #5661, #10535, #5587, #2100, #5725, #9353, #4570, #5952, #5008, #8714, #2457, #5464, #4494, #1974, #6594, #2335, #4377, #8324, #681, #9337, #2779, #7017, #9235, #11078, #10607, #1988, #5103, #4235, #11447, #10422, #9935, #10255, #7902, #4416, #10171, #8734, #5882, #3598, #341, #3185, #9291, #1548, #2279, #4598, #5711, #325, #11613, #6493, #1808, #5046, #2218, #11259, #4026, #9279, #1456, #2579, #9579, #3655, #2174, #10187, #50, #279, #7464, #2036, #10007, #6064, #2394, #6670, #10059, #2117, #10848, #433, #7699, #5062, #3787, #9218, #3248, #4249, #6773, #6535, #6968, #6897, #9098, #8420, #10966, #1204, #5844, #8074, #4179, #2050, #4949, #8497, #6837, #10480, #4191, #9637, #5302, #803, #3056, #9833, #2595, #2405, #6788, #4905, #9451, #10595, #11314, #10125, #9466, #11041, #11629, #8138, #25, #6828, #3365, #8435, #1280, #7266, #10728, #262, #5939, #11495, #8266, #6424, #6475, #1401, #7600, #10713, #11025, #4435, #2643, #790, #3069, #3958, #5230, #1146, #4297, #3672, #8554, #10316, #10435, #10494, #1162, #9407, #545, #5647, #9772, #2998, #3804, #7482, #1686, #6174, #8542, #8149, #3547, #6122 ) ) ;
#3950 = EDGE_LOOP ( 'NONE', ( #6437, #1464, #8500, #4277 ) ) ;
#3951 = VECTOR ( 'NONE', #10954, 1000.000000000000000 ) ;
#3952 = CARTESIAN_POINT ( 'NONE',  ( 40.49999999999999300, 40.50000000000000700, 58.75000000000000000 ) ) ;
#3953 = EDGE_CURVE ( 'NONE', #583, #1774, #752, .T. ) ;
#3954 = FACE_OUTER_BOUND ( 'NONE', #1474, .T. ) ;
#3955 = DIRECTION ( 'NONE',  ( 1.000000000000000000, -1.521687259628777600E-015, 0.0000000000000000000 ) ) ;
#3956 = ORIENTED_EDGE ( 'NONE', *, *, #10006, .F. ) ;
#3957 = CARTESIAN_POINT ( 'NONE',  ( -25.19999999999998900, 39.99999999999998600, -59.00000000000000000 ) ) ;
#3958 = ADVANCED_FACE ( 'NONE', ( #2015 ), #4867, .F. ) ;
#3959 = AXIS2_PLACEMENT_3D ( 'NONE', #10270, #3911, #9459 ) ;
#3960 = DIRECTION ( 'NONE',  ( 0.0000000000000000000, -1.000000000000000000, 0.0000000000000000000 ) ) ;
#3961 =( LENGTH_UNIT ( ) NAMED_UNIT ( * ) SI_UNIT ( .MILLI., .METRE. ) );
#3962 = ORIENTED_EDGE ( 'NONE', *, *, #4629, .T. ) ;
#3963 = AXIS2_PLACEMENT_3D ( 'NONE', #8444, #6563, #11028 ) ;
#3964 = EDGE_CURVE ( 'NONE', #9237, #2773, #11104, .T. ) ;
#3965 = DIRECTION ( 'NONE',  ( -1.613696256722611400E-016, 1.000000000000000000, 0.0000000000000000000 ) ) ;
#3966 = ORIENTED_EDGE ( 'NONE', *, *, #5128, .T. ) ;
#3967 = ORIENTED_EDGE ( 'NONE', *, *, #6798, .F. ) ;
#3968 = VECTOR ( 'NONE', #6462, 1000.000000000000000 ) ;
#3969 = ADVANCED_FACE ( 'NONE', ( #3304 ), #9669, .F. ) ;
#3970 = DIRECTION ( 'NONE',  ( 0.0000000000000000000, 0.0000000000000000000, -1.000000000000000000 ) ) ;
#3971 = AXIS2_PLACEMENT_3D ( 'NONE', #4356, #9654, #1690 ) ;
#3972 = CIRCLE ( 'NONE', #2782, 3.000000000000002700 ) ;
#3973 = DIRECTION ( 'NONE',  ( 0.0000000000000000000, 0.0000000000000000000, -1.000000000000000000 ) ) ;
#3974 = VERTEX_POINT ( 'NONE', #9450 ) ;
#3975 = MECHANICAL_DESIGN_GEOMETRIC_PRESENTATION_REPRESENTATION (  '', ( #5158 ), #10491 ) ;
#3976 = DIRECTION ( 'NONE',  ( 1.000000000000000000, 0.0000000000000000000, 0.0000000000000000000 ) ) ;
#3977 = UNCERTAINTY_MEASURE_WITH_UNIT (LENGTH_MEASURE( 1.000000000000000100E-005 ), #1454, 'distance_accuracy_value', 'NONE');
#3978 = EDGE_LOOP ( 'NONE', ( #853, #5336 ) ) ;
#3979 = CARTESIAN_POINT ( 'NONE',  ( -31.19999999999998200, -31.20000000000000600, 48.00000000000000000 ) ) ;
#3980 = DIRECTION ( 'NONE',  ( -0.0000000000000000000, 0.0000000000000000000, 1.000000000000000000 ) ) ;
#3981 = ORIENTED_EDGE ( 'NONE', *, *, #8062, .F. ) ;
#3982 = AXIS2_PLACEMENT_3D ( 'NONE', #4304, #10559, #10718 ) ;
#3983 = LINE ( 'NONE', #7718, #8197 ) ;
#3984 = CARTESIAN_POINT ( 'NONE',  ( 39.99999999999999300, 25.19999999999999600, 48.00000000000000000 ) ) ;
#3985 = LINE ( 'NONE', #512, #1546 ) ;
#3986 = EDGE_CURVE ( 'NONE', #11799, #2592, #5272, .T. ) ;
#3987 = ORIENTED_EDGE ( 'NONE', *, *, #5389, .T. ) ;
#3988 = VERTEX_POINT ( 'NONE', #3207 ) ;
#3989 = DIRECTION ( 'NONE',  ( 0.0000000000000000000, 0.0000000000000000000, -1.000000000000000000 ) ) ;
#3990 = CARTESIAN_POINT ( 'NONE',  ( -38.46999999999999200, 21.10000000000000500, 56.83639580559806600 ) ) ;
#3991 = ORIENTED_EDGE ( 'NONE', *, *, #7777, .F. ) ;
#3992 = DIRECTION ( 'NONE',  ( -1.000000000000000000, 0.0000000000000000000, 0.0000000000000000000 ) ) ;
#3993 = DIRECTION ( 'NONE',  ( 0.0000000000000000000, 0.0000000000000000000, 1.000000000000000000 ) ) ;
#3994 = CIRCLE ( 'NONE', #7649, 3.250000000000002700 ) ;
#3995 = ORIENTED_EDGE ( 'NONE', *, *, #11423, .T. ) ;
#3996 = FACE_BOUND ( 'NONE', #6570, .T. ) ;
#3997 = CARTESIAN_POINT ( 'NONE',  ( 21.29300581994660400, 37.97000000000021200, 57.00187174722588400 ) ) ;
#3998 = DIRECTION ( 'NONE',  ( 0.0000000000000000000, 0.0000000000000000000, -1.000000000000000000 ) ) ;
#3999 = EDGE_CURVE ( 'NONE', #4373, #5948, #6262, .T. ) ;
#4000 = ORIENTED_EDGE ( 'NONE', *, *, #8785, .F. ) ;
#4001 = CIRCLE ( 'NONE', #2690, 3.000000000000002700 ) ;
#4002 = CARTESIAN_POINT ( 'NONE',  ( -31.29999999999997900, -34.80000000000000400, 58.75000000000000000 ) ) ;
#4003 = CARTESIAN_POINT ( 'NONE',  ( -6.800000000000000700, 0.0000000000000000000, 97.60000000000000900 ) ) ;
#4004 = SURFACE_STYLE_FILL_AREA ( #4157 ) ;
#4005 = ORIENTED_EDGE ( 'NONE', *, *, #966, .T. ) ;
#4006 = SURFACE_STYLE_FILL_AREA ( #2915 ) ;
#4007 = EDGE_LOOP ( 'NONE', ( #7022, #8452, #4771, #78 ) ) ;
#4008 = DIRECTION ( 'NONE',  ( 1.000000000000000000, 0.0000000000000000000, 0.0000000000000000000 ) ) ;
#4009 = DIRECTION ( 'NONE',  ( -0.0000000000000000000, 0.0000000000000000000, 1.000000000000000000 ) ) ;
#4010 = CARTESIAN_POINT ( 'NONE',  ( 25.19999999999999900, 40.00000000000000000, -59.00000000000000000 ) ) ;
#4011 = ORIENTED_EDGE ( 'NONE', *, *, #2739, .F. ) ;
#4012 = ADVANCED_FACE ( 'NONE', ( #10822 ), #5689, .F. ) ;
#4013 = TOROIDAL_SURFACE ( 'NONE', #7630, 1.500000000000004700, 0.2500000000000000000 ) ;
#4014 = ORIENTED_EDGE ( 'NONE', *, *, #6751, .F. ) ;
#4015 = DIRECTION ( 'NONE',  ( 1.047444401652940000E-014, -1.000000000000000000, 0.0000000000000000000 ) ) ;
#4016 = EDGE_CURVE ( 'NONE', #2444, #1248, #7508, .T. ) ;
#4017 = ORIENTED_EDGE ( 'NONE', *, *, #7973, .T. ) ;
#4018 = CARTESIAN_POINT ( 'NONE',  ( 42.74999999999999300, 40.50000000000000700, 58.75000000000000000 ) ) ;
#4019 = CARTESIAN_POINT ( 'NONE',  ( 43.00000000000000000, 40.50000000000000700, 58.75000000000000000 ) ) ;
#4020 = DIRECTION ( 'NONE',  ( 0.0000000000000000000, 0.0000000000000000000, -1.000000000000000000 ) ) ;
#4021 = CARTESIAN_POINT ( 'NONE',  ( 36.94000000000000500, -23.09999999999998700, 48.00000000000000000 ) ) ;
#4022 = AXIS2_PLACEMENT_3D ( 'NONE', #8076, #10839, #9917 ) ;
#4023 = EDGE_LOOP ( 'NONE', ( #5259, #3148, #505 ) ) ;
#4024 = VECTOR ( 'NONE', #4533, 1000.000000000000000 ) ;
#4025 = CARTESIAN_POINT ( 'NONE',  ( -31.19999999999998200, -31.20000000000000600, -48.00000000000000000 ) ) ;
#4026 = ADVANCED_FACE ( 'NONE', ( #8096 ), #7792, .F. ) ;
#4027 = LINE ( 'NONE', #9197, #8370 ) ;
#4028 = EDGE_CURVE ( 'NONE', #21, #7145, #5968, .T. ) ;
#4029 =( LENGTH_UNIT ( ) NAMED_UNIT ( * ) SI_UNIT ( .MILLI., .METRE. ) );
#4030 = CARTESIAN_POINT ( 'NONE',  ( 39.99999999999999300, 25.19999999999999600, -48.00000000000000000 ) ) ;
#4031 = DIRECTION ( 'NONE',  ( -0.0000000000000000000, -0.0000000000000000000, 1.000000000000000000 ) ) ;
#4032 = CIRCLE ( 'NONE', #8316, 0.2500000000000002200 ) ;
#4033 = EDGE_CURVE ( 'NONE', #4908, #10309, #2748, .T. ) ;
#4034 = VERTEX_POINT ( 'NONE', #7720 ) ;
#4035 = TOROIDAL_SURFACE ( 'NONE', #4188, 3.500000000000001300, 0.2500000000000000000 ) ;
#4036 = AXIS2_PLACEMENT_3D ( 'NONE', #3444, #6107, #9778 ) ;
#4037 = EDGE_CURVE ( 'NONE', #2853, #3613, #326, .T. ) ;
#4038 = CARTESIAN_POINT ( 'NONE',  ( -42.99999999999999300, 20.10000000000000100, 56.24999999999999300 ) ) ;
#4039 = DIRECTION ( 'NONE',  ( -1.000000000000000000, 0.0000000000000000000, 0.0000000000000000000 ) ) ;
#4040 = VERTEX_POINT ( 'NONE', #5916 ) ;
#4041 = CARTESIAN_POINT ( 'NONE',  ( 31.20000000000000300, 28.19999999999999600, -58.75000000000000000 ) ) ;
#4042 = CIRCLE ( 'NONE', #7478, 0.2500000000000002200 ) ;
#4043 = STYLED_ITEM ( 'NONE', ( #6739 ), #1745 ) ;
#4044 = VECTOR ( 'NONE', #5559, 1000.000000000000000 ) ;
#4045 = EDGE_CURVE ( 'NONE', #7953, #531, #5416, .T. ) ;
#4046 = PLANE ( 'NONE',  #5805 ) ;
#4047 = CARTESIAN_POINT ( 'NONE',  ( -26.09999999999998700, -42.74999999999999300, 55.74999999999999300 ) ) ;
#4048 = AXIS2_PLACEMENT_3D ( 'NONE', #6767, #1626, #3426 ) ;
#4049 =( GEOMETRIC_REPRESENTATION_CONTEXT ( 3 ) GLOBAL_UNCERTAINTY_ASSIGNED_CONTEXT ( ( #2664 ) ) GLOBAL_UNIT_ASSIGNED_CONTEXT ( ( #7169, #1756, #2803 ) ) REPRESENTATION_CONTEXT ( 'NONE', 'WORKASPACE' ) );
#4050 = VERTEX_POINT ( 'NONE', #11330 ) ;
#4051 = EDGE_LOOP ( 'NONE', ( #5662, #6539, #2269, #10902 ) ) ;
#4052 = CIRCLE ( 'NONE', #457, 0.2500000000000002200 ) ;
#4053 = CIRCLE ( 'NONE', #9534, 2.250000000000001800 ) ;
#4054 = DIRECTION ( 'NONE',  ( 0.0000000000000000000, -0.0000000000000000000, -1.000000000000000000 ) ) ;
#4055 = AXIS2_PLACEMENT_3D ( 'NONE', #9116, #895, #10885 ) ;
#4056 = CARTESIAN_POINT ( 'NONE',  ( -37.96999999999999900, 24.30354704584613000, 57.47839634320756400 ) ) ;
#4057 = EDGE_CURVE ( 'NONE', #3271, #4789, #2874, .T. ) ;
#4058 = ORIENTED_EDGE ( 'NONE', *, *, #6155, .F. ) ;
#4059 = EDGE_LOOP ( 'NONE', ( #430, #6375 ) ) ;
#4060 = CIRCLE ( 'NONE', #8174, 0.2500000000000002200 ) ;
#4061 = DIRECTION ( 'NONE',  ( 1.000000000000000000, 0.0000000000000000000, 0.0000000000000000000 ) ) ;
#4062 = LINE ( 'NONE', #3289, #654 ) ;
#4063 = ADVANCED_FACE ( 'NONE', ( #1167 ), #11238, .T. ) ;
#4064 = SURFACE_SIDE_STYLE ('',( #10431 ) ) ;
#4065 = CARTESIAN_POINT ( 'NONE',  ( -25.09999999999987400, -37.97000000000007700, 56.49999999999999300 ) ) ;
#4066 = CARTESIAN_POINT ( 'NONE',  ( -23.59999999999987400, -37.39733729748939300, 57.56948464461342500 ) ) ;
#4067 = PLANE ( 'NONE',  #1461 ) ;
#4068 = VECTOR ( 'NONE', #6557, 1000.000000000000000 ) ;
#4069 =( NAMED_UNIT ( * ) SI_UNIT ( $, .STERADIAN. ) SOLID_ANGLE_UNIT ( ) );
#4070 = VERTEX_POINT ( 'NONE', #4946 ) ;
#4071 =( GEOMETRIC_REPRESENTATION_CONTEXT ( 3 ) GLOBAL_UNCERTAINTY_ASSIGNED_CONTEXT ( ( #2752 ) ) GLOBAL_UNIT_ASSIGNED_CONTEXT ( ( #2235, #4095, #8580 ) ) REPRESENTATION_CONTEXT ( 'NONE', 'WORKASPACE' ) );
#4072 = ORIENTED_EDGE ( 'NONE', *, *, #2031, .T. ) ;
#4073 = ORIENTED_EDGE ( 'NONE', *, *, #7675, .T. ) ;
#4074 = TOROIDAL_SURFACE ( 'NONE', #6576, 2.750000000000000900, 0.2500000000000000000 ) ;
#4075 = CARTESIAN_POINT ( 'NONE',  ( -36.46999999999999900, 23.27313915899452100, 56.83614593112137200 ) ) ;
#4076 = CYLINDRICAL_SURFACE ( 'NONE', #9104, 1.250000000000008000 ) ;
#4077 = EDGE_CURVE ( 'NONE', #4814, #6260, #5830, .T. ) ;
#4078 = ADVANCED_FACE ( 'NONE', ( #2591 ), #4146, .T. ) ;
#4079 = SURFACE_SIDE_STYLE ('',( #5085 ) ) ;
#4080 = CARTESIAN_POINT ( 'NONE',  ( -43.00000000000000000, 40.50000000000000700, 59.00000000000000000 ) ) ;
#4081 = ORIENTED_EDGE ( 'NONE', *, *, #9673, .T. ) ;
#4082 = ORIENTED_EDGE ( 'NONE', *, *, #1278, .F. ) ;
#4083 = COLOUR_RGB ( '',0.2000000000000000100, 0.2000000000000000100, 0.2000000000000000100 ) ;
#4084 = AXIS2_PLACEMENT_3D ( 'NONE', #1237, #9352, #8413 ) ;
#4085 = DIRECTION ( 'NONE',  ( 0.0000000000000000000, 0.0000000000000000000, 1.000000000000000000 ) ) ;
#4086 = DIRECTION ( 'NONE',  ( -1.000000000000000000, 0.0000000000000000000, 0.0000000000000000000 ) ) ;
#4087 = VECTOR ( 'NONE', #5625, 1000.000000000000000 ) ;
#4088 = CARTESIAN_POINT ( 'NONE',  ( 31.20000000000000600, -31.19999999999999200, -48.00000000000000000 ) ) ;
#4089 = EDGE_CURVE ( 'NONE', #1692, #2460, #5677, .T. ) ;
#4090 = CARTESIAN_POINT ( 'NONE',  ( 23.59999999999958900, 39.67354704584636200, 57.47839634320756400 ) ) ;
#4091 = EDGE_CURVE ( 'NONE', #991, #4826, #7778, .T. ) ;
#4092 = ORIENTED_EDGE ( 'NONE', *, *, #10191, .T. ) ;
#4093 = EDGE_LOOP ( 'NONE', ( #5047, #10065, #5819, #9659 ) ) ;
#4094 = ORIENTED_EDGE ( 'NONE', *, *, #3348, .F. ) ;
#4095 =( NAMED_UNIT ( * ) PLANE_ANGLE_UNIT ( ) SI_UNIT ( $, .RADIAN. ) );
#4096 = LINE ( 'NONE', #7321, #1681 ) ;
#4097 = DIRECTION ( 'NONE',  ( -0.0000000000000000000, -1.000000000000000000, -0.0000000000000000000 ) ) ;
#4098 = CARTESIAN_POINT ( 'NONE',  ( 37.96999999999999200, -22.60000000000000100, 56.49999999999999300 ) ) ;
#4099 = EDGE_CURVE ( 'NONE', #1045, #8715, #10383, .T. ) ;
#4100 = DIRECTION ( 'NONE',  ( 2.753529326947313900E-016, -1.000000000000000000, 0.0000000000000000000 ) ) ;
#4101 = MECHANICAL_DESIGN_GEOMETRIC_PRESENTATION_REPRESENTATION (  '', ( #11628 ), #7863 ) ;
#4102 = CARTESIAN_POINT ( 'NONE',  ( -20.09999999999999100, -42.74999999999999300, 55.74999999999999300 ) ) ;
#4103 = DIRECTION ( 'NONE',  ( -1.521687259628777600E-015, -1.000000000000000000, -0.0000000000000000000 ) ) ;
#4104 = CARTESIAN_POINT ( 'NONE',  ( -21.09999999999987400, -38.80786938071288000, 56.80355594003683700 ) ) ;
#4105 = FACE_OUTER_BOUND ( 'NONE', #11087, .T. ) ;
#4106 = EDGE_LOOP ( 'NONE', ( #2230, #7640, #10350, #1122 ) ) ;
#4107 = EDGE_LOOP ( 'NONE', ( #2047, #11407, #173, #6518 ) ) ;
#4108 = VECTOR ( 'NONE', #4485, 1000.000000000000000 ) ;
#4109 = AXIS2_PLACEMENT_3D ( 'NONE', #418, #6657, #7588 ) ;
#4110 = ORIENTED_EDGE ( 'NONE', *, *, #8443, .F. ) ;
#4111 = ORIENTED_EDGE ( 'NONE', *, *, #6281, .F. ) ;
#4112 = CARTESIAN_POINT ( 'NONE',  ( -22.59999999999988100, -36.88406637999276000, 57.21087685217728600 ) ) ;
#4113 =( NAMED_UNIT ( * ) SI_UNIT ( $, .STERADIAN. ) SOLID_ANGLE_UNIT ( ) );
#4114 = EDGE_CURVE ( 'NONE', #4669, #2606, #10665, .T. ) ;
#4115 = UNCERTAINTY_MEASURE_WITH_UNIT (LENGTH_MEASURE( 1.000000000000000100E-005 ), #4165, 'distance_accuracy_value', 'NONE');
#4116 = DIRECTION ( 'NONE',  ( 1.000000000000000000, 0.0000000000000000000, 0.0000000000000000000 ) ) ;
#4117 = CARTESIAN_POINT ( 'NONE',  ( 25.20000000000001000, -39.99999999999997900, -59.00000000000000000 ) ) ;
#4118 = EDGE_LOOP ( 'NONE', ( #11103, #2750, #7277, #3703 ) ) ;
#4119 = DIRECTION ( 'NONE',  ( 1.000000000000000000, -0.0000000000000000000, 0.0000000000000000000 ) ) ;
#4120 = DIRECTION ( 'NONE',  ( 0.0000000000000000000, -1.000000000000000000, 0.0000000000000000000 ) ) ;
#4121 = AXIS2_PLACEMENT_3D ( 'NONE', #1830, #8992, #5432 ) ;
#4122 = EDGE_CURVE ( 'NONE', #4564, #6185, #1440, .T. ) ;
#4123 = LINE ( 'NONE', #6823, #6641 ) ;
#4124 = CARTESIAN_POINT ( 'NONE',  ( 25.19999999999999900, 43.00000000000000000, 48.00000000000000000 ) ) ;
#4125 = AXIS2_PLACEMENT_3D ( 'NONE', #862, #5442, #9079 ) ;
#4126 = EDGE_LOOP ( 'NONE', ( #4310, #8614, #5072, #4608 ) ) ;
#4127 = ADVANCED_FACE ( 'NONE', ( #7094 ), #3741, .F. ) ;
#4128 = ORIENTED_EDGE ( 'NONE', *, *, #9541, .T. ) ;
#4129 = CARTESIAN_POINT ( 'NONE',  ( 25.20000000000001000, -39.99999999999997900, -48.00000000000000000 ) ) ;
#4130 = AXIS2_PLACEMENT_3D ( 'NONE', #2081, #11119, #2121 ) ;
#4131 = ORIENTED_EDGE ( 'NONE', *, *, #8276, .T. ) ;
#4132 = DIRECTION ( 'NONE',  ( -1.000000000000000000, 0.0000000000000000000, 0.0000000000000000000 ) ) ;
#4133 = EDGE_CURVE ( 'NONE', #10289, #7197, #6676, .T. ) ;
#4134 = CYLINDRICAL_SURFACE ( 'NONE', #694, 2.999999999999999100 ) ;
#4135 = CARTESIAN_POINT ( 'NONE',  ( -25.09999999999987400, -37.97000000000007700, 56.75896736903244700 ) ) ;
#4136 = TOROIDAL_SURFACE ( 'NONE', #8052, 0.5000000000000000000, 0.2500000000000000000 ) ;
#4137 = ORIENTED_EDGE ( 'NONE', *, *, #5084, .F. ) ;
#4138 = VECTOR ( 'NONE', #8687, 1000.000000000000000 ) ;
#4139 = EDGE_LOOP ( 'NONE', ( #4137, #9411, #5736, #9335 ) ) ;
#4140 = ADVANCED_FACE ( 'NONE', ( #455 ), #5206, .F. ) ;
#4141 = CARTESIAN_POINT ( 'NONE',  ( -21.09999999999987400, -37.97000000000006300, 56.49999999999999300 ) ) ;
#4142 = ORIENTED_EDGE ( 'NONE', *, *, #696, .T. ) ;
#4143 = AXIS2_PLACEMENT_3D ( 'NONE', #1484, #6853, #6061 ) ;
#4144 = CARTESIAN_POINT ( 'NONE',  ( 40.47000000000002000, -22.59999999999999800, 56.49999999999999300 ) ) ;
#4145 = CARTESIAN_POINT ( 'NONE',  ( 40.00000000000000700, -28.19999999999999600, -48.00000000000000000 ) ) ;
#4147 = SURFACE_STYLE_USAGE ( .BOTH. , #10404 ) ;
#4146 = CONICAL_SURFACE ( 'NONE', #3819, 7.000000000000000000, 0.7853981633974331800 ) ;
#4148 = VERTEX_POINT ( 'NONE', #6147 ) ;
#4149 = CARTESIAN_POINT ( 'NONE',  ( -43.00000000000000000, 26.59999999999999800, 58.75000000000000000 ) ) ;
#4150 = CARTESIAN_POINT ( 'NONE',  ( -21.84999999999997700, -38.44000000000001200, -48.00000000000000000 ) ) ;
#4151 = ORIENTED_EDGE ( 'NONE', *, *, #1594, .T. ) ;
#4152 = B_SPLINE_CURVE_WITH_KNOTS ( 'NONE', 3,
 ( #5279, #9816, #4353, #10646, #5243, #6065, #11530, #6192 ),
 .UNSPECIFIED., .F., .F.,
 ( 4, 2, 2, 4 ),
 ( 0.01712125363646610800, 0.01758061768880460300, 0.01803998174114309800, 0.01895870984582009200 ),
 .UNSPECIFIED. ) ;
#4153 = EDGE_CURVE ( 'NONE', #8776, #10720, #3439, .T. ) ;
#4154 = ORIENTED_EDGE ( 'NONE', *, *, #11790, .T. ) ;
#4155 = EDGE_LOOP ( 'NONE', ( #7966, #957, #7910, #667 ) ) ;
#4156 = ORIENTED_EDGE ( 'NONE', *, *, #2482, .T. ) ;
#4157 = FILL_AREA_STYLE ('',( #11446 ) ) ;
#4158 = ORIENTED_EDGE ( 'NONE', *, *, #896, .T. ) ;
#4159 = FACE_OUTER_BOUND ( 'NONE', #2139, .T. ) ;
#4160 = SURFACE_STYLE_USAGE ( .BOTH. , #8555 ) ;
#4161 = DIRECTION ( 'NONE',  ( 0.0000000000000000000, 0.0000000000000000000, -1.000000000000000000 ) ) ;
#4162 = AXIS2_PLACEMENT_3D ( 'NONE', #669, #2458, #713 ) ;
#4163 = DIRECTION ( 'NONE',  ( -1.000000000000000000, 1.521687259628777600E-015, 0.0000000000000000000 ) ) ;
#4164 = CARTESIAN_POINT ( 'NONE',  ( 23.09999999999999400, 38.44000000000001200, 59.00000000000000000 ) ) ;
#4165 =( LENGTH_UNIT ( ) NAMED_UNIT ( * ) SI_UNIT ( .MILLI., .METRE. ) );
#4166 = EDGE_CURVE ( 'NONE', #5468, #7788, #10956, .T. ) ;
#4167 = ORIENTED_EDGE ( 'NONE', *, *, #780, .T. ) ;
#4168 = CARTESIAN_POINT ( 'NONE',  ( 22.59999999999962100, 36.47000000000023300, 56.75896736903246900 ) ) ;
#4169 = LINE ( 'NONE', #10631, #11538 ) ;
#4170 = DIRECTION ( 'NONE',  ( 1.000000000000000000, 0.0000000000000000000, 0.0000000000000000000 ) ) ;
#4171 = AXIS2_PLACEMENT_3D ( 'NONE', #3086, #10250, #3370 ) ;
#4172 = VERTEX_POINT ( 'NONE', #4394 ) ;
#4173 = ORIENTED_EDGE ( 'NONE', *, *, #608, .F. ) ;
#4174 = VECTOR ( 'NONE', #7303, 1000.000000000000000 ) ;
#4175 = DIRECTION ( 'NONE',  ( 0.0000000000000000000, 0.0000000000000000000, -1.000000000000000000 ) ) ;
#4176 = FACE_OUTER_BOUND ( 'NONE', #126, .T. ) ;
#4177 = DIRECTION ( 'NONE',  ( 1.521687259628777600E-015, 1.000000000000000000, 0.0000000000000000000 ) ) ;
#4178 = LINE ( 'NONE', #7244, #210 ) ;
#4179 = ADVANCED_FACE ( 'NONE', ( #1023 ), #9811, .T. ) ;
#4180 = DIRECTION ( 'NONE',  ( -1.000000000000000000, 0.0000000000000000000, 0.0000000000000000000 ) ) ;
#4181 = DIRECTION ( 'NONE',  ( -1.000000000000000000, 0.0000000000000000000, 0.0000000000000000000 ) ) ;
#4182 = CARTESIAN_POINT ( 'NONE',  ( 39.94000000000001200, -23.09999999999998700, 55.74999999999999300 ) ) ;
#4183 = EDGE_CURVE ( 'NONE', #3344, #980, #1726, .T. ) ;
#4184 = ORIENTED_EDGE ( 'NONE', *, *, #9194, .F. ) ;
#4185 = ORIENTED_EDGE ( 'NONE', *, *, #5863, .T. ) ;
#4186 = AXIS2_PLACEMENT_3D ( 'NONE', #11369, #468, #1600 ) ;
#4187 = LINE ( 'NONE', #6187, #10563 ) ;
#4188 = AXIS2_PLACEMENT_3D ( 'NONE', #10096, #4707, #9094 ) ;
#4189 = CARTESIAN_POINT ( 'NONE',  ( 23.09999999999999400, 38.44000000000001200, 55.74999999999999300 ) ) ;
#4190 = CARTESIAN_POINT ( 'NONE',  ( 26.09999999999999400, 42.75000000000000700, 56.24999999999999300 ) ) ;
#4191 = ADVANCED_FACE ( 'NONE', ( #9226 ), #3872, .T. ) ;
#4192 = PLANE ( 'NONE',  #6523 ) ;
#4193 = AXIS2_PLACEMENT_3D ( 'NONE', #3533, #3447, #6108 ) ;
#4194 = DIRECTION ( 'NONE',  ( 0.0000000000000000000, -1.000000000000000000, 0.0000000000000000000 ) ) ;
#4195 = ORIENTED_EDGE ( 'NONE', *, *, #8150, .T. ) ;
#4196 = ORIENTED_EDGE ( 'NONE', *, *, #7594, .F. ) ;
#4197 = VECTOR ( 'NONE', #4397, 1000.000000000000000 ) ;
#4198 = LINE ( 'NONE', #5435, #10577 ) ;
#4199 = EDGE_CURVE ( 'NONE', #5209, #9815, #4290, .T. ) ;
#4200 = DIRECTION ( 'NONE',  ( 0.0000000000000000000, 0.0000000000000000000, -1.000000000000000000 ) ) ;
#4201 = TOROIDAL_SURFACE ( 'NONE', #7602, 3.500000000000001300, 0.2500000000000000000 ) ;
#4202 = AXIS2_PLACEMENT_3D ( 'NONE', #10781, #4588, #10825 ) ;
#4203 = CARTESIAN_POINT ( 'NONE',  ( 25.20000000000000600, -42.99999999999998600, -59.00000000000000000 ) ) ;
#4204 = CARTESIAN_POINT ( 'NONE',  ( -39.69000000000000500, 23.09999999999999100, 48.00000000000000000 ) ) ;
#4205 = CARTESIAN_POINT ( 'NONE',  ( 39.69000000000001900, -23.09999999999998700, 48.00000000000000000 ) ) ;
#4206 = EDGE_LOOP ( 'NONE', ( #2975, #9611 ) ) ;
#4207 = ORIENTED_EDGE ( 'NONE', *, *, #10933, .F. ) ;
#4208 = CYLINDRICAL_SURFACE ( 'NONE', #6359, 7.000000000000000000 ) ;
#4209 = DIRECTION ( 'NONE',  ( -1.000000000000000000, 0.0000000000000000000, 0.0000000000000000000 ) ) ;
#4210 = VECTOR ( 'NONE', #5743, 1000.000000000000000 ) ;
#4211 = LINE ( 'NONE', #8641, #8425 ) ;
#4212 = CARTESIAN_POINT ( 'NONE',  ( 25.09999999999959600, 38.80695100255581300, 56.80370889822906100 ) ) ;
#4213 = EDGE_CURVE ( 'NONE', #11429, #7031, #5545, .T. ) ;
#4214 = CARTESIAN_POINT ( 'NONE',  ( -1.747239518372058400E-015, 48.99999999999999300, -53.50000000000000000 ) ) ;
#4215 = CARTESIAN_POINT ( 'NONE',  ( -2.500000000000012400, 43.00000000000000000, -53.50000000000000000 ) ) ;
#4216 = DIRECTION ( 'NONE',  ( 1.000000000000000000, 0.0000000000000000000, 0.0000000000000000000 ) ) ;
#4217 = ORIENTED_EDGE ( 'NONE', *, *, #11638, .F. ) ;
#4218 = ORIENTED_EDGE ( 'NONE', *, *, #6757, .T. ) ;
#4219 = VECTOR ( 'NONE', #7607, 1000.000000000000000 ) ;
#4220 = CARTESIAN_POINT ( 'NONE',  ( 25.19999999999999900, 40.00000000000000000, 48.00000000000000000 ) ) ;
#4221 = VERTEX_POINT ( 'NONE', #944 ) ;
#4222 =( GEOMETRIC_REPRESENTATION_CONTEXT ( 3 ) GLOBAL_UNCERTAINTY_ASSIGNED_CONTEXT ( ( #8158 ) ) GLOBAL_UNIT_ASSIGNED_CONTEXT ( ( #9769, #741, #9810 ) ) REPRESENTATION_CONTEXT ( 'NONE', 'WORKASPACE' ) );
#4223 = DIRECTION ( 'NONE',  ( -1.000000000000000000, 0.0000000000000000000, 0.0000000000000000000 ) ) ;
#4224 = ORIENTED_EDGE ( 'NONE', *, *, #9230, .F. ) ;
#4225 = COLOUR_RGB ( '',0.8941176470588234600, 0.9137254901960784000, 0.9294117647058823800 ) ;
#4226 = CARTESIAN_POINT ( 'NONE',  ( -26.59999999999998400, -38.44000000000000500, 58.75000000000000000 ) ) ;
#4227 = ORIENTED_EDGE ( 'NONE', *, *, #11257, .F. ) ;
#4228 = SURFACE_STYLE_FILL_AREA ( #10341 ) ;
#4229 = EDGE_CURVE ( 'NONE', #4467, #7031, #1155, .T. ) ;
#4230 = CARTESIAN_POINT ( 'NONE',  ( -38.43999999999999800, 26.59999999999999100, 59.00000000000000000 ) ) ;
#4231 = CARTESIAN_POINT ( 'NONE',  ( 23.09999999999999400, 38.44000000000001200, 48.25000000000000000 ) ) ;
#4232 = DIRECTION ( 'NONE',  ( 1.000000000000000000, 0.0000000000000000000, 0.0000000000000000000 ) ) ;
#4233 = COLOUR_RGB ( '',0.8941176470588234600, 0.9137254901960784000, 0.9294117647058823800 ) ;
#4234 =( NAMED_UNIT ( * ) PLANE_ANGLE_UNIT ( ) SI_UNIT ( $, .RADIAN. ) );
#4235 = ADVANCED_FACE ( 'NONE', ( #1305 ), #7940, .T. ) ;
#4236 = DIRECTION ( 'NONE',  ( -0.0000000000000000000, -0.0000000000000000000, 1.000000000000000000 ) ) ;
#4237 = VERTEX_POINT ( 'NONE', #9083 ) ;
#4238 = AXIS2_PLACEMENT_3D ( 'NONE', #6599, #7611, #3948 ) ;
#4239 = CARTESIAN_POINT ( 'NONE',  ( 25.09999999999960400, 38.47000000000025500, 56.83639580559805900 ) ) ;
#4240 = ORIENTED_EDGE ( 'NONE', *, *, #10501, .F. ) ;
#4241 = LINE ( 'NONE', #9363, #9176 ) ;
#4242 = SPHERICAL_SURFACE ( 'NONE', #6607, 0.2500000000000000000 ) ;
#4243 = VERTEX_POINT ( 'NONE', #5481 ) ;
#4244 = SURFACE_STYLE_USAGE ( .BOTH. , #11501 ) ;
#4245 = EDGE_CURVE ( 'NONE', #1834, #2153, #11089, .T. ) ;
#4246 = DIRECTION ( 'NONE',  ( 0.0000000000000000000, -1.000000000000000000, 0.0000000000000000000 ) ) ;
#4247 = CARTESIAN_POINT ( 'NONE',  ( -19.59999999999998700, -42.74999999999999300, 58.75000000000000000 ) ) ;
#4248 = EDGE_CURVE ( 'NONE', #7294, #5004, #8083, .T. ) ;
#4249 = ADVANCED_FACE ( 'NONE', ( #6252 ), #4013, .T. ) ;
#4250 = ORIENTED_EDGE ( 'NONE', *, *, #7691, .T. ) ;
#4251 = CARTESIAN_POINT ( 'NONE',  ( 8.000000000000000000, 0.0000000000000000000, -58.99999999999999300 ) ) ;
#4252 = VERTEX_POINT ( 'NONE', #10928 ) ;
#4253 = CIRCLE ( 'NONE', #4778, 1.250000000000001100 ) ;
#4254 = AXIS2_PLACEMENT_3D ( 'NONE', #5218, #11541, #437 ) ;
#4255 =( NAMED_UNIT ( * ) PLANE_ANGLE_UNIT ( ) SI_UNIT ( $, .RADIAN. ) );
#4256 = FACE_OUTER_BOUND ( 'NONE', #999, .T. ) ;
#4257 = EDGE_CURVE ( 'NONE', #7590, #5757, #8358, .T. ) ;
#4258 = ORIENTED_EDGE ( 'NONE', *, *, #3330, .F. ) ;
#4259 = ORIENTED_EDGE ( 'NONE', *, *, #6675, .F. ) ;
#4260 = AXIS2_PLACEMENT_3D ( 'NONE', #3352, #7745, #8661 ) ;
#4261 = CARTESIAN_POINT ( 'NONE',  ( -23.09999999999997700, -38.44000000000001200, 48.25000000000000000 ) ) ;
#4262 = CARTESIAN_POINT ( 'NONE',  ( -38.46999999999999200, 23.09999999999999800, 54.73916976027089700 ) ) ;
#4263 = DIRECTION ( 'NONE',  ( -0.0000000000000000000, 0.0000000000000000000, 1.000000000000000000 ) ) ;
#4264 = ORIENTED_EDGE ( 'NONE', *, *, #7855, .F. ) ;
#4265 = CARTESIAN_POINT ( 'NONE',  ( -23.59999999999986600, -38.97000000000007700, 57.79579263126746700 ) ) ;
#4266 = VECTOR ( 'NONE', #9062, 1000.000000000000000 ) ;
#4267 = EDGE_CURVE ( 'NONE', #5831, #900, #876, .T. ) ;
#4268 = ORIENTED_EDGE ( 'NONE', *, *, #9566, .F. ) ;
#4269 = CIRCLE ( 'NONE', #8056, 2.500000000000002200 ) ;
#4270 = ORIENTED_EDGE ( 'NONE', *, *, #3891, .F. ) ;
#4271 = CARTESIAN_POINT ( 'NONE',  ( -38.96999999999999200, 22.60000000000000100, 57.79579263126746700 ) ) ;
#4272 = DIRECTION ( 'NONE',  ( 0.0000000000000000000, -0.0000000000000000000, -1.000000000000000000 ) ) ;
#4273 = AXIS2_PLACEMENT_3D ( 'NONE', #1228, #330, #5652 ) ;
#4274 = EDGE_CURVE ( 'NONE', #956, #3684, #4986, .T. ) ;
#4275 = DIRECTION ( 'NONE',  ( 1.000000000000000000, 0.0000000000000000000, 0.0000000000000000000 ) ) ;
#4276 = AXIS2_PLACEMENT_3D ( 'NONE', #5657, #7306, #4801 ) ;
#4277 = ORIENTED_EDGE ( 'NONE', *, *, #2236, .T. ) ;
#4278 = CONICAL_SURFACE ( 'NONE', #5768, 8.000000000000000000, 0.7853981633974447300 ) ;
#4279 = DIRECTION ( 'NONE',  ( -0.0000000000000000000, 0.0000000000000000000, 1.000000000000000000 ) ) ;
#4280 = FACE_OUTER_BOUND ( 'NONE', #9379, .T. ) ;
#4281 = ORIENTED_EDGE ( 'NONE', *, *, #2482, .F. ) ;
#4282 = COLOUR_RGB ( '',0.8941176470588234600, 0.9137254901960784000, 0.9294117647058823800 ) ;
#4283 = DIRECTION ( 'NONE',  ( 1.000000000000000000, 0.0000000000000000000, 0.0000000000000000000 ) ) ;
#4284 = DIRECTION ( 'NONE',  ( 0.0000000000000000000, 0.0000000000000000000, 1.000000000000000000 ) ) ;
#4285 = AXIS2_PLACEMENT_3D ( 'NONE', #7462, #7507, #4851 ) ;
#4286 = CARTESIAN_POINT ( 'NONE',  ( -28.19999999999998200, -28.20000000000000300, -48.00000000000000000 ) ) ;
#4287 = EDGE_CURVE ( 'NONE', #8731, #8841, #10519, .T. ) ;
#4288 = ORIENTED_EDGE ( 'NONE', *, *, #31, .F. ) ;
#4289 = FILL_AREA_STYLE ('',( #7690 ) ) ;
#4290 = CIRCLE ( 'NONE', #3356, 2.999999999999999100 ) ;
#4291 = ORIENTED_EDGE ( 'NONE', *, *, #814, .T. ) ;
#4292 = ORIENTED_EDGE ( 'NONE', *, *, #6903, .F. ) ;
#4293 = CARTESIAN_POINT ( 'NONE',  ( 25.09999999999960000, 38.88906664419337700, 56.78443171315532100 ) ) ;
#4294 = AXIS2_PLACEMENT_3D ( 'NONE', #6649, #10189, #8270 ) ;
#4295 = CARTESIAN_POINT ( 'NONE',  ( 43.00000000000000000, -19.84999999999999800, 55.99999999999999300 ) ) ;
#4296 = CARTESIAN_POINT ( 'NONE',  ( 0.0000000000000000000, 42.75000000000000700, 58.75000000000000000 ) ) ;
#4297 = ADVANCED_FACE ( 'NONE', ( #178 ), #11745, .F. ) ;
#4298 = CARTESIAN_POINT ( 'NONE',  ( -2.300000000000002500, 49.00000000000000000, -53.50000000000000000 ) ) ;
#4299 = DIRECTION ( 'NONE',  ( -0.0000000000000000000, 0.0000000000000000000, 1.000000000000000000 ) ) ;
#4300 = PRESENTATION_STYLE_ASSIGNMENT (( #11020 ) ) ;
#4301 = ORIENTED_EDGE ( 'NONE', *, *, #8409, .F. ) ;
#4302 = CARTESIAN_POINT ( 'NONE',  ( 26.34999999999999400, 42.75000000000000700, 55.99999999999999300 ) ) ;
#4303 = EDGE_CURVE ( 'NONE', #8816, #1248, #11124, .T. ) ;
#4304 = CARTESIAN_POINT ( 'NONE',  ( 42.74999999999999300, -19.59999999999999400, 58.75000000000000000 ) ) ;
#4305 = DIRECTION ( 'NONE',  ( -0.0000000000000000000, 0.0000000000000000000, 1.000000000000000000 ) ) ;
#4306 = ADVANCED_FACE ( 'NONE', ( #7358 ), #3292, .T. ) ;
#4307 = CIRCLE ( 'NONE', #6661, 0.2500000000000002200 ) ;
#4308 = DIRECTION ( 'NONE',  ( 0.0000000000000000000, -0.0000000000000000000, -1.000000000000000000 ) ) ;
#4309 = AXIS2_PLACEMENT_3D ( 'NONE', #1124, #3105, #2075 ) ;
#4310 = ORIENTED_EDGE ( 'NONE', *, *, #4719, .T. ) ;
#4311 = DIRECTION ( 'NONE',  ( -3.491481338843133400E-015, 1.000000000000000000, 0.0000000000000000000 ) ) ;
#4312 = COLOUR_RGB ( '',0.1019607843137254900, 0.1019607843137254900, 0.1019607843137254900 ) ;
#4313 = SURFACE_STYLE_FILL_AREA ( #261 ) ;
#4314 = DIRECTION ( 'NONE',  ( 0.0000000000000000000, 0.0000000000000000000, -1.000000000000000000 ) ) ;
#4315 = LINE ( 'NONE', #3937, #9403 ) ;
#4316 = EDGE_CURVE ( 'NONE', #167, #6734, #8795, .T. ) ;
#4317 = CARTESIAN_POINT ( 'NONE',  ( 31.54999999999998600, 34.79999999999999700, 48.25000000000000000 ) ) ;
#4318 = CARTESIAN_POINT ( 'NONE',  ( -40.49999999999997900, -40.49999999999998600, 59.00000000000000000 ) ) ;
#4319 = DIRECTION ( 'NONE',  ( 1.000000000000000000, 7.032662740446511500E-016, -0.0000000000000000000 ) ) ;
#4320 = ORIENTED_EDGE ( 'NONE', *, *, #9823, .F. ) ;
#4321 = ORIENTED_EDGE ( 'NONE', *, *, #8137, .F. ) ;
#4322 = LINE ( 'NONE', #3721, #5296 ) ;
#4323 = LINE ( 'NONE', #7962, #9122 ) ;
#4324 = DIRECTION ( 'NONE',  ( -0.0000000000000000000, 1.000000000000000000, -0.0000000000000000000 ) ) ;
#4325 = CIRCLE ( 'NONE', #4540, 9.103553390593294400 ) ;
#4326 = DIRECTION ( 'NONE',  ( 0.0000000000000000000, 0.0000000000000000000, -1.000000000000000000 ) ) ;
#4327 =( GEOMETRIC_REPRESENTATION_CONTEXT ( 3 ) GLOBAL_UNCERTAINTY_ASSIGNED_CONTEXT ( ( #11597 ) ) GLOBAL_UNIT_ASSIGNED_CONTEXT ( ( #318, #4234, #620 ) ) REPRESENTATION_CONTEXT ( 'NONE', 'WORKASPACE' ) );
#4328 = UNCERTAINTY_MEASURE_WITH_UNIT (LENGTH_MEASURE( 1.000000000000000100E-005 ), #1951, 'distance_accuracy_value', 'NONE');
#4329 = CARTESIAN_POINT ( 'NONE',  ( 26.59999999999998700, 38.43999999999999800, 58.75000000000000000 ) ) ;
#4330 = ORIENTED_EDGE ( 'NONE', *, *, #5256, .T. ) ;
#4331 = ORIENTED_EDGE ( 'NONE', *, *, #7661, .F. ) ;
#4332 = LINE ( 'NONE', #11747, #8548 ) ;
#4333 = PLANE ( 'NONE',  #11795 ) ;
#4334 = AXIS2_PLACEMENT_3D ( 'NONE', #4047, #9497, #4085 ) ;
#4335 = DIRECTION ( 'NONE',  ( 0.0000000000000000000, 0.0000000000000000000, 1.000000000000000000 ) ) ;
#4336 = CARTESIAN_POINT ( 'NONE',  ( 28.20000000000000300, 40.00000000000000000, -58.75000000000000000 ) ) ;
#4337 = VECTOR ( 'NONE', #2956, 1000.000000000000000 ) ;
#4338 = EDGE_CURVE ( 'NONE', #10309, #8236, #2003, .T. ) ;
#4339 = CARTESIAN_POINT ( 'NONE',  ( -23.09999999999997700, -38.44000000000001200, 55.99999999999999300 ) ) ;
#4340 = CARTESIAN_POINT ( 'NONE',  ( 38.80786938071279500, -21.10000000000000500, 56.80355594003683700 ) ) ;
#4341 = MECHANICAL_DESIGN_GEOMETRIC_PRESENTATION_REPRESENTATION (  '', ( #2061 ), #8959 ) ;
#4342 = EDGE_CURVE ( 'NONE', #3134, #7960, #6398, .T. ) ;
#4343 = AXIS2_PLACEMENT_3D ( 'NONE', #10768, #6393, #27 ) ;
#4344 = EDGE_LOOP ( 'NONE', ( #9188, #3089, #2299, #9790 ) ) ;
#4345 = ORIENTED_EDGE ( 'NONE', *, *, #10544, .T. ) ;
#4346 = FACE_OUTER_BOUND ( 'NONE', #6937, .T. ) ;
#4347 = CARTESIAN_POINT ( 'NONE',  ( 20.09999999999999800, 42.75000000000000700, 55.74999999999999300 ) ) ;
#4348 = COLOUR_RGB ( '',0.8941176470588234600, 0.9137254901960784000, 0.9294117647058823800 ) ;
#4349 = CARTESIAN_POINT ( 'NONE',  ( 21.09999999999960000, 38.55500506987718300, 56.83639580559808000 ) ) ;
#4350 = CARTESIAN_POINT ( 'NONE',  ( -42.99999999999998600, -40.49999999999997900, 59.00000000000000000 ) ) ;
#4351 = CIRCLE ( 'NONE', #3396, 3.499999999999996000 ) ;
#4352 = ORIENTED_EDGE ( 'NONE', *, *, #9374, .T. ) ;
#4353 = CARTESIAN_POINT ( 'NONE',  ( -23.89379525704667600, -37.97000000000007000, 57.69400999138254300 ) ) ;
#4354 = DIRECTION ( 'NONE',  ( -0.0000000000000000000, 0.0000000000000000000, 1.000000000000000000 ) ) ;
#4355 = SURFACE_STYLE_USAGE ( .BOTH. , #6900 ) ;
#4356 = CARTESIAN_POINT ( 'NONE',  ( 42.74999999999999300, 43.00000000000000700, 48.25000000000000000 ) ) ;
#4357 = DIRECTION ( 'NONE',  ( -1.000000000000000000, 0.0000000000000000000, 0.0000000000000000000 ) ) ;
#4358 = CARTESIAN_POINT ( 'NONE',  ( 38.96999999999998500, -24.17266270251068500, 57.56948464461342500 ) ) ;
#4359 = EDGE_CURVE ( 'NONE', #2553, #2414, #742, .T. ) ;
#4360 = ADVANCED_FACE ( 'NONE', ( #11373 ), #10222, .F. ) ;
#4361 = ORIENTED_EDGE ( 'NONE', *, *, #5239, .F. ) ;
#4362 = EDGE_LOOP ( 'NONE', ( #253, #2537, #10527, #591 ) ) ;
#4363 = LINE ( 'NONE', #4286, #9741 ) ;
#4364 = CARTESIAN_POINT ( 'NONE',  ( -3.605551275463990000, 6.000000000000000000, 72.59999999999999400 ) ) ;
#4365 = CIRCLE ( 'NONE', #1217, 0.2500000000000002200 ) ;
#4366 = CARTESIAN_POINT ( 'NONE',  ( 24.34999999999999800, 38.44000000000001200, 48.25000000000000000 ) ) ;
#4367 = SURFACE_STYLE_FILL_AREA ( #5185 ) ;
#4368 = DIRECTION ( 'NONE',  ( 1.000000000000000000, -2.775557561562890600E-015, 0.0000000000000000000 ) ) ;
#4369 = DIRECTION ( 'NONE',  ( 1.000000000000000000, -0.0000000000000000000, 0.0000000000000000000 ) ) ;
#4370 = DIRECTION ( 'NONE',  ( 1.000000000000000000, 0.0000000000000000000, 0.0000000000000000000 ) ) ;
#4371 = CARTESIAN_POINT ( 'NONE',  ( 25.20000000000001000, -39.99999999999997900, 48.00000000000000000 ) ) ;
#4372 = DIRECTION ( 'NONE',  ( -1.000000000000000000, 0.0000000000000000000, 0.0000000000000000000 ) ) ;
#4373 = VERTEX_POINT ( 'NONE', #265 ) ;
#4374 = ORIENTED_EDGE ( 'NONE', *, *, #3964, .F. ) ;
#4375 = SURFACE_STYLE_FILL_AREA ( #11185 ) ;
#4376 = FACE_OUTER_BOUND ( 'NONE', #4840, .T. ) ;
#4377 = ADVANCED_FACE ( 'NONE', ( #10089 ), #9513, .T. ) ;
#4378 = CARTESIAN_POINT ( 'NONE',  ( -39.99999999999998600, -25.20000000000001000, -58.75000000000000000 ) ) ;
#4379 = EDGE_CURVE ( 'NONE', #7418, #7092, #7643, .T. ) ;
#4380 = ORIENTED_EDGE ( 'NONE', *, *, #2137, .F. ) ;
#4381 = DIRECTION ( 'NONE',  ( -0.0000000000000000000, -0.0000000000000000000, 1.000000000000000000 ) ) ;
#4382 = DIRECTION ( 'NONE',  ( 1.000000000000000000, 0.0000000000000000000, 0.0000000000000000000 ) ) ;
#4383 = DIRECTION ( 'NONE',  ( -1.000000000000000000, 0.0000000000000000000, 0.0000000000000000000 ) ) ;
#4384 = ORIENTED_EDGE ( 'NONE', *, *, #7311, .F. ) ;
#4385 = EDGE_LOOP ( 'NONE', ( #324, #7332, #2008, #3743 ) ) ;
#4386 = LINE ( 'NONE', #2197, #5786 ) ;
#4387 = AXIS2_PLACEMENT_3D ( 'NONE', #5345, #9020, #7159 ) ;
#4388 = LINE ( 'NONE', #10371, #9333 ) ;
#4389 = ORIENTED_EDGE ( 'NONE', *, *, #1711, .F. ) ;
#4390 = SURFACE_STYLE_USAGE ( .BOTH. , #3524 ) ;
#4391 = EDGE_CURVE ( 'NONE', #2159, #3887, #4430, .T. ) ;
#4392 = VERTEX_POINT ( 'NONE', #11048 ) ;
#4393 = CARTESIAN_POINT ( 'NONE',  ( 8.000000000000000000, 0.0000000000000000000, 47.99999999999999300 ) ) ;
#4394 = CARTESIAN_POINT ( 'NONE',  ( 37.96999999999999200, -22.60000000000000100, 57.79579263126747400 ) ) ;
#4395 = ORIENTED_EDGE ( 'NONE', *, *, #7698, .F. ) ;
#4396 = FACE_OUTER_BOUND ( 'NONE', #1912, .T. ) ;
#4397 = DIRECTION ( 'NONE',  ( -7.608436298143899900E-016, -1.000000000000000000, -0.0000000000000000000 ) ) ;
#4398 = CARTESIAN_POINT ( 'NONE',  ( 38.05000000000000400, -34.79999999999998300, 48.25000000000000000 ) ) ;
#4399 = ORIENTED_EDGE ( 'NONE', *, *, #4338, .F. ) ;
#4400 = VERTEX_POINT ( 'NONE', #2927 ) ;
#4401 = DIRECTION ( 'NONE',  ( 1.000000000000000000, 0.0000000000000000000, 0.0000000000000000000 ) ) ;
#4402 = UNCERTAINTY_MEASURE_WITH_UNIT (LENGTH_MEASURE( 1.000000000000000100E-005 ), #6038, 'distance_accuracy_value', 'NONE');
#4403 = AXIS2_PLACEMENT_3D ( 'NONE', #5613, #10990, #5542 ) ;
#4404 = CARTESIAN_POINT ( 'NONE',  ( -27.94999999999998900, 31.19999999999999600, -59.00000000000000000 ) ) ;
#4405 = ORIENTED_EDGE ( 'NONE', *, *, #7525, .F. ) ;
#4406 = CARTESIAN_POINT ( 'NONE',  ( 37.96999999999999200, -21.10000000000000500, 56.49999999999999300 ) ) ;
#4407 = DIRECTION ( 'NONE',  ( -1.000000000000000000, -1.047444401652940000E-014, 0.0000000000000000000 ) ) ;
#4408 = DIRECTION ( 'NONE',  ( 0.0000000000000000000, 1.000000000000000000, 0.0000000000000000000 ) ) ;
#4409 = AXIS2_PLACEMENT_3D ( 'NONE', #3460, #8818, #6120 ) ;
#4410 = ORIENTED_EDGE ( 'NONE', *, *, #6097, .T. ) ;
#4411 = VERTEX_POINT ( 'NONE', #8310 ) ;
#4412 = ORIENTED_EDGE ( 'NONE', *, *, #1813, .F. ) ;
#4413 = AXIS2_PLACEMENT_3D ( 'NONE', #662, #6028, #2616 ) ;
#4414 = CARTESIAN_POINT ( 'NONE',  ( 23.09999999999998000, 38.44000000000000500, 55.99999999999999300 ) ) ;
#4415 = EDGE_CURVE ( 'NONE', #8236, #5932, #8945, .T. ) ;
#4416 = ADVANCED_FACE ( 'NONE', ( #11671 ), #8639, .T. ) ;
#4417 = AXIS2_PLACEMENT_3D ( 'NONE', #10543, #633, #10660 ) ;
#4418 = CARTESIAN_POINT ( 'NONE',  ( -38.96999999999999200, 22.60000000000000100, 56.49999999999999300 ) ) ;
#4419 = SURFACE_STYLE_USAGE ( .BOTH. , #2644 ) ;
#4420 = VECTOR ( 'NONE', #7794, 1000.000000000000000 ) ;
#4421 = DIRECTION ( 'NONE',  ( -1.000000000000000000, 0.0000000000000000000, 0.0000000000000000000 ) ) ;
#4422 = ORIENTED_EDGE ( 'NONE', *, *, #4641, .T. ) ;
#4423 = FACE_OUTER_BOUND ( 'NONE', #9747, .T. ) ;
#4424 = ORIENTED_EDGE ( 'NONE', *, *, #1260, .F. ) ;
#4425 = DIRECTION ( 'NONE',  ( -1.000000000000000000, 0.0000000000000000000, 0.0000000000000000000 ) ) ;
#4426 = AXIS2_PLACEMENT_3D ( 'NONE', #1986, #3762, #2112 ) ;
#4427 = ORIENTED_EDGE ( 'NONE', *, *, #6111, .T. ) ;
#4428 = FILL_AREA_STYLE ('',( #9847 ) ) ;
#4429 = EDGE_CURVE ( 'NONE', #7629, #5089, #6101, .T. ) ;
#4430 = CIRCLE ( 'NONE', #4505, 0.2500000000000002200 ) ;
#4431 = EDGE_LOOP ( 'NONE', ( #2875, #6001, #5385, #3091, #4792, #9469, #9642, #12, #6939, #603 ) ) ;
#4432 = CARTESIAN_POINT ( 'NONE',  ( 8.000000000000000000, 0.0000000000000000000, 59.59999999999996600 ) ) ;
#4433 = CIRCLE ( 'NONE', #5917, 3.250000000000002700 ) ;
#4434 = EDGE_LOOP ( 'NONE', ( #6337, #10882, #7158, #2135 ) ) ;
#4435 = ADVANCED_FACE ( 'NONE', ( #5958 ), #7430, .F. ) ;
#4436 = VECTOR ( 'NONE', #8192, 1000.000000000000100 ) ;
#4437 = CARTESIAN_POINT ( 'NONE',  ( -42.74999999999999300, 26.34999999999999800, 56.24999999999999300 ) ) ;
#4438 =( LENGTH_UNIT ( ) NAMED_UNIT ( * ) SI_UNIT ( .MILLI., .METRE. ) );
#4439 = VERTEX_POINT ( 'NONE', #5518 ) ;
#4440 = DIRECTION ( 'NONE',  ( -1.000000000000000000, 0.0000000000000000000, 0.0000000000000000000 ) ) ;
#4441 = DIRECTION ( 'NONE',  ( -1.000000000000000000, 0.0000000000000000000, 0.0000000000000000000 ) ) ;
#4442 = STYLED_ITEM ( 'NONE', ( #3007 ), #5181 ) ;
#4443 = FILL_AREA_STYLE_COLOUR ( '', #2931 ) ;
#4444 = AXIS2_PLACEMENT_3D ( 'NONE', #10273, #9429, #4961 ) ;
#4445 = ORIENTED_EDGE ( 'NONE', *, *, #3986, .T. ) ;
#4446 = EDGE_LOOP ( 'NONE', ( #6648, #3480, #3783, #5535 ) ) ;
#4447 = DIRECTION ( 'NONE',  ( -0.0000000000000000000, 0.0000000000000000000, 1.000000000000000000 ) ) ;
#4448 = DIRECTION ( 'NONE',  ( -0.0000000000000000000, -1.000000000000000000, -0.0000000000000000000 ) ) ;
#4449 = ORIENTED_EDGE ( 'NONE', *, *, #8911, .F. ) ;
#4450 = CYLINDRICAL_SURFACE ( 'NONE', #4343, 1.250000000000008000 ) ;
#4451 = EDGE_CURVE ( 'NONE', #6888, #3507, #163, .T. ) ;
#4452 = EDGE_CURVE ( 'NONE', #666, #7445, #2435, .T. ) ;
#4453 = CARTESIAN_POINT ( 'NONE',  ( 28.20000000000000300, 31.19999999999999600, -58.75000000000000000 ) ) ;
#4454 = ORIENTED_EDGE ( 'NONE', *, *, #881, .F. ) ;
#4455 = CARTESIAN_POINT ( 'NONE',  ( 39.69000000000001900, -23.09999999999998700, 55.74999999999999300 ) ) ;
#4456 = LINE ( 'NONE', #10055, #11399 ) ;
#4457 = EDGE_LOOP ( 'NONE', ( #8907, #297, #6169, #1512, #8852 ) ) ;
#4458 = FACE_OUTER_BOUND ( 'NONE', #10490, .T. ) ;
#4459 = CARTESIAN_POINT ( 'NONE',  ( -42.99999999999999300, 20.10000000000000100, 55.74999999999999300 ) ) ;
#4460 = VECTOR ( 'NONE', #10518, 1000.000000000000000 ) ;
#4461 = MECHANICAL_DESIGN_GEOMETRIC_PRESENTATION_REPRESENTATION (  '', ( #11132 ), #2636 ) ;
#4462 = CARTESIAN_POINT ( 'NONE',  ( 28.20000000000000300, 28.19999999999999600, 48.00000000000000000 ) ) ;
#4463 =( LENGTH_UNIT ( ) NAMED_UNIT ( * ) SI_UNIT ( .MILLI., .METRE. ) );
#4464 = CARTESIAN_POINT ( 'NONE',  ( 26.09999999999998700, 38.43999999999999800, 55.99999999999999300 ) ) ;
#4465 =( NAMED_UNIT ( * ) SI_UNIT ( $, .STERADIAN. ) SOLID_ANGLE_UNIT ( ) );
#4466 = EDGE_CURVE ( 'NONE', #8997, #9661, #3005, .T. ) ;
#4467 = VERTEX_POINT ( 'NONE', #10154 ) ;
#4468 = ORIENTED_EDGE ( 'NONE', *, *, #5636, .T. ) ;
#4469 = LINE ( 'NONE', #10682, #778 ) ;
#4470 = CARTESIAN_POINT ( 'NONE',  ( 0.0000000000000000000, 0.0000000000000000000, -59.00000000000000000 ) ) ;
#4471 = TOROIDAL_SURFACE ( 'NONE', #660, 2.250000000000000400, 0.2500000000000000000 ) ;
#4472 = CARTESIAN_POINT ( 'NONE',  ( 21.09999999999960000, 38.47000000000021200, 56.83639580559806600 ) ) ;
#4473 = DIRECTION ( 'NONE',  ( 0.0000000000000000000, 0.0000000000000000000, -1.000000000000000000 ) ) ;
#4474 = AXIS2_PLACEMENT_3D ( 'NONE', #5832, #7702, #4181 ) ;
#4475 = CARTESIAN_POINT ( 'NONE',  ( 39.99999999999999300, 27.94999999999999600, -58.75000000000000000 ) ) ;
#4476 = DIRECTION ( 'NONE',  ( 0.0000000000000000000, -0.0000000000000000000, 1.000000000000000000 ) ) ;
#4477 = EDGE_LOOP ( 'NONE', ( #5401, #7390, #10800, #9203 ) ) ;
#4478 = VERTEX_POINT ( 'NONE', #7468 ) ;
#4479 = SURFACE_STYLE_FILL_AREA ( #3478 ) ;
#4480 = EDGE_CURVE ( 'NONE', #8934, #1275, #1292, .T. ) ;
#4481 = CIRCLE ( 'NONE', #3324, 3.308340903158648600 ) ;
#4482 = EDGE_CURVE ( 'NONE', #4996, #9320, #6662, .T. ) ;
#4483 = DIRECTION ( 'NONE',  ( 1.000000000000000000, 0.0000000000000000000, 0.0000000000000000000 ) ) ;
#4484 = UNCERTAINTY_MEASURE_WITH_UNIT (LENGTH_MEASURE( 1.000000000000000100E-005 ), #449, 'distance_accuracy_value', 'NONE');
#4485 = DIRECTION ( 'NONE',  ( 1.521687259628777600E-015, 1.000000000000000000, -0.0000000000000000000 ) ) ;
#4486 = DIRECTION ( 'NONE',  ( -3.491481338843133400E-015, 1.000000000000000000, 0.0000000000000000000 ) ) ;
#4487 = DIRECTION ( 'NONE',  ( 0.0000000000000000000, 0.0000000000000000000, -1.000000000000000000 ) ) ;
#4488 = VERTEX_POINT ( 'NONE', #10045 ) ;
#4489 = DIRECTION ( 'NONE',  ( -0.0000000000000000000, -0.0000000000000000000, 1.000000000000000000 ) ) ;
#4490 = EDGE_LOOP ( 'NONE', ( #9774, #9922, #2035, #9274 ) ) ;
#4491 = CYLINDRICAL_SURFACE ( 'NONE', #7941, 0.2500000000000002200 ) ;
#4492 = STYLED_ITEM ( 'NONE', ( #8664 ), #3227 ) ;
#4493 = VECTOR ( 'NONE', #5848, 1000.000000000000000 ) ;
#4494 = ADVANCED_FACE ( 'NONE', ( #579 ), #1566, .T. ) ;
#4495 = EDGE_LOOP ( 'NONE', ( #3414, #6725, #5800, #4424 ) ) ;
#4496 = DIRECTION ( 'NONE',  ( -0.0000000000000000000, -0.0000000000000000000, 1.000000000000000000 ) ) ;
#4497 = AXIS2_PLACEMENT_3D ( 'NONE', #8047, #9892, #8090 ) ;
#4498 = CARTESIAN_POINT ( 'NONE',  ( -23.09999999999997700, -38.44000000000001200, -58.75000000000000000 ) ) ;
#4499 = CARTESIAN_POINT ( 'NONE',  ( -8.000000000000000000, 9.797174393178825700E-016, -58.99999999999999300 ) ) ;
#4500 = ORIENTED_EDGE ( 'NONE', *, *, #1302, .F. ) ;
#4501 = VERTEX_POINT ( 'NONE', #2199 ) ;
#4502 = EDGE_CURVE ( 'NONE', #7287, #4985, #7084, .T. ) ;
#4503 = VECTOR ( 'NONE', #6408, 1000.000000000000000 ) ;
#4504 = DIRECTION ( 'NONE',  ( 1.035197933661466500E-014, -1.000000000000000000, 1.357780870624565100E-032 ) ) ;
#4505 = AXIS2_PLACEMENT_3D ( 'NONE', #5590, #2083, #6578 ) ;
#4506 = EDGE_CURVE ( 'NONE', #6364, #216, #20, .T. ) ;
#4507 = PLANE ( 'NONE',  #11765 ) ;
#4508 = EDGE_LOOP ( 'NONE', ( #5976, #6387, #2185, #11657 ) ) ;
#4509 =( LENGTH_UNIT ( ) NAMED_UNIT ( * ) SI_UNIT ( .MILLI., .METRE. ) );
#4510 = B_SPLINE_CURVE_WITH_KNOTS ( 'NONE', 3,
 ( #1609, #1701, #7893, #10658, #3452, #4239 ),
 .UNSPECIFIED., .F., .F.,
 ( 4, 2, 4 ),
 ( 0.01191150001962899500, 0.01216198312822891800, 0.01241246623682884000 ),
 .UNSPECIFIED. ) ;
#4511 = DIRECTION ( 'NONE',  ( 1.000000000000000000, 0.0000000000000000000, 0.0000000000000000000 ) ) ;
#4512 = CARTESIAN_POINT ( 'NONE',  ( -31.19999999999998200, -31.20000000000000600, -59.00000000000000000 ) ) ;
#4513 = DIRECTION ( 'NONE',  ( 1.000000000000000000, 1.047444401652940000E-014, 0.0000000000000000000 ) ) ;
#4514 =( GEOMETRIC_REPRESENTATION_CONTEXT ( 3 ) GLOBAL_UNCERTAINTY_ASSIGNED_CONTEXT ( ( #3833 ) ) GLOBAL_UNIT_ASSIGNED_CONTEXT ( ( #3845, #10148, #1127 ) ) REPRESENTATION_CONTEXT ( 'NONE', 'WORKASPACE' ) );
#4515 = DIRECTION ( 'NONE',  ( -0.0000000000000000000, 1.000000000000000000, 0.0000000000000000000 ) ) ;
#4516 = VERTEX_POINT ( 'NONE', #4930 ) ;
#4517 = EDGE_CURVE ( 'NONE', #7253, #1321, #4839, .T. ) ;
#4518 = ORIENTED_EDGE ( 'NONE', *, *, #5058, .T. ) ;
#4519 = FACE_BOUND ( 'NONE', #4912, .T. ) ;
#4520 = CARTESIAN_POINT ( 'NONE',  ( 40.46999999999998500, -23.43960852329040300, 56.80943189897301000 ) ) ;
#4521 = SURFACE_STYLE_USAGE ( .BOTH. , #36 ) ;
#4522 = LINE ( 'NONE', #7663, #8733 ) ;
#4523 = CARTESIAN_POINT ( 'NONE',  ( -22.59999999999987000, -37.97000000000006300, 56.49999999999999300 ) ) ;
#4524 = CIRCLE ( 'NONE', #201, 0.2500000000000002200 ) ;
#4525 = ORIENTED_EDGE ( 'NONE', *, *, #7130, .T. ) ;
#4526 = CARTESIAN_POINT ( 'NONE',  ( 19.59999999999999100, 43.00000000000000700, 59.00000000000000000 ) ) ;
#4527 = STYLED_ITEM ( 'NONE', ( #1969 ), #5828 ) ;
#4528 = FILL_AREA_STYLE ('',( #5423 ) ) ;
#4529 = ORIENTED_EDGE ( 'NONE', *, *, #3438, .T. ) ;
#4530 = EDGE_LOOP ( 'NONE', ( #9297, #8144, #4352, #7243 ) ) ;
#4531 = FACE_OUTER_BOUND ( 'NONE', #6926, .T. ) ;
#4532 = EDGE_CURVE ( 'NONE', #1433, #5250, #5403, .T. ) ;
#4533 = DIRECTION ( 'NONE',  ( 0.0000000000000000000, -1.000000000000000000, 0.0000000000000000000 ) ) ;
#4534 = FACE_OUTER_BOUND ( 'NONE', #2720, .T. ) ;
#4535 = CARTESIAN_POINT ( 'NONE',  ( 40.49999999999999300, -40.49999999999997900, 48.25000000000000000 ) ) ;
#4536 = CARTESIAN_POINT ( 'NONE',  ( -31.19999999999998200, -31.20000000000000600, -59.00000000000000000 ) ) ;
#4537 = FILL_AREA_STYLE_COLOUR ( '', #1730 ) ;
#4538 = FILL_AREA_STYLE_COLOUR ( '', #8549 ) ;
#4539 = VERTEX_POINT ( 'NONE', #3929 ) ;
#4540 = AXIS2_PLACEMENT_3D ( 'NONE', #9976, #9159, #2849 ) ;
#4541 = ORIENTED_EDGE ( 'NONE', *, *, #6008, .F. ) ;
#4542 = FACE_OUTER_BOUND ( 'NONE', #8165, .T. ) ;
#4543 = SURFACE_SIDE_STYLE ('',( #7886 ) ) ;
#4544 = LINE ( 'NONE', #5019, #9793 ) ;
#4545 = ORIENTED_EDGE ( 'NONE', *, *, #7816, .F. ) ;
#4546 = ORIENTED_EDGE ( 'NONE', *, *, #608, .T. ) ;
#4547 = EDGE_CURVE ( 'NONE', #8786, #2958, #4976, .T. ) ;
#4548 = ADVANCED_FACE ( 'NONE', ( #11659 ), #4067, .T. ) ;
#4549 = SURFACE_SIDE_STYLE ('',( #1125 ) ) ;
#4550 = CARTESIAN_POINT ( 'NONE',  ( 39.99999999999999300, 27.94999999999999600, -58.75000000000000000 ) ) ;
#4551 = DIRECTION ( 'NONE',  ( 1.000000000000000000, 0.0000000000000000000, 0.0000000000000000000 ) ) ;
#4552 = DIRECTION ( 'NONE',  ( 0.0000000000000000000, -1.000000000000000000, 0.0000000000000000000 ) ) ;
#4553 = EDGE_LOOP ( 'NONE', ( #9598, #5022, #10397, #5841 ) ) ;
#4554 = EDGE_LOOP ( 'NONE', ( #9599, #9751, #5419, #7203 ) ) ;
#4555 = CIRCLE ( 'NONE', #8491, 1.250000000000008000 ) ;
#4556 = PRESENTATION_LAYER_ASSIGNMENT (  '', '', ( #4844 ) ) ;
#4557 = DIRECTION ( 'NONE',  ( -1.000000000000000000, 0.0000000000000000000, 0.0000000000000000000 ) ) ;
#4558 = PLANE ( 'NONE',  #8981 ) ;
#4559 = DIRECTION ( 'NONE',  ( -5.804445973478831400E-015, 1.000000000000000000, 0.0000000000000000000 ) ) ;
#4560 = DIRECTION ( 'NONE',  ( 1.000000000000000000, 0.0000000000000000000, 0.0000000000000000000 ) ) ;
#4561 = ORIENTED_EDGE ( 'NONE', *, *, #574, .T. ) ;
#4562 =( GEOMETRIC_REPRESENTATION_CONTEXT ( 3 ) GLOBAL_UNCERTAINTY_ASSIGNED_CONTEXT ( ( #3095 ) ) GLOBAL_UNIT_ASSIGNED_CONTEXT ( ( #7100, #8880, #5365 ) ) REPRESENTATION_CONTEXT ( 'NONE', 'WORKASPACE' ) );
#4563 = SURFACE_STYLE_FILL_AREA ( #2514 ) ;
#4564 = VERTEX_POINT ( 'NONE', #6618 ) ;
#4565 = EDGE_CURVE ( 'NONE', #316, #9768, #9367, .T. ) ;
#4566 = ORIENTED_EDGE ( 'NONE', *, *, #9016, .T. ) ;
#4567 = ORIENTED_EDGE ( 'NONE', *, *, #3731, .T. ) ;
#4568 = AXIS2_PLACEMENT_3D ( 'NONE', #125, #2863, #202 ) ;
#4569 = DIRECTION ( 'NONE',  ( 0.0000000000000000000, 0.0000000000000000000, 1.000000000000000000 ) ) ;
#4570 = ADVANCED_FACE ( 'NONE', ( #10653 ), #4278, .F. ) ;
#4571 = ORIENTED_EDGE ( 'NONE', *, *, #10615, .T. ) ;
#4572 = AXIS2_PLACEMENT_3D ( 'NONE', #6162, #3626, #11756 ) ;
#4573 = EDGE_LOOP ( 'NONE', ( #4780, #10203, #657 ) ) ;
#4574 = DIRECTION ( 'NONE',  ( 0.0000000000000000000, -1.000000000000000000, 0.0000000000000000000 ) ) ;
#4575 = DIRECTION ( 'NONE',  ( -0.0000000000000000000, 0.0000000000000000000, 1.000000000000000000 ) ) ;
#4576 = EDGE_LOOP ( 'NONE', ( #9702, #2540, #8479, #10082, #4154 ) ) ;
#4577 = EDGE_LOOP ( 'NONE', ( #8396, #7164 ) ) ;
#4578 =( GEOMETRIC_REPRESENTATION_CONTEXT ( 3 ) GLOBAL_UNCERTAINTY_ASSIGNED_CONTEXT ( ( #2593 ) ) GLOBAL_UNIT_ASSIGNED_CONTEXT ( ( #9905, #5376, #832 ) ) REPRESENTATION_CONTEXT ( 'NONE', 'WORKASPACE' ) );
#4579 = EDGE_CURVE ( 'NONE', #1283, #2761, #1010, .T. ) ;
#4580 = CARTESIAN_POINT ( 'NONE',  ( 22.59999999999959300, 38.97000000000022600, 56.49999999999999300 ) ) ;
#4581 = DIRECTION ( 'NONE',  ( 0.0000000000000000000, 0.0000000000000000000, -1.000000000000000000 ) ) ;
#4582 = VERTEX_POINT ( 'NONE', #2126 ) ;
#4583 = CARTESIAN_POINT ( 'NONE',  ( -25.59999999999986300, -38.47000000000007700, 55.99999999999999300 ) ) ;
#4584 = CARTESIAN_POINT ( 'NONE',  ( 38.46999999999999200, -25.10000000000000500, 56.83639580559805200 ) ) ;
#4585 = COLOUR_RGB ( '',0.2000000000000000100, 0.2000000000000000100, 0.2000000000000000100 ) ;
#4586 = CARTESIAN_POINT ( 'NONE',  ( 37.96999999999999200, -22.60000000000000100, 56.49999999999999300 ) ) ;
#4587 = COLOUR_RGB ( '',0.8941176470588234600, 0.9137254901960784000, 0.9294117647058823800 ) ;
#4588 = DIRECTION ( 'NONE',  ( -0.0000000000000000000, -1.000000000000000000, -0.0000000000000000000 ) ) ;
#4589 = FACE_OUTER_BOUND ( 'NONE', #2638, .T. ) ;
#4590 =( NAMED_UNIT ( * ) PLANE_ANGLE_UNIT ( ) SI_UNIT ( $, .RADIAN. ) );
#4591 = ORIENTED_EDGE ( 'NONE', *, *, #2296, .F. ) ;
#4592 = PRESENTATION_STYLE_ASSIGNMENT (( #251 ) ) ;
#4593 = PRESENTATION_STYLE_ASSIGNMENT (( #9314 ) ) ;
#4594 = EDGE_CURVE ( 'NONE', #6955, #9320, #6090, .T. ) ;
#4595 = VECTOR ( 'NONE', #4560, 1000.000000000000000 ) ;
#4596 = CARTESIAN_POINT ( 'NONE',  ( -25.19999999999998900, 39.99999999999998600, -59.00000000000000000 ) ) ;
#4597 = DIRECTION ( 'NONE',  ( 1.000000000000000000, 0.0000000000000000000, 0.0000000000000000000 ) ) ;
#4598 = ADVANCED_FACE ( 'NONE', ( #7219 ), #5104, .T. ) ;
#4599 = ORIENTED_EDGE ( 'NONE', *, *, #9454, .T. ) ;
#4600 = VERTEX_POINT ( 'NONE', #8465 ) ;
#4601 = VECTOR ( 'NONE', #7129, 1000.000000000000000 ) ;
#4602 = DIRECTION ( 'NONE',  ( 0.0000000000000000000, 0.0000000000000000000, -1.000000000000000000 ) ) ;
#4603 = VECTOR ( 'NONE', #8919, 1000.000000000000000 ) ;
#4604 = CARTESIAN_POINT ( 'NONE',  ( -36.46999999999999900, 22.60000000000000100, 56.49999999999999300 ) ) ;
#4605 = PRESENTATION_STYLE_ASSIGNMENT (( #9242 ) ) ;
#4606 = CARTESIAN_POINT ( 'NONE',  ( -22.59999999999987000, -37.97000000000006300, 57.79579263126746700 ) ) ;
#4607 = EDGE_CURVE ( 'NONE', #4070, #11793, #2580, .T. ) ;
#4608 = ORIENTED_EDGE ( 'NONE', *, *, #8263, .F. ) ;
#4609 = ORIENTED_EDGE ( 'NONE', *, *, #2691, .F. ) ;
#4610 = FACE_OUTER_BOUND ( 'NONE', #10053, .T. ) ;
#4611 = CARTESIAN_POINT ( 'NONE',  ( 38.43999999999999800, -19.84999999999999100, 55.99999999999999300 ) ) ;
#4612 = FACE_OUTER_BOUND ( 'NONE', #561, .T. ) ;
#4613 = DIRECTION ( 'NONE',  ( 1.000000000000000000, 0.0000000000000000000, -0.0000000000000000000 ) ) ;
#4614 = FACE_OUTER_BOUND ( 'NONE', #4964, .T. ) ;
#4615 = DIRECTION ( 'NONE',  ( 1.000000000000000000, 0.0000000000000000000, 0.0000000000000000000 ) ) ;
#4616 = DIRECTION ( 'NONE',  ( 0.0000000000000000000, -1.000000000000000000, 1.108712219367988300E-016 ) ) ;
#4617 = AXIS2_PLACEMENT_3D ( 'NONE', #2358, #10673, #7044 ) ;
#4618 = CARTESIAN_POINT ( 'NONE',  ( 0.0000000000000000000, 0.0000000000000000000, 59.59999999999996600 ) ) ;
#4619 =( NAMED_UNIT ( * ) PLANE_ANGLE_UNIT ( ) SI_UNIT ( $, .RADIAN. ) );
#4620 = ORIENTED_EDGE ( 'NONE', *, *, #4852, .F. ) ;
#4621 = ORIENTED_EDGE ( 'NONE', *, *, #10671, .T. ) ;
#4622 = CIRCLE ( 'NONE', #2124, 2.999999999999999100 ) ;
#4623 = LINE ( 'NONE', #1696, #1928 ) ;
#4624 = AXIS2_PLACEMENT_3D ( 'NONE', #8519, #3285, #9448 ) ;
#4625 = CARTESIAN_POINT ( 'NONE',  ( -38.43999999999999800, 23.09999999999999100, -59.00000000000000000 ) ) ;
#4626 = CARTESIAN_POINT ( 'NONE',  ( 43.00000000000000000, 40.50000000000000700, 59.00000000000000000 ) ) ;
#4627 = CIRCLE ( 'NONE', #10842, 1.500000000000001300 ) ;
#4628 = EDGE_LOOP ( 'NONE', ( #309, #3305 ) ) ;
#4629 = EDGE_CURVE ( 'NONE', #11302, #3732, #5817, .T. ) ;
#4630 = DIRECTION ( 'NONE',  ( -1.000000000000000000, 1.521687259628777600E-015, -0.0000000000000000000 ) ) ;
#4631 = AXIS2_PLACEMENT_3D ( 'NONE', #2939, #10981, #1967 ) ;
#4632 = EDGE_CURVE ( 'NONE', #6495, #8278, #11360, .T. ) ;
#4633 = MECHANICAL_DESIGN_GEOMETRIC_PRESENTATION_REPRESENTATION (  '', ( #2363 ), #10099 ) ;
#4634 = ORIENTED_EDGE ( 'NONE', *, *, #4213, .F. ) ;
#4635 = CIRCLE ( 'NONE', #11461, 0.2500000000000002200 ) ;
#4636 = VECTOR ( 'NONE', #11174, 1000.000000000000000 ) ;
#4637 = CARTESIAN_POINT ( 'NONE',  ( 38.46999999999999200, -23.09999999999999800, 54.73916976027089700 ) ) ;
#4638 = AXIS2_PLACEMENT_3D ( 'NONE', #1700, #4447, #8974 ) ;
#4639 = CARTESIAN_POINT ( 'NONE',  ( -38.96999999999999200, 22.02930228490728500, 57.55735127863044900 ) ) ;
#4640 = DIRECTION ( 'NONE',  ( 1.000000000000000000, 0.0000000000000000000, 0.0000000000000000000 ) ) ;
#4641 = EDGE_CURVE ( 'NONE', #11234, #11409, #3428, .T. ) ;
#4642 = EDGE_LOOP ( 'NONE', ( #5825, #9173, #2990, #9085 ) ) ;
#4643 = VERTEX_POINT ( 'NONE', #564 ) ;
#4644 = LINE ( 'NONE', #366, #6033 ) ;
#4645 = CYLINDRICAL_SURFACE ( 'NONE', #8953, 1.250000000000008000 ) ;
#4646 = AXIS2_PLACEMENT_3D ( 'NONE', #2511, #4962, #5188 ) ;
#4647 = VERTEX_POINT ( 'NONE', #2397 ) ;
#4648 = AXIS2_PLACEMENT_3D ( 'NONE', #3761, #11072, #8344 ) ;
#4649 = CARTESIAN_POINT ( 'NONE',  ( 40.46999999999999200, -23.60000000000000100, 56.49999999999999300 ) ) ;
#4650 = ADVANCED_FACE ( 'NONE', ( #10369 ), #7928, .T. ) ;
#4651 = DIRECTION ( 'NONE',  ( -1.000000000000000000, 0.0000000000000000000, 0.0000000000000000000 ) ) ;
#4652 = DIRECTION ( 'NONE',  ( -0.0000000000000000000, -0.0000000000000000000, 1.000000000000000000 ) ) ;
#4653 = DIRECTION ( 'NONE',  ( 0.0000000000000000000, 0.0000000000000000000, 1.000000000000000000 ) ) ;
#4654 = EDGE_LOOP ( 'NONE', ( #1668, #1274, #10661, #11365 ) ) ;
#4655 = AXIS2_PLACEMENT_3D ( 'NONE', #3729, #10004, #9002 ) ;
#4656 = LINE ( 'NONE', #11003, #2544 ) ;
#4657 = DIRECTION ( 'NONE',  ( -1.000000000000000000, 0.0000000000000000000, 0.0000000000000000000 ) ) ;
#4658 = EDGE_CURVE ( 'NONE', #2415, #7553, #1842, .T. ) ;
#4659 = ORIENTED_EDGE ( 'NONE', *, *, #6843, .F. ) ;
#4660 = CARTESIAN_POINT ( 'NONE',  ( 43.00000000000000000, -19.84999999999999800, 56.24999999999999300 ) ) ;
#4661 = DIRECTION ( 'NONE',  ( 3.491481338843133400E-015, -1.000000000000000000, -0.0000000000000000000 ) ) ;
#4662 = ORIENTED_EDGE ( 'NONE', *, *, #6551, .F. ) ;
#4663 = CARTESIAN_POINT ( 'NONE',  ( 36.46999999999999900, -23.27313915899452100, 56.83614593112137200 ) ) ;
#4664 = SURFACE_SIDE_STYLE ('',( #82 ) ) ;
#4665 = ORIENTED_EDGE ( 'NONE', *, *, #2555, .T. ) ;
#4666 = AXIS2_PLACEMENT_3D ( 'NONE', #4999, #11347, #7692 ) ;
#4667 = CARTESIAN_POINT ( 'NONE',  ( 2.499999999999999600, 48.99999999999998600, -53.50000000000000000 ) ) ;
#4668 = ORIENTED_EDGE ( 'NONE', *, *, #11301, .T. ) ;
#4669 = VERTEX_POINT ( 'NONE', #3350 ) ;
#4670 = CARTESIAN_POINT ( 'NONE',  ( 23.09999999999999400, 38.44000000000001200, 48.25000000000000000 ) ) ;
#4671 = EDGE_CURVE ( 'NONE', #5039, #1692, #441, .T. ) ;
#4672 = ORIENTED_EDGE ( 'NONE', *, *, #9981, .T. ) ;
#4673 = CARTESIAN_POINT ( 'NONE',  ( 43.00000000000000000, 25.19999999999999600, -58.75000000000000000 ) ) ;
#4674 = DIRECTION ( 'NONE',  ( 0.0000000000000000000, 0.0000000000000000000, -1.000000000000000000 ) ) ;
#4675 = CARTESIAN_POINT ( 'NONE',  ( 0.0000000000000000000, 0.0000000000000000000, 97.60000000000000900 ) ) ;
#4676 = VERTEX_POINT ( 'NONE', #4150 ) ;
#4677 = CARTESIAN_POINT ( 'NONE',  ( -31.54999999999997900, -34.80000000000000400, 48.25000000000000000 ) ) ;
#4678 = PLANE ( 'NONE',  #3838 ) ;
#4679 = TOROIDAL_SURFACE ( 'NONE', #5937, 1.500000000000004700, 0.2500000000000000000 ) ;
#4680 = DIRECTION ( 'NONE',  ( 1.000000000000000000, -1.776356839400250500E-015, 0.0000000000000000000 ) ) ;
#4681 = ORIENTED_EDGE ( 'NONE', *, *, #9301, .T. ) ;
#4682 = EDGE_LOOP ( 'NONE', ( #6644, #3736, #9018, #8210 ) ) ;
#4683 = UNCERTAINTY_MEASURE_WITH_UNIT (LENGTH_MEASURE( 1.000000000000000100E-005 ), #11509, 'distance_accuracy_value', 'NONE');
#4684 = MECHANICAL_DESIGN_GEOMETRIC_PRESENTATION_REPRESENTATION (  '', ( #10993 ), #5282 ) ;
#4685 = EDGE_LOOP ( 'NONE', ( #842, #6850, #2495, #3079 ) ) ;
#4686 = CARTESIAN_POINT ( 'NONE',  ( -38.43999999999999800, 23.09999999999999100, 48.25000000000000000 ) ) ;
#4687 = EDGE_CURVE ( 'NONE', #588, #7047, #8493, .T. ) ;
#4688 = CARTESIAN_POINT ( 'NONE',  ( 38.96999999999999200, -23.60000000000000100, 57.79579263126746700 ) ) ;
#4689 = EDGE_CURVE ( 'NONE', #537, #550, #729, .T. ) ;
#4690 = VERTEX_POINT ( 'NONE', #5070 ) ;
#4691 = DIRECTION ( 'NONE',  ( -0.0000000000000000000, 0.0000000000000000000, 1.000000000000000000 ) ) ;
#4692 = ORIENTED_EDGE ( 'NONE', *, *, #8337, .T. ) ;
#4693 = PLANE ( 'NONE',  #10410 ) ;
#4694 = CARTESIAN_POINT ( 'NONE',  ( 43.00000000000000000, 25.19999999999999600, -59.00000000000000000 ) ) ;
#4695 = DIRECTION ( 'NONE',  ( 0.0000000000000000000, 0.0000000000000000000, -1.000000000000000000 ) ) ;
#4696 = SURFACE_SIDE_STYLE ('',( #6571 ) ) ;
#4697 = ORIENTED_EDGE ( 'NONE', *, *, #2423, .F. ) ;
#4698 = MECHANICAL_DESIGN_GEOMETRIC_PRESENTATION_REPRESENTATION (  '', ( #10786 ), #2275 ) ;
#4699 = VECTOR ( 'NONE', #9819, 1000.000000000000000 ) ;
#4700 = AXIS2_PLACEMENT_3D ( 'NONE', #1206, #308, #2889 ) ;
#4701 = ORIENTED_EDGE ( 'NONE', *, *, #2099, .F. ) ;
#4702 = CARTESIAN_POINT ( 'NONE',  ( -40.49999999999997900, -40.49999999999998600, 48.25000000000000000 ) ) ;
#4703 = FILL_AREA_STYLE ('',( #3815 ) ) ;
#4704 = EDGE_LOOP ( 'NONE', ( #6619, #3919, #4768, #6621 ) ) ;
#4705 = DIRECTION ( 'NONE',  ( 1.000000000000000000, 2.753529326947313900E-016, 0.0000000000000000000 ) ) ;
#4706 = CARTESIAN_POINT ( 'NONE',  ( 42.74999999999999300, -26.09999999999999400, 56.24999999999999300 ) ) ;
#4707 = DIRECTION ( 'NONE',  ( -0.0000000000000000000, 0.0000000000000000000, 1.000000000000000000 ) ) ;
#4708 = CARTESIAN_POINT ( 'NONE',  ( -35.18999999999999800, 23.09999999999999100, 58.75000000000000000 ) ) ;
#4709 = AXIS2_PLACEMENT_3D ( 'NONE', #7509, #8503, #2123 ) ;
#4710 = ORIENTED_EDGE ( 'NONE', *, *, #4451, .T. ) ;
#4711 = EDGE_CURVE ( 'NONE', #2905, #5520, #8218, .T. ) ;
#4712 = ADVANCED_FACE ( 'NONE', ( #10077 ), #11435, .F. ) ;
#4713 = COLOUR_RGB ( '',0.8941176470588234600, 0.9137254901960784000, 0.9294117647058823800 ) ;
#4714 = ORIENTED_EDGE ( 'NONE', *, *, #4632, .T. ) ;
#4715 = DIRECTION ( 'NONE',  ( -0.0000000000000000000, 0.0000000000000000000, 1.000000000000000000 ) ) ;
#4716 = AXIS2_PLACEMENT_3D ( 'NONE', #2242, #3960, #3998 ) ;
#4717 = CARTESIAN_POINT ( 'NONE',  ( -23.09999999999986300, -38.47000000000007700, 55.99999999999999300 ) ) ;
#4718 = CARTESIAN_POINT ( 'NONE',  ( 38.96999999999999200, -22.60000000000000100, 57.79579263126746700 ) ) ;
#4719 = EDGE_CURVE ( 'NONE', #5454, #3294, #7631, .T. ) ;
#4720 = AXIS2_PLACEMENT_3D ( 'NONE', #8964, #4581, #9891 ) ;
#4721 = CARTESIAN_POINT ( 'NONE',  ( -34.79999999999999700, 34.79999999999999000, 48.25000000000000000 ) ) ;
#4722 =( NAMED_UNIT ( * ) SI_UNIT ( $, .STERADIAN. ) SOLID_ANGLE_UNIT ( ) );
#4723 = FILL_AREA_STYLE ('',( #1946 ) ) ;
#4724 = CARTESIAN_POINT ( 'NONE',  ( 38.43999999999999800, -26.09999999999998700, 56.24999999999999300 ) ) ;
#4725 = CYLINDRICAL_SURFACE ( 'NONE', #10943, 1.250000000000001100 ) ;
#4726 = ORIENTED_EDGE ( 'NONE', *, *, #4819, .F. ) ;
#4727 = LINE ( 'NONE', #6423, #8822 ) ;
#4728 = AXIS2_PLACEMENT_3D ( 'NONE', #1806, #1011, #9928 ) ;
#4729 = ADVANCED_FACE ( 'NONE', ( #8929 ), #9215, .F. ) ;
#4730 = LINE ( 'NONE', #9688, #605 ) ;
#4731 = CARTESIAN_POINT ( 'NONE',  ( 37.96999999999999200, -23.74852751943421600, 57.75230104942099300 ) ) ;
#4732 = DIRECTION ( 'NONE',  ( -0.0000000000000000000, 0.0000000000000000000, 1.000000000000000000 ) ) ;
#4733 = EDGE_CURVE ( 'NONE', #9853, #2147, #6514, .T. ) ;
#4734 = DIRECTION ( 'NONE',  ( 0.0000000000000000000, 0.0000000000000000000, -1.000000000000000000 ) ) ;
#4735 = CARTESIAN_POINT ( 'NONE',  ( -36.46999999999999900, 23.60000000000000100, 56.49999999999999300 ) ) ;
#4736 = DIRECTION ( 'NONE',  ( -1.000000000000000000, 0.0000000000000000000, 0.0000000000000000000 ) ) ;
#4737 = CARTESIAN_POINT ( 'NONE',  ( -28.19999999999998900, 31.19999999999999600, -58.75000000000000000 ) ) ;
#4738 = CARTESIAN_POINT ( 'NONE',  ( -40.05593362000730900, 23.60000000000000500, 57.21087685217727200 ) ) ;
#4739 = EDGE_LOOP ( 'NONE', ( #1558, #2043 ) ) ;
#4740 = B_SPLINE_CURVE_WITH_KNOTS ( 'NONE', 3,
 ( #7609, #3139, #10542, #8721, #10507, #5053, #1350, #4168 ),
 .UNSPECIFIED., .F., .F.,
 ( 4, 2, 2, 4 ),
 ( 0.01712125363646609500, 0.01758061768880457900, 0.01803998174114306400, 0.01895870984582006000 ),
 .UNSPECIFIED. ) ;
#4741 = CIRCLE ( 'NONE', #11419, 1.500000000000001300 ) ;
#4742 = AXIS2_PLACEMENT_3D ( 'NONE', #6833, #3296, #8568 ) ;
#4743 = VECTOR ( 'NONE', #3572, 1000.000000000000000 ) ;
#4744 = DIRECTION ( 'NONE',  ( 1.000000000000000000, 0.0000000000000000000, 0.0000000000000000000 ) ) ;
#4745 = DIRECTION ( 'NONE',  ( -1.000000000000000000, 1.521687259628777600E-015, -0.0000000000000000000 ) ) ;
#4746 = ORIENTED_EDGE ( 'NONE', *, *, #249, .T. ) ;
#4747 = DIRECTION ( 'NONE',  ( 1.000000000000000000, 0.0000000000000000000, 0.0000000000000000000 ) ) ;
#4748 = FILL_AREA_STYLE ('',( #4786 ) ) ;
#4749 = EDGE_CURVE ( 'NONE', #2164, #2736, #1993, .T. ) ;
#4750 = CARTESIAN_POINT ( 'NONE',  ( 37.39733729748930800, -23.59999999999999800, 57.56948464461342500 ) ) ;
#4751 = EDGE_LOOP ( 'NONE', ( #8367, #368, #9321, #3152 ) ) ;
#4752 = DIRECTION ( 'NONE',  ( 1.224646799147353200E-016, 1.000000000000000000, 0.0000000000000000000 ) ) ;
#4753 = EDGE_LOOP ( 'NONE', ( #6018, #4817, #8987, #9305, #2259, #5507 ) ) ;
#4754 = FACE_OUTER_BOUND ( 'NONE', #9519, .T. ) ;
#4755 = UNCERTAINTY_MEASURE_WITH_UNIT (LENGTH_MEASURE( 1.000000000000000100E-005 ), #5445, 'distance_accuracy_value', 'NONE');
#4756 = VECTOR ( 'NONE', #11408, 1000.000000000000000 ) ;
#4757 = AXIS2_PLACEMENT_3D ( 'NONE', #791, #7107, #10778 ) ;
#4758 = CARTESIAN_POINT ( 'NONE',  ( -20.09999999999998700, -38.44000000000000500, 55.99999999999999300 ) ) ;
#4759 = CARTESIAN_POINT ( 'NONE',  ( -22.59999999999985900, -39.54266270251076800, 57.56948464461342500 ) ) ;
#4760 = ORIENTED_EDGE ( 'NONE', *, *, #10303, .T. ) ;
#4761 = ORIENTED_EDGE ( 'NONE', *, *, #6765, .T. ) ;
#4762 = TOROIDAL_SURFACE ( 'NONE', #3581, 3.499999999999999600, 0.2500000000000000000 ) ;
#4763 = CIRCLE ( 'NONE', #5164, 0.2500000000000002200 ) ;
#4764 =( NAMED_UNIT ( * ) PLANE_ANGLE_UNIT ( ) SI_UNIT ( $, .RADIAN. ) );
#4765 = VECTOR ( 'NONE', #3029, 1000.000000000000000 ) ;
#4766 = EDGE_CURVE ( 'NONE', #2278, #4439, #9074, .T. ) ;
#4767 = ORIENTED_EDGE ( 'NONE', *, *, #9920, .T. ) ;
#4768 = ORIENTED_EDGE ( 'NONE', *, *, #11229, .T. ) ;
#4769 = EDGE_LOOP ( 'NONE', ( #2918, #11358, #2974, #2215 ) ) ;
#4770 = CARTESIAN_POINT ( 'NONE',  ( -38.46999999999999200, 23.09999999999999800, 55.99999999999999300 ) ) ;
#4771 = ORIENTED_EDGE ( 'NONE', *, *, #7833, .F. ) ;
#4772 = ADVANCED_FACE ( 'NONE', ( #6802 ), #5270, .F. ) ;
#4773 = CARTESIAN_POINT ( 'NONE',  ( 22.59999999999960400, 37.97000000000022600, 56.49999999999999300 ) ) ;
#4774 = CARTESIAN_POINT ( 'NONE',  ( -38.96999999999999200, 25.10000000000000500, 56.49999999999999300 ) ) ;
#4775 = AXIS2_PLACEMENT_3D ( 'NONE', #1648, #10612, #786 ) ;
#4776 = PRESENTATION_STYLE_ASSIGNMENT (( #5972 ) ) ;
#4777 = FILL_AREA_STYLE_COLOUR ( '', #7687 ) ;
#4778 = AXIS2_PLACEMENT_3D ( 'NONE', #4231, #4308, #10686 ) ;
#4779 = VERTEX_POINT ( 'NONE', #848 ) ;
#4780 = ORIENTED_EDGE ( 'NONE', *, *, #10572, .T. ) ;
#4781 = LINE ( 'NONE', #3829, #9453 ) ;
#4782 = CARTESIAN_POINT ( 'NONE',  ( 19.84999999999999800, 42.75000000000000700, 55.99999999999999300 ) ) ;
#4783 = CIRCLE ( 'NONE', #7873, 1.250000000000008000 ) ;
#4784 = EDGE_CURVE ( 'NONE', #1112, #2853, #4001, .T. ) ;
#4785 = CARTESIAN_POINT ( 'NONE',  ( -31.54999999999997900, -34.80000000000000400, 38.80761184457487200 ) ) ;
#4786 = FILL_AREA_STYLE_COLOUR ( '', #1627 ) ;
#4787 = LINE ( 'NONE', #11150, #9021 ) ;
#4788 = ADVANCED_FACE ( 'NONE', ( #1158 ), #4134, .T. ) ;
#4789 = VERTEX_POINT ( 'NONE', #10715 ) ;
#4790 = EDGE_CURVE ( 'NONE', #10322, #8786, #8625, .T. ) ;
#4791 = AXIS2_PLACEMENT_3D ( 'NONE', #8437, #4009, #9375 ) ;
#4792 = ORIENTED_EDGE ( 'NONE', *, *, #4658, .F. ) ;
#4793 = CARTESIAN_POINT ( 'NONE',  ( 0.0000000000000000000, 0.0000000000000000000, 48.24999999999999300 ) ) ;
#4794 = EDGE_LOOP ( 'NONE', ( #4156, #8763, #932, #10332 ) ) ;
#4795 = LINE ( 'NONE', #11378, #5061 ) ;
#4796 = DIRECTION ( 'NONE',  ( 0.0000000000000000000, 0.0000000000000000000, -1.000000000000000000 ) ) ;
#4797 = DIRECTION ( 'NONE',  ( 1.000000000000000000, 1.613696256722611400E-016, -0.0000000000000000000 ) ) ;
#4798 = STYLED_ITEM ( 'NONE', ( #2652 ), #1863 ) ;
#4799 = DIRECTION ( 'NONE',  ( -1.000000000000000000, -2.753529326947313900E-016, 0.0000000000000000000 ) ) ;
#4800 = EDGE_CURVE ( 'NONE', #2002, #4966, #4829, .T. ) ;
#4801 = DIRECTION ( 'NONE',  ( 1.000000000000000000, 0.0000000000000000000, 0.0000000000000000000 ) ) ;
#4802 = DIRECTION ( 'NONE',  ( 0.0000000000000000000, -0.0000000000000000000, -1.000000000000000000 ) ) ;
#4803 = ORIENTED_EDGE ( 'NONE', *, *, #10170, .T. ) ;
#4804 = AXIS2_PLACEMENT_3D ( 'NONE', #9208, #10206, #5680 ) ;
#4805 = EDGE_LOOP ( 'NONE', ( #4970, #6024, #547, #3669 ) ) ;
#4806 = CARTESIAN_POINT ( 'NONE',  ( -37.18999999999998400, 23.09999999999999100, 59.00000000000000000 ) ) ;
#4807 = TOROIDAL_SURFACE ( 'NONE', #2512, 2.750000000000000900, 0.2500000000000000000 ) ;
#4808 = DIRECTION ( 'NONE',  ( 0.0000000000000000000, 0.0000000000000000000, 1.000000000000000000 ) ) ;
#4809 =( NAMED_UNIT ( * ) PLANE_ANGLE_UNIT ( ) SI_UNIT ( $, .RADIAN. ) );
#4810 = DIRECTION ( 'NONE',  ( -1.000000000000000000, 0.0000000000000000000, 0.0000000000000000000 ) ) ;
#4811 = CARTESIAN_POINT ( 'NONE',  ( 25.09999999999959600, 38.97000000000025500, 56.49999999999999300 ) ) ;
#4812 = CARTESIAN_POINT ( 'NONE',  ( 36.94000000000000500, -23.09999999999998700, 48.25000000000000000 ) ) ;
#4813 = DIRECTION ( 'NONE',  ( 0.0000000000000000000, 1.000000000000000000, 0.0000000000000000000 ) ) ;
#4814 = VERTEX_POINT ( 'NONE', #810 ) ;
#4815 = ORIENTED_EDGE ( 'NONE', *, *, #2759, .T. ) ;
#4816 = B_SPLINE_CURVE_WITH_KNOTS ( 'NONE', 3,
 ( #8445, #6638, #9261, #4759, #247, #7448 ),
 .UNSPECIFIED., .F., .F.,
 ( 4, 2, 4 ),
 ( 0.01713536489727015100, 0.01805660470586278900, 0.01897784451445542700 ),
 .UNSPECIFIED. ) ;
#4817 = ORIENTED_EDGE ( 'NONE', *, *, #5028, .T. ) ;
#4818 = LINE ( 'NONE', #11651, #8061 ) ;
#4819 = EDGE_CURVE ( 'NONE', #1389, #9463, #3590, .T. ) ;
#4820 = VECTOR ( 'NONE', #9788, 1000.000000000000000 ) ;
#4821 = ORIENTED_EDGE ( 'NONE', *, *, #4671, .T. ) ;
#4822 = VERTEX_POINT ( 'NONE', #8154 ) ;
#4823 = CARTESIAN_POINT ( 'NONE',  ( 34.80000000000000400, -34.79999999999998300, 48.25000000000000000 ) ) ;
#4824 = CARTESIAN_POINT ( 'NONE',  ( -23.59999999999987000, -37.97000000000007000, 56.49999999999999300 ) ) ;
#4825 = DIRECTION ( 'NONE',  ( -0.0000000000000000000, -0.0000000000000000000, 1.000000000000000000 ) ) ;
#4826 = VERTEX_POINT ( 'NONE', #6261 ) ;
#4827 = PRESENTATION_LAYER_ASSIGNMENT (  '', '', ( #2012 ) ) ;
#4828 = PLANE ( 'NONE',  #5846 ) ;
#4829 = CIRCLE ( 'NONE', #5537, 3.500000000000003100 ) ;
#4830 = ORIENTED_EDGE ( 'NONE', *, *, #3756, .F. ) ;
#4831 = ADVANCED_FACE ( 'NONE', ( #10511 ), #869, .F. ) ;
#4832 = ORIENTED_EDGE ( 'NONE', *, *, #3891, .T. ) ;
#4833 = CARTESIAN_POINT ( 'NONE',  ( 43.00000000000000000, -19.59999999999999400, 58.75000000000000000 ) ) ;
#4834 = UNCERTAINTY_MEASURE_WITH_UNIT (LENGTH_MEASURE( 1.000000000000000100E-005 ), #10380, 'distance_accuracy_value', 'NONE');
#4835 = EDGE_CURVE ( 'NONE', #781, #5850, #1173, .T. ) ;
#4836 = PLANE ( 'NONE',  #10403 ) ;
#4837 = FILL_AREA_STYLE ('',( #3022 ) ) ;
#4838 = ORIENTED_EDGE ( 'NONE', *, *, #4959, .T. ) ;
#4839 = LINE ( 'NONE', #3158, #9658 ) ;
#4840 = EDGE_LOOP ( 'NONE', ( #3896, #6505, #6592, #5415 ) ) ;
#4841 = CARTESIAN_POINT ( 'NONE',  ( 23.59999999999958900, 39.26379525704705000, 57.69400999138254300 ) ) ;
#4842 = ORIENTED_EDGE ( 'NONE', *, *, #4671, .F. ) ;
#4843 = DIRECTION ( 'NONE',  ( -0.0000000000000000000, 0.0000000000000000000, 1.000000000000000000 ) ) ;
#4844 = STYLED_ITEM ( 'NONE', ( #1805 ), #8658 ) ;
#4845 =( NAMED_UNIT ( * ) PLANE_ANGLE_UNIT ( ) SI_UNIT ( $, .RADIAN. ) );
#4846 = ADVANCED_FACE ( 'NONE', ( #2301 ), #10213, .T. ) ;
#4847 = DIRECTION ( 'NONE',  ( 3.491481338843133400E-015, -1.000000000000000000, -0.0000000000000000000 ) ) ;
#4848 = VERTEX_POINT ( 'NONE', #2682 ) ;
#4849 = ORIENTED_EDGE ( 'NONE', *, *, #6652, .T. ) ;
#4850 = EDGE_CURVE ( 'NONE', #4488, #2727, #11673, .T. ) ;
#4851 = DIRECTION ( 'NONE',  ( -1.000000000000000000, 0.0000000000000000000, 0.0000000000000000000 ) ) ;
#4852 = EDGE_CURVE ( 'NONE', #2853, #1840, #6, .T. ) ;
#4853 =( NAMED_UNIT ( * ) PLANE_ANGLE_UNIT ( ) SI_UNIT ( $, .RADIAN. ) );
#4854 = VERTEX_POINT ( 'NONE', #8 ) ;
#4855 = CARTESIAN_POINT ( 'NONE',  ( 28.20000000000000300, 40.00000000000000000, 48.00000000000000000 ) ) ;
#4856 = DIRECTION ( 'NONE',  ( 0.0000000000000000000, -1.000000000000000000, 0.0000000000000000000 ) ) ;
#4857 = ORIENTED_EDGE ( 'NONE', *, *, #9687, .F. ) ;
#4858 = AXIS2_PLACEMENT_3D ( 'NONE', #10585, #6204, #4407 ) ;
#4859 = PRESENTATION_LAYER_ASSIGNMENT (  '', '', ( #234 ) ) ;
#4860 = CARTESIAN_POINT ( 'NONE',  ( 0.0000000000000000000, 0.0000000000000000000, 72.59999999999999400 ) ) ;
#4861 = SURFACE_SIDE_STYLE ('',( #9468 ) ) ;
#4862 = CARTESIAN_POINT ( 'NONE',  ( 40.00000000000000700, -28.19999999999998900, -48.00000000000000000 ) ) ;
#4863 = ORIENTED_EDGE ( 'NONE', *, *, #9748, .F. ) ;
#4864 = CIRCLE ( 'NONE', #11102, 3.250000000000002700 ) ;
#4865 = LINE ( 'NONE', #7662, #10398 ) ;
#4866 = DIRECTION ( 'NONE',  ( 1.000000000000000000, 0.0000000000000000000, 0.0000000000000000000 ) ) ;
#4867 = PLANE ( 'NONE',  #2765 ) ;
#4868 = EDGE_CURVE ( 'NONE', #8029, #6820, #5945, .T. ) ;
#4869 = CARTESIAN_POINT ( 'NONE',  ( 42.74999999999999300, -40.49999999999997900, 48.00000000000000000 ) ) ;
#4870 = FACE_OUTER_BOUND ( 'NONE', #2569, .T. ) ;
#4871 = ORIENTED_EDGE ( 'NONE', *, *, #7249, .F. ) ;
#4872 = CARTESIAN_POINT ( 'NONE',  ( 0.0000000000000000000, 0.0000000000000000000, 56.49999999999999300 ) ) ;
#4873 = MECHANICAL_DESIGN_GEOMETRIC_PRESENTATION_REPRESENTATION (  '', ( #469 ), #182 ) ;
#4874 = CARTESIAN_POINT ( 'NONE',  ( -39.99999999999998600, -27.95000000000001000, -59.00000000000000000 ) ) ;
#4875 = CARTESIAN_POINT ( 'NONE',  ( -7.000000000000000000, 8.572527594031473200E-016, -58.80000000000000400 ) ) ;
#4876 = CYLINDRICAL_SURFACE ( 'NONE', #2703, 1.250000000000001100 ) ;
#4877 = LINE ( 'NONE', #11172, #10676 ) ;
#4878 = AXIS2_PLACEMENT_3D ( 'NONE', #10393, #4881, #10434 ) ;
#4879 = PLANE ( 'NONE',  #1811 ) ;
#4880 = CARTESIAN_POINT ( 'NONE',  ( -23.59999999999987400, -36.47000000000007700, 56.49999999999999300 ) ) ;
#4881 = DIRECTION ( 'NONE',  ( 0.0000000000000000000, 0.0000000000000000000, -1.000000000000000000 ) ) ;
#4882 = AXIS2_PLACEMENT_3D ( 'NONE', #3883, #9277, #300 ) ;
#4883 = CARTESIAN_POINT ( 'NONE',  ( -19.59999999999998700, -38.44000000000000500, 59.00000000000000000 ) ) ;
#4884 = VERTEX_POINT ( 'NONE', #886 ) ;
#4885 = CIRCLE ( 'NONE', #1519, 0.2500000000000002200 ) ;
#4886 = CARTESIAN_POINT ( 'NONE',  ( -42.74999999999999300, 25.19999999999999600, -59.00000000000000000 ) ) ;
#4887 = FACE_OUTER_BOUND ( 'NONE', #1067, .T. ) ;
#4888 = EDGE_CURVE ( 'NONE', #2853, #7287, #8361, .T. ) ;
#4889 = CARTESIAN_POINT ( 'NONE',  ( -26.09999999999998700, -42.99999999999999300, 55.74999999999999300 ) ) ;
#4890 = LINE ( 'NONE', #4694, #9266 ) ;
#4891 = ADVANCED_FACE ( 'NONE', ( #2421 ), #8086, .T. ) ;
#4892 = DIRECTION ( 'NONE',  ( 1.682156097916899000E-015, 1.000000000000000000, 0.0000000000000000000 ) ) ;
#4893 = CARTESIAN_POINT ( 'NONE',  ( 22.30130848654192700, 37.97000000000022600, 57.70833027779985300 ) ) ;
#4894 = DIRECTION ( 'NONE',  ( -0.0000000000000000000, -0.0000000000000000000, 1.000000000000000000 ) ) ;
#4895 = DIRECTION ( 'NONE',  ( 1.000000000000000000, 0.0000000000000000000, 0.0000000000000000000 ) ) ;
#4896 = CARTESIAN_POINT ( 'NONE',  ( -26.09999999999998400, -38.44000000000000500, 55.99999999999999300 ) ) ;
#4897 = AXIS2_PLACEMENT_3D ( 'NONE', #1451, #2366, #6100 ) ;
#4898 = ORIENTED_EDGE ( 'NONE', *, *, #10546, .F. ) ;
#4899 = ORIENTED_EDGE ( 'NONE', *, *, #7118, .T. ) ;
#4900 = CYLINDRICAL_SURFACE ( 'NONE', #4775, 8.000000000000000000 ) ;
#4901 = FACE_OUTER_BOUND ( 'NONE', #891, .T. ) ;
#4902 = CARTESIAN_POINT ( 'NONE',  ( -42.74999999999999300, 19.59999999999999800, 58.75000000000000000 ) ) ;
#4903 = VECTOR ( 'NONE', #10578, 1000.000000000000000 ) ;
#4904 = EDGE_CURVE ( 'NONE', #5755, #3881, #3875, .T. ) ;
#4905 = ADVANCED_FACE ( 'NONE', ( #5407 ), #133, .F. ) ;
#4906 = DIRECTION ( 'NONE',  ( -1.000000000000000000, 0.0000000000000000000, -0.0000000000000000000 ) ) ;
#4907 = DIRECTION ( 'NONE',  ( -1.000000000000000000, 0.0000000000000000000, 0.0000000000000000000 ) ) ;
#4908 = VERTEX_POINT ( 'NONE', #5543 ) ;
#4909 = ORIENTED_EDGE ( 'NONE', *, *, #2572, .F. ) ;
#4910 = CARTESIAN_POINT ( 'NONE',  ( 5.999999999999999100, 3.605551275463990900, 97.40000000000000600 ) ) ;
#4911 = CYLINDRICAL_SURFACE ( 'NONE', #502, 0.2500000000000002200 ) ;
#4912 = EDGE_LOOP ( 'NONE', ( #7542, #11522 ) ) ;
#4913 = AXIS2_PLACEMENT_3D ( 'NONE', #11779, #1732, #8049 ) ;
#4914 = DIRECTION ( 'NONE',  ( 1.000000000000000000, 0.0000000000000000000, 0.0000000000000000000 ) ) ;
#4915 = CARTESIAN_POINT ( 'NONE',  ( -43.00000000000000000, 26.59999999999999800, 59.00000000000000000 ) ) ;
#4916 = DIRECTION ( 'NONE',  ( 0.0000000000000000000, 1.000000000000000000, 0.0000000000000000000 ) ) ;
#4917 = CARTESIAN_POINT ( 'NONE',  ( -3.605551275463990000, 6.000000000000000000, 97.60000000000000900 ) ) ;
#4918 = EDGE_LOOP ( 'NONE', ( #11742, #9052, #7198, #6893, #9425 ) ) ;
#4919 = VERTEX_POINT ( 'NONE', #7339 ) ;
#4920 = LINE ( 'NONE', #5173, #1378 ) ;
#4921 =( LENGTH_UNIT ( ) NAMED_UNIT ( * ) SI_UNIT ( .MILLI., .METRE. ) );
#4922 = EDGE_CURVE ( 'NONE', #900, #8036, #7766, .T. ) ;
#4923 = VECTOR ( 'NONE', #10833, 1000.000000000000000 ) ;
#4924 = CARTESIAN_POINT ( 'NONE',  ( -34.79999999999998300, -34.80000000000000400, 58.75000000000000000 ) ) ;
#4925 = DIRECTION ( 'NONE',  ( 0.0000000000000000000, 0.0000000000000000000, 1.000000000000000000 ) ) ;
#4926 = CARTESIAN_POINT ( 'NONE',  ( -23.09999999999997700, -38.44000000000001200, -58.75000000000000000 ) ) ;
#4927 = DIRECTION ( 'NONE',  ( -1.000000000000000000, -2.753529326947313900E-016, 0.0000000000000000000 ) ) ;
#4928 = AXIS2_PLACEMENT_3D ( 'NONE', #9736, #6238, #4314 ) ;
#4929 = DIRECTION ( 'NONE',  ( -3.491481338843133400E-015, 1.000000000000000000, 0.0000000000000000000 ) ) ;
#4930 = CARTESIAN_POINT ( 'NONE',  ( -22.59999999999985600, -40.47000000000009800, 56.75896736903246200 ) ) ;
#4931 = ORIENTED_EDGE ( 'NONE', *, *, #8911, .T. ) ;
#4932 = EDGE_LOOP ( 'NONE', ( #1782, #9726, #1837, #10100 ) ) ;
#4933 = VECTOR ( 'NONE', #4020, 1000.000000000000000 ) ;
#4934 = VECTOR ( 'NONE', #2981, 1000.000000000000000 ) ;
#4935 = DIRECTION ( 'NONE',  ( -7.608436298143899900E-016, -1.000000000000000000, 0.0000000000000000000 ) ) ;
#4936 = FACE_OUTER_BOUND ( 'NONE', #10633, .T. ) ;
#4937 = VERTEX_POINT ( 'NONE', #7193 ) ;
#4938 = AXIS2_PLACEMENT_3D ( 'NONE', #2906, #9260, #10176 ) ;
#4939 = CARTESIAN_POINT ( 'NONE',  ( -22.59999999999987400, -37.26645295415394800, 57.47839634320756400 ) ) ;
#4940 = CARTESIAN_POINT ( 'NONE',  ( -19.84999999999999100, -42.74999999999999300, 56.24999999999999300 ) ) ;
#4941 = EDGE_CURVE ( 'NONE', #465, #583, #4433, .T. ) ;
#4942 = EDGE_LOOP ( 'NONE', ( #10994, #5891, #8586, #2692 ) ) ;
#4943 = CIRCLE ( 'NONE', #7557, 0.2500000000000002200 ) ;
#4944 = CARTESIAN_POINT ( 'NONE',  ( 25.09999999999960400, 37.97000000000025500, 56.49999999999999300 ) ) ;
#4945 = FILL_AREA_STYLE_COLOUR ( '', #2711 ) ;
#4946 = CARTESIAN_POINT ( 'NONE',  ( -24.59999999999998000, -38.44000000000001200, 48.00000000000000000 ) ) ;
#4947 = AXIS2_PLACEMENT_3D ( 'NONE', #7128, #5233, #731 ) ;
#4948 = STYLED_ITEM ( 'NONE', ( #11703 ), #10905 ) ;
#4949 = ADVANCED_FACE ( 'NONE', ( #3278 ), #2007, .T. ) ;
#4950 = DIRECTION ( 'NONE',  ( -1.000000000000000000, 0.0000000000000000000, 0.0000000000000000000 ) ) ;
#4951 = VECTOR ( 'NONE', #7003, 1000.000000000000000 ) ;
#4952 = PLANE ( 'NONE',  #3750 ) ;
#4953 = CARTESIAN_POINT ( 'NONE',  ( 36.46999999999999900, -23.60000000000000100, 56.49999999999999300 ) ) ;
#4954 = CARTESIAN_POINT ( 'NONE',  ( 38.96999999999999200, -21.10000000000000500, 56.49999999999999300 ) ) ;
#4955 = VERTEX_POINT ( 'NONE', #175 ) ;
#4956 = AXIS2_PLACEMENT_3D ( 'NONE', #2192, #4925, #1282 ) ;
#4957 = TOROIDAL_SURFACE ( 'NONE', #154, 3.500000000000001300, 0.2500000000000000000 ) ;
#4958 = CYLINDRICAL_SURFACE ( 'NONE', #7741, 2.500000000000002200 ) ;
#4959 = EDGE_CURVE ( 'NONE', #8640, #7788, #5960, .T. ) ;
#4960 = EDGE_LOOP ( 'NONE', ( #2792, #4803, #3987, #11604, #1103, #8807, #9306, #11007, #7155, #10374, #3705, #8043, #5681, #5779, #5417, #11381, #2399, #3603, #7793, #7850, #205, #6905, #9921, #7686 ) ) ;
#4961 = DIRECTION ( 'NONE',  ( -1.000000000000000000, 0.0000000000000000000, -0.0000000000000000000 ) ) ;
#4962 = DIRECTION ( 'NONE',  ( 0.0000000000000000000, 0.0000000000000000000, -1.000000000000000000 ) ) ;
#4963 = ADVANCED_FACE ( 'NONE', ( #9229 ), #4678, .F. ) ;
#4964 = EDGE_LOOP ( 'NONE', ( #3146, #4979, #2627, #5524 ) ) ;
#4965 = DIRECTION ( 'NONE',  ( 1.000000000000000000, 1.047444401652940000E-014, 0.0000000000000000000 ) ) ;
#4966 = VERTEX_POINT ( 'NONE', #2872 ) ;
#4967 = DIRECTION ( 'NONE',  ( -1.000000000000000000, 0.0000000000000000000, 0.0000000000000000000 ) ) ;
#4968 = CARTESIAN_POINT ( 'NONE',  ( 0.0000000000000000000, 0.0000000000000000000, 60.59999999999999400 ) ) ;
#4969 = FACE_OUTER_BOUND ( 'NONE', #3156, .T. ) ;
#4970 = ORIENTED_EDGE ( 'NONE', *, *, #8363, .F. ) ;
#4971 = DIRECTION ( 'NONE',  ( 0.0000000000000000000, 0.0000000000000000000, -1.000000000000000000 ) ) ;
#4972 = DIRECTION ( 'NONE',  ( 1.000000000000000000, 0.0000000000000000000, 0.0000000000000000000 ) ) ;
#4973 = B_SPLINE_CURVE_WITH_KNOTS ( 'NONE', 3,
 ( #1649, #751, #6196, #4358, #10691, #8010 ),
 .UNSPECIFIED., .F., .F.,
 ( 4, 2, 4 ),
 ( 0.01713536489727015100, 0.01805660470586276800, 0.01897784451445538200 ),
 .UNSPECIFIED. ) ;
#4974 = EDGE_CURVE ( 'NONE', #2080, #2628, #5390, .T. ) ;
#4975 = ORIENTED_EDGE ( 'NONE', *, *, #5434, .T. ) ;
#4976 = CIRCLE ( 'NONE', #7721, 0.2500000000000002200 ) ;
#4977 = CARTESIAN_POINT ( 'NONE',  ( 43.00000000000000000, -40.49999999999997900, 58.75000000000000000 ) ) ;
#4978 = DIRECTION ( 'NONE',  ( 0.0000000000000000000, 1.000000000000000000, 0.0000000000000000000 ) ) ;
#4979 = ORIENTED_EDGE ( 'NONE', *, *, #4784, .T. ) ;
#4980 = LINE ( 'NONE', #2992, #3147 ) ;
#4981 = ORIENTED_EDGE ( 'NONE', *, *, #7494, .F. ) ;
#4982 = DIRECTION ( 'NONE',  ( -0.0000000000000000000, -0.0000000000000000000, 1.000000000000000000 ) ) ;
#4983 = AXIS2_PLACEMENT_3D ( 'NONE', #2635, #8902, #3508 ) ;
#4984 = DIRECTION ( 'NONE',  ( -1.000000000000000000, 0.0000000000000000000, 0.0000000000000000000 ) ) ;
#4985 = VERTEX_POINT ( 'NONE', #5983 ) ;
#4986 = CIRCLE ( 'NONE', #5979, 0.2500000000000002200 ) ;
#4987 = ORIENTED_EDGE ( 'NONE', *, *, #5389, .F. ) ;
#4988 = EDGE_CURVE ( 'NONE', #722, #2905, #9936, .T. ) ;
#4989 = ORIENTED_EDGE ( 'NONE', *, *, #7605, .F. ) ;
#4990 = LINE ( 'NONE', #648, #7236 ) ;
#4991 = CARTESIAN_POINT ( 'NONE',  ( 38.96999999999999200, -25.10000000000000500, 56.75896736903249000 ) ) ;
#4992 = PLANE ( 'NONE',  #2749 ) ;
#4993 = DIRECTION ( 'NONE',  ( 1.000000000000000000, 0.0000000000000000000, 0.0000000000000000000 ) ) ;
#4994 = VECTOR ( 'NONE', #3970, 1000.000000000000000 ) ;
#4995 = AXIS2_PLACEMENT_3D ( 'NONE', #5146, #643, #3469 ) ;
#4996 = VERTEX_POINT ( 'NONE', #6063 ) ;
#4997 = COLOUR_RGB ( '',0.8941176470588234600, 0.9137254901960784000, 0.9294117647058823800 ) ;
#4998 = LINE ( 'NONE', #4773, #7956 ) ;
#4999 = CARTESIAN_POINT ( 'NONE',  ( 40.49999999999999300, 40.50000000000000700, 59.00000000000000000 ) ) ;
#5000 = AXIS2_PLACEMENT_3D ( 'NONE', #4702, #10937, #72 ) ;
#5001 = ADVANCED_FACE ( 'NONE', ( #2723, #5095, #10796, #569, #299, #5664 ), #2368, .F. ) ;
#5002 = DIRECTION ( 'NONE',  ( 1.000000000000000000, -0.0000000000000000000, 0.0000000000000000000 ) ) ;
#5003 = DIRECTION ( 'NONE',  ( 1.613696256722611400E-016, -1.000000000000000000, 0.0000000000000000000 ) ) ;
#5004 = VERTEX_POINT ( 'NONE', #5911 ) ;
#5005 = FACE_OUTER_BOUND ( 'NONE', #3436, .T. ) ;
#5006 = AXIS2_PLACEMENT_3D ( 'NONE', #3406, #6945, #10570 ) ;
#5007 = CARTESIAN_POINT ( 'NONE',  ( -38.43999999999999800, 26.34999999999999100, 55.99999999999999300 ) ) ;
#5008 = ADVANCED_FACE ( 'NONE', ( #9952 ), #5818, .T. ) ;
#5009 = DIRECTION ( 'NONE',  ( 0.0000000000000000000, -0.0000000000000000000, -1.000000000000000000 ) ) ;
#5010 = VERTEX_POINT ( 'NONE', #1487 ) ;
#5011 = ORIENTED_EDGE ( 'NONE', *, *, #7876, .F. ) ;
#5012 = FACE_OUTER_BOUND ( 'NONE', #3657, .T. ) ;
#5013 = CIRCLE ( 'NONE', #10581, 3.500000000000003100 ) ;
#5014 = EDGE_CURVE ( 'NONE', #2080, #11305, #6953, .T. ) ;
#5015 = DIRECTION ( 'NONE',  ( -0.0000000000000000000, -0.0000000000000000000, 1.000000000000000000 ) ) ;
#5016 = ORIENTED_EDGE ( 'NONE', *, *, #3552, .T. ) ;
#5017 = DIRECTION ( 'NONE',  ( 1.728113159909939400E-014, 1.000000000000000000, 0.0000000000000000000 ) ) ;
#5018 = AXIS2_PLACEMENT_3D ( 'NONE', #3036, #686, #10163 ) ;
#5019 = CARTESIAN_POINT ( 'NONE',  ( 23.59999999999959300, 38.97000000000024000, 56.49999999999999300 ) ) ;
#5020 = STYLED_ITEM ( 'NONE', ( #2165 ), #11372 ) ;
#5021 = CARTESIAN_POINT ( 'NONE',  ( 36.50000000000000000, 4.469960816887838400E-015, 59.25000000000000000 ) ) ;
#5022 = ORIENTED_EDGE ( 'NONE', *, *, #2271, .T. ) ;
#5023 = VERTEX_POINT ( 'NONE', #11405 ) ;
#5024 = SPHERICAL_SURFACE ( 'NONE', #1152, 0.2500000000000000000 ) ;
#5025 = CARTESIAN_POINT ( 'NONE',  ( 38.43999999999999800, -26.59999999999998700, 59.00000000000000000 ) ) ;
#5026 = FACE_OUTER_BOUND ( 'NONE', #817, .T. ) ;
#5027 = DIRECTION ( 'NONE',  ( -1.613696256722611400E-016, 1.000000000000000000, 0.0000000000000000000 ) ) ;
#5028 = EDGE_CURVE ( 'NONE', #7974, #8473, #6803, .T. ) ;
#5029 = ORIENTED_EDGE ( 'NONE', *, *, #7447, .T. ) ;
#5030 = VERTEX_POINT ( 'NONE', #9567 ) ;
#5031 = DIRECTION ( 'NONE',  ( 0.0000000000000000000, 0.0000000000000000000, -1.000000000000000000 ) ) ;
#5032 = CARTESIAN_POINT ( 'NONE',  ( -42.99999999999998600, -40.49999999999997900, 48.25000000000000000 ) ) ;
#5033 = DIRECTION ( 'NONE',  ( -1.000000000000000000, -0.0000000000000000000, 0.0000000000000000000 ) ) ;
#5034 = DIRECTION ( 'NONE',  ( 1.000000000000000000, 0.0000000000000000000, 0.0000000000000000000 ) ) ;
#5035 = UNCERTAINTY_MEASURE_WITH_UNIT (LENGTH_MEASURE( 1.000000000000000100E-005 ), #9340, 'distance_accuracy_value', 'NONE');
#5036 = DIRECTION ( 'NONE',  ( -1.000000000000000000, 0.0000000000000000000, 0.0000000000000000000 ) ) ;
#5037 = ORIENTED_EDGE ( 'NONE', *, *, #11101, .F. ) ;
#5038 = AXIS2_PLACEMENT_3D ( 'NONE', #10880, #140, #9148 ) ;
#5039 = VERTEX_POINT ( 'NONE', #10566 ) ;
#5040 = VERTEX_POINT ( 'NONE', #5161 ) ;
#5041 = CARTESIAN_POINT ( 'NONE',  ( 23.09999999999998000, 38.44000000000000500, 56.24999999999999300 ) ) ;
#5042 = SURFACE_SIDE_STYLE ('',( #8075 ) ) ;
#5043 = EDGE_CURVE ( 'NONE', #10327, #6955, #9660, .T. ) ;
#5044 = DIRECTION ( 'NONE',  ( -1.000000000000000000, 0.0000000000000000000, 0.0000000000000000000 ) ) ;
#5045 = FILL_AREA_STYLE ('',( #8636 ) ) ;
#5046 = ADVANCED_FACE ( 'NONE', ( #3730 ), #4136, .T. ) ;
#5047 = ORIENTED_EDGE ( 'NONE', *, *, #5811, .F. ) ;
#5048 = ORIENTED_EDGE ( 'NONE', *, *, #7432, .T. ) ;
#5049 = LINE ( 'NONE', #4604, #3951 ) ;
#5050 = CIRCLE ( 'NONE', #8701, 0.2500000000000002200 ) ;
#5051 = AXIS2_PLACEMENT_3D ( 'NONE', #2282, #522, #10363 ) ;
#5052 = DIRECTION ( 'NONE',  ( -0.0000000000000000000, -0.0000000000000000000, 1.000000000000000000 ) ) ;
#5053 = CARTESIAN_POINT ( 'NONE',  ( 22.59999999999961800, 36.88406637999290900, 57.21087685217725000 ) ) ;
#5054 = VERTEX_POINT ( 'NONE', #11482 ) ;
#5055 = EDGE_CURVE ( 'NONE', #2602, #8332, #7500, .T. ) ;
#5056 = EDGE_CURVE ( 'NONE', #3039, #7204, #1294, .T. ) ;
#5057 = CARTESIAN_POINT ( 'NONE',  ( -38.43999999999999800, 23.09999999999999100, 55.99999999999999300 ) ) ;
#5058 = EDGE_CURVE ( 'NONE', #9794, #1849, #2864, .T. ) ;
#5059 = COLOUR_RGB ( '',0.2000000000000000100, 0.2000000000000000100, 0.2000000000000000100 ) ;
#5060 = ORIENTED_EDGE ( 'NONE', *, *, #9765, .F. ) ;
#5061 = VECTOR ( 'NONE', #9537, 1000.000000000000000 ) ;
#5062 = ADVANCED_FACE ( 'NONE', ( #9503 ), #314, .T. ) ;
#5063 = CARTESIAN_POINT ( 'NONE',  ( -38.96999999999999200, 23.89869151345767800, 57.70833027779985300 ) ) ;
#5064 = ORIENTED_EDGE ( 'NONE', *, *, #5055, .T. ) ;
#5065 = AXIS2_PLACEMENT_3D ( 'NONE', #8951, #3553, #770 ) ;
#5066 = EDGE_CURVE ( 'NONE', #5030, #11305, #1012, .T. ) ;
#5067 = CARTESIAN_POINT ( 'NONE',  ( -43.00000000000000000, 25.19999999999999600, 48.00000000000000000 ) ) ;
#5068 = AXIS2_PLACEMENT_3D ( 'NONE', #2561, #1755, #1718 ) ;
#5069 = DIRECTION ( 'NONE',  ( 0.0000000000000000000, 0.0000000000000000000, -1.000000000000000000 ) ) ;
#5070 = CARTESIAN_POINT ( 'NONE',  ( 40.49999999999999300, 42.75000000000000700, 48.00000000000000000 ) ) ;
#5071 = DIRECTION ( 'NONE',  ( -1.000000000000000000, -4.194787724132237300E-015, 0.0000000000000000000 ) ) ;
#5072 = ORIENTED_EDGE ( 'NONE', *, *, #1092, .F. ) ;
#5073 = ORIENTED_EDGE ( 'NONE', *, *, #4594, .F. ) ;
#5074 = SURFACE_STYLE_FILL_AREA ( #829 ) ;
#5075 = AXIS2_PLACEMENT_3D ( 'NONE', #10043, #3771, #64 ) ;
#5076 = DIRECTION ( 'NONE',  ( 1.000000000000000000, 0.0000000000000000000, 0.0000000000000000000 ) ) ;
#5077 = EDGE_CURVE ( 'NONE', #4690, #7867, #7086, .T. ) ;
#5078 = CARTESIAN_POINT ( 'NONE',  ( 28.20000000000000300, 43.00000000000000000, 48.00000000000000000 ) ) ;
#5079 = CARTESIAN_POINT ( 'NONE',  ( -22.59999999999987000, -37.97000000000006300, 56.49999999999999300 ) ) ;
#5080 = EDGE_LOOP ( 'NONE', ( #5360, #5650, #983, #11081 ) ) ;
#5081 = CARTESIAN_POINT ( 'NONE',  ( -38.46999999999999200, 22.54133580821671900, 54.73916976027089700 ) ) ;
#5082 = AXIS2_PLACEMENT_3D ( 'NONE', #5107, #6848, #10597 ) ;
#5083 = ORIENTED_EDGE ( 'NONE', *, *, #11787, .T. ) ;
#5084 = EDGE_CURVE ( 'NONE', #8547, #722, #8783, .T. ) ;
#5085 = SURFACE_STYLE_FILL_AREA ( #7637 ) ;
#5086 = AXIS2_PLACEMENT_3D ( 'NONE', #5876, #467, #6025 ) ;
#5087 = FACE_OUTER_BOUND ( 'NONE', #11208, .T. ) ;
#5088 = ORIENTED_EDGE ( 'NONE', *, *, #11211, .F. ) ;
#5089 = VERTEX_POINT ( 'NONE', #7008 ) ;
#5090 = CARTESIAN_POINT ( 'NONE',  ( 40.00000000000000700, -28.19999999999999600, -59.00000000000000000 ) ) ;
#5091 =( GEOMETRIC_REPRESENTATION_CONTEXT ( 3 ) GLOBAL_UNCERTAINTY_ASSIGNED_CONTEXT ( ( #6045 ) ) GLOBAL_UNIT_ASSIGNED_CONTEXT ( ( #10234, #4809, #1202 ) ) REPRESENTATION_CONTEXT ( 'NONE', 'WORKASPACE' ) );
#5092 = ORIENTED_EDGE ( 'NONE', *, *, #8483, .T. ) ;
#5093 = DIRECTION ( 'NONE',  ( -1.000000000000000000, 0.0000000000000000000, 0.0000000000000000000 ) ) ;
#5094 = EDGE_CURVE ( 'NONE', #6710, #7867, #3431, .T. ) ;
#5095 = FACE_OUTER_BOUND ( 'NONE', #1547, .T. ) ;
#5096 = DIRECTION ( 'NONE',  ( -0.0000000000000000000, -0.0000000000000000000, 1.000000000000000000 ) ) ;
#5097 = CYLINDRICAL_SURFACE ( 'NONE', #4273, 0.2500000000000002200 ) ;
#5098 = VERTEX_POINT ( 'NONE', #6128 ) ;
#5099 = CONICAL_SURFACE ( 'NONE', #8207, 6.800000000000000700, 0.7853981633974331800 ) ;
#5100 = ORIENTED_EDGE ( 'NONE', *, *, #11456, .T. ) ;
#5101 = AXIS2_PLACEMENT_3D ( 'NONE', #1740, #986, #1887 ) ;
#5102 = CARTESIAN_POINT ( 'NONE',  ( 25.19999999999999900, 40.00000000000000000, -58.75000000000000000 ) ) ;
#5103 = ADVANCED_FACE ( 'NONE', ( #9076 ), #11363, .T. ) ;
#5104 = TOROIDAL_SURFACE ( 'NONE', #8184, 0.5000000000000000000, 0.2500000000000000000 ) ;
#5105 = ORIENTED_EDGE ( 'NONE', *, *, #2538, .T. ) ;
#5106 = CARTESIAN_POINT ( 'NONE',  ( 43.00000000000000000, -26.34999999999999400, 58.75000000000000000 ) ) ;
#5107 = CARTESIAN_POINT ( 'NONE',  ( 38.44000000000001200, -23.09999999999998700, 55.74999999999999300 ) ) ;
#5108 = VECTOR ( 'NONE', #1751, 1000.000000000000000 ) ;
#5109 = EDGE_LOOP ( 'NONE', ( #1218, #10809, #5795, #11144 ) ) ;
#5110 = SURFACE_STYLE_FILL_AREA ( #7539 ) ;
#5111 = CARTESIAN_POINT ( 'NONE',  ( -23.09999999999997700, -38.44000000000001200, -48.00000000000000000 ) ) ;
#5112 = EDGE_CURVE ( 'NONE', #1423, #2991, #5253, .T. ) ;
#5113 = DIRECTION ( 'NONE',  ( -1.000000000000000000, 0.0000000000000000000, 0.0000000000000000000 ) ) ;
#5114 = ORIENTED_EDGE ( 'NONE', *, *, #6693, .F. ) ;
#5115 = FILL_AREA_STYLE_COLOUR ( '', #6058 ) ;
#5116 = TOROIDAL_SURFACE ( 'NONE', #2977, 2.750000000000000900, 0.2500000000000000000 ) ;
#5117 = ORIENTED_EDGE ( 'NONE', *, *, #3316, .F. ) ;
#5118 = DIRECTION ( 'NONE',  ( -1.000000000000000000, 0.0000000000000000000, 0.0000000000000000000 ) ) ;
#5119 = EDGE_LOOP ( 'NONE', ( #3931, #7909 ) ) ;
#5120 = ADVANCED_FACE ( 'NONE', ( #444 ), #732, .T. ) ;
#5121 = PRESENTATION_STYLE_ASSIGNMENT (( #8462 ) ) ;
#5122 = CARTESIAN_POINT ( 'NONE',  ( 0.0000000000000000000, 0.0000000000000000000, 97.60000000000000900 ) ) ;
#5123 = AXIS2_PLACEMENT_3D ( 'NONE', #6463, #10009, #65 ) ;
#5124 = CARTESIAN_POINT ( 'NONE',  ( 21.84999999999999800, 38.44000000000001200, 48.00000000000000000 ) ) ;
#5125 = DIRECTION ( 'NONE',  ( 0.0000000000000000000, 0.0000000000000000000, 1.000000000000000000 ) ) ;
#5126 = DIRECTION ( 'NONE',  ( -1.000000000000000000, 0.0000000000000000000, 0.0000000000000000000 ) ) ;
#5127 = DIRECTION ( 'NONE',  ( -0.0000000000000000000, -0.0000000000000000000, 1.000000000000000000 ) ) ;
#5128 = EDGE_CURVE ( 'NONE', #1692, #2278, #7633, .T. ) ;
#5129 = VECTOR ( 'NONE', #3864, 1000.000000000000000 ) ;
#5130 = ORIENTED_EDGE ( 'NONE', *, *, #2778, .T. ) ;
#5131 = FACE_BOUND ( 'NONE', #3026, .T. ) ;
#5132 = CARTESIAN_POINT ( 'NONE',  ( 38.44000000000001200, -23.09999999999998700, -58.75000000000000000 ) ) ;
#5133 = FACE_OUTER_BOUND ( 'NONE', #3604, .T. ) ;
#5134 = FACE_OUTER_BOUND ( 'NONE', #5080, .T. ) ;
#5135 = SURFACE_STYLE_USAGE ( .BOTH. , #8018 ) ;
#5136 = CARTESIAN_POINT ( 'NONE',  ( -34.79999999999999700, 34.79999999999999000, 58.75000000000000000 ) ) ;
#5137 = DIRECTION ( 'NONE',  ( 0.0000000000000000000, 0.0000000000000000000, -1.000000000000000000 ) ) ;
#5138 = AXIS2_PLACEMENT_3D ( 'NONE', #8212, #1856, #7214 ) ;
#5139 = LINE ( 'NONE', #4915, #11543 ) ;
#5140 = ORIENTED_EDGE ( 'NONE', *, *, #6515, .F. ) ;
#5141 = LINE ( 'NONE', #4464, #11545 ) ;
#5142 =( NAMED_UNIT ( * ) PLANE_ANGLE_UNIT ( ) SI_UNIT ( $, .RADIAN. ) );
#5143 = SURFACE_STYLE_FILL_AREA ( #11196 ) ;
#5144 = PRESENTATION_STYLE_ASSIGNMENT (( #4160 ) ) ;
#5145 = MECHANICAL_DESIGN_GEOMETRIC_PRESENTATION_REPRESENTATION (  '', ( #5685 ), #5756 ) ;
#5146 = CARTESIAN_POINT ( 'NONE',  ( -23.59999999999985900, -40.47000000000007700, 56.49999999999999300 ) ) ;
#5147 = DIRECTION ( 'NONE',  ( 1.000000000000000000, 0.0000000000000000000, 0.0000000000000000000 ) ) ;
#5148 = CARTESIAN_POINT ( 'NONE',  ( -40.47000000000002000, 22.59999999999999800, 56.75896736903245500 ) ) ;
#5149 = EDGE_CURVE ( 'NONE', #328, #6528, #582, .T. ) ;
#5150 = CARTESIAN_POINT ( 'NONE',  ( -38.96999999999999200, 25.10000000000000500, 56.49999999999999300 ) ) ;
#5151 = DIRECTION ( 'NONE',  ( -0.0000000000000000000, -0.0000000000000000000, -1.000000000000000000 ) ) ;
#5152 = EDGE_LOOP ( 'NONE', ( #10485, #1481, #2188, #3252 ) ) ;
#5153 = ORIENTED_EDGE ( 'NONE', *, *, #1915, .F. ) ;
#5154 = FACE_OUTER_BOUND ( 'NONE', #11636, .T. ) ;
#5155 = AXIS2_PLACEMENT_3D ( 'NONE', #382, #5793, #11242 ) ;
#5156 = VECTOR ( 'NONE', #7452, 1000.000000000000000 ) ;
#5157 = EDGE_CURVE ( 'NONE', #3473, #8236, #3145, .T. ) ;
#5158 = STYLED_ITEM ( 'NONE', ( #10252 ), #10361 ) ;
#5159 = CARTESIAN_POINT ( 'NONE',  ( -19.59999999999998700, -42.74999999999999300, 58.75000000000000000 ) ) ;
#5160 = CIRCLE ( 'NONE', #2658, 3.249999999999996000 ) ;
#5161 = CARTESIAN_POINT ( 'NONE',  ( 31.20000000000000300, 28.19999999999999600, -48.00000000000000000 ) ) ;
#5162 =( LENGTH_UNIT ( ) NAMED_UNIT ( * ) SI_UNIT ( .MILLI., .METRE. ) );
#5163 = DIRECTION ( 'NONE',  ( 1.000000000000000000, 0.0000000000000000000, 0.0000000000000000000 ) ) ;
#5164 = AXIS2_PLACEMENT_3D ( 'NONE', #7363, #3859, #1179 ) ;
#5165 = DIRECTION ( 'NONE',  ( -1.000000000000000000, 0.0000000000000000000, 0.0000000000000000000 ) ) ;
#5166 = EDGE_LOOP ( 'NONE', ( #3210, #6254, #5064, #8453 ) ) ;
#5167 = VERTEX_POINT ( 'NONE', #7616 ) ;
#5168 = EDGE_CURVE ( 'NONE', #8029, #1637, #6665, .T. ) ;
#5169 = ADVANCED_FACE ( 'NONE', ( #4280 ), #11228, .F. ) ;
#5170 = CARTESIAN_POINT ( 'NONE',  ( -23.09999999999986300, -38.47000000000007700, 54.73916976027089700 ) ) ;
#5171 = CIRCLE ( 'NONE', #3561, 7.000000000000000000 ) ;
#5172 = CARTESIAN_POINT ( 'NONE',  ( -28.19999999999998200, -43.00000000000000000, -48.00000000000000000 ) ) ;
#5173 = CARTESIAN_POINT ( 'NONE',  ( 39.69000000000001900, -23.09999999999998700, -59.00000000000000000 ) ) ;
#5174 = CARTESIAN_POINT ( 'NONE',  ( -42.74999999999999300, 19.59999999999999800, 58.75000000000000000 ) ) ;
#5175 = ORIENTED_EDGE ( 'NONE', *, *, #9019, .F. ) ;
#5176 = DIRECTION ( 'NONE',  ( -0.0000000000000000000, -0.0000000000000000000, 1.000000000000000000 ) ) ;
#5177 = EDGE_LOOP ( 'NONE', ( #5821, #10639, #6323, #990 ) ) ;
#5178 = LINE ( 'NONE', #3621, #3941 ) ;
#5179 = SURFACE_SIDE_STYLE ('',( #7920 ) ) ;
#5180 = VECTOR ( 'NONE', #8927, 1000.000000000000000 ) ;
#5181 = MANIFOLD_SOLID_BREP ( 'CirPattern1', #3949 ) ;
#5182 = LINE ( 'NONE', #5774, #5598 ) ;
#5183 = ADVANCED_FACE ( 'NONE', ( #10946 ), #10359, .F. ) ;
#5184 = ORIENTED_EDGE ( 'NONE', *, *, #1814, .T. ) ;
#5185 = FILL_AREA_STYLE ('',( #8689 ) ) ;
#5186 = EDGE_CURVE ( 'NONE', #11305, #8640, #1144, .T. ) ;
#5187 = CARTESIAN_POINT ( 'NONE',  ( -34.79999999999998300, -34.80000000000000400, 59.00000000000000000 ) ) ;
#5188 = DIRECTION ( 'NONE',  ( -1.000000000000000000, 0.0000000000000000000, 0.0000000000000000000 ) ) ;
#5189 = CARTESIAN_POINT ( 'NONE',  ( 26.34999999999999800, 43.00000000000000700, 55.74999999999999300 ) ) ;
#5190 = DIRECTION ( 'NONE',  ( 1.521687259628777600E-015, 1.000000000000000000, -0.0000000000000000000 ) ) ;
#5191 = ORIENTED_EDGE ( 'NONE', *, *, #6568, .F. ) ;
#5192 = ORIENTED_EDGE ( 'NONE', *, *, #11581, .T. ) ;
#5193 = CIRCLE ( 'NONE', #1286, 3.500000000000003100 ) ;
#5194 = FACE_OUTER_BOUND ( 'NONE', #3901, .T. ) ;
#5195 = FACE_OUTER_BOUND ( 'NONE', #8507, .T. ) ;
#5196 = CARTESIAN_POINT ( 'NONE',  ( -28.19999999999998900, 31.19999999999999600, -48.00000000000000000 ) ) ;
#5197 = AXIS2_PLACEMENT_3D ( 'NONE', #1897, #7223, #1975 ) ;
#5198 = DIRECTION ( 'NONE',  ( 0.0000000000000000000, -0.0000000000000000000, -1.000000000000000000 ) ) ;
#5199 = ORIENTED_EDGE ( 'NONE', *, *, #1934, .T. ) ;
#5200 = ORIENTED_EDGE ( 'NONE', *, *, #7285, .T. ) ;
#5201 = CIRCLE ( 'NONE', #8235, 2.500000000000000900 ) ;
#5202 = CARTESIAN_POINT ( 'NONE',  ( 21.09999999999959600, 38.63977061241090600, 56.82978467406091000 ) ) ;
#5203 = DIRECTION ( 'NONE',  ( -0.0000000000000000000, -0.0000000000000000000, -1.000000000000000000 ) ) ;
#5204 = EDGE_CURVE ( 'NONE', #3366, #531, #7210, .T. ) ;
#5205 = DIRECTION ( 'NONE',  ( 1.000000000000000000, 0.0000000000000000000, 0.0000000000000000000 ) ) ;
#5206 = PLANE ( 'NONE',  #1518 ) ;
#5207 = CIRCLE ( 'NONE', #8665, 0.2500000000000002200 ) ;
#5208 = DIRECTION ( 'NONE',  ( 0.0000000000000000000, 0.0000000000000000000, -1.000000000000000000 ) ) ;
#5209 = VERTEX_POINT ( 'NONE', #808 ) ;
#5210 = CARTESIAN_POINT ( 'NONE',  ( -21.59999999999997700, -38.44000000000001200, -59.00000000000000000 ) ) ;
#5211 =( GEOMETRIC_REPRESENTATION_CONTEXT ( 3 ) GLOBAL_UNCERTAINTY_ASSIGNED_CONTEXT ( ( #7628 ) ) GLOBAL_UNIT_ASSIGNED_CONTEXT ( ( #2603, #10754, #847 ) ) REPRESENTATION_CONTEXT ( 'NONE', 'WORKASPACE' ) );
#5212 = VERTEX_POINT ( 'NONE', #7125 ) ;
#5213 = CARTESIAN_POINT ( 'NONE',  ( 38.04999999999999000, 34.79999999999999700, 58.75000000000000000 ) ) ;
#5214 = VERTEX_POINT ( 'NONE', #9915 ) ;
#5215 = FACE_OUTER_BOUND ( 'NONE', #8941, .T. ) ;
#5216 = FACE_OUTER_BOUND ( 'NONE', #5166, .T. ) ;
#5217 = DIRECTION ( 'NONE',  ( 1.613696256722611400E-016, -1.000000000000000000, -0.0000000000000000000 ) ) ;
#5218 = CARTESIAN_POINT ( 'NONE',  ( -42.74999999999999300, 26.59999999999999800, 59.00000000000000000 ) ) ;
#5219 = DIRECTION ( 'NONE',  ( 0.0000000000000000000, 0.0000000000000000000, -1.000000000000000000 ) ) ;
#5220 =( GEOMETRIC_REPRESENTATION_CONTEXT ( 3 ) GLOBAL_UNCERTAINTY_ASSIGNED_CONTEXT ( ( #9248 ) ) GLOBAL_UNIT_ASSIGNED_CONTEXT ( ( #1383, #3483, #8755 ) ) REPRESENTATION_CONTEXT ( 'NONE', 'WORKASPACE' ) );
#5221 = CIRCLE ( 'NONE', #3587, 0.2500000000000002200 ) ;
#5222 = PLANE ( 'NONE',  #2175 ) ;
#5223 = EDGE_LOOP ( 'NONE', ( #8315, #5655, #8691, #11430 ) ) ;
#5224 = TOROIDAL_SURFACE ( 'NONE', #7035, 9.103553390593294400, 0.2500000000000000000 ) ;
#5225 = AXIS2_PLACEMENT_3D ( 'NONE', #2053, #11099, #5727 ) ;
#5226 = DIRECTION ( 'NONE',  ( 1.000000000000000000, -0.0000000000000000000, 0.0000000000000000000 ) ) ;
#5227 = CIRCLE ( 'NONE', #10829, 2.500000000000000900 ) ;
#5228 = EDGE_CURVE ( 'NONE', #6580, #3325, #8482, .T. ) ;
#5229 = ORIENTED_EDGE ( 'NONE', *, *, #2078, .T. ) ;
#5230 = ADVANCED_FACE ( 'NONE', ( #10798 ), #1788, .F. ) ;
#5231 = STYLED_ITEM ( 'NONE', ( #1330 ), #10124 ) ;
#5232 =( NAMED_UNIT ( * ) PLANE_ANGLE_UNIT ( ) SI_UNIT ( $, .RADIAN. ) );
#5233 = DIRECTION ( 'NONE',  ( -0.0000000000000000000, -1.000000000000000000, -0.0000000000000000000 ) ) ;
#5234 = DIRECTION ( 'NONE',  ( -0.0000000000000000000, -0.0000000000000000000, 1.000000000000000000 ) ) ;
#5235 = ORIENTED_EDGE ( 'NONE', *, *, #7958, .F. ) ;
#5236 = AXIS2_PLACEMENT_3D ( 'NONE', #8937, #10780, #4483 ) ;
#5237 = FACE_OUTER_BOUND ( 'NONE', #4685, .T. ) ;
#5238 = SURFACE_STYLE_FILL_AREA ( #2148 ) ;
#5239 = EDGE_CURVE ( 'NONE', #5520, #11152, #5947, .T. ) ;
#5240 = ORIENTED_EDGE ( 'NONE', *, *, #6498, .T. ) ;
#5241 = DIRECTION ( 'NONE',  ( 1.000000000000000000, 0.0000000000000000000, 0.0000000000000000000 ) ) ;
#5242 = ADVANCED_FACE ( 'NONE', ( #6243 ), #9064, .F. ) ;
#5243 = CARTESIAN_POINT ( 'NONE',  ( -24.30354704584599500, -37.97000000000007000, 57.47839634320754200 ) ) ;
#5244 = DIRECTION ( 'NONE',  ( 1.000000000000000000, 3.491481338843133400E-015, 0.0000000000000000000 ) ) ;
#5245 = CARTESIAN_POINT ( 'NONE',  ( -38.44000000000000500, 20.09999999999999400, 55.99999999999999300 ) ) ;
#5246 = AXIS2_PLACEMENT_3D ( 'NONE', #10594, #8826, #8152 ) ;
#5247 = CARTESIAN_POINT ( 'NONE',  ( -25.09999999999987000, -38.97000000000008400, 56.75896736903248300 ) ) ;
#5248 = FILL_AREA_STYLE ('',( #11656 ) ) ;
#5249 = AXIS2_PLACEMENT_3D ( 'NONE', #9998, #1873, #3685 ) ;
#5250 = VERTEX_POINT ( 'NONE', #8952 ) ;
#5251 = CARTESIAN_POINT ( 'NONE',  ( -40.46999999999999200, 23.60000000000000100, 56.49999999999999300 ) ) ;
#5252 = UNCERTAINTY_MEASURE_WITH_UNIT (LENGTH_MEASURE( 1.000000000000000100E-005 ), #1616, 'distance_accuracy_value', 'NONE');
#5253 = CIRCLE ( 'NONE', #2223, 2.250000000000001800 ) ;
#5254 = ORIENTED_EDGE ( 'NONE', *, *, #8930, .F. ) ;
#5255 = DIRECTION ( 'NONE',  ( 0.0000000000000000000, 0.0000000000000000000, 1.000000000000000000 ) ) ;
#5256 = EDGE_CURVE ( 'NONE', #167, #666, #2426, .T. ) ;
#5257 = ORIENTED_EDGE ( 'NONE', *, *, #2391, .T. ) ;
#5258 = DIRECTION ( 'NONE',  ( -1.000000000000000000, 0.0000000000000000000, 0.0000000000000000000 ) ) ;
#5259 = ORIENTED_EDGE ( 'NONE', *, *, #826, .T. ) ;
#5260 = CARTESIAN_POINT ( 'NONE',  ( 37.26645295415387700, -22.60000000000000900, 57.47839634320757800 ) ) ;
#5261 = DIRECTION ( 'NONE',  ( 1.000000000000000000, 0.0000000000000000000, 0.0000000000000000000 ) ) ;
#5262 = VECTOR ( 'NONE', #1131, 1000.000000000000000 ) ;
#5263 = EDGE_LOOP ( 'NONE', ( #7109, #10626, #2265, #1549 ) ) ;
#5264 = ORIENTED_EDGE ( 'NONE', *, *, #3288, .F. ) ;
#5265 = FACE_OUTER_BOUND ( 'NONE', #6569, .T. ) ;
#5266 = STYLED_ITEM ( 'NONE', ( #4776 ), #6654 ) ;
#5267 = FILL_AREA_STYLE ('',( #7945 ) ) ;
#5268 = CARTESIAN_POINT ( 'NONE',  ( 28.20000000000000300, -31.19999999999999200, 48.00000000000000000 ) ) ;
#5269 = CARTESIAN_POINT ( 'NONE',  ( -40.49999999999999300, 40.50000000000000700, 48.25000000000000000 ) ) ;
#5270 = PLANE ( 'NONE',  #7957 ) ;
#5271 = CARTESIAN_POINT ( 'NONE',  ( 21.09999999999959600, 38.97000000000021200, 56.75896736903246900 ) ) ;
#5272 = LINE ( 'NONE', #5684, #4994 ) ;
#5273 = ORIENTED_EDGE ( 'NONE', *, *, #8667, .F. ) ;
#5274 = B_SPLINE_CURVE_WITH_KNOTS ( 'NONE', 3,
 ( #2500, #6161, #7847, #9860, #11500, #5294 ),
 .UNSPECIFIED., .F., .F.,
 ( 4, 2, 4 ),
 ( 0.01713536489727016100, 0.01805660470586277500, 0.01897784451445539200 ),
 .UNSPECIFIED. ) ;
#5275 = EDGE_CURVE ( 'NONE', #2147, #1961, #9358, .T. ) ;
#5276 = CARTESIAN_POINT ( 'NONE',  ( -38.43999999999999800, 26.34999999999999100, 56.24999999999999300 ) ) ;
#5277 = LINE ( 'NONE', #1128, #10679 ) ;
#5278 = CARTESIAN_POINT ( 'NONE',  ( 8.926776695296657800, 1.093214850659824000E-015, -58.92677669529663100 ) ) ;
#5279 = CARTESIAN_POINT ( 'NONE',  ( -23.59999999999987000, -37.97000000000007000, 57.79579263126746700 ) ) ;
#5281 = DIRECTION ( 'NONE',  ( -0.0000000000000000000, -0.0000000000000000000, -1.000000000000000000 ) ) ;
#5280 = CIRCLE ( 'NONE', #11010, 0.2500000000000002200 ) ;
#5282 =( GEOMETRIC_REPRESENTATION_CONTEXT ( 3 ) GLOBAL_UNCERTAINTY_ASSIGNED_CONTEXT ( ( #9771 ) ) GLOBAL_UNIT_ASSIGNED_CONTEXT ( ( #9430, #4845, #5785 ) ) REPRESENTATION_CONTEXT ( 'NONE', 'WORKASPACE' ) );
#5283 = ORIENTED_EDGE ( 'NONE', *, *, #2195, .F. ) ;
#5284 = DIRECTION ( 'NONE',  ( -0.0000000000000000000, -0.0000000000000000000, 1.000000000000000000 ) ) ;
#5285 = DIRECTION ( 'NONE',  ( 0.0000000000000000000, 0.0000000000000000000, 1.000000000000000000 ) ) ;
#5286 = FACE_BOUND ( 'NONE', #2113, .T. ) ;
#5287 = CARTESIAN_POINT ( 'NONE',  ( 38.46999999999999200, -21.10000000000000500, 56.83639580559806600 ) ) ;
#5288 = CARTESIAN_POINT ( 'NONE',  ( -23.59999999999987000, -37.97000000000007000, 57.79579263126746700 ) ) ;
#5289 = EDGE_CURVE ( 'NONE', #1450, #4582, #11743, .T. ) ;
#5290 = CARTESIAN_POINT ( 'NONE',  ( 0.0000000000000000000, 0.0000000000000000000, -58.80000000000000400 ) ) ;
#5291 = EDGE_CURVE ( 'NONE', #10906, #11165, #7622, .T. ) ;
#5292 = CARTESIAN_POINT ( 'NONE',  ( -38.43999999999999800, 23.09999999999999100, 48.00000000000000000 ) ) ;
#5293 = CARTESIAN_POINT ( 'NONE',  ( -42.74999999999999300, 25.19999999999998500, -58.75000000000000000 ) ) ;
#5294 = CARTESIAN_POINT ( 'NONE',  ( -23.59999999999986600, -38.97000000000007700, 57.79579263126746700 ) ) ;
#5295 = ORIENTED_EDGE ( 'NONE', *, *, #5291, .F. ) ;
#5296 = VECTOR ( 'NONE', #8157, 1000.000000000000000 ) ;
#5297 = DIRECTION ( 'NONE',  ( -0.0000000000000000000, -0.0000000000000000000, 1.000000000000000000 ) ) ;
#5298 = CARTESIAN_POINT ( 'NONE',  ( -24.34999999999998000, -38.44000000000001200, 48.00000000000000000 ) ) ;
#5299 = PRESENTATION_LAYER_ASSIGNMENT (  '', '', ( #4492 ) ) ;
#5300 = EDGE_CURVE ( 'NONE', #10729, #8473, #9, .T. ) ;
#5301 = AXIS2_PLACEMENT_3D ( 'NONE', #10048, #7178, #4476 ) ;
#5302 = ADVANCED_FACE ( 'NONE', ( #1717 ), #7987, .T. ) ;
#5303 = ORIENTED_EDGE ( 'NONE', *, *, #7698, .T. ) ;
#5304 = ORIENTED_EDGE ( 'NONE', *, *, #11382, .F. ) ;
#5305 = PRESENTATION_STYLE_ASSIGNMENT (( #2127 ) ) ;
#5306 =( NAMED_UNIT ( * ) PLANE_ANGLE_UNIT ( ) SI_UNIT ( $, .RADIAN. ) );
#5307 = LINE ( 'NONE', #7612, #5156 ) ;
#5308 = PRESENTATION_LAYER_ASSIGNMENT (  '', '', ( #5685 ) ) ;
#5309 = LINE ( 'NONE', #9616, #4756 ) ;
#5310 = CARTESIAN_POINT ( 'NONE',  ( 0.0000000000000000000, 0.0000000000000000000, 59.00000000000000000 ) ) ;
#5311 = EDGE_CURVE ( 'NONE', #8227, #4252, #3577, .T. ) ;
#5312 = DIRECTION ( 'NONE',  ( -0.0000000000000000000, -0.0000000000000000000, 1.000000000000000000 ) ) ;
#5313 = AXIS2_PLACEMENT_3D ( 'NONE', #6340, #2913, #6487 ) ;
#5314 = EDGE_CURVE ( 'NONE', #3794, #2628, #7486, .T. ) ;
#5315 =( GEOMETRIC_REPRESENTATION_CONTEXT ( 3 ) GLOBAL_UNCERTAINTY_ASSIGNED_CONTEXT ( ( #9460 ) ) GLOBAL_UNIT_ASSIGNED_CONTEXT ( ( #5162, #6943, #8839 ) ) REPRESENTATION_CONTEXT ( 'NONE', 'WORKASPACE' ) );
#5316 = ORIENTED_EDGE ( 'NONE', *, *, #10835, .T. ) ;
#5317 = ORIENTED_EDGE ( 'NONE', *, *, #5943, .F. ) ;
#5318 =( NAMED_UNIT ( * ) PLANE_ANGLE_UNIT ( ) SI_UNIT ( $, .RADIAN. ) );
#5319 = VECTOR ( 'NONE', #10536, 1000.000000000000000 ) ;
#5320 = EDGE_LOOP ( 'NONE', ( #10767, #6094, #1944, #5532 ) ) ;
#5321 = CARTESIAN_POINT ( 'NONE',  ( 23.09999999999999400, 38.44000000000001200, -58.75000000000000000 ) ) ;
#5322 = CARTESIAN_POINT ( 'NONE',  ( 0.0000000000000000000, 0.0000000000000000000, 48.24999999999999300 ) ) ;
#5323 = DIRECTION ( 'NONE',  ( -0.0000000000000000000, -0.0000000000000000000, 1.000000000000000000 ) ) ;
#5324 = AXIS2_PLACEMENT_3D ( 'NONE', #1050, #5710, #4734 ) ;
#5325 = EDGE_CURVE ( 'NONE', #6310, #6492, #8772, .T. ) ;
#5326 = EDGE_LOOP ( 'NONE', ( #8201, #8429, #4281, #10914 ) ) ;
#5327 = ORIENTED_EDGE ( 'NONE', *, *, #1174, .T. ) ;
#5328 = COLOUR_RGB ( '',0.8941176470588234600, 0.9137254901960784000, 0.9294117647058823800 ) ;
#5329 = DIRECTION ( 'NONE',  ( -1.108712219367988300E-016, -3.871048024070685300E-031, 1.000000000000000000 ) ) ;
#5330 = EDGE_LOOP ( 'NONE', ( #9624, #10924, #5671, #10211 ) ) ;
#5331 = CYLINDRICAL_SURFACE ( 'NONE', #7265, 1.250000000000008000 ) ;
#5332 = DIRECTION ( 'NONE',  ( 0.0000000000000000000, 0.0000000000000000000, -1.000000000000000000 ) ) ;
#5333 = UNCERTAINTY_MEASURE_WITH_UNIT (LENGTH_MEASURE( 1.000000000000000100E-005 ), #454, 'distance_accuracy_value', 'NONE');
#5334 = CARTESIAN_POINT ( 'NONE',  ( -1.747239518372058400E-015, 48.99999999999999300, -53.50000000000000000 ) ) ;
#5335 = FACE_OUTER_BOUND ( 'NONE', #6813, .T. ) ;
#5336 = ORIENTED_EDGE ( 'NONE', *, *, #4114, .T. ) ;
#5337 = CARTESIAN_POINT ( 'NONE',  ( 31.20000000000000600, -28.19999999999999200, 48.00000000000000000 ) ) ;
#5338 = CARTESIAN_POINT ( 'NONE',  ( -23.09999999999998400, -38.44000000000000500, 59.00000000000000000 ) ) ;
#5339 = AXIS2_PLACEMENT_3D ( 'NONE', #586, #7763, #7805 ) ;
#5340 = APPLICATION_PROTOCOL_DEFINITION ( 'draft international standard', 'automotive_design', 1998, #10663 ) ;
#5341 = VERTEX_POINT ( 'NONE', #7264 ) ;
#5342 = ORIENTED_EDGE ( 'NONE', *, *, #7559, .T. ) ;
#5343 = TOROIDAL_SURFACE ( 'NONE', #11778, 3.500000000000001300, 0.2500000000000000000 ) ;
#5344 = FACE_OUTER_BOUND ( 'NONE', #11166, .T. ) ;
#5345 = CARTESIAN_POINT ( 'NONE',  ( -25.19999999999998200, -40.00000000000000000, -58.75000000000000000 ) ) ;
#5346 = EDGE_CURVE ( 'NONE', #197, #6356, #5666, .T. ) ;
#5347 = VERTEX_POINT ( 'NONE', #10951 ) ;
#5348 = CARTESIAN_POINT ( 'NONE',  ( -25.09999999999987400, -38.47000000000007700, 56.83639580559805200 ) ) ;
#5349 = DIRECTION ( 'NONE',  ( -0.0000000000000000000, -0.0000000000000000000, -1.000000000000000000 ) ) ;
#5350 = DIRECTION ( 'NONE',  ( -0.0000000000000000000, 1.000000000000000000, -0.0000000000000000000 ) ) ;
#5351 = CARTESIAN_POINT ( 'NONE',  ( -23.09999999999997700, -38.44000000000001200, 48.00000000000000000 ) ) ;
#5352 = ORIENTED_EDGE ( 'NONE', *, *, #590, .F. ) ;
#5353 = CIRCLE ( 'NONE', #4022, 1.500000000000001300 ) ;
#5354 = B_SPLINE_CURVE_WITH_KNOTS ( 'NONE', 3,
 ( #5766, #8395, #6671, #4750, #2938, #10295 ),
 .UNSPECIFIED., .F., .F.,
 ( 4, 2, 4 ),
 ( 0.01713536489727013300, 0.01805660470586274400, 0.01897784451445535400 ),
 .UNSPECIFIED. ) ;
#5355 = EDGE_LOOP ( 'NONE', ( #11135, #3333, #5640, #9546 ) ) ;
#5356 = VECTOR ( 'NONE', #4927, 1000.000000000000000 ) ;
#5357 = DIRECTION ( 'NONE',  ( 0.0000000000000000000, -0.0000000000000000000, -1.000000000000000000 ) ) ;
#5358 = AXIS2_PLACEMENT_3D ( 'NONE', #11546, #3342, #6086 ) ;
#5359 = CIRCLE ( 'NONE', #5428, 0.2500000000000002200 ) ;
#5360 = ORIENTED_EDGE ( 'NONE', *, *, #4888, .F. ) ;
#5361 = DIRECTION ( 'NONE',  ( 0.0000000000000000000, 0.0000000000000000000, 1.000000000000000000 ) ) ;
#5362 = EDGE_CURVE ( 'NONE', #9809, #10549, #6651, .T. ) ;
#5363 = ADVANCED_FACE ( 'NONE', ( #6381 ), #3280, .T. ) ;
#5364 = ORIENTED_EDGE ( 'NONE', *, *, #2498, .F. ) ;
#5365 =( NAMED_UNIT ( * ) SI_UNIT ( $, .STERADIAN. ) SOLID_ANGLE_UNIT ( ) );
#5366 = DIRECTION ( 'NONE',  ( 0.0000000000000000000, -1.000000000000000000, 0.0000000000000000000 ) ) ;
#5367 = VERTEX_POINT ( 'NONE', #170 ) ;
#5368 = SURFACE_STYLE_FILL_AREA ( #9852 ) ;
#5369 = CARTESIAN_POINT ( 'NONE',  ( 37.18999999999999800, -23.09999999999998700, -59.00000000000000000 ) ) ;
#5370 = LINE ( 'NONE', #8211, #10348 ) ;
#5371 = ORIENTED_EDGE ( 'NONE', *, *, #11151, .T. ) ;
#5372 = AXIS2_PLACEMENT_3D ( 'NONE', #2138, #1563, #7103 ) ;
#5373 = CARTESIAN_POINT ( 'NONE',  ( 40.47000000000002000, -22.59999999999999800, 56.75896736903245500 ) ) ;
#5374 = CARTESIAN_POINT ( 'NONE',  ( -7.000000000000000000, 8.572527594031473200E-016, 2.099999999999963200 ) ) ;
#5375 = ORIENTED_EDGE ( 'NONE', *, *, #5539, .T. ) ;
#5376 =( NAMED_UNIT ( * ) PLANE_ANGLE_UNIT ( ) SI_UNIT ( $, .RADIAN. ) );
#5377 = ORIENTED_EDGE ( 'NONE', *, *, #9181, .T. ) ;
#5378 = VERTEX_POINT ( 'NONE', #1903 ) ;
#5379 = DIRECTION ( 'NONE',  ( -1.000000000000000000, 0.0000000000000000000, -0.0000000000000000000 ) ) ;
#5380 = AXIS2_PLACEMENT_3D ( 'NONE', #9652, #5244, #10609 ) ;
#5381 = ORIENTED_EDGE ( 'NONE', *, *, #9427, .T. ) ;
#5382 = ORIENTED_EDGE ( 'NONE', *, *, #10779, .T. ) ;
#5383 = EDGE_CURVE ( 'NONE', #1275, #7916, #3994, .T. ) ;
#5384 = PLANE ( 'NONE',  #6791 ) ;
#5385 = ORIENTED_EDGE ( 'NONE', *, *, #1036, .F. ) ;
#5386 = AXIS2_PLACEMENT_3D ( 'NONE', #10817, #7208, #2781 ) ;
#5387 = CARTESIAN_POINT ( 'NONE',  ( 43.00000000000000000, 28.19999999999999600, 48.00000000000000000 ) ) ;
#5388 = CARTESIAN_POINT ( 'NONE',  ( 22.93162533000384700, 36.47000000000024800, 56.83664221820389900 ) ) ;
#5389 = EDGE_CURVE ( 'NONE', #1840, #10790, #9938, .T. ) ;
#5390 = LINE ( 'NONE', #5007, #2996 ) ;
#5391 = AXIS2_PLACEMENT_3D ( 'NONE', #1893, #6436, #7327 ) ;
#5392 = DIRECTION ( 'NONE',  ( 7.885106708985497900E-016, -1.000000000000000000, 0.0000000000000000000 ) ) ;
#5393 = DIRECTION ( 'NONE',  ( -1.000000000000000000, 0.0000000000000000000, 0.0000000000000000000 ) ) ;
#5394 = FACE_OUTER_BOUND ( 'NONE', #3420, .T. ) ;
#5395 = DIRECTION ( 'NONE',  ( 1.000000000000000000, 0.0000000000000000000, 0.0000000000000000000 ) ) ;
#5396 = VERTEX_POINT ( 'NONE', #2833 ) ;
#5397 = EDGE_LOOP ( 'NONE', ( #4665, #2494 ) ) ;
#5398 = DIRECTION ( 'NONE',  ( 1.000000000000000000, 4.130293990420970400E-016, 0.0000000000000000000 ) ) ;
#5399 = DIRECTION ( 'NONE',  ( -1.613696256722611400E-016, 1.000000000000000000, 0.0000000000000000000 ) ) ;
#5400 = AXIS2_PLACEMENT_3D ( 'NONE', #6826, #7722, #5165 ) ;
#5401 = ORIENTED_EDGE ( 'NONE', *, *, #9644, .T. ) ;
#5402 = EDGE_CURVE ( 'NONE', #5966, #2934, #2696, .T. ) ;
#5403 = LINE ( 'NONE', #1370, #10944 ) ;
#5404 = VERTEX_POINT ( 'NONE', #6444 ) ;
#5405 = UNCERTAINTY_MEASURE_WITH_UNIT (LENGTH_MEASURE( 1.000000000000000100E-005 ), #8298, 'distance_accuracy_value', 'NONE');
#5406 =( NAMED_UNIT ( * ) PLANE_ANGLE_UNIT ( ) SI_UNIT ( $, .RADIAN. ) );
#5407 = FACE_OUTER_BOUND ( 'NONE', #10087, .T. ) ;
#5408 = ORIENTED_EDGE ( 'NONE', *, *, #8603, .F. ) ;
#5409 = FACE_OUTER_BOUND ( 'NONE', #11464, .T. ) ;
#5410 = CARTESIAN_POINT ( 'NONE',  ( -37.96999999999999900, 21.51708127956469600, 57.21345909932559700 ) ) ;
#5411 = CARTESIAN_POINT ( 'NONE',  ( 23.59999999999957900, 40.47000000000024000, 56.49999999999999300 ) ) ;
#5412 = CARTESIAN_POINT ( 'NONE',  ( 40.49999999999999300, 42.75000000000000700, 58.75000000000000000 ) ) ;
#5413 = AXIS2_PLACEMENT_3D ( 'NONE', #1175, #11127, #10091 ) ;
#5414 = ORIENTED_EDGE ( 'NONE', *, *, #3495, .F. ) ;
#5415 = ORIENTED_EDGE ( 'NONE', *, *, #7973, .F. ) ;
#5416 = CIRCLE ( 'NONE', #1968, 2.999999999999999100 ) ;
#5417 = ORIENTED_EDGE ( 'NONE', *, *, #8516, .T. ) ;
#5418 = CARTESIAN_POINT ( 'NONE',  ( -37.18999999999998400, 23.09999999999999100, -48.00000000000000000 ) ) ;
#5419 = ORIENTED_EDGE ( 'NONE', *, *, #5863, .F. ) ;
#5420 = TOROIDAL_SURFACE ( 'NONE', #8961, 1.500000000000001300, 0.2500000000000000000 ) ;
#5421 = EDGE_CURVE ( 'NONE', #4854, #10853, #10512, .T. ) ;
#5422 = CARTESIAN_POINT ( 'NONE',  ( -37.96999999999999200, 25.10000000000000500, 56.49999999999999300 ) ) ;
#5423 = FILL_AREA_STYLE_COLOUR ( '', #7380 ) ;
#5424 = ADVANCED_FACE ( 'NONE', ( #5394 ), #1942, .F. ) ;
#5425 = ORIENTED_EDGE ( 'NONE', *, *, #6322, .T. ) ;
#5426 = FACE_BOUND ( 'NONE', #5119, .T. ) ;
#5427 = VECTOR ( 'NONE', #597, 1000.000000000000000 ) ;
#5428 = AXIS2_PLACEMENT_3D ( 'NONE', #8962, #8915, #3564 ) ;
#5429 = DIRECTION ( 'NONE',  ( -1.000000000000000000, 3.016910393003141700E-015, 0.0000000000000000000 ) ) ;
#5430 = DIRECTION ( 'NONE',  ( 1.000000000000000000, 0.0000000000000000000, 0.0000000000000000000 ) ) ;
#5431 = DIRECTION ( 'NONE',  ( 1.682156097916899000E-015, 1.000000000000000000, 0.0000000000000000000 ) ) ;
#5432 = DIRECTION ( 'NONE',  ( 0.0000000000000000000, 0.0000000000000000000, -1.000000000000000000 ) ) ;
#5433 = CARTESIAN_POINT ( 'NONE',  ( 0.0000000000000000000, 0.0000000000000000000, 59.59999999999996600 ) ) ;
#5434 = EDGE_CURVE ( 'NONE', #11596, #5098, #7918, .T. ) ;
#5435 = CARTESIAN_POINT ( 'NONE',  ( -28.19999999999998900, 31.19999999999999600, 48.00000000000000000 ) ) ;
#5436 = LINE ( 'NONE', #1079, #1328 ) ;
#5437 = EDGE_LOOP ( 'NONE', ( #2027, #10021, #8773, #3063, #2701, #5283, #1089, #1972, #10520, #5646 ) ) ;
#5438 = CYLINDRICAL_SURFACE ( 'NONE', #4655, 0.2500000000000002200 ) ;
#5439 = DIRECTION ( 'NONE',  ( -0.0000000000000000000, -0.0000000000000000000, 1.000000000000000000 ) ) ;
#5440 = SURFACE_SIDE_STYLE ('',( #4479 ) ) ;
#5441 = CARTESIAN_POINT ( 'NONE',  ( 25.09999999999959600, 38.97000000000025500, 56.75896736903249000 ) ) ;
#5442 = DIRECTION ( 'NONE',  ( 0.0000000000000000000, -0.0000000000000000000, -1.000000000000000000 ) ) ;
#5443 = DIRECTION ( 'NONE',  ( -1.000000000000000000, 0.0000000000000000000, 0.0000000000000000000 ) ) ;
#5444 = AXIS2_PLACEMENT_3D ( 'NONE', #3984, #288, #9423 ) ;
#5445 =( LENGTH_UNIT ( ) NAMED_UNIT ( * ) SI_UNIT ( .MILLI., .METRE. ) );
#5446 = ORIENTED_EDGE ( 'NONE', *, *, #8243, .T. ) ;
#5447 = ORIENTED_EDGE ( 'NONE', *, *, #1947, .F. ) ;
#5448 = LINE ( 'NONE', #2570, #2785 ) ;
#5449 = EDGE_CURVE ( 'NONE', #237, #10498, #5808, .T. ) ;
#5450 = CIRCLE ( 'NONE', #11450, 0.2500000000000002200 ) ;
#5451 = EDGE_CURVE ( 'NONE', #4848, #5885, #3133, .T. ) ;
#5452 =( NAMED_UNIT ( * ) SI_UNIT ( $, .STERADIAN. ) SOLID_ANGLE_UNIT ( ) );
#5453 = DIRECTION ( 'NONE',  ( 0.0000000000000000000, 0.0000000000000000000, 1.000000000000000000 ) ) ;
#5454 = VERTEX_POINT ( 'NONE', #286 ) ;
#5455 = CARTESIAN_POINT ( 'NONE',  ( -43.00000000000000000, 26.34999999999999800, 58.75000000000000000 ) ) ;
#5456 = ORIENTED_EDGE ( 'NONE', *, *, #9729, .F. ) ;
#5457 = FACE_OUTER_BOUND ( 'NONE', #4093, .T. ) ;
#5458 = CIRCLE ( 'NONE', #10879, 3.250000000000002700 ) ;
#5459 = AXIS2_PLACEMENT_3D ( 'NONE', #6976, #6093, #9722 ) ;
#5460 = DIRECTION ( 'NONE',  ( -1.000000000000000000, 0.0000000000000000000, 0.0000000000000000000 ) ) ;
#5461 = FILL_AREA_STYLE_COLOUR ( '', #4997 ) ;
#5462 = DIRECTION ( 'NONE',  ( 0.0000000000000000000, -1.108712219367988300E-016, -1.000000000000000000 ) ) ;
#5463 = AXIS2_PLACEMENT_3D ( 'NONE', #11618, #7067, #6158 ) ;
#5464 = ADVANCED_FACE ( 'NONE', ( #11076 ), #5097, .T. ) ;
#5465 = DIRECTION ( 'NONE',  ( 0.0000000000000000000, -0.0000000000000000000, -1.000000000000000000 ) ) ;
#5466 = CARTESIAN_POINT ( 'NONE',  ( -38.96999999999998500, 21.89645295415388300, 57.47839634320756400 ) ) ;
#5467 = ORIENTED_EDGE ( 'NONE', *, *, #3288, .T. ) ;
#5468 = VERTEX_POINT ( 'NONE', #248 ) ;
#5469 = VECTOR ( 'NONE', #7481, 1000.000000000000000 ) ;
#5470 = DIRECTION ( 'NONE',  ( -0.0000000000000000000, -0.0000000000000000000, -1.000000000000000000 ) ) ;
#5471 = EDGE_CURVE ( 'NONE', #434, #5593, #2725, .T. ) ;
#5472 = TOROIDAL_SURFACE ( 'NONE', #2564, 1.500000000000004700, 0.2500000000000000000 ) ;
#5473 = CARTESIAN_POINT ( 'NONE',  ( -24.34999999999998000, -38.44000000000001200, 48.25000000000000000 ) ) ;
#5474 = EDGE_LOOP ( 'NONE', ( #4380, #8593, #650, #5029 ) ) ;
#5475 = AXIS2_PLACEMENT_3D ( 'NONE', #6972, #11591, #3391 ) ;
#5476 = ORIENTED_EDGE ( 'NONE', *, *, #350, .T. ) ;
#5477 =( NAMED_UNIT ( * ) SI_UNIT ( $, .STERADIAN. ) SOLID_ANGLE_UNIT ( ) );
#5478 = ADVANCED_FACE ( 'NONE', ( #5522 ), #6643, .T. ) ;
#5479 = CARTESIAN_POINT ( 'NONE',  ( 9.103553390593294400, 1.114863752065711000E-015, -59.00000000000000000 ) ) ;
#5480 = CARTESIAN_POINT ( 'NONE',  ( -40.47000000000002000, 22.59999999999999800, 56.75896736903245500 ) ) ;
#5481 = CARTESIAN_POINT ( 'NONE',  ( 39.94000000000001200, -23.09999999999998700, -59.00000000000000000 ) ) ;
#5482 = LINE ( 'NONE', #4886, #3377 ) ;
#5483 = AXIS2_PLACEMENT_3D ( 'NONE', #4247, #1714, #4511 ) ;
#5484 = DIRECTION ( 'NONE',  ( 0.0000000000000000000, 1.000000000000000000, 0.0000000000000000000 ) ) ;
#5485 = ORIENTED_EDGE ( 'NONE', *, *, #10394, .F. ) ;
#5486 = EDGE_CURVE ( 'NONE', #9080, #7878, #1839, .T. ) ;
#5487 = DIRECTION ( 'NONE',  ( -0.0000000000000000000, -0.0000000000000000000, 1.000000000000000000 ) ) ;
#5488 = FILL_AREA_STYLE ('',( #2666 ) ) ;
#5489 = EDGE_LOOP ( 'NONE', ( #8947, #6718, #1424, #7771 ) ) ;
#5490 = DIRECTION ( 'NONE',  ( 0.0000000000000000000, -1.000000000000000000, 0.0000000000000000000 ) ) ;
#5491 = AXIS2_PLACEMENT_3D ( 'NONE', #5708, #2077, #7383 ) ;
#5492 = SURFACE_SIDE_STYLE ('',( #2459 ) ) ;
#5493 = EDGE_LOOP ( 'NONE', ( #7121, #6447, #10317, #8492 ) ) ;
#5494 = DIRECTION ( 'NONE',  ( 1.000000000000000000, 0.0000000000000000000, 0.0000000000000000000 ) ) ;
#5495 = VERTEX_POINT ( 'NONE', #10344 ) ;
#5496 = CYLINDRICAL_SURFACE ( 'NONE', #7126, 3.249999999999996000 ) ;
#5497 = EDGE_CURVE ( 'NONE', #3613, #9815, #6228, .T. ) ;
#5498 = CARTESIAN_POINT ( 'NONE',  ( -28.19999999999998200, -40.00000000000000000, -58.75000000000000000 ) ) ;
#5499 = ORIENTED_EDGE ( 'NONE', *, *, #2018, .F. ) ;
#5500 = DIRECTION ( 'NONE',  ( 1.000000000000000000, 0.0000000000000000000, 0.0000000000000000000 ) ) ;
#5501 = DIRECTION ( 'NONE',  ( -1.000000000000000000, 0.0000000000000000000, 0.0000000000000000000 ) ) ;
#5502 = DIRECTION ( 'NONE',  ( -1.000000000000000000, -2.344220913482170700E-016, 0.0000000000000000000 ) ) ;
#5503 = DIRECTION ( 'NONE',  ( 0.0000000000000000000, 0.0000000000000000000, -1.000000000000000000 ) ) ;
#5504 = ORIENTED_EDGE ( 'NONE', *, *, #1036, .T. ) ;
#5505 = VECTOR ( 'NONE', #4982, 1000.000000000000000 ) ;
#5506 = AXIS2_PLACEMENT_3D ( 'NONE', #5293, #10032, #6305 ) ;
#5507 = ORIENTED_EDGE ( 'NONE', *, *, #162, .F. ) ;
#5508 = VERTEX_POINT ( 'NONE', #3098 ) ;
#5509 = CYLINDRICAL_SURFACE ( 'NONE', #9799, 36.50000000000000000 ) ;
#5510 = CARTESIAN_POINT ( 'NONE',  ( -23.43960852329026400, -40.47000000000007000, 56.80943189897301000 ) ) ;
#5511 = VERTEX_POINT ( 'NONE', #4019 ) ;
#5512 = ORIENTED_EDGE ( 'NONE', *, *, #4547, .F. ) ;
#5513 = DIRECTION ( 'NONE',  ( 0.0000000000000000000, -1.000000000000000000, 0.0000000000000000000 ) ) ;
#5514 = EDGE_CURVE ( 'NONE', #629, #1450, #4740, .T. ) ;
#5515 = DIRECTION ( 'NONE',  ( 0.0000000000000000000, -1.000000000000000000, 0.0000000000000000000 ) ) ;
#5516 = DIRECTION ( 'NONE',  ( 1.000000000000000000, 1.047444401652940000E-014, 0.0000000000000000000 ) ) ;
#5517 = CARTESIAN_POINT ( 'NONE',  ( 0.0000000000000000000, 0.0000000000000000000, 2.099999999999963200 ) ) ;
#5518 = CARTESIAN_POINT ( 'NONE',  ( 26.34999999999999400, 42.75000000000000700, 58.75000000000000000 ) ) ;
#5519 =( NAMED_UNIT ( * ) SI_UNIT ( $, .STERADIAN. ) SOLID_ANGLE_UNIT ( ) );
#5520 = VERTEX_POINT ( 'NONE', #10266 ) ;
#5521 = VECTOR ( 'NONE', #6856, 1000.000000000000000 ) ;
#5522 = FACE_OUTER_BOUND ( 'NONE', #9241, .T. ) ;
#5523 = ORIENTED_EDGE ( 'NONE', *, *, #1528, .T. ) ;
#5524 = ORIENTED_EDGE ( 'NONE', *, *, #4502, .T. ) ;
#5525 = AXIS2_PLACEMENT_3D ( 'NONE', #5763, #1336, #4008 ) ;
#5526 =( LENGTH_UNIT ( ) NAMED_UNIT ( * ) SI_UNIT ( .MILLI., .METRE. ) );
#5527 = ORIENTED_EDGE ( 'NONE', *, *, #4057, .F. ) ;
#5528 = CARTESIAN_POINT ( 'NONE',  ( -19.59999999999998700, -42.74999999999999300, 58.75000000000000000 ) ) ;
#5529 = STYLED_ITEM ( 'NONE', ( #269 ), #1215 ) ;
#5530 = VECTOR ( 'NONE', #6743, 1000.000000000000000 ) ;
#5531 = EDGE_CURVE ( 'NONE', #4539, #6710, #11206, .T. ) ;
#5532 = ORIENTED_EDGE ( 'NONE', *, *, #11393, .F. ) ;
#5533 = ADVANCED_FACE ( 'NONE', ( #153 ), #4679, .T. ) ;
#5534 = LINE ( 'NONE', #7343, #6667 ) ;
#5535 = ORIENTED_EDGE ( 'NONE', *, *, #9937, .F. ) ;
#5536 = DIRECTION ( 'NONE',  ( -1.000000000000000000, 0.0000000000000000000, 0.0000000000000000000 ) ) ;
#5537 = AXIS2_PLACEMENT_3D ( 'NONE', #7912, #4575, #8114 ) ;
#5538 = CARTESIAN_POINT ( 'NONE',  ( 38.96999999999999900, -21.29179187000950100, 57.00034395000824400 ) ) ;
#5539 = EDGE_CURVE ( 'NONE', #1925, #4237, #4544, .T. ) ;
#5540 = AXIS2_PLACEMENT_3D ( 'NONE', #6425, #1098, #8273 ) ;
#5541 = ORIENTED_EDGE ( 'NONE', *, *, #7487, .T. ) ;
#5542 = DIRECTION ( 'NONE',  ( 0.0000000000000000000, 0.0000000000000000000, -1.000000000000000000 ) ) ;
#5543 = CARTESIAN_POINT ( 'NONE',  ( 27.95000000000000300, 31.19999999999999600, -59.00000000000000000 ) ) ;
#5544 = CARTESIAN_POINT ( 'NONE',  ( -23.59999999999987000, -37.97000000000007000, 56.49999999999999300 ) ) ;
#5545 = LINE ( 'NONE', #2699, #1871 ) ;
#5546 = ORIENTED_EDGE ( 'NONE', *, *, #4941, .T. ) ;
#5547 = UNCERTAINTY_MEASURE_WITH_UNIT (LENGTH_MEASURE( 1.000000000000000100E-005 ), #1902, 'distance_accuracy_value', 'NONE');
#5548 = DIRECTION ( 'NONE',  ( 0.0000000000000000000, 0.0000000000000000000, 1.000000000000000000 ) ) ;
#5549 = VERTEX_POINT ( 'NONE', #7650 ) ;
#5550 = DIRECTION ( 'NONE',  ( 1.000000000000000000, 0.0000000000000000000, 0.0000000000000000000 ) ) ;
#5551 = VECTOR ( 'NONE', #3926, 1000.000000000000000 ) ;
#5552 = AXIS2_PLACEMENT_3D ( 'NONE', #9509, #4097, #3993 ) ;
#5553 = CARTESIAN_POINT ( 'NONE',  ( -39.99999999999999300, 28.19999999999999600, -48.00000000000000000 ) ) ;
#5554 = EDGE_CURVE ( 'NONE', #11152, #9008, #11068, .T. ) ;
#5555 = DIRECTION ( 'NONE',  ( -0.0000000000000000000, 1.000000000000000000, 0.0000000000000000000 ) ) ;
#5557 = CARTESIAN_POINT ( 'NONE',  ( 22.59999999999960400, 37.97000000000022600, 56.49999999999999300 ) ) ;
#5556 = SURFACE_STYLE_FILL_AREA ( #6755 ) ;
#5558 = EDGE_LOOP ( 'NONE', ( #718, #2383, #2431, #10847 ) ) ;
#5559 = DIRECTION ( 'NONE',  ( -1.000000000000000000, 0.0000000000000000000, 0.0000000000000000000 ) ) ;
#5560 = FACE_OUTER_BOUND ( 'NONE', #4642, .T. ) ;
#5561 = LINE ( 'NONE', #1768, #9828 ) ;
#5562 = DIRECTION ( 'NONE',  ( -1.000000000000000000, 0.0000000000000000000, 0.0000000000000000000 ) ) ;
#5563 = DIRECTION ( 'NONE',  ( 0.0000000000000000000, 1.000000000000000000, 0.0000000000000000000 ) ) ;
#5564 = LINE ( 'NONE', #7608, #7811 ) ;
#5565 = ORIENTED_EDGE ( 'NONE', *, *, #671, .T. ) ;
#5566 = LINE ( 'NONE', #9065, #5989 ) ;
#5567 = CARTESIAN_POINT ( 'NONE',  ( -38.04999999999999700, 34.79999999999999000, 38.80761184457487200 ) ) ;
#5568 = CONICAL_SURFACE ( 'NONE', #626, 9.000000000000021300, 0.7853981633974482800 ) ;
#5569 = EDGE_CURVE ( 'NONE', #6384, #8749, #5654, .T. ) ;
#5570 = CIRCLE ( 'NONE', #11323, 0.5000000000000004400 ) ;
#5571 = DIRECTION ( 'NONE',  ( 1.000000000000000000, 0.0000000000000000000, 0.0000000000000000000 ) ) ;
#5572 =( LENGTH_UNIT ( ) NAMED_UNIT ( * ) SI_UNIT ( .MILLI., .METRE. ) );
#5573 = MECHANICAL_DESIGN_GEOMETRIC_PRESENTATION_REPRESENTATION (  '', ( #5266 ), #6559 ) ;
#5574 = ORIENTED_EDGE ( 'NONE', *, *, #8330, .T. ) ;
#5575 = FACE_OUTER_BOUND ( 'NONE', #1374, .T. ) ;
#5576 = FACE_OUTER_BOUND ( 'NONE', #639, .T. ) ;
#5577 = DIRECTION ( 'NONE',  ( 1.000000000000000000, 0.0000000000000000000, 0.0000000000000000000 ) ) ;
#5578 = VECTOR ( 'NONE', #11241, 1000.000000000000000 ) ;
#5579 = PLANE ( 'NONE',  #4444 ) ;
#5580 = EDGE_CURVE ( 'NONE', #2905, #3723, #2132, .T. ) ;
#5581 = EDGE_LOOP ( 'NONE', ( #9202, #11479, #1397, #2445 ) ) ;
#5582 = VERTEX_POINT ( 'NONE', #1467 ) ;
#5583 = VERTEX_POINT ( 'NONE', #2340 ) ;
#5584 = VECTOR ( 'NONE', #4935, 1000.000000000000000 ) ;
#5585 = DIRECTION ( 'NONE',  ( -1.613696256722611400E-016, 1.000000000000000000, -0.0000000000000000000 ) ) ;
#5586 = FACE_OUTER_BOUND ( 'NONE', #9927, .T. ) ;
#5587 = ADVANCED_FACE ( 'NONE', ( #4256 ), #290, .F. ) ;
#5588 = PLANE ( 'NONE',  #6142 ) ;
#5589 = CARTESIAN_POINT ( 'NONE',  ( 40.49999999999999300, 43.00000000000000700, 48.25000000000000000 ) ) ;
#5590 = CARTESIAN_POINT ( 'NONE',  ( 19.59999999999999400, 42.75000000000000700, 56.24999999999999300 ) ) ;
#5591 =( NAMED_UNIT ( * ) PLANE_ANGLE_UNIT ( ) SI_UNIT ( $, .RADIAN. ) );
#5592 = EDGE_LOOP ( 'NONE', ( #372, #5616, #8321, #638, #4672, #7885, #7652, #7680, #10643, #6640 ) ) ;
#5593 = VERTEX_POINT ( 'NONE', #11379 ) ;
#5594 = COLOUR_RGB ( '',0.8941176470588234600, 0.9137254901960784000, 0.9294117647058823800 ) ;
#5595 = CYLINDRICAL_SURFACE ( 'NONE', #3605, 2.999999999999999100 ) ;
#5596 = DIRECTION ( 'NONE',  ( 1.000000000000000000, 0.0000000000000000000, 0.0000000000000000000 ) ) ;
#5597 = CARTESIAN_POINT ( 'NONE',  ( -38.96999999999999200, 23.60000000000000100, 57.79579263126746700 ) ) ;
#5598 = VECTOR ( 'NONE', #8488, 1000.000000000000000 ) ;
#5599 = VERTEX_POINT ( 'NONE', #10426 ) ;
#5600 = CARTESIAN_POINT ( 'NONE',  ( -7.000000000000000000, 0.0000000000000000000, 97.60000000000000900 ) ) ;
#5601 = DIRECTION ( 'NONE',  ( 0.0000000000000000000, 0.0000000000000000000, 1.000000000000000000 ) ) ;
#5602 = ADVANCED_FACE ( 'NONE', ( #11492 ), #8762, .T. ) ;
#5603 = CARTESIAN_POINT ( 'NONE',  ( -22.59999999999987400, -36.47000000000007000, 56.49999999999999300 ) ) ;
#5604 = AXIS2_PLACEMENT_3D ( 'NONE', #6512, #10018, #2901 ) ;
#5605 = AXIS2_PLACEMENT_3D ( 'NONE', #11121, #419, #3555 ) ;
#5606 = VERTEX_POINT ( 'NONE', #6799 ) ;
#5607 = ORIENTED_EDGE ( 'NONE', *, *, #589, .F. ) ;
#5608 = FACE_BOUND ( 'NONE', #6084, .T. ) ;
#5609 = FACE_OUTER_BOUND ( 'NONE', #8346, .T. ) ;
#5610 = DIRECTION ( 'NONE',  ( -0.0000000000000000000, -0.0000000000000000000, 1.000000000000000000 ) ) ;
#5611 = CARTESIAN_POINT ( 'NONE',  ( 40.00000000000000700, -25.19999999999999200, -59.00000000000000000 ) ) ;
#5612 = CARTESIAN_POINT ( 'NONE',  ( 38.96999999999999200, -21.10000000000000500, 56.75896736903246900 ) ) ;
#5613 = CARTESIAN_POINT ( 'NONE',  ( 26.09999999999999400, 42.75000000000000700, 55.74999999999999300 ) ) ;
#5614 = FILL_AREA_STYLE ('',( #1981 ) ) ;
#5615 = EDGE_CURVE ( 'NONE', #11317, #1168, #3985, .T. ) ;
#5616 = ORIENTED_EDGE ( 'NONE', *, *, #10073, .T. ) ;
#5617 = EDGE_LOOP ( 'NONE', ( #3873, #7385 ) ) ;
#5618 = FACE_OUTER_BOUND ( 'NONE', #3081, .T. ) ;
#5619 = CARTESIAN_POINT ( 'NONE',  ( 42.74999999999999300, -19.59999999999999400, 58.75000000000000000 ) ) ;
#5620 = FACE_OUTER_BOUND ( 'NONE', #5437, .T. ) ;
#5621 = AXIS2_PLACEMENT_3D ( 'NONE', #10179, #6377, #7408 ) ;
#5622 = ORIENTED_EDGE ( 'NONE', *, *, #5781, .T. ) ;
#5623 =( GEOMETRIC_REPRESENTATION_CONTEXT ( 3 ) GLOBAL_UNCERTAINTY_ASSIGNED_CONTEXT ( ( #6110 ) ) GLOBAL_UNIT_ASSIGNED_CONTEXT ( ( #4921, #1358, #443 ) ) REPRESENTATION_CONTEXT ( 'NONE', 'WORKASPACE' ) );
#5624 = CARTESIAN_POINT ( 'NONE',  ( 37.96999999999999200, -23.89379525704681500, 57.69400999138253600 ) ) ;
#5625 = DIRECTION ( 'NONE',  ( 0.0000000000000000000, -1.000000000000000000, 0.0000000000000000000 ) ) ;
#5626 = CARTESIAN_POINT ( 'NONE',  ( 43.00000000000000700, -25.19999999999999200, 48.00000000000000000 ) ) ;
#5627 = CARTESIAN_POINT ( 'NONE',  ( -38.96999999999999200, 23.60000000000000100, 56.49999999999999300 ) ) ;
#5628 = DIRECTION ( 'NONE',  ( 0.0000000000000000000, 0.0000000000000000000, 1.000000000000000000 ) ) ;
#5629 = CARTESIAN_POINT ( 'NONE',  ( -40.46999999999998500, 23.43960852329040300, 56.80943189897301000 ) ) ;
#5630 = DIRECTION ( 'NONE',  ( 0.0000000000000000000, 0.0000000000000000000, -1.000000000000000000 ) ) ;
#5631 = ORIENTED_EDGE ( 'NONE', *, *, #2391, .F. ) ;
#5632 = ORIENTED_EDGE ( 'NONE', *, *, #10901, .F. ) ;
#5633 = ORIENTED_EDGE ( 'NONE', *, *, #492, .F. ) ;
#5634 = CARTESIAN_POINT ( 'NONE',  ( -40.46999999999999200, 23.60000000000000100, 56.75896736903245500 ) ) ;
#5635 = B_SPLINE_CURVE_WITH_KNOTS ( 'NONE', 3,
 ( #7460, #298, #2118, #8414, #3030, #10279 ),
 .UNSPECIFIED., .F., .F.,
 ( 4, 2, 4 ),
 ( 0.01713536489727009500, 0.01805660470586273000, 0.01897784451445536400 ),
 .UNSPECIFIED. ) ;
#5636 = EDGE_CURVE ( 'NONE', #7052, #7657, #3565, .T. ) ;
#5637 = ORIENTED_EDGE ( 'NONE', *, *, #220, .F. ) ;
#5638 = DIRECTION ( 'NONE',  ( -1.000000000000000000, 0.0000000000000000000, 0.0000000000000000000 ) ) ;
#5639 = DIRECTION ( 'NONE',  ( 1.000000000000000000, 3.491481338843133400E-015, 0.0000000000000000000 ) ) ;
#5640 = ORIENTED_EDGE ( 'NONE', *, *, #123, .F. ) ;
#5641 = FACE_OUTER_BOUND ( 'NONE', #7733, .T. ) ;
#5642 = DIRECTION ( 'NONE',  ( 0.0000000000000000000, 0.0000000000000000000, -1.000000000000000000 ) ) ;
#5643 = AXIS2_PLACEMENT_3D ( 'NONE', #699, #11562, #2610 ) ;
#5644 = DIRECTION ( 'NONE',  ( -1.000000000000000000, -1.047444401652940000E-014, 0.0000000000000000000 ) ) ;
#5645 = DIRECTION ( 'NONE',  ( -1.224646799147353200E-016, 1.000000000000000000, 0.0000000000000000000 ) ) ;
#5646 = ORIENTED_EDGE ( 'NONE', *, *, #6706, .F. ) ;
#5647 = ADVANCED_FACE ( 'NONE', ( #4969 ), #5926, .F. ) ;
#5648 = DIRECTION ( 'NONE',  ( 0.0000000000000000000, -0.0000000000000000000, -1.000000000000000000 ) ) ;
#5649 = EDGE_CURVE ( 'NONE', #3266, #3366, #6368, .T. ) ;
#5650 = ORIENTED_EDGE ( 'NONE', *, *, #4037, .T. ) ;
#5651 = CARTESIAN_POINT ( 'NONE',  ( -42.99999999999999300, -25.20000000000000600, 48.00000000000000000 ) ) ;
#5652 = DIRECTION ( 'NONE',  ( 0.0000000000000000000, 0.0000000000000000000, 1.000000000000000000 ) ) ;
#5653 = FACE_OUTER_BOUND ( 'NONE', #2700, .T. ) ;
#5654 = LINE ( 'NONE', #9538, #7340 ) ;
#5655 = ORIENTED_EDGE ( 'NONE', *, *, #7691, .F. ) ;
#5656 = ORIENTED_EDGE ( 'NONE', *, *, #6954, .T. ) ;
#5657 = CARTESIAN_POINT ( 'NONE',  ( -38.43999999999999800, 23.09999999999999100, 48.25000000000000000 ) ) ;
#5658 = DIRECTION ( 'NONE',  ( 0.0000000000000000000, 0.0000000000000000000, 1.000000000000000000 ) ) ;
#5659 = AXIS2_PLACEMENT_3D ( 'NONE', #6695, #1444, #5069 ) ;
#5660 = CARTESIAN_POINT ( 'NONE',  ( 25.20000000000001000, -39.99999999999997900, -58.75000000000000000 ) ) ;
#5661 = ADVANCED_FACE ( 'NONE', ( #5087 ), #9493, .F. ) ;
#5662 = ORIENTED_EDGE ( 'NONE', *, *, #1711, .T. ) ;
#5663 = DIRECTION ( 'NONE',  ( 1.000000000000000000, 0.0000000000000000000, 0.0000000000000000000 ) ) ;
#5664 = FACE_BOUND ( 'NONE', #2352, .T. ) ;
#5665 = EDGE_CURVE ( 'NONE', #2102, #4937, #2988, .T. ) ;
#5666 = CIRCLE ( 'NONE', #3217, 3.308340903158652100 ) ;
#5667 = EDGE_CURVE ( 'NONE', #811, #475, #1135, .T. ) ;
#5668 = ORIENTED_EDGE ( 'NONE', *, *, #2322, .T. ) ;
#5669 = CIRCLE ( 'NONE', #10436, 2.250000000000001800 ) ;
#5670 = PLANE ( 'NONE',  #10030 ) ;
#5671 = ORIENTED_EDGE ( 'NONE', *, *, #7661, .T. ) ;
#5672 = DIRECTION ( 'NONE',  ( -1.000000000000000000, 0.0000000000000000000, 0.0000000000000000000 ) ) ;
#5673 = CARTESIAN_POINT ( 'NONE',  ( -28.19999999999998900, 39.99999999999998600, 48.00000000000000000 ) ) ;
#5674 = CARTESIAN_POINT ( 'NONE',  ( 28.20000000000000300, 40.00000000000000000, -59.00000000000000000 ) ) ;
#5675 = ORIENTED_EDGE ( 'NONE', *, *, #4229, .F. ) ;
#5676 = AXIS2_PLACEMENT_3D ( 'NONE', #1669, #1787, #3596 ) ;
#5677 = CIRCLE ( 'NONE', #4413, 3.249999999999999600 ) ;
#5678 = STYLED_ITEM ( 'NONE', ( #217 ), #9545 ) ;
#5679 = CLOSED_SHELL ( 'NONE', ( #1671, #8984, #7365, #7890, #6716, #7296 ) ) ;
#5680 = DIRECTION ( 'NONE',  ( 0.0000000000000000000, 0.0000000000000000000, -1.000000000000000000 ) ) ;
#5681 = ORIENTED_EDGE ( 'NONE', *, *, #7731, .T. ) ;
#5682 = DIRECTION ( 'NONE',  ( -0.0000000000000000000, -0.0000000000000000000, 1.000000000000000000 ) ) ;
#5683 = CARTESIAN_POINT ( 'NONE',  ( 7.000000000000000000, 0.0000000000000000000, 2.099999999999963200 ) ) ;
#5684 = CARTESIAN_POINT ( 'NONE',  ( -39.99999999999998600, -28.20000000000001000, 48.00000000000000000 ) ) ;
#5685 = STYLED_ITEM ( 'NONE', ( #8894 ), #971 ) ;
#5686 = EDGE_LOOP ( 'NONE', ( #8595, #5130, #3981, #8299 ) ) ;
#5687 = EDGE_LOOP ( 'NONE', ( #9223, #1341, #1735, #9231 ) ) ;
#5688 = EDGE_CURVE ( 'NONE', #5582, #10957, #4510, .T. ) ;
#5689 = CYLINDRICAL_SURFACE ( 'NONE', #2205, 1.250000000000001100 ) ;
#5690 = ORIENTED_EDGE ( 'NONE', *, *, #9572, .F. ) ;
#5691 = DIRECTION ( 'NONE',  ( -0.0000000000000000000, 0.0000000000000000000, 1.000000000000000000 ) ) ;
#5692 = UNCERTAINTY_MEASURE_WITH_UNIT (LENGTH_MEASURE( 1.000000000000000100E-005 ), #3229, 'distance_accuracy_value', 'NONE');
#5693 = ORIENTED_EDGE ( 'NONE', *, *, #5580, .T. ) ;
#5694 = FACE_OUTER_BOUND ( 'NONE', #4446, .T. ) ;
#5695 = DIRECTION ( 'NONE',  ( -1.047444401652940000E-014, 1.000000000000000000, 0.0000000000000000000 ) ) ;
#5696 = AXIS2_PLACEMENT_3D ( 'NONE', #4261, #7781, #5147 ) ;
#5697 = CARTESIAN_POINT ( 'NONE',  ( -22.59999999999987700, -36.47000000000007000, 56.75896736903246900 ) ) ;
#5698 = EDGE_CURVE ( 'NONE', #787, #10322, #2567, .T. ) ;
#5699 = PRESENTATION_LAYER_ASSIGNMENT (  '', '', ( #1082 ) ) ;
#5700 = DIRECTION ( 'NONE',  ( 1.000000000000000000, 0.0000000000000000000, 0.0000000000000000000 ) ) ;
#5701 = CARTESIAN_POINT ( 'NONE',  ( 8.000000000000000000, 0.0000000000000000000, -58.99999999999999300 ) ) ;
#5702 = CARTESIAN_POINT ( 'NONE',  ( -39.99999999999999300, 28.19999999999999600, -59.00000000000000000 ) ) ;
#5703 = PRESENTATION_STYLE_ASSIGNMENT (( #281 ) ) ;
#5704 = ORIENTED_EDGE ( 'NONE', *, *, #11755, .F. ) ;
#5705 = COLOUR_RGB ( '',0.8941176470588234600, 0.9137254901960784000, 0.9294117647058823800 ) ;
#5706 = AXIS2_PLACEMENT_3D ( 'NONE', #416, #8581, #7696 ) ;
#5707 = CIRCLE ( 'NONE', #471, 1.250000000000008000 ) ;
#5708 = CARTESIAN_POINT ( 'NONE',  ( 9.103553390593294400, 1.114863752065711200E-015, -58.75000000000000000 ) ) ;
#5709 = EDGE_CURVE ( 'NONE', #2672, #4373, #6794, .T. ) ;
#5710 = DIRECTION ( 'NONE',  ( 1.000000000000000000, 0.0000000000000000000, -0.0000000000000000000 ) ) ;
#5711 = ADVANCED_FACE ( 'NONE', ( #9204 ), #8340, .T. ) ;
#5712 = DIRECTION ( 'NONE',  ( -0.0000000000000000000, -0.0000000000000000000, 1.000000000000000000 ) ) ;
#5713 = FILL_AREA_STYLE_COLOUR ( '', #11415 ) ;
#5714 = DIRECTION ( 'NONE',  ( 1.000000000000000000, 0.0000000000000000000, 0.0000000000000000000 ) ) ;
#5715 = LINE ( 'NONE', #5651, #9983 ) ;
#5716 = ORIENTED_EDGE ( 'NONE', *, *, #7525, .T. ) ;
#5717 = LINE ( 'NONE', #1040, #8524 ) ;
#5718 = B_SPLINE_CURVE_WITH_KNOTS ( 'NONE', 3,
 ( #8123, #5510, #9925, #1047, #9000, #3768 ),
 .UNSPECIFIED., .F., .F.,
 ( 4, 2, 4 ),
 ( 0.01191150001962891500, 0.01241480646923345500, 0.01291811291883799400 ),
 .UNSPECIFIED. ) ;
#5719 = LINE ( 'NONE', #500, #915 ) ;
#5720 = AXIS2_PLACEMENT_3D ( 'NONE', #8975, #10938, #6545 ) ;
#5721 = DIRECTION ( 'NONE',  ( -0.0000000000000000000, 0.0000000000000000000, 1.000000000000000000 ) ) ;
#5722 = DIRECTION ( 'NONE',  ( -0.7071067811865368000, 0.0000000000000000000, -0.7071067811865583400 ) ) ;
#5723 = CARTESIAN_POINT ( 'NONE',  ( 22.59999999999962100, 36.47000000000023300, 56.49999999999999300 ) ) ;
#5724 = EDGE_CURVE ( 'NONE', #11799, #7754, #3270, .T. ) ;
#5725 = ADVANCED_FACE ( 'NONE', ( #7474, #10500 ), #8016, .T. ) ;
#5726 = ORIENTED_EDGE ( 'NONE', *, *, #2464, .T. ) ;
#5727 = DIRECTION ( 'NONE',  ( 1.000000000000000000, 0.0000000000000000000, 0.0000000000000000000 ) ) ;
#5728 = ORIENTED_EDGE ( 'NONE', *, *, #5875, .F. ) ;
#5729 = FACE_OUTER_BOUND ( 'NONE', #10908, .T. ) ;
#5730 = LINE ( 'NONE', #289, #9563 ) ;
#5731 = VECTOR ( 'NONE', #6068, 1000.000000000000000 ) ;
#5732 = AXIS2_PLACEMENT_3D ( 'NONE', #10195, #4894, #11159 ) ;
#5733 = DIRECTION ( 'NONE',  ( 1.000000000000000000, 4.130293990420970400E-016, -0.0000000000000000000 ) ) ;
#5734 = CARTESIAN_POINT ( 'NONE',  ( -36.88406637999268200, 22.60000000000000500, 57.21087685217725000 ) ) ;
#5735 =( LENGTH_UNIT ( ) NAMED_UNIT ( * ) SI_UNIT ( .MILLI., .METRE. ) );
#5736 = ORIENTED_EDGE ( 'NONE', *, *, #5580, .F. ) ;
#5737 = EDGE_LOOP ( 'NONE', ( #11189, #6010, #128, #3050 ) ) ;
#5738 = LINE ( 'NONE', #6072, #4197 ) ;
#5739 = CIRCLE ( 'NONE', #6598, 0.2500000000000002200 ) ;
#5740 = LINE ( 'NONE', #4806, #4337 ) ;
#5741 = FILL_AREA_STYLE_COLOUR ( '', #7786 ) ;
#5742 = EDGE_CURVE ( 'NONE', #6883, #10381, #8472, .T. ) ;
#5743 = DIRECTION ( 'NONE',  ( -1.047444401652940000E-014, 1.000000000000000000, -0.0000000000000000000 ) ) ;
#5744 = CARTESIAN_POINT ( 'NONE',  ( 40.00000000000000700, -25.19999999999999200, -48.00000000000000000 ) ) ;
#5745 = ORIENTED_EDGE ( 'NONE', *, *, #5289, .F. ) ;
#5746 = VERTEX_POINT ( 'NONE', #4404 ) ;
#5747 = CIRCLE ( 'NONE', #9240, 0.2500000000000002200 ) ;
#5748 = DIRECTION ( 'NONE',  ( -1.000000000000000000, 0.0000000000000000000, 0.0000000000000000000 ) ) ;
#5749 = FACE_OUTER_BOUND ( 'NONE', #4126, .T. ) ;
#5750 = FILL_AREA_STYLE_COLOUR ( '', #3020 ) ;
#5751 = CARTESIAN_POINT ( 'NONE',  ( 20.09999999999999800, 43.00000000000000700, 55.74999999999999300 ) ) ;
#5752 = AXIS2_PLACEMENT_3D ( 'NONE', #6470, #10094, #4747 ) ;
#5753 = DIRECTION ( 'NONE',  ( 0.0000000000000000000, -1.000000000000000000, 0.0000000000000000000 ) ) ;
#5754 = CYLINDRICAL_SURFACE ( 'NONE', #8438, 0.2500000000000002200 ) ;
#5755 = VERTEX_POINT ( 'NONE', #4366 ) ;
#5756 =( GEOMETRIC_REPRESENTATION_CONTEXT ( 3 ) GLOBAL_UNCERTAINTY_ASSIGNED_CONTEXT ( ( #5692 ) ) GLOBAL_UNIT_ASSIGNED_CONTEXT ( ( #3229, #9514, #10481 ) ) REPRESENTATION_CONTEXT ( 'NONE', 'WORKASPACE' ) );
#5757 = VERTEX_POINT ( 'NONE', #625 ) ;
#5758 = FACE_BOUND ( 'NONE', #4577, .T. ) ;
#5759 = UNCERTAINTY_MEASURE_WITH_UNIT (LENGTH_MEASURE( 1.000000000000000100E-005 ), #1119, 'distance_accuracy_value', 'NONE');
#5760 = DIRECTION ( 'NONE',  ( 1.613696256722611400E-016, -1.000000000000000000, 0.0000000000000000000 ) ) ;
#5761 = CIRCLE ( 'NONE', #8872, 6.800000000000014000 ) ;
#5762 = EDGE_CURVE ( 'NONE', #2164, #5801, #9193, .T. ) ;
#5763 = CARTESIAN_POINT ( 'NONE',  ( 42.74999999999999300, -19.59999999999999400, 58.75000000000000000 ) ) ;
#5764 = VECTOR ( 'NONE', #2471, 1000.000000000000000 ) ;
#5765 = ORIENTED_EDGE ( 'NONE', *, *, #1313, .T. ) ;
#5766 = CARTESIAN_POINT ( 'NONE',  ( 36.46999999999999900, -23.60000000000000100, 56.75896736903249700 ) ) ;
#5767 = CARTESIAN_POINT ( 'NONE',  ( 22.59999999999959300, 38.97000000000022600, 56.49999999999999300 ) ) ;
#5768 = AXIS2_PLACEMENT_3D ( 'NONE', #7589, #9473, #4895 ) ;
#5769 = PLANE ( 'NONE',  #8042 ) ;
#5770 =( GEOMETRIC_REPRESENTATION_CONTEXT ( 3 ) GLOBAL_UNCERTAINTY_ASSIGNED_CONTEXT ( ( #7330 ) ) GLOBAL_UNIT_ASSIGNED_CONTEXT ( ( #10849, #3693, #10008 ) ) REPRESENTATION_CONTEXT ( 'NONE', 'WORKASPACE' ) );
#5771 = ADVANCED_FACE ( 'NONE', ( #10056 ), #3712, .T. ) ;
#5772 = ORIENTED_EDGE ( 'NONE', *, *, #1697, .T. ) ;
#5773 = VERTEX_POINT ( 'NONE', #9744 ) ;
#5774 = CARTESIAN_POINT ( 'NONE',  ( 43.00000000000000000, 25.19999999999999600, -58.75000000000000000 ) ) ;
#5775 = PRESENTATION_STYLE_ASSIGNMENT (( #11140 ) ) ;
#5776 = CARTESIAN_POINT ( 'NONE',  ( -28.19999999999998200, -43.00000000000000000, 48.00000000000000000 ) ) ;
#5777 = CARTESIAN_POINT ( 'NONE',  ( -36.46999999999999900, 22.60000000000000500, 56.75896736903246900 ) ) ;
#5778 =( GEOMETRIC_REPRESENTATION_CONTEXT ( 3 ) GLOBAL_UNCERTAINTY_ASSIGNED_CONTEXT ( ( #11686 ) ) GLOBAL_UNIT_ASSIGNED_CONTEXT ( ( #5526, #11097, #2049 ) ) REPRESENTATION_CONTEXT ( 'NONE', 'WORKASPACE' ) );
#5779 = ORIENTED_EDGE ( 'NONE', *, *, #6892, .T. ) ;
#5780 = DIRECTION ( 'NONE',  ( 0.0000000000000000000, 0.0000000000000000000, -1.000000000000000000 ) ) ;
#5781 = EDGE_CURVE ( 'NONE', #2582, #10802, #7613, .T. ) ;
#5782 = DIRECTION ( 'NONE',  ( -0.0000000000000000000, -0.0000000000000000000, -1.000000000000000000 ) ) ;
#5783 = ORIENTED_EDGE ( 'NONE', *, *, #2375, .F. ) ;
#5784 = ORIENTED_EDGE ( 'NONE', *, *, #3202, .T. ) ;
#5785 =( NAMED_UNIT ( * ) SI_UNIT ( $, .STERADIAN. ) SOLID_ANGLE_UNIT ( ) );
#5786 = VECTOR ( 'NONE', #11199, 1000.000000000000000 ) ;
#5787 = ADVANCED_FACE ( 'NONE', ( #11060 ), #4958, .T. ) ;
#5788 = PRODUCT_DEFINITION_FORMATION_WITH_SPECIFIED_SOURCE ( 'ANY', '', #1479, .NOT_KNOWN. ) ;
#5789 = CARTESIAN_POINT ( 'NONE',  ( -42.74999999999999300, 19.84999999999999800, 56.24999999999999300 ) ) ;
#5790 = VERTEX_POINT ( 'NONE', #7251 ) ;
#5791 = DIRECTION ( 'NONE',  ( 0.0000000000000000000, -1.000000000000000000, 0.0000000000000000000 ) ) ;
#5792 = CARTESIAN_POINT ( 'NONE',  ( 5.999999999999999100, 3.200000000000002000, 97.60000000000000900 ) ) ;
#5793 = DIRECTION ( 'NONE',  ( 0.0000000000000000000, 0.0000000000000000000, -1.000000000000000000 ) ) ;
#5794 = DIRECTION ( 'NONE',  ( -0.0000000000000000000, -0.0000000000000000000, -1.000000000000000000 ) ) ;
#5795 = ORIENTED_EDGE ( 'NONE', *, *, #3330, .T. ) ;
#5796 = ORIENTED_EDGE ( 'NONE', *, *, #249, .F. ) ;
#5797 = CIRCLE ( 'NONE', #10088, 0.2500000000000002200 ) ;
#5798 = EDGE_CURVE ( 'NONE', #3266, #10381, #10488, .T. ) ;
#5799 = LINE ( 'NONE', #6584, #709 ) ;
#5800 = ORIENTED_EDGE ( 'NONE', *, *, #3717, .F. ) ;
#5801 = VERTEX_POINT ( 'NONE', #5374 ) ;
#5802 = DIRECTION ( 'NONE',  ( -0.0000000000000000000, 0.0000000000000000000, 1.000000000000000000 ) ) ;
#5803 = CARTESIAN_POINT ( 'NONE',  ( -38.43999999999999800, 23.09999999999999100, -58.75000000000000000 ) ) ;
#5804 = EDGE_LOOP ( 'NONE', ( #9630, #4899, #1502, #11230 ) ) ;
#5805 = AXIS2_PLACEMENT_3D ( 'NONE', #6760, #1346, #2260 ) ;
#5806 = ORIENTED_EDGE ( 'NONE', *, *, #11248, .T. ) ;
#5807 = DIRECTION ( 'NONE',  ( -0.0000000000000000000, 0.0000000000000000000, 1.000000000000000000 ) ) ;
#5808 = LINE ( 'NONE', #2108, #10068 ) ;
#5809 = EDGE_LOOP ( 'NONE', ( #1983, #10386, #4821, #3966 ) ) ;
#5810 = ORIENTED_EDGE ( 'NONE', *, *, #11183, .T. ) ;
#5811 = EDGE_CURVE ( 'NONE', #8134, #10773, #5370, .T. ) ;
#5812 = FILL_AREA_STYLE_COLOUR ( '', #4083 ) ;
#5813 = DIRECTION ( 'NONE',  ( 0.0000000000000000000, 0.0000000000000000000, -1.000000000000000000 ) ) ;
#5814 = DIRECTION ( 'NONE',  ( 0.0000000000000000000, 0.0000000000000000000, 1.000000000000000000 ) ) ;
#5815 = ORIENTED_EDGE ( 'NONE', *, *, #10376, .T. ) ;
#5816 = SURFACE_SIDE_STYLE ('',( #4375 ) ) ;
#5817 = CIRCLE ( 'NONE', #5082, 1.250000000000008000 ) ;
#5818 = CYLINDRICAL_SURFACE ( 'NONE', #7419, 0.2500000000000002200 ) ;
#5819 = ORIENTED_EDGE ( 'NONE', *, *, #9961, .F. ) ;
#5820 = VECTOR ( 'NONE', #10224, 1000.000000000000000 ) ;
#5821 = ORIENTED_EDGE ( 'NONE', *, *, #6280, .F. ) ;
#5822 = AXIS2_PLACEMENT_3D ( 'NONE', #2513, #6881, #7820 ) ;
#5823 = CARTESIAN_POINT ( 'NONE',  ( 27.95000000000001000, -39.99999999999997900, -59.00000000000000000 ) ) ;
#5824 = ORIENTED_EDGE ( 'NONE', *, *, #6481, .F. ) ;
#5825 = ORIENTED_EDGE ( 'NONE', *, *, #364, .T. ) ;
#5826 = CARTESIAN_POINT ( 'NONE',  ( 38.30022938758929700, -25.10000000000000100, 56.82978467406088900 ) ) ;
#5827 = AXIS2_PLACEMENT_3D ( 'NONE', #11567, #703, #2533 ) ;
#5828 = ADVANCED_FACE ( 'NONE', ( #2268 ), #4558, .F. ) ;
#5829 = PLANE ( 'NONE',  #11032 ) ;
#5830 = CIRCLE ( 'NONE', #4186, 0.2500000000000002200 ) ;
#5831 = VERTEX_POINT ( 'NONE', #8099 ) ;
#5832 = CARTESIAN_POINT ( 'NONE',  ( 31.20000000000000300, 31.19999999999999600, -58.75000000000000000 ) ) ;
#5833 = DIRECTION ( 'NONE',  ( 1.000000000000000000, 0.0000000000000000000, 0.0000000000000000000 ) ) ;
#5834 = DIRECTION ( 'NONE',  ( 1.000000000000000000, 0.0000000000000000000, 0.0000000000000000000 ) ) ;
#5835 = ORIENTED_EDGE ( 'NONE', *, *, #1800, .F. ) ;
#5836 = VECTOR ( 'NONE', #8038, 1000.000000000000000 ) ;
#5837 = AXIS2_PLACEMENT_3D ( 'NONE', #3128, #4752, #4907 ) ;
#5838 = AXIS2_PLACEMENT_3D ( 'NONE', #7087, #8829, #4421 ) ;
#5839 = DIRECTION ( 'NONE',  ( 0.0000000000000000000, 0.0000000000000000000, 1.000000000000000000 ) ) ;
#5840 = VECTOR ( 'NONE', #7367, 1000.000000000000100 ) ;
#5841 = ORIENTED_EDGE ( 'NONE', *, *, #4850, .T. ) ;
#5842 = VECTOR ( 'NONE', #8325, 1000.000000000000000 ) ;
#5843 = LINE ( 'NONE', #6971, #4460 ) ;
#5844 = ADVANCED_FACE ( 'NONE', ( #2706 ), #2978, .T. ) ;
#5845 = DIRECTION ( 'NONE',  ( -0.0000000000000000000, -0.0000000000000000000, 1.000000000000000000 ) ) ;
#5846 = AXIS2_PLACEMENT_3D ( 'NONE', #322, #361, #7529 ) ;
#5847 = EDGE_CURVE ( 'NONE', #4439, #5250, #9782, .T. ) ;
#5848 = DIRECTION ( 'NONE',  ( 1.000000000000000000, 2.344220913482170700E-016, -0.0000000000000000000 ) ) ;
#5849 = VECTOR ( 'NONE', #2947, 1000.000000000000000 ) ;
#5850 = VERTEX_POINT ( 'NONE', #2822 ) ;
#5851 = DIRECTION ( 'NONE',  ( -1.047444401652940000E-014, 1.000000000000000000, 0.0000000000000000000 ) ) ;
#5852 = MECHANICAL_DESIGN_GEOMETRIC_PRESENTATION_REPRESENTATION (  '', ( #4442 ), #3059 ) ;
#5853 = CIRCLE ( 'NONE', #1236, 1.250000000000008000 ) ;
#5854 = CIRCLE ( 'NONE', #1682, 8.000000000000000000 ) ;
#5855 = PRESENTATION_LAYER_ASSIGNMENT (  '', '', ( #8887 ) ) ;
#5856 = DIRECTION ( 'NONE',  ( 0.0000000000000000000, 0.0000000000000000000, -1.000000000000000000 ) ) ;
#5857 = CARTESIAN_POINT ( 'NONE',  ( 42.74999999999999300, -26.59999999999999400, 58.75000000000000000 ) ) ;
#5858 = DIRECTION ( 'NONE',  ( -1.000000000000000000, 0.0000000000000000000, 0.0000000000000000000 ) ) ;
#5859 =( NAMED_UNIT ( * ) PLANE_ANGLE_UNIT ( ) SI_UNIT ( $, .RADIAN. ) );
#5860 = ORIENTED_EDGE ( 'NONE', *, *, #509, .F. ) ;
#5861 = CARTESIAN_POINT ( 'NONE',  ( 38.43999999999999800, -26.09999999999998700, 55.99999999999999300 ) ) ;
#5862 = CIRCLE ( 'NONE', #30, 0.2500000000000002200 ) ;
#5863 = EDGE_CURVE ( 'NONE', #4478, #7007, #9479, .T. ) ;
#5864 = CARTESIAN_POINT ( 'NONE',  ( -38.96999999999999200, 25.10000000000000500, 56.49999999999999300 ) ) ;
#5865 = LINE ( 'NONE', #11084, #5578 ) ;
#5866 = DIRECTION ( 'NONE',  ( 1.000000000000000000, 0.0000000000000000000, 0.0000000000000000000 ) ) ;
#5867 = CARTESIAN_POINT ( 'NONE',  ( -21.09999999999987000, -38.97000000000007000, 56.49999999999999300 ) ) ;
#5868 = CARTESIAN_POINT ( 'NONE',  ( -23.59999999999985900, -40.47000000000007700, 56.49999999999999300 ) ) ;
#5869 = B_SPLINE_CURVE_WITH_KNOTS ( 'NONE', 3,
 ( #6846, #4731, #5624, #3880, #10188, #8659, #642, #8696 ),
 .UNSPECIFIED., .F., .F.,
 ( 4, 2, 2, 4 ),
 ( 0.01712125363646607400, 0.01758061768880457200, 0.01803998174114306700, 0.01895870984582006000 ),
 .UNSPECIFIED. ) ;
#5870 = AXIS2_PLACEMENT_3D ( 'NONE', #2651, #7053, #3398 ) ;
#5871 = ORIENTED_EDGE ( 'NONE', *, *, #7331, .T. ) ;
#5872 = EDGE_LOOP ( 'NONE', ( #7209, #6948, #5240, #4454 ) ) ;
#5873 = CARTESIAN_POINT ( 'NONE',  ( -38.43999999999999800, 23.09999999999999100, 48.00000000000000000 ) ) ;
#5874 = VECTOR ( 'NONE', #9777, 1000.000000000000000 ) ;
#5875 = EDGE_CURVE ( 'NONE', #6151, #9227, #10775, .T. ) ;
#5876 = CARTESIAN_POINT ( 'NONE',  ( -39.99999999999999300, 25.19999999999999600, -48.00000000000000000 ) ) ;
#5877 = DIRECTION ( 'NONE',  ( 0.0000000000000000000, -1.000000000000000000, 0.0000000000000000000 ) ) ;
#5878 = DIRECTION ( 'NONE',  ( 1.000000000000000000, 0.0000000000000000000, 0.0000000000000000000 ) ) ;
#5879 = ORIENTED_EDGE ( 'NONE', *, *, #8459, .T. ) ;
#5880 = ORIENTED_EDGE ( 'NONE', *, *, #192, .F. ) ;
#5881 = SURFACE_STYLE_FILL_AREA ( #8478 ) ;
#5882 = ADVANCED_FACE ( 'NONE', ( #3119 ), #6494, .T. ) ;
#5883 = CARTESIAN_POINT ( 'NONE',  ( 8.000000000000000000, 0.0000000000000000000, 2.099999999999963200 ) ) ;
#5884 = TOROIDAL_SURFACE ( 'NONE', #130, 8.250000000000000000, 0.2500000000000000000 ) ;
#5885 = VERTEX_POINT ( 'NONE', #2753 ) ;
#5886 = AXIS2_PLACEMENT_3D ( 'NONE', #6027, #4311, #2491 ) ;
#5887 = DIRECTION ( 'NONE',  ( -0.0000000000000000000, -0.0000000000000000000, 1.000000000000000000 ) ) ;
#5888 = DIRECTION ( 'NONE',  ( 0.0000000000000000000, -0.0000000000000000000, -1.000000000000000000 ) ) ;
#5889 = EDGE_CURVE ( 'NONE', #5549, #7357, #11343, .T. ) ;
#5890 = EDGE_LOOP ( 'NONE', ( #10721, #7476, #2, #7740 ) ) ;
#5891 = ORIENTED_EDGE ( 'NONE', *, *, #3418, .F. ) ;
#5892 = FACE_BOUND ( 'NONE', #11171, .T. ) ;
#5893 = CARTESIAN_POINT ( 'NONE',  ( 23.59999999999960700, 37.67130848654256400, 57.70833027779985300 ) ) ;
#5894 = EDGE_CURVE ( 'NONE', #3813, #6495, #5227, .T. ) ;
#5895 = CYLINDRICAL_SURFACE ( 'NONE', #5358, 1.250000000000008000 ) ;
#5896 = ADVANCED_FACE ( 'NONE', ( #8606 ), #8199, .F. ) ;
#5897 = DIRECTION ( 'NONE',  ( -0.0000000000000000000, -0.0000000000000000000, -1.000000000000000000 ) ) ;
#5898 = PRESENTATION_LAYER_ASSIGNMENT (  '', '', ( #7859 ) ) ;
#5899 = CARTESIAN_POINT ( 'NONE',  ( 38.46999999999999200, -25.10000000000000500, 56.83639580559805200 ) ) ;
#5900 = AXIS2_PLACEMENT_3D ( 'NONE', #8589, #11201, #5834 ) ;
#5901 = CARTESIAN_POINT ( 'NONE',  ( -38.43999999999999800, 23.09999999999999100, 58.75000000000000000 ) ) ;
#5902 = ORIENTED_EDGE ( 'NONE', *, *, #8706, .T. ) ;
#5903 = EDGE_LOOP ( 'NONE', ( #1307, #2403 ) ) ;
#5904 = VECTOR ( 'NONE', #6565, 1000.000000000000000 ) ;
#5905 = FACE_OUTER_BOUND ( 'NONE', #9047, .T. ) ;
#5906 = ORIENTED_EDGE ( 'NONE', *, *, #10601, .T. ) ;
#5907 = DIRECTION ( 'NONE',  ( -1.000000000000000000, -0.0000000000000000000, -0.0000000000000000000 ) ) ;
#5908 = EDGE_CURVE ( 'NONE', #266, #10354, #5799, .T. ) ;
#5909 = ORIENTED_EDGE ( 'NONE', *, *, #7914, .T. ) ;
#5910 = ORIENTED_EDGE ( 'NONE', *, *, #5094, .F. ) ;
#5911 = CARTESIAN_POINT ( 'NONE',  ( 20.09999999999999800, 42.75000000000000700, 55.99999999999999300 ) ) ;
#5912 = VERTEX_POINT ( 'NONE', #6434 ) ;
#5913 = CIRCLE ( 'NONE', #11021, 3.499999999999996000 ) ;
#5914 = DIRECTION ( 'NONE',  ( -1.000000000000000000, -3.491481338843133400E-015, 0.0000000000000000000 ) ) ;
#5915 = CARTESIAN_POINT ( 'NONE',  ( -40.49999999999997900, -42.99999999999999300, 58.75000000000000000 ) ) ;
#5916 = CARTESIAN_POINT ( 'NONE',  ( 42.74999999999999300, -26.34999999999999400, 58.75000000000000000 ) ) ;
#5917 = AXIS2_PLACEMENT_3D ( 'NONE', #3793, #1980, #7375 ) ;
#5918 = PRESENTATION_STYLE_ASSIGNMENT (( #2527 ) ) ;
#5919 = EDGE_CURVE ( 'NONE', #987, #3887, #2844, .T. ) ;
#5920 =( NAMED_UNIT ( * ) PLANE_ANGLE_UNIT ( ) SI_UNIT ( $, .RADIAN. ) );
#5921 = VERTEX_POINT ( 'NONE', #1106 ) ;
#5922 = CARTESIAN_POINT ( 'NONE',  ( 38.44000000000001200, -23.09999999999998700, -59.00000000000000000 ) ) ;
#5923 = ORIENTED_EDGE ( 'NONE', *, *, #5762, .F. ) ;
#5924 = ORIENTED_EDGE ( 'NONE', *, *, #3570, .F. ) ;
#5925 = CARTESIAN_POINT ( 'NONE',  ( 23.59999999999957900, 40.47000000000024000, 56.49999999999999300 ) ) ;
#5926 = PLANE ( 'NONE',  #6544 ) ;
#5927 = ORIENTED_EDGE ( 'NONE', *, *, #104, .F. ) ;
#5928 = ORIENTED_EDGE ( 'NONE', *, *, #4379, .F. ) ;
#5929 = MECHANICAL_DESIGN_GEOMETRIC_PRESENTATION_REPRESENTATION (  '', ( #7895 ), #5091 ) ;
#5930 = EDGE_CURVE ( 'NONE', #8332, #151, #2557, .T. ) ;
#5931 = ORIENTED_EDGE ( 'NONE', *, *, #2289, .T. ) ;
#5932 = VERTEX_POINT ( 'NONE', #10164 ) ;
#5933 = CARTESIAN_POINT ( 'NONE',  ( -37.96999999999999200, 24.90820812999051300, 57.00034395000822900 ) ) ;
#5934 = ORIENTED_EDGE ( 'NONE', *, *, #9108, .T. ) ;
#5935 = VERTEX_POINT ( 'NONE', #194 ) ;
#5936 = CYLINDRICAL_SURFACE ( 'NONE', #6206, 2.999999999999999100 ) ;
#5937 = AXIS2_PLACEMENT_3D ( 'NONE', #9663, #5963, #6866 ) ;
#5938 = ORIENTED_EDGE ( 'NONE', *, *, #414, .F. ) ;
#5939 = ADVANCED_FACE ( 'NONE', ( #845 ), #2006, .F. ) ;
#5940 = ORIENTED_EDGE ( 'NONE', *, *, #9885, .T. ) ;
#5941 = CARTESIAN_POINT ( 'NONE',  ( 24.59999999999999800, 38.44000000000001200, -58.75000000000000000 ) ) ;
#5942 = PLANE ( 'NONE',  #1582 ) ;
#5943 = EDGE_CURVE ( 'NONE', #3837, #11499, #141, .T. ) ;
#5944 = VERTEX_POINT ( 'NONE', #5597 ) ;
#5945 = LINE ( 'NONE', #4499, #7782 ) ;
#5946 = DIRECTION ( 'NONE',  ( 0.0000000000000000000, -0.0000000000000000000, -1.000000000000000000 ) ) ;
#5947 = LINE ( 'NONE', #5268, #2144 ) ;
#5948 = VERTEX_POINT ( 'NONE', #2932 ) ;
#5949 = CIRCLE ( 'NONE', #6000, 3.500000000000003100 ) ;
#5950 = ORIENTED_EDGE ( 'NONE', *, *, #2867, .F. ) ;
#5951 = CARTESIAN_POINT ( 'NONE',  ( 38.43999999999999800, -26.34999999999998700, 56.24999999999999300 ) ) ;
#5952 = ADVANCED_FACE ( 'NONE', ( #10190 ), #10632, .T. ) ;
#5953 = PLANE ( 'NONE',  #10808 ) ;
#5954 = PRESENTATION_LAYER_ASSIGNMENT (  '', '', ( #5266 ) ) ;
#5955 = CARTESIAN_POINT ( 'NONE',  ( 38.44000000000000500, -20.09999999999999100, 56.24999999999999300 ) ) ;
#5956 = DIRECTION ( 'NONE',  ( 0.0000000000000000000, 0.0000000000000000000, -1.000000000000000000 ) ) ;
#5957 = ORIENTED_EDGE ( 'NONE', *, *, #6404, .F. ) ;
#5958 = FACE_OUTER_BOUND ( 'NONE', #6629, .T. ) ;
#5959 = ORIENTED_EDGE ( 'NONE', *, *, #3043, .T. ) ;
#5960 = CIRCLE ( 'NONE', #8558, 0.2500000000000002200 ) ;
#5961 = EDGE_CURVE ( 'NONE', #67, #2377, #9626, .T. ) ;
#5962 = ORIENTED_EDGE ( 'NONE', *, *, #6757, .F. ) ;
#5963 = DIRECTION ( 'NONE',  ( -0.0000000000000000000, 0.0000000000000000000, 1.000000000000000000 ) ) ;
#5964 = CARTESIAN_POINT ( 'NONE',  ( -38.43999999999999800, 23.09999999999999100, -59.00000000000000000 ) ) ;
#5965 = CARTESIAN_POINT ( 'NONE',  ( 23.59999999999957900, 40.47000000000024000, 56.75896736903245500 ) ) ;
#5966 = VERTEX_POINT ( 'NONE', #3857 ) ;
#5967 = ADVANCED_BREP_SHAPE_REPRESENTATION ( 'Nema34', ( #9398, #6558, #10124, #9545, #1709, #5181, #6160 ), #2545 ) ;
#5968 = CIRCLE ( 'NONE', #769, 7.000000000000000000 ) ;
#5969 = AXIS2_PLACEMENT_3D ( 'NONE', #4088, #7808, #5093 ) ;
#5970 = ORIENTED_EDGE ( 'NONE', *, *, #6892, .F. ) ;
#5971 = ORIENTED_EDGE ( 'NONE', *, *, #7929, .F. ) ;
#5972 = SURFACE_STYLE_USAGE ( .BOTH. , #724 ) ;
#5973 = DIRECTION ( 'NONE',  ( 1.224646799147353200E-016, 1.000000000000000000, 0.0000000000000000000 ) ) ;
#5974 = EDGE_CURVE ( 'NONE', #11499, #7396, #4096, .T. ) ;
#5975 = COLOUR_RGB ( '',0.8941176470588234600, 0.9137254901960784000, 0.9294117647058823800 ) ;
#5976 = ORIENTED_EDGE ( 'NONE', *, *, #6250, .F. ) ;
#5977 = SURFACE_STYLE_FILL_AREA ( #2632 ) ;
#5978 = CIRCLE ( 'NONE', #10353, 0.2500000000000002200 ) ;
#5979 = AXIS2_PLACEMENT_3D ( 'NONE', #5412, #1733, #11780 ) ;
#5980 = EDGE_CURVE ( 'NONE', #1834, #4966, #1403, .T. ) ;
#5981 = AXIS2_PLACEMENT_3D ( 'NONE', #10017, #124, #6405 ) ;
#5982 = CARTESIAN_POINT ( 'NONE',  ( -38.43999999999999800, 26.59999999999999100, 58.75000000000000000 ) ) ;
#5983 = CARTESIAN_POINT ( 'NONE',  ( 43.00000000000000000, 25.19999999999999600, -48.00000000000000000 ) ) ;
#5984 = DIRECTION ( 'NONE',  ( -7.885106708985497900E-016, 1.000000000000000000, -0.0000000000000000000 ) ) ;
#5985 = CARTESIAN_POINT ( 'NONE',  ( 38.43999999999999800, -19.84999999999999100, 56.24999999999999300 ) ) ;
#5986 = ORIENTED_EDGE ( 'NONE', *, *, #2111, .T. ) ;
#5987 = CARTESIAN_POINT ( 'NONE',  ( 38.96999999999999200, -25.10000000000000500, 56.49999999999999300 ) ) ;
#5988 = ORIENTED_EDGE ( 'NONE', *, *, #6008, .T. ) ;
#5989 = VECTOR ( 'NONE', #5470, 1000.000000000000000 ) ;
#5990 = FACE_OUTER_BOUND ( 'NONE', #711, .T. ) ;
#5991 = AXIS2_PLACEMENT_3D ( 'NONE', #9805, #7824, #2442 ) ;
#5992 = CARTESIAN_POINT ( 'NONE',  ( 25.19999999999999900, 40.00000000000000000, 48.00000000000000000 ) ) ;
#5993 = LINE ( 'NONE', #10405, #6290 ) ;
#5994 = EDGE_CURVE ( 'NONE', #9068, #3473, #9767, .T. ) ;
#5995 = ADVANCED_FACE ( 'NONE', ( #11053 ), #413, .T. ) ;
#5996 = DIRECTION ( 'NONE',  ( 0.0000000000000000000, -0.0000000000000000000, -1.000000000000000000 ) ) ;
#5997 = ORIENTED_EDGE ( 'NONE', *, *, #10432, .F. ) ;
#5998 = DIRECTION ( 'NONE',  ( -1.000000000000000000, 0.0000000000000000000, 0.0000000000000000000 ) ) ;
#5999 = AXIS2_PLACEMENT_3D ( 'NONE', #5803, #1379, #1212 ) ;
#6000 = AXIS2_PLACEMENT_3D ( 'NONE', #677, #3586, #6083 ) ;
#6001 = ORIENTED_EDGE ( 'NONE', *, *, #7641, .T. ) ;
#6002 = EDGE_LOOP ( 'NONE', ( #10146, #8311, #7225, #179 ) ) ;
#6003 = TOROIDAL_SURFACE ( 'NONE', #1211, 2.999999999999999100, 0.2500000000000000000 ) ;
#6004 = LINE ( 'NONE', #11279, #9856 ) ;
#6005 =( NAMED_UNIT ( * ) PLANE_ANGLE_UNIT ( ) SI_UNIT ( $, .RADIAN. ) );
#6006 = ADVANCED_FACE ( 'NONE', ( #2119 ), #2547, .F. ) ;
#6007 =( LENGTH_UNIT ( ) NAMED_UNIT ( * ) SI_UNIT ( .MILLI., .METRE. ) );
#6008 = EDGE_CURVE ( 'NONE', #1133, #1015, #3827, .T. ) ;
#6009 = ORIENTED_EDGE ( 'NONE', *, *, #2034, .F. ) ;
#6010 = ORIENTED_EDGE ( 'NONE', *, *, #350, .F. ) ;
#6011 = CIRCLE ( 'NONE', #8196, 2.999999999999995600 ) ;
#6012 = CARTESIAN_POINT ( 'NONE',  ( 34.79999999999999000, 34.79999999999999700, 48.00000000000000000 ) ) ;
#6013 = DIRECTION ( 'NONE',  ( 0.0000000000000000000, 0.0000000000000000000, -1.000000000000000000 ) ) ;
#6014 = CIRCLE ( 'NONE', #6411, 0.2500000000000002200 ) ;
#6015 = CARTESIAN_POINT ( 'NONE',  ( 2.499999999999999100, 48.99999999999998600, -53.50000000000000000 ) ) ;
#6016 = AXIS2_PLACEMENT_3D ( 'NONE', #4470, #7138, #10723 ) ;
#6017 = ORIENTED_EDGE ( 'NONE', *, *, #2647, .T. ) ;
#6018 = ORIENTED_EDGE ( 'NONE', *, *, #6568, .T. ) ;
#6019 =( NAMED_UNIT ( * ) PLANE_ANGLE_UNIT ( ) SI_UNIT ( $, .RADIAN. ) );
#6020 = LINE ( 'NONE', #4124, #3213 ) ;
#6021 =( NAMED_UNIT ( * ) PLANE_ANGLE_UNIT ( ) SI_UNIT ( $, .RADIAN. ) );
#6022 = LINE ( 'NONE', #10131, #4503 ) ;
#6023 = EDGE_CURVE ( 'NONE', #5404, #10720, #11478, .T. ) ;
#6024 = ORIENTED_EDGE ( 'NONE', *, *, #7299, .T. ) ;
#6025 = DIRECTION ( 'NONE',  ( -1.000000000000000000, 0.0000000000000000000, 0.0000000000000000000 ) ) ;
#6026 = CARTESIAN_POINT ( 'NONE',  ( 0.0000000000000000000, 0.0000000000000000000, 59.25000000000000000 ) ) ;
#6027 = CARTESIAN_POINT ( 'NONE',  ( -25.09999999999987400, -37.97000000000007700, 56.49999999999999300 ) ) ;
#6028 = DIRECTION ( 'NONE',  ( -0.0000000000000000000, -0.0000000000000000000, -1.000000000000000000 ) ) ;
#6029 = CARTESIAN_POINT ( 'NONE',  ( -21.09999999999987400, -38.29968292186150300, 56.82968972440241400 ) ) ;
#6030 = CARTESIAN_POINT ( 'NONE',  ( 42.74999999999999300, -40.49999999999997900, 48.25000000000000000 ) ) ;
#6031 = ORIENTED_EDGE ( 'NONE', *, *, #7136, .T. ) ;
#6032 = ORIENTED_EDGE ( 'NONE', *, *, #8213, .F. ) ;
#6033 = VECTOR ( 'NONE', #2227, 1000.000000000000000 ) ;
#6034 = DIRECTION ( 'NONE',  ( -1.000000000000000000, -3.491481338843133400E-015, 0.0000000000000000000 ) ) ;
#6035 = DIRECTION ( 'NONE',  ( 1.000000000000000000, -0.0000000000000000000, 0.0000000000000000000 ) ) ;
#6036 = LINE ( 'NONE', #1091, #4087 ) ;
#6037 = ORIENTED_EDGE ( 'NONE', *, *, #9155, .T. ) ;
#6038 =( LENGTH_UNIT ( ) NAMED_UNIT ( * ) SI_UNIT ( .MILLI., .METRE. ) );
#6039 = CARTESIAN_POINT ( 'NONE',  ( 23.26837466999535300, 40.47000000000024000, 56.83664221820384900 ) ) ;
#6040 = EDGE_CURVE ( 'NONE', #691, #7754, #4388, .T. ) ;
#6041 = CARTESIAN_POINT ( 'NONE',  ( 23.09999999999999400, 38.44000000000001200, -58.75000000000000000 ) ) ;
#6042 = DIRECTION ( 'NONE',  ( -1.000000000000000000, 0.0000000000000000000, 0.0000000000000000000 ) ) ;
#6043 = EDGE_CURVE ( 'NONE', #7204, #3039, #11785, .T. ) ;
#6044 = FACE_OUTER_BOUND ( 'NONE', #4007, .T. ) ;
#6045 = UNCERTAINTY_MEASURE_WITH_UNIT (LENGTH_MEASURE( 1.000000000000000100E-005 ), #10234, 'distance_accuracy_value', 'NONE');
#6046 = ORIENTED_EDGE ( 'NONE', *, *, #9088, .T. ) ;
#6047 = COLOUR_RGB ( '',0.8941176470588234600, 0.9137254901960784000, 0.9294117647058823800 ) ;
#6048 = CARTESIAN_POINT ( 'NONE',  ( 42.74999999999999300, -26.59999999999998400, 59.00000000000000000 ) ) ;
#6049 = SURFACE_STYLE_FILL_AREA ( #4428 ) ;
#6050 = AXIS2_PLACEMENT_3D ( 'NONE', #4462, #2679, #7161 ) ;
#6051 = PLANE ( 'NONE',  #9948 ) ;
#6052 = ADVANCED_FACE ( 'NONE', ( #5216 ), #7596, .F. ) ;
#6053 = CARTESIAN_POINT ( 'NONE',  ( -2.500000000000002700, 49.00000000000000000, -53.50000000000000000 ) ) ;
#6054 = ORIENTED_EDGE ( 'NONE', *, *, #9586, .F. ) ;
#6055 = ORIENTED_EDGE ( 'NONE', *, *, #8032, .T. ) ;
#6056 = CARTESIAN_POINT ( 'NONE',  ( -25.19999999999998200, -43.00000000000000000, 48.00000000000000000 ) ) ;
#6057 = LINE ( 'NONE', #4774, #6480 ) ;
#6058 = COLOUR_RGB ( '',0.2000000000000000100, 0.2000000000000000100, 0.2000000000000000100 ) ;
#6059 =( GEOMETRIC_REPRESENTATION_CONTEXT ( 3 ) GLOBAL_UNCERTAINTY_ASSIGNED_CONTEXT ( ( #7140 ) ) GLOBAL_UNIT_ASSIGNED_CONTEXT ( ( #10305, #2339, #7648 ) ) REPRESENTATION_CONTEXT ( 'NONE', 'WORKASPACE' ) );
#6060 = ORIENTED_EDGE ( 'NONE', *, *, #10799, .T. ) ;
#6061 = DIRECTION ( 'NONE',  ( 0.0000000000000000000, 0.0000000000000000000, 1.000000000000000000 ) ) ;
#6062 = EDGE_CURVE ( 'NONE', #7204, #434, #6917, .T. ) ;
#6063 = CARTESIAN_POINT ( 'NONE',  ( 21.84999999999999400, 38.44000000000001200, -58.75000000000000000 ) ) ;
#6064 = ADVANCED_FACE ( 'NONE', ( #4534 ), #4242, .T. ) ;
#6065 = CARTESIAN_POINT ( 'NONE',  ( -24.68593362000720100, -37.97000000000007700, 57.21087685217725700 ) ) ;
#6066 = ORIENTED_EDGE ( 'NONE', *, *, #2903, .T. ) ;
#6067 = CARTESIAN_POINT ( 'NONE',  ( 40.47000000000002000, -22.59999999999999800, 56.49999999999999300 ) ) ;
#6068 = DIRECTION ( 'NONE',  ( 0.0000000000000000000, -0.0000000000000000000, 1.000000000000000000 ) ) ;
#6069 = ORIENTED_EDGE ( 'NONE', *, *, #5077, .F. ) ;
#6070 = VERTEX_POINT ( 'NONE', #4940 ) ;
#6071 = CYLINDRICAL_SURFACE ( 'NONE', #9635, 2.999999999999999100 ) ;
#6072 = CARTESIAN_POINT ( 'NONE',  ( -19.59999999999998700, -43.00000000000000000, 59.00000000000000000 ) ) ;
#6073 =( LENGTH_UNIT ( ) NAMED_UNIT ( * ) SI_UNIT ( .MILLI., .METRE. ) );
#6074 =( GEOMETRIC_REPRESENTATION_CONTEXT ( 3 ) GLOBAL_UNCERTAINTY_ASSIGNED_CONTEXT ( ( #3164 ) ) GLOBAL_UNIT_ASSIGNED_CONTEXT ( ( #8228, #6454, #1088 ) ) REPRESENTATION_CONTEXT ( 'NONE', 'WORKASPACE' ) );
#6075 = ORIENTED_EDGE ( 'NONE', *, *, #4379, .T. ) ;
#6076 = ORIENTED_EDGE ( 'NONE', *, *, #11404, .T. ) ;
#6077 = CARTESIAN_POINT ( 'NONE',  ( 0.0000000000000000000, 0.0000000000000000000, -58.99999999999999300 ) ) ;
#6078 = CARTESIAN_POINT ( 'NONE',  ( -38.43999999999999800, 23.09999999999999100, -48.00000000000000000 ) ) ;
#6079 = AXIS2_PLACEMENT_3D ( 'NONE', #9970, #10963, #934 ) ;
#6080 = ORIENTED_EDGE ( 'NONE', *, *, #4248, .F. ) ;
#6081 = DIRECTION ( 'NONE',  ( 0.0000000000000000000, 0.0000000000000000000, 1.000000000000000000 ) ) ;
#6082 = EDGE_CURVE ( 'NONE', #3974, #2415, #9041, .T. ) ;
#6083 = DIRECTION ( 'NONE',  ( 1.000000000000000000, 0.0000000000000000000, 0.0000000000000000000 ) ) ;
#6084 = EDGE_LOOP ( 'NONE', ( #10770, #9732 ) ) ;
#6085 = ORIENTED_EDGE ( 'NONE', *, *, #321, .F. ) ;
#6086 = DIRECTION ( 'NONE',  ( -1.000000000000000000, 0.0000000000000000000, 0.0000000000000000000 ) ) ;
#6087 = VERTEX_POINT ( 'NONE', #11247 ) ;
#6088 = MECHANICAL_DESIGN_GEOMETRIC_PRESENTATION_REPRESENTATION (  '', ( #1786 ), #6704 ) ;
#6089 = DIRECTION ( 'NONE',  ( 0.0000000000000000000, 0.0000000000000000000, -1.000000000000000000 ) ) ;
#6090 = CIRCLE ( 'NONE', #10026, 0.2500000000000002200 ) ;
#6091 = DIRECTION ( 'NONE',  ( -1.047444401652940000E-014, 1.000000000000000000, -0.0000000000000000000 ) ) ;
#6092 =( LENGTH_UNIT ( ) NAMED_UNIT ( * ) SI_UNIT ( .MILLI., .METRE. ) );
#6093 = DIRECTION ( 'NONE',  ( -0.0000000000000000000, 1.000000000000000000, 0.0000000000000000000 ) ) ;
#6094 = ORIENTED_EDGE ( 'NONE', *, *, #3853, .F. ) ;
#6095 = ORIENTED_EDGE ( 'NONE', *, *, #8823, .T. ) ;
#6096 = DIRECTION ( 'NONE',  ( 0.0000000000000000000, 0.0000000000000000000, -1.000000000000000000 ) ) ;
#6097 = EDGE_CURVE ( 'NONE', #2414, #10277, #8457, .T. ) ;
#6098 = DIRECTION ( 'NONE',  ( 0.0000000000000000000, -0.0000000000000000000, -1.000000000000000000 ) ) ;
#6099 = ORIENTED_EDGE ( 'NONE', *, *, #632, .F. ) ;
#6100 = DIRECTION ( 'NONE',  ( -1.000000000000000000, 0.0000000000000000000, 0.0000000000000000000 ) ) ;
#6101 = CIRCLE ( 'NONE', #9413, 0.2500000000000002200 ) ;
#6102 = EDGE_LOOP ( 'NONE', ( #8936, #7222, #8977, #6459 ) ) ;
#6103 = ORIENTED_EDGE ( 'NONE', *, *, #10742, .T. ) ;
#6104 = LINE ( 'NONE', #4302, #10669 ) ;
#6105 = AXIS2_PLACEMENT_3D ( 'NONE', #6530, #10275, #1161 ) ;
#6106 = CARTESIAN_POINT ( 'NONE',  ( 43.00000000000000000, -19.59999999999999100, 59.00000000000000000 ) ) ;
#6107 = DIRECTION ( 'NONE',  ( -0.0000000000000000000, 0.0000000000000000000, 1.000000000000000000 ) ) ;
#6108 = DIRECTION ( 'NONE',  ( 1.000000000000000000, 0.0000000000000000000, 0.0000000000000000000 ) ) ;
#6109 = CARTESIAN_POINT ( 'NONE',  ( 39.99999999999999300, 28.19999999999999600, -48.00000000000000000 ) ) ;
#6110 = UNCERTAINTY_MEASURE_WITH_UNIT (LENGTH_MEASURE( 1.000000000000000100E-005 ), #4921, 'distance_accuracy_value', 'NONE');
#6111 = EDGE_CURVE ( 'NONE', #10090, #9175, #3107, .T. ) ;
#6112 = FACE_OUTER_BOUND ( 'NONE', #3435, .T. ) ;
#6113 = EDGE_LOOP ( 'NONE', ( #11202, #7088, #2823, #1482 ) ) ;
#6114 = FACE_OUTER_BOUND ( 'NONE', #10071, .T. ) ;
#6115 = CARTESIAN_POINT ( 'NONE',  ( 0.0000000000000000000, 0.0000000000000000000, 2.099999999999963200 ) ) ;
#6116 = FACE_OUTER_BOUND ( 'NONE', #9508, .T. ) ;
#6117 = CIRCLE ( 'NONE', #9574, 1.250000000000001100 ) ;
#6118 = FILL_AREA_STYLE ('',( #9502 ) ) ;
#6119 = DIRECTION ( 'NONE',  ( 1.682156097916899000E-015, 1.000000000000000000, 0.0000000000000000000 ) ) ;
#6120 = DIRECTION ( 'NONE',  ( 1.000000000000000000, 0.0000000000000000000, 0.0000000000000000000 ) ) ;
#6121 = AXIS2_PLACEMENT_3D ( 'NONE', #6149, #2576, #7971 ) ;
#6122 = ADVANCED_FACE ( 'NONE', ( #11193 ), #3045, .F. ) ;
#6123 = FACE_OUTER_BOUND ( 'NONE', #9824, .T. ) ;
#6124 = ORIENTED_EDGE ( 'NONE', *, *, #6977, .F. ) ;
#6125 = DIRECTION ( 'NONE',  ( 0.0000000000000000000, 0.0000000000000000000, 1.000000000000000000 ) ) ;
#6126 = VECTOR ( 'NONE', #8166, 1000.000000000000000 ) ;
#6127 = CARTESIAN_POINT ( 'NONE',  ( 37.96999999999999200, -22.60000000000000100, 57.79579263126747400 ) ) ;
#6128 = CARTESIAN_POINT ( 'NONE',  ( -31.19999999999998900, 28.19999999999999600, 48.00000000000000000 ) ) ;
#6129 = AXIS2_PLACEMENT_3D ( 'NONE', #6831, #2181, #4914 ) ;
#6130 = DIRECTION ( 'NONE',  ( 1.000000000000000000, -2.775557561562890600E-015, 0.0000000000000000000 ) ) ;
#6131 = DIRECTION ( 'NONE',  ( 1.000000000000000000, 0.0000000000000000000, 0.0000000000000000000 ) ) ;
#6132 = DIRECTION ( 'NONE',  ( 0.0000000000000000000, 0.0000000000000000000, -1.000000000000000000 ) ) ;
#6133 = PLANE ( 'NONE',  #3273 ) ;
#6134 = EDGE_CURVE ( 'NONE', #10729, #8912, #1537, .T. ) ;
#6135 = PLANE ( 'NONE',  #11748 ) ;
#6136 = CARTESIAN_POINT ( 'NONE',  ( -34.79999999999999700, 34.79999999999999000, 48.25000000000000000 ) ) ;
#6137 = EDGE_LOOP ( 'NONE', ( #9481, #5235, #6069, #6674 ) ) ;
#6138 = LINE ( 'NONE', #8994, #11410 ) ;
#6139 = AXIS2_PLACEMENT_3D ( 'NONE', #9063, #5393, #10067 ) ;
#6140 = CIRCLE ( 'NONE', #5483, 0.2500000000000002200 ) ;
#6141 = EDGE_CURVE ( 'NONE', #10667, #21, #3692, .T. ) ;
#6142 = AXIS2_PLACEMENT_3D ( 'NONE', #6536, #11002, #8232 ) ;
#6143 = VERTEX_POINT ( 'NONE', #10603 ) ;
#6144 = DIRECTION ( 'NONE',  ( -1.000000000000000000, 0.0000000000000000000, 0.0000000000000000000 ) ) ;
#6145 = CARTESIAN_POINT ( 'NONE',  ( -43.00000000000000000, 25.19999999999999600, -48.00000000000000000 ) ) ;
#6146 = CARTESIAN_POINT ( 'NONE',  ( -39.99999999999999300, 25.19999999999999600, 48.00000000000000000 ) ) ;
#6147 = CARTESIAN_POINT ( 'NONE',  ( 28.20000000000001000, -39.99999999999997900, -58.75000000000000000 ) ) ;
#6148 = AXIS2_PLACEMENT_3D ( 'NONE', #9724, #8700, #5113 ) ;
#6149 = CARTESIAN_POINT ( 'NONE',  ( -20.09999999999999100, -42.74999999999999300, 56.24999999999999300 ) ) ;
#6150 = CARTESIAN_POINT ( 'NONE',  ( 21.84999999999999800, 38.44000000000001200, -48.00000000000000000 ) ) ;
#6151 = VERTEX_POINT ( 'NONE', #10453 ) ;
#6152 = ORIENTED_EDGE ( 'NONE', *, *, #9675, .T. ) ;
#6153 = LINE ( 'NONE', #6541, #3490 ) ;
#6154 = FACE_OUTER_BOUND ( 'NONE', #6909, .T. ) ;
#6155 = EDGE_CURVE ( 'NONE', #1579, #8973, #10764, .T. ) ;
#6156 = CARTESIAN_POINT ( 'NONE',  ( 42.74999999999999300, 40.50000000000000700, 59.00000000000000000 ) ) ;
#6157 = CYLINDRICAL_SURFACE ( 'NONE', #7682, 0.2500000000000002200 ) ;
#6158 = DIRECTION ( 'NONE',  ( -1.000000000000000000, -3.942553354492742500E-016, 0.0000000000000000000 ) ) ;
#6159 = DIRECTION ( 'NONE',  ( -0.0000000000000000000, 0.0000000000000000000, -1.000000000000000000 ) ) ;
#6160 = AXIS2_PLACEMENT_3D ( 'NONE', #7002, #7075, #4370 ) ;
#6161 = CARTESIAN_POINT ( 'NONE',  ( -24.90699418005287300, -38.97000000000009100, 57.00187174722587700 ) ) ;
#6162 = CARTESIAN_POINT ( 'NONE',  ( 0.0000000000000000000, 0.0000000000000000000, 59.00000000000000000 ) ) ;
#6163 = ORIENTED_EDGE ( 'NONE', *, *, #8045, .T. ) ;
#6164 = CARTESIAN_POINT ( 'NONE',  ( 40.00000000000000700, -25.19999999999999200, -58.75000000000000000 ) ) ;
#6165 = VERTEX_POINT ( 'NONE', #8705 ) ;
#6166 = CIRCLE ( 'NONE', #6965, 3.308340903158648600 ) ;
#6167 = CIRCLE ( 'NONE', #6148, 1.250000000000008000 ) ;
#6168 = FACE_OUTER_BOUND ( 'NONE', #2673, .T. ) ;
#6169 = ORIENTED_EDGE ( 'NONE', *, *, #10448, .F. ) ;
#6170 = DIRECTION ( 'NONE',  ( 0.0000000000000000000, -1.000000000000000000, -1.108712219367988300E-016 ) ) ;
#6171 = EDGE_CURVE ( 'NONE', #2592, #2980, #3972, .T. ) ;
#6172 =( NAMED_UNIT ( * ) SI_UNIT ( $, .STERADIAN. ) SOLID_ANGLE_UNIT ( ) );
#6173 = CARTESIAN_POINT ( 'NONE',  ( 23.59999999999962100, 36.47000000000024800, 56.75896736903250400 ) ) ;
#6174 = ADVANCED_FACE ( 'NONE', ( #7318 ), #7791, .F. ) ;
#6175 = ORIENTED_EDGE ( 'NONE', *, *, #2520, .T. ) ;
#6176 = ORIENTED_EDGE ( 'NONE', *, *, #9874, .F. ) ;
#6177 = FACE_BOUND ( 'NONE', #5397, .T. ) ;
#6178 = CARTESIAN_POINT ( 'NONE',  ( -40.47000000000002000, 22.59999999999999800, 56.49999999999999300 ) ) ;
#6179 = B_SPLINE_CURVE_WITH_KNOTS ( 'NONE', 3,
 ( #2241, #3195, #3157, #4066, #11315, #7911 ),
 .UNSPECIFIED., .F., .F.,
 ( 4, 2, 4 ),
 ( 0.01713536489727014700, 0.01805660470586275800, 0.01897784451445536800 ),
 .UNSPECIFIED. ) ;
#6180 = DIRECTION ( 'NONE',  ( -1.000000000000000000, -8.501585775512798800E-017, 0.0000000000000000000 ) ) ;
#6181 = CARTESIAN_POINT ( 'NONE',  ( -23.43888243939857200, -36.47000000000007700, 56.80966034928125900 ) ) ;
#6182 = STYLED_ITEM ( 'NONE', ( #10740 ), #6732 ) ;
#6183 = CARTESIAN_POINT ( 'NONE',  ( 40.49999999999999300, 43.00000000000000700, 58.75000000000000000 ) ) ;
#6184 = ORIENTED_EDGE ( 'NONE', *, *, #850, .F. ) ;
#6185 = VERTEX_POINT ( 'NONE', #4265 ) ;
#6186 = FACE_OUTER_BOUND ( 'NONE', #6002, .T. ) ;
#6187 = CARTESIAN_POINT ( 'NONE',  ( -31.19999999999998500, -28.20000000000000600, -58.75000000000000000 ) ) ;
#6188 = FILL_AREA_STYLE_COLOUR ( '', #1059 ) ;
#6189 = FACE_OUTER_BOUND ( 'NONE', #4553, .T. ) ;
#6190 = EDGE_CURVE ( 'NONE', #7165, #5885, #6771, .T. ) ;
#6191 = ADVANCED_FACE ( 'NONE', ( #2258 ), #683, .F. ) ;
#6192 = CARTESIAN_POINT ( 'NONE',  ( -25.09999999999987400, -37.97000000000007700, 56.75896736903244700 ) ) ;
#6193 = PLANE ( 'NONE',  #4497 ) ;
#6194 = DIRECTION ( 'NONE',  ( -1.000000000000000000, 1.521687259628777600E-015, 0.0000000000000000000 ) ) ;
#6195 = CARTESIAN_POINT ( 'NONE',  ( 37.96999999999999200, -21.10000000000000500, 56.75896736903249700 ) ) ;
#6196 = CARTESIAN_POINT ( 'NONE',  ( 38.96999999999999200, -24.68291872043530300, 57.21345909932559700 ) ) ;
#6197 =( GEOMETRIC_REPRESENTATION_CONTEXT ( 3 ) GLOBAL_UNCERTAINTY_ASSIGNED_CONTEXT ( ( #1347 ) ) GLOBAL_UNIT_ASSIGNED_CONTEXT ( ( #9995, #7227, #7163 ) ) REPRESENTATION_CONTEXT ( 'NONE', 'WORKASPACE' ) );
#6198 = ORIENTED_EDGE ( 'NONE', *, *, #11438, .T. ) ;
#6199 = CARTESIAN_POINT ( 'NONE',  ( 22.59999999999962100, 36.47000000000023300, 56.75896736903246900 ) ) ;
#6200 = EDGE_LOOP ( 'NONE', ( #5499, #8155, #8916, #1511 ) ) ;
#6201 = PLANE ( 'NONE',  #9795 ) ;
#6202 = ORIENTED_EDGE ( 'NONE', *, *, #10121, .T. ) ;
#6203 = DIRECTION ( 'NONE',  ( -1.000000000000000000, -0.0000000000000000000, -0.0000000000000000000 ) ) ;
#6204 = DIRECTION ( 'NONE',  ( -1.047444401652940000E-014, 1.000000000000000000, 0.0000000000000000000 ) ) ;
#6205 = CARTESIAN_POINT ( 'NONE',  ( 24.59999999999999800, 38.44000000000001200, 55.74999999999999300 ) ) ;
#6206 = AXIS2_PLACEMENT_3D ( 'NONE', #11293, #9488, #5163 ) ;
#6207 = ORIENTED_EDGE ( 'NONE', *, *, #10108, .F. ) ;
#6208 = TOROIDAL_SURFACE ( 'NONE', #4409, 2.999999999999999100, 0.2500000000000000000 ) ;
#6209 = DIRECTION ( 'NONE',  ( -0.0000000000000000000, -0.0000000000000000000, 1.000000000000000000 ) ) ;
#6210 = VERTEX_POINT ( 'NONE', #2446 ) ;
#6211 = CIRCLE ( 'NONE', #11469, 0.2500000000000002200 ) ;
#6212 = EDGE_CURVE ( 'NONE', #8707, #8343, #11622, .T. ) ;
#6213 = STYLED_ITEM ( 'NONE', ( #5703 ), #3903 ) ;
#6214 = DIRECTION ( 'NONE',  ( 1.000000000000000000, 0.0000000000000000000, 0.0000000000000000000 ) ) ;
#6215 = DIRECTION ( 'NONE',  ( 1.278740865116509800E-014, -1.000000000000000000, 0.0000000000000000000 ) ) ;
#6216 = PRESENTATION_STYLE_ASSIGNMENT (( #3582 ) ) ;
#6217 = ORIENTED_EDGE ( 'NONE', *, *, #11772, .T. ) ;
#6218 =( GEOMETRIC_REPRESENTATION_CONTEXT ( 3 ) GLOBAL_UNCERTAINTY_ASSIGNED_CONTEXT ( ( #5252 ) ) GLOBAL_UNIT_ASSIGNED_CONTEXT ( ( #1616, #2384, #8769 ) ) REPRESENTATION_CONTEXT ( 'NONE', 'WORKASPACE' ) );
#6219 = CARTESIAN_POINT ( 'NONE',  ( -36.46999999999999900, 23.60000000000000100, 56.49999999999999300 ) ) ;
#6220 = DIRECTION ( 'NONE',  ( -0.0000000000000000000, 0.0000000000000000000, 1.000000000000000000 ) ) ;
#6221 = DIRECTION ( 'NONE',  ( 0.0000000000000000000, -1.000000000000000000, 0.0000000000000000000 ) ) ;
#6222 = CARTESIAN_POINT ( 'NONE',  ( -23.59999999999987400, -36.47000000000007700, 56.75896736903249700 ) ) ;
#6223 = ORIENTED_EDGE ( 'NONE', *, *, #3570, .T. ) ;
#6224 = VERTEX_POINT ( 'NONE', #9685 ) ;
#6225 = ORIENTED_EDGE ( 'NONE', *, *, #11404, .F. ) ;
#6226 = AXIS2_PLACEMENT_3D ( 'NONE', #6030, #4194, #5956 ) ;
#6227 = FILL_AREA_STYLE ('',( #11444 ) ) ;
#6228 = LINE ( 'NONE', #11223, #7076 ) ;
#6229 = EDGE_CURVE ( 'NONE', #797, #4392, #1251, .T. ) ;
#6230 = ORIENTED_EDGE ( 'NONE', *, *, #1934, .F. ) ;
#6231 = ORIENTED_EDGE ( 'NONE', *, *, #1656, .F. ) ;
#6232 = DIRECTION ( 'NONE',  ( 1.000000000000000000, 0.0000000000000000000, 0.0000000000000000000 ) ) ;
#6233 = CARTESIAN_POINT ( 'NONE',  ( 38.43999999999999800, -19.59999999999998700, 59.00000000000000000 ) ) ;
#6234 = CARTESIAN_POINT ( 'NONE',  ( 0.0000000000000000000, 0.0000000000000000000, 60.59999999999999400 ) ) ;
#6235 = CARTESIAN_POINT ( 'NONE',  ( -21.84999999999997700, -38.44000000000001200, 48.00000000000000000 ) ) ;
#6236 = CARTESIAN_POINT ( 'NONE',  ( 23.59999999999957900, 40.47000000000024000, 56.49999999999999300 ) ) ;
#6237 = AXIS2_PLACEMENT_3D ( 'NONE', #10838, #6259, #3635 ) ;
#6238 = DIRECTION ( 'NONE',  ( 0.0000000000000000000, -1.000000000000000000, 0.0000000000000000000 ) ) ;
#6239 = AXIS2_PLACEMENT_3D ( 'NONE', #11272, #9350, #4993 ) ;
#6240 = ORIENTED_EDGE ( 'NONE', *, *, #3175, .T. ) ;
#6241 = ADVANCED_FACE ( 'NONE', ( #541 ), #405, .F. ) ;
#6242 = CARTESIAN_POINT ( 'NONE',  ( 22.59999999999959300, 38.97000000000022600, 56.49999999999999300 ) ) ;
#6243 = FACE_OUTER_BOUND ( 'NONE', #11769, .T. ) ;
#6244 = VERTEX_POINT ( 'NONE', #7751 ) ;
#6245 = CIRCLE ( 'NONE', #2994, 2.500000000000000900 ) ;
#6246 = EDGE_LOOP ( 'NONE', ( #11453, #10947, #11557, #6075 ) ) ;
#6247 = FILL_AREA_STYLE_COLOUR ( '', #6784 ) ;
#6248 = CARTESIAN_POINT ( 'NONE',  ( 20.09999999999998400, 38.43999999999999800, 56.24999999999999300 ) ) ;
#6249 = EDGE_CURVE ( 'NONE', #9815, #7287, #8041, .T. ) ;
#6250 = EDGE_CURVE ( 'NONE', #1501, #11799, #2109, .T. ) ;
#6251 = ORIENTED_EDGE ( 'NONE', *, *, #6650, .T. ) ;
#6252 = FACE_OUTER_BOUND ( 'NONE', #4530, .T. ) ;
#6253 = VERTEX_POINT ( 'NONE', #8628 ) ;
#6254 = ORIENTED_EDGE ( 'NONE', *, *, #11719, .T. ) ;
#6255 = ADVANCED_FACE ( 'NONE', ( #10036 ), #6902, .F. ) ;
#6256 = LINE ( 'NONE', #9883, #4436 ) ;
#6257 = CARTESIAN_POINT ( 'NONE',  ( 38.46999999999999200, -23.09999999999999800, 55.99999999999999300 ) ) ;
#6258 = AXIS2_PLACEMENT_3D ( 'NONE', #8198, #9037, #10845 ) ;
#6259 = DIRECTION ( 'NONE',  ( -0.0000000000000000000, 0.0000000000000000000, 1.000000000000000000 ) ) ;
#6260 = VERTEX_POINT ( 'NONE', #7999 ) ;
#6261 = CARTESIAN_POINT ( 'NONE',  ( 20.59999999999959600, 38.47000000000020500, 55.99999999999999300 ) ) ;
#6262 = CIRCLE ( 'NONE', #9643, 0.2500000000000002200 ) ;
#6263 = ORIENTED_EDGE ( 'NONE', *, *, #9096, .T. ) ;
#6264 = DIRECTION ( 'NONE',  ( -0.0000000000000000000, -0.0000000000000000000, -1.000000000000000000 ) ) ;
#6265 = EDGE_CURVE ( 'NONE', #5004, #987, #122, .T. ) ;
#6266 = ORIENTED_EDGE ( 'NONE', *, *, #8200, .F. ) ;
#6267 = CARTESIAN_POINT ( 'NONE',  ( -42.99999999999998600, -42.74999999999999300, 48.25000000000000000 ) ) ;
#6268 = LINE ( 'NONE', #7351, #1457 ) ;
#6269 = DIRECTION ( 'NONE',  ( 1.000000000000000000, -0.0000000000000000000, 0.0000000000000000000 ) ) ;
#6270 = UNCERTAINTY_MEASURE_WITH_UNIT (LENGTH_MEASURE( 1.000000000000000100E-005 ), #7216, 'distance_accuracy_value', 'NONE');
#6271 = PLANE ( 'NONE',  #2851 ) ;
#6273 = DIRECTION ( 'NONE',  ( 1.000000000000000000, 0.0000000000000000000, 0.0000000000000000000 ) ) ;
#6272 = CIRCLE ( 'NONE', #3424, 0.2500000000000002200 ) ;
#6274 = AXIS2_PLACEMENT_3D ( 'NONE', #3114, #3230, #11396 ) ;
#6275 = ORIENTED_EDGE ( 'NONE', *, *, #1121, .F. ) ;
#6276 = DIRECTION ( 'NONE',  ( 0.0000000000000000000, 0.0000000000000000000, 1.000000000000000000 ) ) ;
#6277 = CARTESIAN_POINT ( 'NONE',  ( 38.55579926162984300, -25.10000000000000500, 56.83639580559806600 ) ) ;
#6278 = COLOUR_RGB ( '',0.2000000000000000100, 0.2000000000000000100, 0.2000000000000000100 ) ;
#6279 = EDGE_CURVE ( 'NONE', #4243, #3199, #5207, .T. ) ;
#6280 = EDGE_CURVE ( 'NONE', #5250, #3684, #7592, .T. ) ;
#6281 = EDGE_CURVE ( 'NONE', #5549, #10894, #967, .T. ) ;
#6282 = CARTESIAN_POINT ( 'NONE',  ( -31.19999999999998900, 28.19999999999999600, -48.00000000000000000 ) ) ;
#6283 = DIRECTION ( 'NONE',  ( -1.613696256722611400E-016, 1.000000000000000000, -0.0000000000000000000 ) ) ;
#6284 = CARTESIAN_POINT ( 'NONE',  ( -43.00000000000000000, 25.19999999999999600, -48.00000000000000000 ) ) ;
#6285 = ORIENTED_EDGE ( 'NONE', *, *, #445, .T. ) ;
#6286 = ORIENTED_EDGE ( 'NONE', *, *, #352, .F. ) ;
#6287 = CIRCLE ( 'NONE', #1973, 0.2500000000000002200 ) ;
#6288 = DIRECTION ( 'NONE',  ( 0.0000000000000000000, -0.0000000000000000000, 1.000000000000000000 ) ) ;
#6289 =( GEOMETRIC_REPRESENTATION_CONTEXT ( 3 ) GLOBAL_UNCERTAINTY_ASSIGNED_CONTEXT ( ( #5547 ) ) GLOBAL_UNIT_ASSIGNED_CONTEXT ( ( #1902, #2908, #8222 ) ) REPRESENTATION_CONTEXT ( 'NONE', 'WORKASPACE' ) );
#6290 = VECTOR ( 'NONE', #1369, 1000.000000000000000 ) ;
#6291 = EDGE_CURVE ( 'NONE', #1719, #5508, #7739, .T. ) ;
#6292 = ORIENTED_EDGE ( 'NONE', *, *, #11383, .T. ) ;
#6293 = VERTEX_POINT ( 'NONE', #5278 ) ;
#6294 = EDGE_LOOP ( 'NONE', ( #4072, #1410, #8649, #2509 ) ) ;
#6295 = CARTESIAN_POINT ( 'NONE',  ( -28.19999999999998200, -31.20000000000000600, -58.75000000000000000 ) ) ;
#6296 = CARTESIAN_POINT ( 'NONE',  ( 23.43888243939832000, 36.47000000000024800, 56.80966034928125900 ) ) ;
#6297 = LINE ( 'NONE', #2237, #1776 ) ;
#6298 = STYLED_ITEM ( 'NONE', ( #7316 ), #1032 ) ;
#6299 = ADVANCED_FACE ( 'NONE', ( #4936 ), #3099, .T. ) ;
#6300 = FILL_AREA_STYLE ('',( #8034 ) ) ;
#6301 = CARTESIAN_POINT ( 'NONE',  ( 23.09999999999999400, 38.44000000000001200, -48.00000000000000000 ) ) ;
#6302 = FACE_OUTER_BOUND ( 'NONE', #9992, .T. ) ;
#6303 = EDGE_CURVE ( 'NONE', #4779, #5167, #8314, .T. ) ;
#6304 = SURFACE_STYLE_USAGE ( .BOTH. , #7131 ) ;
#6305 = DIRECTION ( 'NONE',  ( 1.000000000000000000, 0.0000000000000000000, 0.0000000000000000000 ) ) ;
#6306 = AXIS2_PLACEMENT_3D ( 'NONE', #1716, #11637, #6132 ) ;
#6307 = EDGE_CURVE ( 'NONE', #2102, #8484, #5359, .T. ) ;
#6308 = AXIS2_PLACEMENT_3D ( 'NONE', #2612, #11776, #3650 ) ;
#6309 = ORIENTED_EDGE ( 'NONE', *, *, #9620, .F. ) ;
#6310 = VERTEX_POINT ( 'NONE', #8835 ) ;
#6311 = SURFACE_STYLE_FILL_AREA ( #10929 ) ;
#6312 = CARTESIAN_POINT ( 'NONE',  ( -23.59999999999985900, -40.47000000000007700, 56.49999999999999300 ) ) ;
#6313 = LINE ( 'NONE', #158, #7841 ) ;
#6314 = SURFACE_SIDE_STYLE ('',( #11712 ) ) ;
#6315 = FACE_OUTER_BOUND ( 'NONE', #3855, .T. ) ;
#6316 = ADVANCED_FACE ( 'NONE', ( #7308 ), #8794, .F. ) ;
#6317 = CARTESIAN_POINT ( 'NONE',  ( -37.96999999999999900, 22.30130848654233200, 57.70833027779985300 ) ) ;
#6318 = DIRECTION ( 'NONE',  ( 0.0000000000000000000, -0.0000000000000000000, -1.000000000000000000 ) ) ;
#6319 = CARTESIAN_POINT ( 'NONE',  ( 31.20000000000000300, 31.19999999999999600, -48.00000000000000000 ) ) ;
#6320 = AXIS2_PLACEMENT_3D ( 'NONE', #3399, #11741, #1595 ) ;
#6321 = DIRECTION ( 'NONE',  ( 0.0000000000000000000, -0.0000000000000000000, 1.000000000000000000 ) ) ;
#6322 = EDGE_CURVE ( 'NONE', #7456, #10322, #4524, .T. ) ;
#6323 = ORIENTED_EDGE ( 'NONE', *, *, #11073, .F. ) ;
#6324 = VERTEX_POINT ( 'NONE', #10002 ) ;
#6325 =( NAMED_UNIT ( * ) PLANE_ANGLE_UNIT ( ) SI_UNIT ( $, .RADIAN. ) );
#6326 = CARTESIAN_POINT ( 'NONE',  ( -28.19999999999998900, 42.99999999999999300, 48.00000000000000000 ) ) ;
#6327 = FACE_OUTER_BOUND ( 'NONE', #7381, .T. ) ;
#6328 = DIRECTION ( 'NONE',  ( -1.682156097916899000E-015, -1.000000000000000000, -0.0000000000000000000 ) ) ;
#6329 = CARTESIAN_POINT ( 'NONE',  ( -43.00000000000000000, 25.19999999999999600, -59.00000000000000000 ) ) ;
#6330 = AXIS2_PLACEMENT_3D ( 'NONE', #7395, #8282, #3745 ) ;
#6331 = DIRECTION ( 'NONE',  ( -0.0000000000000000000, -0.0000000000000000000, -1.000000000000000000 ) ) ;
#6332 = ORIENTED_EDGE ( 'NONE', *, *, #7054, .T. ) ;
#6333 = VERTEX_POINT ( 'NONE', #7280 ) ;
#6334 = CARTESIAN_POINT ( 'NONE',  ( 38.44000000000001200, -23.09999999999998700, 55.74999999999999300 ) ) ;
#6335 = FACE_OUTER_BOUND ( 'NONE', #2798, .T. ) ;
#6336 = EDGE_CURVE ( 'NONE', #8842, #10729, #10477, .T. ) ;
#6337 = ORIENTED_EDGE ( 'NONE', *, *, #2892, .F. ) ;
#6338 = DIRECTION ( 'NONE',  ( -0.0000000000000000000, 0.0000000000000000000, -1.000000000000000000 ) ) ;
#6339 = FILL_AREA_STYLE_COLOUR ( '', #5059 ) ;
#6340 = CARTESIAN_POINT ( 'NONE',  ( -25.19999999999998900, 39.99999999999998600, 48.00000000000000000 ) ) ;
#6341 = DIRECTION ( 'NONE',  ( 0.0000000000000000000, 0.0000000000000000000, -1.000000000000000000 ) ) ;
#6342 = SURFACE_STYLE_FILL_AREA ( #11728 ) ;
#6343 = ORIENTED_EDGE ( 'NONE', *, *, #4687, .T. ) ;
#6344 = DIRECTION ( 'NONE',  ( 1.000000000000000000, 0.0000000000000000000, 0.0000000000000000000 ) ) ;
#6345 = AXIS2_PLACEMENT_3D ( 'NONE', #1100, #1243, #7387 ) ;
#6346 = VECTOR ( 'NONE', #5076, 1000.000000000000000 ) ;
#6347 = VERTEX_POINT ( 'NONE', #3690 ) ;
#6348 = DIRECTION ( 'NONE',  ( 0.0000000000000000000, 0.0000000000000000000, -1.000000000000000000 ) ) ;
#6349 = CARTESIAN_POINT ( 'NONE',  ( 23.59999999999959300, 38.97000000000024000, 57.79579263126747400 ) ) ;
#6350 = EDGE_CURVE ( 'NONE', #1184, #21, #271, .T. ) ;
#6351 = CARTESIAN_POINT ( 'NONE',  ( -37.96999999999999200, 22.60000000000000100, 57.79579263126747400 ) ) ;
#6352 = DIRECTION ( 'NONE',  ( -0.0000000000000000000, 0.0000000000000000000, 1.000000000000000000 ) ) ;
#6353 = DIRECTION ( 'NONE',  ( 0.0000000000000000000, 0.0000000000000000000, 1.000000000000000000 ) ) ;
#6354 = CARTESIAN_POINT ( 'NONE',  ( 23.09999999999959600, 38.47000000000023300, 54.73916976027089700 ) ) ;
#6355 = ORIENTED_EDGE ( 'NONE', *, *, #334, .F. ) ;
#6356 = VERTEX_POINT ( 'NONE', #2806 ) ;
#6357 = LINE ( 'NONE', #7312, #3968 ) ;
#6358 = EDGE_LOOP ( 'NONE', ( #9091, #6477, #4288, #187 ) ) ;
#6359 = AXIS2_PLACEMENT_3D ( 'NONE', #951, #2972, #3816 ) ;
#6360 = CARTESIAN_POINT ( 'NONE',  ( 40.49999999999999300, 40.50000000000000700, 48.25000000000000000 ) ) ;
#6361 = ORIENTED_EDGE ( 'NONE', *, *, #6855, .T. ) ;
#6362 = DIRECTION ( 'NONE',  ( -1.000000000000000000, 0.0000000000000000000, 0.0000000000000000000 ) ) ;
#6363 = DIRECTION ( 'NONE',  ( -1.000000000000000000, 0.0000000000000000000, 0.0000000000000000000 ) ) ;
#6364 = VERTEX_POINT ( 'NONE', #5553 ) ;
#6365 = CIRCLE ( 'NONE', #3193, 8.000000000000000000 ) ;
#6366 = PLANE ( 'NONE',  #3820 ) ;
#6367 = DIRECTION ( 'NONE',  ( -1.000000000000000000, 0.0000000000000000000, 0.0000000000000000000 ) ) ;
#6368 = LINE ( 'NONE', #10390, #3854 ) ;
#6369 = MECHANICAL_DESIGN_GEOMETRIC_PRESENTATION_REPRESENTATION (  '', ( #10795 ), #11402 ) ;
#6370 = ORIENTED_EDGE ( 'NONE', *, *, #1203, .F. ) ;
#6371 = ORIENTED_EDGE ( 'NONE', *, *, #6372, .T. ) ;
#6372 = EDGE_CURVE ( 'NONE', #6734, #5495, #10900, .T. ) ;
#6373 = ADVANCED_FACE ( 'NONE', ( #833 ), #935, .F. ) ;
#6374 = DIRECTION ( 'NONE',  ( 0.0000000000000000000, 0.0000000000000000000, -1.000000000000000000 ) ) ;
#6375 = ORIENTED_EDGE ( 'NONE', *, *, #4257, .F. ) ;
#6376 =( GEOMETRIC_REPRESENTATION_CONTEXT ( 3 ) GLOBAL_UNCERTAINTY_ASSIGNED_CONTEXT ( ( #3977 ) ) GLOBAL_UNIT_ASSIGNED_CONTEXT ( ( #1454, #8751, #11527 ) ) REPRESENTATION_CONTEXT ( 'NONE', 'WORKASPACE' ) );
#6377 = DIRECTION ( 'NONE',  ( -0.0000000000000000000, 0.0000000000000000000, 1.000000000000000000 ) ) ;
#6378 = AXIS2_PLACEMENT_3D ( 'NONE', #2884, #5628, #145 ) ;
#6379 = DIRECTION ( 'NONE',  ( 1.000000000000000000, 0.0000000000000000000, 0.0000000000000000000 ) ) ;
#6380 = CARTESIAN_POINT ( 'NONE',  ( -38.96999999999999200, 22.30620474295319500, 57.69400999138254300 ) ) ;
#6381 = FACE_OUTER_BOUND ( 'NONE', #6200, .T. ) ;
#6382 = DIRECTION ( 'NONE',  ( 1.000000000000000000, 0.0000000000000000000, 0.0000000000000000000 ) ) ;
#6383 = ORIENTED_EDGE ( 'NONE', *, *, #9216, .F. ) ;
#6384 = VERTEX_POINT ( 'NONE', #6457 ) ;
#6385 =( LENGTH_UNIT ( ) NAMED_UNIT ( * ) SI_UNIT ( .MILLI., .METRE. ) );
#6386 = AXIS2_PLACEMENT_3D ( 'NONE', #1029, #2973, #9329 ) ;
#6387 = ORIENTED_EDGE ( 'NONE', *, *, #3438, .F. ) ;
#6388 = CARTESIAN_POINT ( 'NONE',  ( -23.09999999999997700, -38.44000000000001200, -59.00000000000000000 ) ) ;
#6389 = EDGE_CURVE ( 'NONE', #7775, #4676, #1667, .T. ) ;
#6390 = VECTOR ( 'NONE', #5190, 1000.000000000000000 ) ;
#6391 = ORIENTED_EDGE ( 'NONE', *, *, #4733, .T. ) ;
#6392 = FACE_BOUND ( 'NONE', #10925, .T. ) ;
#6393 = DIRECTION ( 'NONE',  ( -0.0000000000000000000, -0.0000000000000000000, 1.000000000000000000 ) ) ;
#6394 = ORIENTED_EDGE ( 'NONE', *, *, #10108, .T. ) ;
#6395 = DIRECTION ( 'NONE',  ( 0.0000000000000000000, -0.0000000000000000000, 1.000000000000000000 ) ) ;
#6396 = CARTESIAN_POINT ( 'NONE',  ( -23.09999999999997700, -38.44000000000001200, -59.00000000000000000 ) ) ;
#6397 = ORIENTED_EDGE ( 'NONE', *, *, #6481, .T. ) ;
#6398 = CIRCLE ( 'NONE', #7190, 2.499999999999998700 ) ;
#6399 = VERTEX_POINT ( 'NONE', #3606 ) ;
#6400 = CARTESIAN_POINT ( 'NONE',  ( 0.0000000000000000000, 0.0000000000000000000, -59.00000000000000000 ) ) ;
#6401 = DIRECTION ( 'NONE',  ( -0.0000000000000000000, 0.0000000000000000000, 1.000000000000000000 ) ) ;
#6402 = ORIENTED_EDGE ( 'NONE', *, *, #10788, .F. ) ;
#6403 = CARTESIAN_POINT ( 'NONE',  ( 38.29999999999999700, 34.79999999999999700, 59.00000000000000000 ) ) ;
#6404 = EDGE_CURVE ( 'NONE', #946, #4516, #5718, .T. ) ;
#6405 = DIRECTION ( 'NONE',  ( 1.000000000000000000, 1.047444401652940000E-014, 0.0000000000000000000 ) ) ;
#6406 = DIRECTION ( 'NONE',  ( 1.224646799147353200E-016, 1.000000000000000000, 0.0000000000000000000 ) ) ;
#6407 = ORIENTED_EDGE ( 'NONE', *, *, #10073, .F. ) ;
#6408 = DIRECTION ( 'NONE',  ( -1.000000000000000000, -1.047444401652940000E-014, 0.0000000000000000000 ) ) ;
#6409 = TOROIDAL_SURFACE ( 'NONE', #5065, 1.500000000000001300, 0.2500000000000000000 ) ;
#6410 = SURFACE_STYLE_FILL_AREA ( #9042 ) ;
#6411 = AXIS2_PLACEMENT_3D ( 'NONE', #11335, #6797, #1391 ) ;
#6412 = DIRECTION ( 'NONE',  ( -0.0000000000000000000, 0.0000000000000000000, 1.000000000000000000 ) ) ;
#6413 = CARTESIAN_POINT ( 'NONE',  ( 42.75000000000000700, -25.19999999999999200, -59.00000000000000000 ) ) ;
#6414 = UNCERTAINTY_MEASURE_WITH_UNIT (LENGTH_MEASURE( 1.000000000000000100E-005 ), #11645, 'distance_accuracy_value', 'NONE');
#6415 =( NAMED_UNIT ( * ) SI_UNIT ( $, .STERADIAN. ) SOLID_ANGLE_UNIT ( ) );
#6416 = EDGE_CURVE ( 'NONE', #237, #716, #7040, .T. ) ;
#6417 = CIRCLE ( 'NONE', #7473, 0.2500000000000002200 ) ;
#6418 = ORIENTED_EDGE ( 'NONE', *, *, #1896, .T. ) ;
#6419 = FACE_OUTER_BOUND ( 'NONE', #2014, .T. ) ;
#6420 = COLOUR_RGB ( '',0.2000000000000000100, 0.2000000000000000100, 0.2000000000000000100 ) ;
#6421 = DIRECTION ( 'NONE',  ( 0.0000000000000000000, -0.0000000000000000000, -1.000000000000000000 ) ) ;
#6422 = CARTESIAN_POINT ( 'NONE',  ( -19.59999999999998700, -38.44000000000000500, 58.75000000000000000 ) ) ;
#6423 = CARTESIAN_POINT ( 'NONE',  ( 42.74999999999999300, -26.34999999999999400, 59.00000000000000000 ) ) ;
#6424 = ADVANCED_FACE ( 'NONE', ( #2677 ), #4507, .F. ) ;
#6425 = CARTESIAN_POINT ( 'NONE',  ( 34.80000000000000400, -34.79999999999998300, 48.00000000000000000 ) ) ;
#6426 = CARTESIAN_POINT ( 'NONE',  ( -34.79999999999998300, -34.80000000000000400, 48.00000000000000000 ) ) ;
#6427 = AXIS2_PLACEMENT_3D ( 'NONE', #459, #5002, #489 ) ;
#6428 = CARTESIAN_POINT ( 'NONE',  ( 28.20000000000000300, -31.19999999999999200, -48.00000000000000000 ) ) ;
#6429 = CARTESIAN_POINT ( 'NONE',  ( 23.59999999999957900, 40.47000000000024000, 56.49999999999999300 ) ) ;
#6430 = ORIENTED_EDGE ( 'NONE', *, *, #2758, .T. ) ;
#6431 = ORIENTED_EDGE ( 'NONE', *, *, #3591, .T. ) ;
#6432 = CIRCLE ( 'NONE', #7119, 8.926776695296659600 ) ;
#6433 = AXIS2_PLACEMENT_3D ( 'NONE', #10291, #1293, #7595 ) ;
#6434 = CARTESIAN_POINT ( 'NONE',  ( 40.49999999999999300, -42.99999999999999300, 48.25000000000000000 ) ) ;
#6435 = CARTESIAN_POINT ( 'NONE',  ( -26.59999999999998700, -42.74999999999999300, 56.24999999999999300 ) ) ;
#6436 = DIRECTION ( 'NONE',  ( -0.0000000000000000000, -0.0000000000000000000, 1.000000000000000000 ) ) ;
#6437 = ORIENTED_EDGE ( 'NONE', *, *, #8552, .F. ) ;
#6438 = ORIENTED_EDGE ( 'NONE', *, *, #5325, .F. ) ;
#6439 = AXIS2_PLACEMENT_3D ( 'NONE', #617, #11610, #8840 ) ;
#6440 = AXIS2_PLACEMENT_3D ( 'NONE', #1943, #2873, #3798 ) ;
#6441 = CIRCLE ( 'NONE', #4913, 1.250000000000008000 ) ;
#6442 = CARTESIAN_POINT ( 'NONE',  ( -26.59999999999998700, -42.99999999999999300, 56.24999999999999300 ) ) ;
#6443 = DIRECTION ( 'NONE',  ( -1.000000000000000000, 0.0000000000000000000, 0.0000000000000000000 ) ) ;
#6444 = CARTESIAN_POINT ( 'NONE',  ( -36.50000000000000000, 0.0000000000000000000, 60.59999999999999400 ) ) ;
#6445 = MECHANICAL_DESIGN_GEOMETRIC_PRESENTATION_REPRESENTATION (  '', ( #8112 ), #10499 ) ;
#6446 = DIRECTION ( 'NONE',  ( -1.000000000000000000, 2.775557561562879400E-014, 0.0000000000000000000 ) ) ;
#6447 = ORIENTED_EDGE ( 'NONE', *, *, #6303, .T. ) ;
#6448 = VERTEX_POINT ( 'NONE', #19 ) ;
#6449 = VECTOR ( 'NONE', #4559, 1000.000000000000000 ) ;
#6450 = COLOUR_RGB ( '',0.8941176470588234600, 0.9137254901960784000, 0.9294117647058823800 ) ;
#6451 = CARTESIAN_POINT ( 'NONE',  ( -42.74999999999999300, 19.59999999999999800, 55.99999999999999300 ) ) ;
#6452 = EDGE_CURVE ( 'NONE', #4643, #10920, #530, .T. ) ;
#6453 = VECTOR ( 'NONE', #3823, 1000.000000000000000 ) ;
#6454 =( NAMED_UNIT ( * ) PLANE_ANGLE_UNIT ( ) SI_UNIT ( $, .RADIAN. ) );
#6455 = EDGE_LOOP ( 'NONE', ( #572, #1766, #10756, #9846 ) ) ;
#6456 = PRESENTATION_LAYER_ASSIGNMENT (  '', '', ( #785 ) ) ;
#6457 = CARTESIAN_POINT ( 'NONE',  ( 19.84999999999999800, 42.75000000000000700, 58.75000000000000000 ) ) ;
#6458 = VERTEX_POINT ( 'NONE', #6572 ) ;
#6459 = ORIENTED_EDGE ( 'NONE', *, *, #2739, .T. ) ;
#6460 = CYLINDRICAL_SURFACE ( 'NONE', #2963, 0.2500000000000002200 ) ;
#6461 = COLOUR_RGB ( '',0.8980392156862745400, 0.8980392156862745400, 0.8980392156862745400 ) ;
#6462 = DIRECTION ( 'NONE',  ( -0.0000000000000000000, -0.0000000000000000000, 1.000000000000000000 ) ) ;
#6463 = CARTESIAN_POINT ( 'NONE',  ( -25.19999999999998900, 39.99999999999998600, 48.00000000000000000 ) ) ;
#6464 = CARTESIAN_POINT ( 'NONE',  ( -40.49999999999999300, 42.75000000000000700, 48.25000000000000000 ) ) ;
#6465 = EDGE_CURVE ( 'NONE', #5583, #6913, #10750, .T. ) ;
#6466 = EDGE_LOOP ( 'NONE', ( #7095, #2615 ) ) ;
#6467 = CARTESIAN_POINT ( 'NONE',  ( 38.43999999999999800, -23.09999999999998700, 55.99999999999999300 ) ) ;
#6468 = DIRECTION ( 'NONE',  ( 0.0000000000000000000, 0.0000000000000000000, -1.000000000000000000 ) ) ;
#6469 = SURFACE_STYLE_FILL_AREA ( #7372 ) ;
#6470 = CARTESIAN_POINT ( 'NONE',  ( -38.43999999999999800, 23.09999999999999100, 55.99999999999999300 ) ) ;
#6471 = FACE_OUTER_BOUND ( 'NONE', #7023, .T. ) ;
#6472 = CARTESIAN_POINT ( 'NONE',  ( 0.0000000000000000000, 0.0000000000000000000, -58.99999999999999300 ) ) ;
#6473 = AXIS2_PLACEMENT_3D ( 'NONE', #9192, #4847, #2959 ) ;
#6474 = CARTESIAN_POINT ( 'NONE',  ( 25.19999999999999900, 43.00000000000000000, -58.75000000000000000 ) ) ;
#6475 = ADVANCED_FACE ( 'NONE', ( #7438 ), #7544, .F. ) ;
#6476 = ORIENTED_EDGE ( 'NONE', *, *, #920, .F. ) ;
#6477 = ORIENTED_EDGE ( 'NONE', *, *, #7951, .F. ) ;
#6478 = DIRECTION ( 'NONE',  ( 0.0000000000000000000, 0.0000000000000000000, -1.000000000000000000 ) ) ;
#6479 = ORIENTED_EDGE ( 'NONE', *, *, #9389, .T. ) ;
#6480 = VECTOR ( 'NONE', #3034, 1000.000000000000000 ) ;
#6481 = EDGE_CURVE ( 'NONE', #3103, #9237, #6886, .T. ) ;
#6482 = CARTESIAN_POINT ( 'NONE',  ( -43.00000000000000000, 40.50000000000000700, 48.25000000000000000 ) ) ;
#6483 = CARTESIAN_POINT ( 'NONE',  ( 26.09999999999998700, 38.43999999999999800, 56.24999999999999300 ) ) ;
#6484 = CARTESIAN_POINT ( 'NONE',  ( 34.79999999999999000, 34.79999999999999700, 58.75000000000000000 ) ) ;
#6485 = VECTOR ( 'NONE', #6749, 1000.000000000000000 ) ;
#6486 = DIRECTION ( 'NONE',  ( -1.000000000000000000, 0.0000000000000000000, 0.0000000000000000000 ) ) ;
#6487 = DIRECTION ( 'NONE',  ( -1.000000000000000000, 0.0000000000000000000, 0.0000000000000000000 ) ) ;
#6488 = DIRECTION ( 'NONE',  ( 0.0000000000000000000, -0.0000000000000000000, 1.000000000000000000 ) ) ;
#6489 = CARTESIAN_POINT ( 'NONE',  ( 42.74999999999999300, -19.59999999999999400, 59.00000000000000000 ) ) ;
#6490 = CIRCLE ( 'NONE', #10704, 0.2500000000000002200 ) ;
#6491 = PRESENTATION_LAYER_ASSIGNMENT (  '', '', ( #9999 ) ) ;
#6492 = VERTEX_POINT ( 'NONE', #2880 ) ;
#6493 = ADVANCED_FACE ( 'NONE', ( #6335 ), #1949, .T. ) ;
#6494 = SPHERICAL_SURFACE ( 'NONE', #5101, 0.2500000000000000000 ) ;
#6495 = VERTEX_POINT ( 'NONE', #11117 ) ;
#6496 = EDGE_CURVE ( 'NONE', #3473, #4908, #6036, .T. ) ;
#6497 = DIRECTION ( 'NONE',  ( 0.0000000000000000000, 0.0000000000000000000, 1.000000000000000000 ) ) ;
#6498 = EDGE_CURVE ( 'NONE', #7916, #1275, #255, .T. ) ;
#6499 = DIRECTION ( 'NONE',  ( -0.0000000000000000000, 0.0000000000000000000, 1.000000000000000000 ) ) ;
#6500 = DIRECTION ( 'NONE',  ( 1.000000000000000000, 0.0000000000000000000, 0.0000000000000000000 ) ) ;
#6501 = DIRECTION ( 'NONE',  ( -0.0000000000000000000, -1.000000000000000000, -0.0000000000000000000 ) ) ;
#6502 = EDGE_LOOP ( 'NONE', ( #8386, #923 ) ) ;
#6503 = AXIS2_PLACEMENT_3D ( 'NONE', #3979, #10218, #209 ) ;
#6504 = EDGE_CURVE ( 'NONE', #4373, #2958, #9895, .T. ) ;
#6505 = ORIENTED_EDGE ( 'NONE', *, *, #1480, .F. ) ;
#6506 = PRESENTATION_STYLE_ASSIGNMENT (( #10744 ) ) ;
#6507 = ORIENTED_EDGE ( 'NONE', *, *, #1635, .T. ) ;
#6508 = AXIS2_PLACEMENT_3D ( 'NONE', #384, #3115, #6697 ) ;
#6509 = DIRECTION ( 'NONE',  ( -0.0000000000000000000, -0.0000000000000000000, 1.000000000000000000 ) ) ;
#6510 = DIRECTION ( 'NONE',  ( -0.0000000000000000000, -0.0000000000000000000, -1.000000000000000000 ) ) ;
#6511 = ORIENTED_EDGE ( 'NONE', *, *, #3225, .F. ) ;
#6512 = CARTESIAN_POINT ( 'NONE',  ( 28.20000000000000300, -28.19999999999999200, 48.00000000000000000 ) ) ;
#6513 = MECHANICAL_DESIGN_GEOMETRIC_PRESENTATION_REPRESENTATION (  '', ( #463 ), #11635 ) ;
#6514 = CIRCLE ( 'NONE', #4947, 0.2500000000000002200 ) ;
#6515 = EDGE_CURVE ( 'NONE', #550, #537, #1516, .T. ) ;
#6516 = ORIENTED_EDGE ( 'NONE', *, *, #5421, .F. ) ;
#6517 = FACE_OUTER_BOUND ( 'NONE', #10759, .T. ) ;
#6518 = ORIENTED_EDGE ( 'NONE', *, *, #937, .T. ) ;
#6519 = DIRECTION ( 'NONE',  ( 1.000000000000000000, 0.0000000000000000000, 0.0000000000000000000 ) ) ;
#6520 = CARTESIAN_POINT ( 'NONE',  ( 25.20000000000000600, -42.99999999999998600, -58.75000000000000000 ) ) ;
#6521 = PRESENTATION_LAYER_ASSIGNMENT (  '', '', ( #7491 ) ) ;
#6522 = EDGE_CURVE ( 'NONE', #722, #11152, #4787, .T. ) ;
#6523 = AXIS2_PLACEMENT_3D ( 'NONE', #5079, #6898, #2210 ) ;
#6524 = ORIENTED_EDGE ( 'NONE', *, *, #9123, .T. ) ;
#6525 = CARTESIAN_POINT ( 'NONE',  ( -31.19999999999998900, 28.19999999999999600, -48.00000000000000000 ) ) ;
#6526 = DIRECTION ( 'NONE',  ( 1.000000000000000000, 0.0000000000000000000, 0.0000000000000000000 ) ) ;
#6527 = VECTOR ( 'NONE', #1998, 1000.000000000000000 ) ;
#6528 = VERTEX_POINT ( 'NONE', #1239 ) ;
#6529 = ORIENTED_EDGE ( 'NONE', *, *, #6650, .F. ) ;
#6530 = CARTESIAN_POINT ( 'NONE',  ( -39.99999999999998600, -25.20000000000001000, 48.00000000000000000 ) ) ;
#6531 = DIRECTION ( 'NONE',  ( 7.608436298143899900E-016, 1.000000000000000000, -0.0000000000000000000 ) ) ;
#6532 = EDGE_CURVE ( 'NONE', #10894, #6293, #2382, .T. ) ;
#6533 = ORIENTED_EDGE ( 'NONE', *, *, #2447, .F. ) ;
#6534 = CARTESIAN_POINT ( 'NONE',  ( 38.96999999999999200, -21.10000000000000500, 56.49999999999999300 ) ) ;
#6535 = ADVANCED_FACE ( 'NONE', ( #11039 ), #9604, .T. ) ;
#6536 = CARTESIAN_POINT ( 'NONE',  ( -23.59999999999987400, -36.47000000000007700, 56.49999999999999300 ) ) ;
#6538 = CARTESIAN_POINT ( 'NONE',  ( 38.96999999999999200, -21.10000000000000500, 56.49999999999999300 ) ) ;
#6537 = CIRCLE ( 'NONE', #5225, 2.999999999999995600 ) ;
#6539 = ORIENTED_EDGE ( 'NONE', *, *, #10999, .F. ) ;
#6540 = CARTESIAN_POINT ( 'NONE',  ( 28.20000000000000300, 40.00000000000000000, -59.00000000000000000 ) ) ;
#6541 = CARTESIAN_POINT ( 'NONE',  ( 25.09999999999960400, 37.97000000000025500, 56.49999999999999300 ) ) ;
#6542 = ORIENTED_EDGE ( 'NONE', *, *, #8081, .F. ) ;
#6543 = VECTOR ( 'NONE', #7548, 1000.000000000000000 ) ;
#6544 = AXIS2_PLACEMENT_3D ( 'NONE', #4954, #1427, #2418 ) ;
#6545 = DIRECTION ( 'NONE',  ( 1.000000000000000000, 0.0000000000000000000, 0.0000000000000000000 ) ) ;
#6546 = CIRCLE ( 'NONE', #11391, 1.250000000000001100 ) ;
#6547 = CARTESIAN_POINT ( 'NONE',  ( 25.19999999999999900, 42.75000000000000000, -59.00000000000000000 ) ) ;
#6548 = ORIENTED_EDGE ( 'NONE', *, *, #9806, .F. ) ;
#6549 = DIRECTION ( 'NONE',  ( -0.0000000000000000000, -0.0000000000000000000, 1.000000000000000000 ) ) ;
#6550 = FACE_OUTER_BOUND ( 'NONE', #10340, .T. ) ;
#6551 = EDGE_CURVE ( 'NONE', #10354, #5966, #5635, .T. ) ;
#6552 = ADVANCED_FACE ( 'NONE', ( #6471 ), #11763, .T. ) ;
#6553 = CARTESIAN_POINT ( 'NONE',  ( 23.09999999999999400, 38.44000000000001200, 48.00000000000000000 ) ) ;
#6554 =( LENGTH_UNIT ( ) NAMED_UNIT ( * ) SI_UNIT ( .MILLI., .METRE. ) );
#6555 = CARTESIAN_POINT ( 'NONE',  ( 0.0000000000000000000, 0.0000000000000000000, 2.099999999999963200 ) ) ;
#6556 = ORIENTED_EDGE ( 'NONE', *, *, #7184, .F. ) ;
#6557 = DIRECTION ( 'NONE',  ( -0.0000000000000000000, -0.0000000000000000000, 1.000000000000000000 ) ) ;
#6558 = MANIFOLD_SOLID_BREP ( 'Fillet5', #510 ) ;
#6559 =( GEOMETRIC_REPRESENTATION_CONTEXT ( 3 ) GLOBAL_UNCERTAINTY_ASSIGNED_CONTEXT ( ( #4683 ) ) GLOBAL_UNIT_ASSIGNED_CONTEXT ( ( #11509, #5142, #7814 ) ) REPRESENTATION_CONTEXT ( 'NONE', 'WORKASPACE' ) );
#6560 = ORIENTED_EDGE ( 'NONE', *, *, #854, .F. ) ;
#6561 = ORIENTED_EDGE ( 'NONE', *, *, #6903, .T. ) ;
#6562 = VECTOR ( 'NONE', #6488, 1000.000000000000000 ) ;
#6563 = DIRECTION ( 'NONE',  ( -1.000000000000000000, 1.521687259628777600E-015, 0.0000000000000000000 ) ) ;
#6564 = VECTOR ( 'NONE', #5203, 1000.000000000000000 ) ;
#6565 = DIRECTION ( 'NONE',  ( -0.0000000000000000000, -0.0000000000000000000, -1.000000000000000000 ) ) ;
#6566 = DIRECTION ( 'NONE',  ( -1.000000000000000000, 0.0000000000000000000, -0.0000000000000000000 ) ) ;
#6567 = VECTOR ( 'NONE', #1880, 1000.000000000000000 ) ;
#6568 = EDGE_CURVE ( 'NONE', #7145, #7974, #6623, .T. ) ;
#6569 = EDGE_LOOP ( 'NONE', ( #3108, #2068, #1022, #11674 ) ) ;
#6570 = EDGE_LOOP ( 'NONE', ( #312, #9912 ) ) ;
#6571 = SURFACE_STYLE_FILL_AREA ( #1132 ) ;
#6572 = CARTESIAN_POINT ( 'NONE',  ( -39.99999999999999300, 28.19999999999999600, -48.00000000000000000 ) ) ;
#6573 = DIRECTION ( 'NONE',  ( 0.0000000000000000000, -1.000000000000000000, 0.0000000000000000000 ) ) ;
#6574 = VECTOR ( 'NONE', #7019, 1000.000000000000000 ) ;
#6575 = DIRECTION ( 'NONE',  ( -0.0000000000000000000, -1.000000000000000000, -0.0000000000000000000 ) ) ;
#6576 = AXIS2_PLACEMENT_3D ( 'NONE', #10468, #5856, #1429 ) ;
#6577 =( NAMED_UNIT ( * ) SI_UNIT ( $, .STERADIAN. ) SOLID_ANGLE_UNIT ( ) );
#6578 = DIRECTION ( 'NONE',  ( -1.000000000000000000, 0.0000000000000000000, 0.0000000000000000000 ) ) ;
#6579 = ORIENTED_EDGE ( 'NONE', *, *, #8393, .F. ) ;
#6580 = VERTEX_POINT ( 'NONE', #4141 ) ;
#6581 = VECTOR ( 'NONE', #11210, 1000.000000000000000 ) ;
#6582 = AXIS2_PLACEMENT_3D ( 'NONE', #1929, #8244, #10014 ) ;
#6583 = DIRECTION ( 'NONE',  ( 0.0000000000000000000, -1.000000000000000000, 0.0000000000000000000 ) ) ;
#6584 = CARTESIAN_POINT ( 'NONE',  ( 40.47000000000002000, -22.59999999999999800, 56.49999999999999300 ) ) ;
#6585 = FACE_OUTER_BOUND ( 'NONE', #4769, .T. ) ;
#6586 = EDGE_CURVE ( 'NONE', #8597, #10737, #6608, .T. ) ;
#6587 = CARTESIAN_POINT ( 'NONE',  ( -23.59999999999987400, -36.47000000000007700, 56.49999999999999300 ) ) ;
#6588 = AXIS2_PLACEMENT_3D ( 'NONE', #113, #10085, #2888 ) ;
#6589 = EDGE_CURVE ( 'NONE', #422, #2387, #8590, .T. ) ;
#6590 = AXIS2_PLACEMENT_3D ( 'NONE', #6630, #9408, #3899 ) ;
#6591 = VERTEX_POINT ( 'NONE', #2157 ) ;
#6592 = ORIENTED_EDGE ( 'NONE', *, *, #7594, .T. ) ;
#6593 = LINE ( 'NONE', #9351, #4210 ) ;
#6594 = ADVANCED_FACE ( 'NONE', ( #3954 ), #3674, .T. ) ;
#6595 = DIRECTION ( 'NONE',  ( 1.000000000000000000, 0.0000000000000000000, 0.0000000000000000000 ) ) ;
#6596 = VECTOR ( 'NONE', #9532, 1000.000000000000000 ) ;
#6597 =( NAMED_UNIT ( * ) PLANE_ANGLE_UNIT ( ) SI_UNIT ( $, .RADIAN. ) );
#6598 = AXIS2_PLACEMENT_3D ( 'NONE', #8747, #5151, #2483 ) ;
#6599 = CARTESIAN_POINT ( 'NONE',  ( 38.44000000000001200, -23.09999999999998700, -48.00000000000000000 ) ) ;
#6600 = CARTESIAN_POINT ( 'NONE',  ( -38.96999999999999200, 22.60000000000000100, 56.49999999999999300 ) ) ;
#6601 = EDGE_CURVE ( 'NONE', #7553, #5599, #2085, .T. ) ;
#6602 = ORIENTED_EDGE ( 'NONE', *, *, #3680, .F. ) ;
#6603 = VERTEX_POINT ( 'NONE', #5861 ) ;
#6604 = FACE_OUTER_BOUND ( 'NONE', #6987, .T. ) ;
#6605 = DIRECTION ( 'NONE',  ( -0.0000000000000000000, -0.0000000000000000000, -1.000000000000000000 ) ) ;
#6606 = FACE_OUTER_BOUND ( 'NONE', #8759, .T. ) ;
#6607 = AXIS2_PLACEMENT_3D ( 'NONE', #4902, #4978, #11168 ) ;
#6608 = LINE ( 'NONE', #484, #3238 ) ;
#6609 = DIRECTION ( 'NONE',  ( -1.000000000000000000, 0.0000000000000000000, 0.0000000000000000000 ) ) ;
#6610 = ADVANCED_FACE ( 'NONE', ( #2247 ), #7714, .F. ) ;
#6611 = ORIENTED_EDGE ( 'NONE', *, *, #2665, .T. ) ;
#6612 = PRODUCT_DEFINITION ( 'UNKNOWN', '', #5788, #8582 ) ;
#6613 = DIRECTION ( 'NONE',  ( 1.000000000000000000, 0.0000000000000000000, 0.0000000000000000000 ) ) ;
#6614 = DIRECTION ( 'NONE',  ( -0.0000000000000000000, -0.0000000000000000000, 1.000000000000000000 ) ) ;
#6615 = CARTESIAN_POINT ( 'NONE',  ( -28.19999999999998200, -40.00000000000000000, -59.00000000000000000 ) ) ;
#6616 = CARTESIAN_POINT ( 'NONE',  ( -38.43999999999999800, 23.09999999999999100, 59.00000000000000000 ) ) ;
#6617 = DIRECTION ( 'NONE',  ( -1.000000000000000000, 0.0000000000000000000, 0.0000000000000000000 ) ) ;
#6618 = CARTESIAN_POINT ( 'NONE',  ( -23.59999999999986600, -38.97000000000007700, 56.49999999999999300 ) ) ;
#6619 = ORIENTED_EDGE ( 'NONE', *, *, #4868, .F. ) ;
#6620 = CIRCLE ( 'NONE', #1195, 8.000000000000000000 ) ;
#6621 = ORIENTED_EDGE ( 'NONE', *, *, #11677, .F. ) ;
#6622 =( LENGTH_UNIT ( ) NAMED_UNIT ( * ) SI_UNIT ( .MILLI., .METRE. ) );
#6623 = B_SPLINE_CURVE_WITH_KNOTS ( 'NONE', 3,
 ( #11233, #3224, #10476, #3151 ),
 .UNSPECIFIED., .F., .F.,
 ( 4, 4 ),
 ( 0.008969416338019273200, 0.009422422684521980500 ),
 .UNSPECIFIED. ) ;
#6624 = EDGE_CURVE ( 'NONE', #7396, #956, #8722, .T. ) ;
#6625 = ORIENTED_EDGE ( 'NONE', *, *, #11156, .F. ) ;
#6626 =( NAMED_UNIT ( * ) SI_UNIT ( $, .STERADIAN. ) SOLID_ANGLE_UNIT ( ) );
#6627 = CARTESIAN_POINT ( 'NONE',  ( -22.45147248056565900, -38.97000000000007700, 57.75230104942099300 ) ) ;
#6628 = VERTEX_POINT ( 'NONE', #5789 ) ;
#6629 = EDGE_LOOP ( 'NONE', ( #11074, #6418, #9141, #11008, #2710, #1542, #6202, #3918, #7522, #3513, #4195, #3064 ) ) ;
#6630 = CARTESIAN_POINT ( 'NONE',  ( 34.79999999999999000, 34.79999999999999700, 48.25000000000000000 ) ) ;
#6631 = AXIS2_PLACEMENT_3D ( 'NONE', #7237, #9115, #11774 ) ;
#6632 = DIRECTION ( 'NONE',  ( 1.230300337572203600E-016, -1.000000000000000000, 0.0000000000000000000 ) ) ;
#6633 = VECTOR ( 'NONE', #5760, 1000.000000000000000 ) ;
#6634 = CARTESIAN_POINT ( 'NONE',  ( 22.59999999999957500, 40.47000000000025500, 56.75896736903245500 ) ) ;
#6635 = EDGE_CURVE ( 'NONE', #5347, #6253, #5482, .T. ) ;
#6636 = VERTEX_POINT ( 'NONE', #371 ) ;
#6637 = CARTESIAN_POINT ( 'NONE',  ( 0.0000000000000000000, 0.0000000000000000000, -58.80000000000000400 ) ) ;
#6638 = CARTESIAN_POINT ( 'NONE',  ( -22.59999999999986300, -40.27699418005308700, 57.00187174722586300 ) ) ;
#6639 = FILL_AREA_STYLE_COLOUR ( '', #1555 ) ;
#6640 = ORIENTED_EDGE ( 'NONE', *, *, #162, .T. ) ;
#6641 = VECTOR ( 'NONE', #501, 1000.000000000000000 ) ;
#6642 =( NAMED_UNIT ( * ) SI_UNIT ( $, .STERADIAN. ) SOLID_ANGLE_UNIT ( ) );
#6643 = CYLINDRICAL_SURFACE ( 'NONE', #1476, 3.000000000000002700 ) ;
#6644 = ORIENTED_EDGE ( 'NONE', *, *, #9801, .F. ) ;
#6645 = ORIENTED_EDGE ( 'NONE', *, *, #11024, .F. ) ;
#6646 = AXIS2_PLACEMENT_3D ( 'NONE', #8740, #2477, #2681 ) ;
#6647 = CARTESIAN_POINT ( 'NONE',  ( -38.89017714910921300, 21.10000000000000100, 56.78408231111891500 ) ) ;
#6648 = ORIENTED_EDGE ( 'NONE', *, *, #11642, .F. ) ;
#6649 = CARTESIAN_POINT ( 'NONE',  ( 23.09999999999999400, 38.44000000000001200, -48.00000000000000000 ) ) ;
#6650 = EDGE_CURVE ( 'NONE', #9150, #5944, #7516, .T. ) ;
#6651 = CIRCLE ( 'NONE', #1835, 3.500000000000003100 ) ;
#6652 = EDGE_CURVE ( 'NONE', #7888, #8776, #7729, .T. ) ;
#6653 = ORIENTED_EDGE ( 'NONE', *, *, #442, .F. ) ;
#6654 = ADVANCED_FACE ( 'NONE', ( #5195 ), #5222, .F. ) ;
#6655 = DIRECTION ( 'NONE',  ( -0.0000000000000000000, -1.000000000000000000, -0.0000000000000000000 ) ) ;
#6656 = ORIENTED_EDGE ( 'NONE', *, *, #85, .F. ) ;
#6657 = DIRECTION ( 'NONE',  ( 0.0000000000000000000, 0.0000000000000000000, 1.000000000000000000 ) ) ;
#6658 = DIRECTION ( 'NONE',  ( -0.0000000000000000000, -0.0000000000000000000, 1.000000000000000000 ) ) ;
#6659 = CARTESIAN_POINT ( 'NONE',  ( -38.43999999999999800, 23.09999999999999100, 56.24999999999999300 ) ) ;
#6660 = ORIENTED_EDGE ( 'NONE', *, *, #8857, .F. ) ;
#6661 = AXIS2_PLACEMENT_3D ( 'NONE', #9342, #6683, #3946 ) ;
#6662 = CIRCLE ( 'NONE', #5155, 1.250000000000001100 ) ;
#6663 = AXIS2_PLACEMENT_3D ( 'NONE', #11554, #528, #688 ) ;
#6664 = CARTESIAN_POINT ( 'NONE',  ( 3.200000000000000600, 6.000000000000000000, 97.60000000000000900 ) ) ;
#6665 = CIRCLE ( 'NONE', #2841, 8.000000000000000000 ) ;
#6666 = ORIENTED_EDGE ( 'NONE', *, *, #2178, .T. ) ;
#6667 = VECTOR ( 'NONE', #9308, 1000.000000000000000 ) ;
#6668 = ORIENTED_EDGE ( 'NONE', *, *, #7576, .T. ) ;
#6669 = CARTESIAN_POINT ( 'NONE',  ( -21.09999999999987400, -38.47000000000007000, 56.83639580559806600 ) ) ;
#6670 = ADVANCED_FACE ( 'NONE', ( #7030 ), #1381, .T. ) ;
#6671 = CARTESIAN_POINT ( 'NONE',  ( 36.88708127956468300, -23.60000000000000500, 57.21345909932559700 ) ) ;
#6672 =( GEOMETRIC_REPRESENTATION_CONTEXT ( 3 ) GLOBAL_UNCERTAINTY_ASSIGNED_CONTEXT ( ( #2951 ) ) GLOBAL_UNIT_ASSIGNED_CONTEXT ( ( #9145, #9232, #1948 ) ) REPRESENTATION_CONTEXT ( 'NONE', 'WORKASPACE' ) );
#6673 = DIRECTION ( 'NONE',  ( 1.000000000000000000, 0.0000000000000000000, 0.0000000000000000000 ) ) ;
#6674 = ORIENTED_EDGE ( 'NONE', *, *, #3471, .F. ) ;
#6675 = EDGE_CURVE ( 'NONE', #7031, #18, #3087, .T. ) ;
#6676 = CIRCLE ( 'NONE', #11100, 8.000000000000000000 ) ;
#6677 = EDGE_LOOP ( 'NONE', ( #3334, #8172, #7488, #1238 ) ) ;
#6678 = DIRECTION ( 'NONE',  ( -0.0000000000000000000, 0.0000000000000000000, 1.000000000000000000 ) ) ;
#6679 = ORIENTED_EDGE ( 'NONE', *, *, #1970, .F. ) ;
#6680 = CYLINDRICAL_SURFACE ( 'NONE', #3448, 0.2500000000000002200 ) ;
#6681 = DIRECTION ( 'NONE',  ( 0.0000000000000000000, -0.0000000000000000000, 1.000000000000000000 ) ) ;
#6682 = AXIS2_PLACEMENT_3D ( 'NONE', #11273, #9676, #1360 ) ;
#6683 = DIRECTION ( 'NONE',  ( -0.0000000000000000000, -0.0000000000000000000, 1.000000000000000000 ) ) ;
#6684 = DIRECTION ( 'NONE',  ( -1.000000000000000000, 0.0000000000000000000, 0.0000000000000000000 ) ) ;
#6685 = AXIS2_PLACEMENT_3D ( 'NONE', #8870, #9804, #9763 ) ;
#6686 = CARTESIAN_POINT ( 'NONE',  ( 23.59999999999957900, 40.47000000000024000, 56.75896736903245500 ) ) ;
#6687 = LINE ( 'NONE', #79, #10537 ) ;
#6688 = VERTEX_POINT ( 'NONE', #5823 ) ;
#6689 = LINE ( 'NONE', #7986, #4024 ) ;
#6690 = AXIS2_PLACEMENT_3D ( 'NONE', #3957, #11075, #7348 ) ;
#6691 = DIRECTION ( 'NONE',  ( 1.000000000000000000, 0.0000000000000000000, 0.0000000000000000000 ) ) ;
#6692 = PRESENTATION_STYLE_ASSIGNMENT (( #3322 ) ) ;
#6693 = EDGE_CURVE ( 'NONE', #8997, #11061, #3519, .T. ) ;
#6694 = ORIENTED_EDGE ( 'NONE', *, *, #11125, .T. ) ;
#6695 = CARTESIAN_POINT ( 'NONE',  ( 20.09999999999999800, 42.75000000000000700, 56.24999999999999300 ) ) ;
#6696 = DIRECTION ( 'NONE',  ( 0.0000000000000000000, 0.0000000000000000000, -1.000000000000000000 ) ) ;
#6697 = DIRECTION ( 'NONE',  ( 0.0000000000000000000, 0.0000000000000000000, 1.000000000000000000 ) ) ;
#6698 = LINE ( 'NONE', #10178, #5849 ) ;
#6699 = ORIENTED_EDGE ( 'NONE', *, *, #1779, .F. ) ;
#6700 = LINE ( 'NONE', #8206, #3327 ) ;
#6701 = B_SPLINE_CURVE_WITH_KNOTS ( 'NONE', 3,
 ( #9207, #1854, #948, #10050, #9165, #2858 ),
 .UNSPECIFIED., .F., .F.,
 ( 4, 2, 4 ),
 ( 0.01191150001962895100, 0.01216198312822887000, 0.01241246623682879000 ),
 .UNSPECIFIED. ) ;
#6702 = LINE ( 'NONE', #7384, #8250 ) ;
#6703 = LINE ( 'NONE', #11213, #8239 ) ;
#6704 =( GEOMETRIC_REPRESENTATION_CONTEXT ( 3 ) GLOBAL_UNCERTAINTY_ASSIGNED_CONTEXT ( ( #2220 ) ) GLOBAL_UNIT_ASSIGNED_CONTEXT ( ( #8537, #8498, #7618 ) ) REPRESENTATION_CONTEXT ( 'NONE', 'WORKASPACE' ) );
#6705 = CARTESIAN_POINT ( 'NONE',  ( -31.19999999999998900, 27.94999999999999600, -58.75000000000000000 ) ) ;
#6706 = EDGE_CURVE ( 'NONE', #10957, #9505, #8426, .T. ) ;
#6707 = CARTESIAN_POINT ( 'NONE',  ( -40.49999999999999300, 40.50000000000000700, 58.75000000000000000 ) ) ;
#6708 = EDGE_LOOP ( 'NONE', ( #7286, #1056, #7359, #6080 ) ) ;
#6709 = DIRECTION ( 'NONE',  ( -1.000000000000000000, 0.0000000000000000000, 0.0000000000000000000 ) ) ;
#6710 = VERTEX_POINT ( 'NONE', #3387 ) ;
#6711 = SURFACE_STYLE_FILL_AREA ( #1289 ) ;
#6712 = LINE ( 'NONE', #4350, #4603 ) ;
#6713 = CARTESIAN_POINT ( 'NONE',  ( 43.00000000000000000, -19.84999999999999800, 58.75000000000000000 ) ) ;
#6714 = FACE_OUTER_BOUND ( 'NONE', #1304, .T. ) ;
#6715 = ORIENTED_EDGE ( 'NONE', *, *, #6212, .F. ) ;
#6716 = ADVANCED_FACE ( 'NONE', ( #8292, #11599 ), #10627, .T. ) ;
#6717 = CARTESIAN_POINT ( 'NONE',  ( -19.84999999999998700, -38.44000000000000500, 58.75000000000000000 ) ) ;
#6718 = ORIENTED_EDGE ( 'NONE', *, *, #3031, .F. ) ;
#6719 = PRESENTATION_LAYER_ASSIGNMENT (  '', '', ( #10993 ) ) ;
#6720 = CARTESIAN_POINT ( 'NONE',  ( -42.74999999999999300, 19.59999999999999800, 58.75000000000000000 ) ) ;
#6721 = DIRECTION ( 'NONE',  ( 0.0000000000000000000, 0.0000000000000000000, -1.000000000000000000 ) ) ;
#6722 =( LENGTH_UNIT ( ) NAMED_UNIT ( * ) SI_UNIT ( .MILLI., .METRE. ) );
#6723 = CARTESIAN_POINT ( 'NONE',  ( 23.59999999999960400, 37.97000000000024000, 56.49999999999999300 ) ) ;
#6724 = ORIENTED_EDGE ( 'NONE', *, *, #464, .F. ) ;
#6725 = ORIENTED_EDGE ( 'NONE', *, *, #2427, .F. ) ;
#6726 = DIRECTION ( 'NONE',  ( 0.0000000000000000000, 1.000000000000000000, 0.0000000000000000000 ) ) ;
#6727 = FACE_OUTER_BOUND ( 'NONE', #7678, .T. ) ;
#6728 = DIRECTION ( 'NONE',  ( 0.0000000000000000000, 0.0000000000000000000, -1.000000000000000000 ) ) ;
#6729 = EDGE_CURVE ( 'NONE', #10675, #2278, #958, .T. ) ;
#6730 = DIRECTION ( 'NONE',  ( 0.0000000000000000000, 1.000000000000000000, 0.0000000000000000000 ) ) ;
#6731 = DIRECTION ( 'NONE',  ( -1.000000000000000000, 0.0000000000000000000, 0.0000000000000000000 ) ) ;
#6732 = ADVANCED_FACE ( 'NONE', ( #1940 ), #5895, .F. ) ;
#6733 = FILL_AREA_STYLE_COLOUR ( '', #8434 ) ;
#6734 = VERTEX_POINT ( 'NONE', #1507 ) ;
#6735 = EDGE_LOOP ( 'NONE', ( #3592, #6397, #7899, #834, #1137, #5693, #5950, #1879, #7572, #2214, #3718, #7506, #945, #426, #1818, #230, #2949, #11352, #11057, #10502, #1208, #2995, #6806, #7069 ) ) ;
#6736 = VECTOR ( 'NONE', #4486, 1000.000000000000000 ) ;
#6737 = DIRECTION ( 'NONE',  ( 0.0000000000000000000, 0.0000000000000000000, -1.000000000000000000 ) ) ;
#6738 = CARTESIAN_POINT ( 'NONE',  ( -40.49999999999999300, 42.75000000000000700, 48.00000000000000000 ) ) ;
#6739 = PRESENTATION_STYLE_ASSIGNMENT (( #8712 ) ) ;
#6740 = DIRECTION ( 'NONE',  ( -1.000000000000000000, 2.775557561562890600E-015, 0.0000000000000000000 ) ) ;
#6741 = DIRECTION ( 'NONE',  ( -0.0000000000000000000, -0.0000000000000000000, 1.000000000000000000 ) ) ;
#6742 = AXIS2_PLACEMENT_3D ( 'NONE', #3046, #5125, #10330 ) ;
#6743 = DIRECTION ( 'NONE',  ( -0.0000000000000000000, -0.0000000000000000000, 1.000000000000000000 ) ) ;
#6744 = CIRCLE ( 'NONE', #1724, 1.500000000000001300 ) ;
#6745 = EDGE_LOOP ( 'NONE', ( #6951, #10070, #7716, #6814 ) ) ;
#6746 = AXIS2_PLACEMENT_3D ( 'NONE', #7353, #2811, #4651 ) ;
#6747 = VERTEX_POINT ( 'NONE', #4459 ) ;
#6748 = CYLINDRICAL_SURFACE ( 'NONE', #3959, 1.250000000000008000 ) ;
#6749 = DIRECTION ( 'NONE',  ( -0.0000000000000000000, -0.0000000000000000000, -1.000000000000000000 ) ) ;
#6750 = CYLINDRICAL_SURFACE ( 'NONE', #1591, 7.000000000000000000 ) ;
#6751 = EDGE_CURVE ( 'NONE', #2469, #4467, #11753, .T. ) ;
#6752 = CARTESIAN_POINT ( 'NONE',  ( 22.59999999999959300, 38.97000000000022600, 57.79579263126747400 ) ) ;
#6753 = FILL_AREA_STYLE ('',( #8518 ) ) ;
#6754 = DIRECTION ( 'NONE',  ( 0.0000000000000000000, 0.0000000000000000000, 1.000000000000000000 ) ) ;
#6755 = FILL_AREA_STYLE ('',( #1460 ) ) ;
#6756 = AXIS2_PLACEMENT_3D ( 'NONE', #1791, #2797, #3678 ) ;
#6757 = EDGE_CURVE ( 'NONE', #7757, #3822, #10155, .T. ) ;
#6758 = STYLED_ITEM ( 'NONE', ( #5121 ), #11138 ) ;
#6759 = ORIENTED_EDGE ( 'NONE', *, *, #10762, .T. ) ;
#6760 = CARTESIAN_POINT ( 'NONE',  ( -22.59999999999987000, -37.97000000000006300, 56.49999999999999300 ) ) ;
#6761 = VECTOR ( 'NONE', #8371, 1000.000000000000000 ) ;
#6762 = PLANE ( 'NONE',  #4858 ) ;
#6763 = AXIS2_PLACEMENT_3D ( 'NONE', #6887, #8830, #8871 ) ;
#6764 = CARTESIAN_POINT ( 'NONE',  ( 0.0000000000000000000, 0.0000000000000000000, 59.25000000000000000 ) ) ;
#6765 = EDGE_CURVE ( 'NONE', #3366, #3211, #11027, .T. ) ;
#6766 = ORIENTED_EDGE ( 'NONE', *, *, #6389, .F. ) ;
#6767 = CARTESIAN_POINT ( 'NONE',  ( 25.20000000000001000, -39.99999999999997900, 48.00000000000000000 ) ) ;
#6768 = LINE ( 'NONE', #11282, #981 ) ;
#6769 =( GEOMETRIC_REPRESENTATION_CONTEXT ( 3 ) GLOBAL_UNCERTAINTY_ASSIGNED_CONTEXT ( ( #3691 ) ) GLOBAL_UNIT_ASSIGNED_CONTEXT ( ( #3221, #6005, #7853 ) ) REPRESENTATION_CONTEXT ( 'NONE', 'WORKASPACE' ) );
#6770 = CARTESIAN_POINT ( 'NONE',  ( -38.43999999999999800, 23.09999999999999100, 48.00000000000000000 ) ) ;
#6771 = CIRCLE ( 'NONE', #4143, 0.2500000000000002200 ) ;
#6772 = CARTESIAN_POINT ( 'NONE',  ( 38.13213061928717500, -25.10000000000000500, 56.80355594003680900 ) ) ;
#6773 = ADVANCED_FACE ( 'NONE', ( #393 ), #7298, .T. ) ;
#6774 = CARTESIAN_POINT ( 'NONE',  ( -7.000000000000000000, 8.572527594031473200E-016, 2.099999999999963200 ) ) ;
#6775 = CARTESIAN_POINT ( 'NONE',  ( 40.00000000000000700, -25.19999999999999200, -58.75000000000000000 ) ) ;
#6776 = UNCERTAINTY_MEASURE_WITH_UNIT (LENGTH_MEASURE( 1.000000000000000100E-005 ), #3777, 'distance_accuracy_value', 'NONE');
#6777 = CARTESIAN_POINT ( 'NONE',  ( -38.88906664419311500, 25.10000000000000500, 56.78443171315530700 ) ) ;
#6778 = VERTEX_POINT ( 'NONE', #1748 ) ;
#6779 = ORIENTED_EDGE ( 'NONE', *, *, #9641, .F. ) ;
#6780 = B_SPLINE_CURVE_WITH_KNOTS ( 'NONE', 3,
 ( #5348, #8990, #3467, #11725, #8072, #7083 ),
 .UNSPECIFIED., .F., .F.,
 ( 4, 2, 4 ),
 ( 6.938893903907228400E-018, 0.0002528233410046206500, 0.0005056466820092343600 ),
 .UNSPECIFIED. ) ;
#6781 = VERTEX_POINT ( 'NONE', #8069 ) ;
#6782 = VECTOR ( 'NONE', #3612, 1000.000000000000000 ) ;
#6783 = EDGE_CURVE ( 'NONE', #6244, #7046, #7168, .T. ) ;
#6784 = COLOUR_RGB ( '',0.2000000000000000100, 0.2000000000000000100, 0.2000000000000000100 ) ;
#6785 = VERTEX_POINT ( 'NONE', #8985 ) ;
#6786 = DIRECTION ( 'NONE',  ( -0.0000000000000000000, 0.0000000000000000000, 1.000000000000000000 ) ) ;
#6787 = CARTESIAN_POINT ( 'NONE',  ( -36.50000000000000000, 0.0000000000000000000, 60.59999999999999400 ) ) ;
#6788 = ADVANCED_FACE ( 'NONE', ( #5335 ), #7944, .F. ) ;
#6789 = PLANE ( 'NONE',  #11644 ) ;
#6790 = EDGE_LOOP ( 'NONE', ( #10634, #9522, #6383, #11111 ) ) ;
#6791 = AXIS2_PLACEMENT_3D ( 'NONE', #6257, #3464, #6170 ) ;
#6792 = CARTESIAN_POINT ( 'NONE',  ( 20.09999999999999100, 38.44000000000001200, 56.24999999999999300 ) ) ;
#6793 = FACE_OUTER_BOUND ( 'NONE', #7315, .T. ) ;
#6794 = LINE ( 'NONE', #11537, #8617 ) ;
#6795 = ORIENTED_EDGE ( 'NONE', *, *, #10191, .F. ) ;
#6796 = ORIENTED_EDGE ( 'NONE', *, *, #3400, .T. ) ;
#6797 = DIRECTION ( 'NONE',  ( 0.0000000000000000000, 1.000000000000000000, -0.0000000000000000000 ) ) ;
#6798 = EDGE_CURVE ( 'NONE', #6151, #629, #9745, .T. ) ;
#6799 = CARTESIAN_POINT ( 'NONE',  ( -38.43999999999999800, 19.59999999999999100, 59.00000000000000000 ) ) ;
#6800 = ORIENTED_EDGE ( 'NONE', *, *, #2600, .T. ) ;
#6801 = CARTESIAN_POINT ( 'NONE',  ( -38.96999999999999200, 22.60000000000000100, 56.49999999999999300 ) ) ;
#6802 = FACE_OUTER_BOUND ( 'NONE', #2551, .T. ) ;
#6803 = LINE ( 'NONE', #6895, #4420 ) ;
#6804 = EDGE_LOOP ( 'NONE', ( #1826, #6479, #2709, #9167 ) ) ;
#6805 = FACE_OUTER_BOUND ( 'NONE', #9907, .T. ) ;
#6806 = ORIENTED_EDGE ( 'NONE', *, *, #8956, .F. ) ;
#6807 = AXIS2_PLACEMENT_3D ( 'NONE', #2546, #8939, #1611 ) ;
#6808 = ORIENTED_EDGE ( 'NONE', *, *, #5383, .T. ) ;
#6809 = DIRECTION ( 'NONE',  ( -0.0000000000000000000, -0.0000000000000000000, -1.000000000000000000 ) ) ;
#6810 = AXIS2_PLACEMENT_3D ( 'NONE', #2211, #6754, #2256 ) ;
#6811 = VECTOR ( 'NONE', #1881, 1000.000000000000000 ) ;
#6812 = EDGE_LOOP ( 'NONE', ( #7769, #10231, #6055, #5100 ) ) ;
#6813 = EDGE_LOOP ( 'NONE', ( #6759, #6579, #1123, #2715 ) ) ;
#6814 = ORIENTED_EDGE ( 'NONE', *, *, #544, .T. ) ;
#6815 =( GEOMETRIC_REPRESENTATION_CONTEXT ( 3 ) GLOBAL_UNCERTAINTY_ASSIGNED_CONTEXT ( ( #4834 ) ) GLOBAL_UNIT_ASSIGNED_CONTEXT ( ( #10380, #2330, #8672 ) ) REPRESENTATION_CONTEXT ( 'NONE', 'WORKASPACE' ) );
#6816 = AXIS2_PLACEMENT_3D ( 'NONE', #9861, #9945, #8063 ) ;
#6817 = EDGE_LOOP ( 'NONE', ( #2861, #1232, #8978, #11764 ) ) ;
#6818 = DIRECTION ( 'NONE',  ( -1.000000000000000000, 0.0000000000000000000, 0.0000000000000000000 ) ) ;
#6819 =( LENGTH_UNIT ( ) NAMED_UNIT ( * ) SI_UNIT ( .MILLI., .METRE. ) );
#6820 = VERTEX_POINT ( 'NONE', #9796 ) ;
#6821 = ORIENTED_EDGE ( 'NONE', *, *, #8685, .F. ) ;
#6822 = CARTESIAN_POINT ( 'NONE',  ( -36.50000000000000000, 0.0000000000000000000, 59.25000000000000000 ) ) ;
#6823 = CARTESIAN_POINT ( 'NONE',  ( -40.49999999999999300, 42.75000000000000700, 59.00000000000000000 ) ) ;
#6824 = DIRECTION ( 'NONE',  ( -1.000000000000000000, 0.0000000000000000000, 0.0000000000000000000 ) ) ;
#6825 = PRESENTATION_LAYER_ASSIGNMENT (  '', '', ( #8112 ) ) ;
#6826 = CARTESIAN_POINT ( 'NONE',  ( 26.09999999999998700, 38.43999999999999800, 56.24999999999999300 ) ) ;
#6827 = EDGE_CURVE ( 'NONE', #1270, #2310, #2521, .T. ) ;
#6828 = ADVANCED_FACE ( 'NONE', ( #518 ), #5384, .T. ) ;
#6829 = ORIENTED_EDGE ( 'NONE', *, *, #10670, .T. ) ;
#6830 = CIRCLE ( 'NONE', #10714, 0.2500000000000002200 ) ;
#6831 = CARTESIAN_POINT ( 'NONE',  ( -42.74999999999999300, 43.00000000000000700, 48.25000000000000000 ) ) ;
#6832 = AXIS2_PLACEMENT_3D ( 'NONE', #2063, #4797, #4916 ) ;
#6833 = CARTESIAN_POINT ( 'NONE',  ( -34.79999999999998300, -34.80000000000000400, 38.80761184457487200 ) ) ;
#6834 = COLOUR_RGB ( '',0.8941176470588234600, 0.9137254901960784000, 0.9294117647058823800 ) ;
#6835 = CIRCLE ( 'NONE', #6308, 1.250000000000008000 ) ;
#6836 = DIRECTION ( 'NONE',  ( 1.000000000000000000, 0.0000000000000000000, 0.0000000000000000000 ) ) ;
#6837 = ADVANCED_FACE ( 'NONE', ( #9592 ), #1101, .T. ) ;
#6838 = ORIENTED_EDGE ( 'NONE', *, *, #5709, .T. ) ;
#6839 = FACE_OUTER_BOUND ( 'NONE', #10985, .T. ) ;
#6840 = EDGE_CURVE ( 'NONE', #4400, #5167, #8017, .T. ) ;
#6841 = DIRECTION ( 'NONE',  ( 1.000000000000000000, 0.0000000000000000000, 0.0000000000000000000 ) ) ;
#6842 = LINE ( 'NONE', #2571, #10698 ) ;
#6843 = EDGE_CURVE ( 'NONE', #8619, #4564, #2667, .T. ) ;
#6844 = CARTESIAN_POINT ( 'NONE',  ( 39.69000000000001900, -23.09999999999998700, -58.75000000000000000 ) ) ;
#6845 = CYLINDRICAL_SURFACE ( 'NONE', #5123, 2.999999999999999100 ) ;
#6846 = CARTESIAN_POINT ( 'NONE',  ( 37.96999999999999200, -23.60000000000000100, 57.79579263126746700 ) ) ;
#6847 = CARTESIAN_POINT ( 'NONE',  ( 25.59999999999959600, 38.47000000000025500, 55.99999999999999300 ) ) ;
#6848 = DIRECTION ( 'NONE',  ( 0.0000000000000000000, 0.0000000000000000000, 1.000000000000000000 ) ) ;
#6849 = CARTESIAN_POINT ( 'NONE',  ( 31.30000000000000100, -34.79999999999998300, 48.25000000000000000 ) ) ;
#6850 = ORIENTED_EDGE ( 'NONE', *, *, #3225, .T. ) ;
#6851 = EDGE_LOOP ( 'NONE', ( #2087, #4173, #3795, #9703 ) ) ;
#6852 = CIRCLE ( 'NONE', #5552, 0.5000000000000004400 ) ;
#6853 = DIRECTION ( 'NONE',  ( 0.0000000000000000000, 1.000000000000000000, 0.0000000000000000000 ) ) ;
#6854 = CARTESIAN_POINT ( 'NONE',  ( -38.43999999999999800, 23.09999999999999100, 56.24999999999999300 ) ) ;
#6855 = EDGE_CURVE ( 'NONE', #8343, #5508, #9300, .T. ) ;
#6856 = DIRECTION ( 'NONE',  ( -0.0000000000000000000, -0.0000000000000000000, 1.000000000000000000 ) ) ;
#6857 = DIRECTION ( 'NONE',  ( -0.0000000000000000000, -0.0000000000000000000, 1.000000000000000000 ) ) ;
#6858 = PLANE ( 'NONE',  #2776 ) ;
#6859 = EDGE_LOOP ( 'NONE', ( #6355, #11235, #3167, #4196 ) ) ;
#6860 = EDGE_LOOP ( 'NONE', ( #8767, #8998, #746 ) ) ;
#6861 = SPHERICAL_SURFACE ( 'NONE', #5525, 0.2500000000000000000 ) ;
#6862 = CARTESIAN_POINT ( 'NONE',  ( -37.96999999999999200, 23.60000000000000100, 56.49999999999999300 ) ) ;
#6863 = LINE ( 'NONE', #8718, #9134 ) ;
#6864 = ORIENTED_EDGE ( 'NONE', *, *, #5847, .T. ) ;
#6865 = AXIS2_PLACEMENT_3D ( 'NONE', #5269, #6974, #3430 ) ;
#6866 = DIRECTION ( 'NONE',  ( 1.000000000000000000, 0.0000000000000000000, 0.0000000000000000000 ) ) ;
#6867 = CARTESIAN_POINT ( 'NONE',  ( -23.09999999999997700, -38.44000000000001200, -59.00000000000000000 ) ) ;
#6868 = DIRECTION ( 'NONE',  ( 0.0000000000000000000, 1.000000000000000000, 0.0000000000000000000 ) ) ;
#6869 = EDGE_CURVE ( 'NONE', #10310, #6347, #3077, .T. ) ;
#6870 = EDGE_LOOP ( 'NONE', ( #2685, #4761, #11217, #8289 ) ) ;
#6871 = ORIENTED_EDGE ( 'NONE', *, *, #3371, .T. ) ;
#6872 = CIRCLE ( 'NONE', #10470, 0.2500000000000002200 ) ;
#6873 = EDGE_CURVE ( 'NONE', #4985, #4955, #3364, .T. ) ;
#6874 = VECTOR ( 'NONE', #10749, 1000.000000000000000 ) ;
#6875 = CARTESIAN_POINT ( 'NONE',  ( -38.96999999999998500, 24.17266270251068500, 57.56948464461342500 ) ) ;
#6876 = AXIS2_PLACEMENT_3D ( 'NONE', #8185, #131, #6443 ) ;
#6877 = DIRECTION ( 'NONE',  ( 0.0000000000000000000, -0.0000000000000000000, -1.000000000000000000 ) ) ;
#6878 = EDGE_CURVE ( 'NONE', #3199, #2387, #11015, .T. ) ;
#6879 = ADVANCED_FACE ( 'NONE', ( #10445 ), #4911, .T. ) ;
#6880 = AXIS2_PLACEMENT_3D ( 'NONE', #7469, #10086, #8275 ) ;
#6881 = DIRECTION ( 'NONE',  ( 0.0000000000000000000, 0.0000000000000000000, 1.000000000000000000 ) ) ;
#6882 = DIRECTION ( 'NONE',  ( -1.000000000000000000, 0.0000000000000000000, 0.0000000000000000000 ) ) ;
#6883 = VERTEX_POINT ( 'NONE', #3673 ) ;
#6884 = ORIENTED_EDGE ( 'NONE', *, *, #2111, .F. ) ;
#6885 = COLOUR_RGB ( '',0.8941176470588234600, 0.9137254901960784000, 0.9294117647058823800 ) ;
#6886 = CIRCLE ( 'NONE', #1030, 3.000000000000002700 ) ;
#6887 = CARTESIAN_POINT ( 'NONE',  ( -38.43999999999999800, 23.09999999999999100, 55.74999999999999300 ) ) ;
#6888 = VERTEX_POINT ( 'NONE', #6442 ) ;
#6889 = PRESENTATION_LAYER_ASSIGNMENT (  '', '', ( #6298 ) ) ;
#6890 = DIRECTION ( 'NONE',  ( -0.0000000000000000000, -1.000000000000000000, -0.0000000000000000000 ) ) ;
#6891 = DIRECTION ( 'NONE',  ( -1.376764663473656200E-016, 1.000000000000000000, 0.0000000000000000000 ) ) ;
#6892 = EDGE_CURVE ( 'NONE', #1622, #3441, #11162, .T. ) ;
#6893 = ORIENTED_EDGE ( 'NONE', *, *, #9053, .T. ) ;
#6894 = FACE_OUTER_BOUND ( 'NONE', #3950, .T. ) ;
#6895 = CARTESIAN_POINT ( 'NONE',  ( 5.999999999999999100, 4.655407239119941000, 97.60000000000000900 ) ) ;
#6896 = FACE_OUTER_BOUND ( 'NONE', #1971, .T. ) ;
#6897 = ADVANCED_FACE ( 'NONE', ( #11587 ), #5472, .T. ) ;
#6898 = DIRECTION ( 'NONE',  ( -3.491481338843133400E-015, 1.000000000000000000, 0.0000000000000000000 ) ) ;
#6899 = CARTESIAN_POINT ( 'NONE',  ( 28.20000000000000300, 31.19999999999999600, -59.00000000000000000 ) ) ;
#6900 = SURFACE_SIDE_STYLE ('',( #3339 ) ) ;
#6901 = SURFACE_SIDE_STYLE ('',( #5556 ) ) ;
#6902 = CYLINDRICAL_SURFACE ( 'NONE', #10980, 2.999999999999999100 ) ;
#6903 = EDGE_CURVE ( 'NONE', #6778, #2602, #11300, .T. ) ;
#6904 = DIRECTION ( 'NONE',  ( 1.000000000000000000, 0.0000000000000000000, 0.0000000000000000000 ) ) ;
#6905 = ORIENTED_EDGE ( 'NONE', *, *, #9072, .T. ) ;
#6906 = AXIS2_PLACEMENT_3D ( 'NONE', #9973, #7099, #942 ) ;
#6907 = CARTESIAN_POINT ( 'NONE',  ( 34.79999999999999000, 34.79999999999999700, 58.75000000000000000 ) ) ;
#6908 = ORIENTED_EDGE ( 'NONE', *, *, #3853, .T. ) ;
#6909 = EDGE_LOOP ( 'NONE', ( #8673, #4621, #10075, #10602 ) ) ;
#6910 = CARTESIAN_POINT ( 'NONE',  ( -31.19999999999998900, 31.19999999999999600, -48.00000000000000000 ) ) ;
#6911 = DIRECTION ( 'NONE',  ( -0.0000000000000000000, -0.0000000000000000000, 1.000000000000000000 ) ) ;
#6912 = ORIENTED_EDGE ( 'NONE', *, *, #4689, .T. ) ;
#6913 = VERTEX_POINT ( 'NONE', #1076 ) ;
#6914 = AXIS2_PLACEMENT_3D ( 'NONE', #8408, #6730, #1723 ) ;
#6915 = CIRCLE ( 'NONE', #7947, 8.000000000000000000 ) ;
#6916 = DIRECTION ( 'NONE',  ( -1.000000000000000000, 0.0000000000000000000, 0.0000000000000000000 ) ) ;
#6917 = CIRCLE ( 'NONE', #2380, 0.2500000000000002200 ) ;
#6918 = EDGE_CURVE ( 'NONE', #6384, #7007, #1931, .T. ) ;
#6919 = EDGE_LOOP ( 'NONE', ( #7181, #10860, #2565, #6163 ) ) ;
#6920 = DIRECTION ( 'NONE',  ( 1.000000000000000000, 0.0000000000000000000, 0.0000000000000000000 ) ) ;
#6921 = DIRECTION ( 'NONE',  ( 1.000000000000000000, 0.0000000000000000000, 0.0000000000000000000 ) ) ;
#6922 = UNCERTAINTY_MEASURE_WITH_UNIT (LENGTH_MEASURE( 1.000000000000000100E-005 ), #2577, 'distance_accuracy_value', 'NONE');
#6923 = ORIENTED_EDGE ( 'NONE', *, *, #8986, .F. ) ;
#6924 = DIRECTION ( 'NONE',  ( 0.0000000000000000000, 0.0000000000000000000, -1.000000000000000000 ) ) ;
#6925 = ORIENTED_EDGE ( 'NONE', *, *, #6190, .F. ) ;
#6926 = EDGE_LOOP ( 'NONE', ( #11297, #193, #6275, #562 ) ) ;
#6927 = CIRCLE ( 'NONE', #9867, 3.000000000000002700 ) ;
#6928 = AXIS2_PLACEMENT_3D ( 'NONE', #4129, #5888, #4086 ) ;
#6929 = CARTESIAN_POINT ( 'NONE',  ( 39.67354704584609200, -23.59999999999999800, 57.47839634320756400 ) ) ;
#6930 = VERTEX_POINT ( 'NONE', #2904 ) ;
#6931 = ORIENTED_EDGE ( 'NONE', *, *, #1915, .T. ) ;
#6932 = DIRECTION ( 'NONE',  ( -1.000000000000000000, 1.521687259628777600E-015, 0.0000000000000000000 ) ) ;
#6933 = CARTESIAN_POINT ( 'NONE',  ( -23.09999999999997700, -38.44000000000001200, -48.00000000000000000 ) ) ;
#6934 = B_SPLINE_CURVE_WITH_KNOTS ( 'NONE', 3,
 ( #7665, #346, #10286, #11321, #6777, #1372 ),
 .UNSPECIFIED., .F., .F.,
 ( 4, 2, 4 ),
 ( 6.938893903907228400E-018, 0.0002528233410046206500, 0.0005056466820092343600 ),
 .UNSPECIFIED. ) ;
#6935 = EDGE_CURVE ( 'NONE', #9480, #1925, #6022, .T. ) ;
#6936 = CARTESIAN_POINT ( 'NONE',  ( -26.09999999999998700, -42.99999999999999300, 56.24999999999999300 ) ) ;
#6937 = EDGE_LOOP ( 'NONE', ( #8230, #10323, #9164, #9046 ) ) ;
#6938 = COLOUR_RGB ( '',0.8941176470588234600, 0.9137254901960784000, 0.9294117647058823800 ) ;
#6939 = ORIENTED_EDGE ( 'NONE', *, *, #7347, .F. ) ;
#6940 = FACE_OUTER_BOUND ( 'NONE', #8560, .T. ) ;
#6941 = ORIENTED_EDGE ( 'NONE', *, *, #5014, .F. ) ;
#6942 = DIRECTION ( 'NONE',  ( -1.000000000000000000, 0.0000000000000000000, -0.0000000000000000000 ) ) ;
#6943 =( NAMED_UNIT ( * ) PLANE_ANGLE_UNIT ( ) SI_UNIT ( $, .RADIAN. ) );
#6944 = AXIS2_PLACEMENT_3D ( 'NONE', #148, #976, #7207 ) ;
#6945 = DIRECTION ( 'NONE',  ( -0.0000000000000000000, -0.0000000000000000000, -1.000000000000000000 ) ) ;
#6946 = SURFACE_STYLE_USAGE ( .BOTH. , #8553 ) ;
#6947 = FILL_AREA_STYLE ('',( #8675 ) ) ;
#6948 = ORIENTED_EDGE ( 'NONE', *, *, #3003, .T. ) ;
#6949 = ADVANCED_FACE ( 'NONE', ( #2508 ), #10983, .T. ) ;
#6950 = COLOUR_RGB ( '',0.8941176470588234600, 0.9137254901960784000, 0.9294117647058823800 ) ;
#6951 = ORIENTED_EDGE ( 'NONE', *, *, #10835, .F. ) ;
#6952 = CARTESIAN_POINT ( 'NONE',  ( -25.19999999999998200, -40.00000000000000000, 48.00000000000000000 ) ) ;
#6953 = CIRCLE ( 'NONE', #8489, 3.249999999999996000 ) ;
#6954 = EDGE_CURVE ( 'NONE', #4600, #11574, #1505, .T. ) ;
#6955 = VERTEX_POINT ( 'NONE', #9220 ) ;
#6956 = CIRCLE ( 'NONE', #11184, 0.2500000000000002200 ) ;
#6957 = DIRECTION ( 'NONE',  ( 0.0000000000000000000, 0.0000000000000000000, 1.000000000000000000 ) ) ;
#6958 =( NAMED_UNIT ( * ) SI_UNIT ( $, .STERADIAN. ) SOLID_ANGLE_UNIT ( ) );
#6959 = DIRECTION ( 'NONE',  ( 1.000000000000000000, 0.0000000000000000000, -0.0000000000000000000 ) ) ;
#6960 = DIRECTION ( 'NONE',  ( 1.000000000000000000, 0.0000000000000000000, 0.0000000000000000000 ) ) ;
#6961 = ORIENTED_EDGE ( 'NONE', *, *, #5875, .T. ) ;
#6962 = DIRECTION ( 'NONE',  ( 0.0000000000000000000, 1.000000000000000000, 0.0000000000000000000 ) ) ;
#6963 = CARTESIAN_POINT ( 'NONE',  ( 23.09999999999999400, 38.44000000000001200, -59.00000000000000000 ) ) ;
#6964 = PRESENTATION_STYLE_ASSIGNMENT (( #8557 ) ) ;
#6965 = AXIS2_PLACEMENT_3D ( 'NONE', #11096, #121, #2048 ) ;
#6966 = EDGE_LOOP ( 'NONE', ( #5016, #6560, #1008, #1994 ) ) ;
#6967 = ORIENTED_EDGE ( 'NONE', *, *, #9786, .T. ) ;
#6968 = ADVANCED_FACE ( 'NONE', ( #6168 ), #8708, .T. ) ;
#6969 = VECTOR ( 'NONE', #9844, 1000.000000000000000 ) ;
#6970 = CARTESIAN_POINT ( 'NONE',  ( 25.09999999999960400, 38.47000000000025500, 56.83639580559805900 ) ) ;
#6971 = CARTESIAN_POINT ( 'NONE',  ( 40.00000000000000700, -28.19999999999999200, -48.00000000000000000 ) ) ;
#6972 = CARTESIAN_POINT ( 'NONE',  ( 40.49999999999999300, 40.50000000000000700, 48.25000000000000000 ) ) ;
#6973 = AXIS2_PLACEMENT_3D ( 'NONE', #7143, #6352, #1997 ) ;
#6974 = DIRECTION ( 'NONE',  ( -0.0000000000000000000, 0.0000000000000000000, 1.000000000000000000 ) ) ;
#6975 = CARTESIAN_POINT ( 'NONE',  ( -26.09999999999998700, -42.74999999999999300, 56.24999999999999300 ) ) ;
#6976 = CARTESIAN_POINT ( 'NONE',  ( 27.95000000000001000, -39.99999999999997900, -58.75000000000000000 ) ) ;
#6977 = EDGE_CURVE ( 'NONE', #4854, #1707, #100, .T. ) ;
#6978 = ORIENTED_EDGE ( 'NONE', *, *, #1430, .F. ) ;
#6979 = LINE ( 'NONE', #11019, #2473 ) ;
#6980 = CYLINDRICAL_SURFACE ( 'NONE', #6690, 2.999999999999999100 ) ;
#6981 = AXIS2_PLACEMENT_3D ( 'NONE', #1017, #4653, #10118 ) ;
#6982 = CARTESIAN_POINT ( 'NONE',  ( -34.79999999999999700, 34.79999999999999000, 38.80761184457487200 ) ) ;
#6983 = CARTESIAN_POINT ( 'NONE',  ( 38.04999999999999000, 34.79999999999999700, 48.25000000000000000 ) ) ;
#6984 = FILL_AREA_STYLE ('',( #658 ) ) ;
#6985 = CIRCLE ( 'NONE', #3667, 3.249999999999999600 ) ;
#6986 = DIRECTION ( 'NONE',  ( -0.0000000000000000000, -0.0000000000000000000, 1.000000000000000000 ) ) ;
#6987 = EDGE_LOOP ( 'NONE', ( #3584, #10616, #483, #6032, #11781 ) ) ;
#6988 = LINE ( 'NONE', #10, #3178 ) ;
#6989 = COLOUR_RGB ( '',0.8941176470588234600, 0.9137254901960784000, 0.9294117647058823800 ) ;
#6990 = AXIS2_PLACEMENT_3D ( 'NONE', #4706, #239, #11056 ) ;
#6991 = DIRECTION ( 'NONE',  ( -0.0000000000000000000, -1.000000000000000000, -0.0000000000000000000 ) ) ;
#6992 = FACE_OUTER_BOUND ( 'NONE', #1306, .T. ) ;
#6993 = ADVANCED_FACE ( 'NONE', ( #10015 ), #9731, .F. ) ;
#6994 = EDGE_CURVE ( 'NONE', #2252, #415, #3506, .T. ) ;
#6995 = DIRECTION ( 'NONE',  ( 0.0000000000000000000, 0.0000000000000000000, -1.000000000000000000 ) ) ;
#6996 = EDGE_LOOP ( 'NONE', ( #258, #931, #10298, #679 ) ) ;
#6997 = CIRCLE ( 'NONE', #2046, 0.2500000000000002200 ) ;
#6998 = CIRCLE ( 'NONE', #2233, 0.2500000000000002200 ) ;
#6999 = CARTESIAN_POINT ( 'NONE',  ( -42.74999999999999300, 26.09999999999999800, 56.24999999999999300 ) ) ;
#7000 = DIRECTION ( 'NONE',  ( 1.000000000000000000, 0.0000000000000000000, 0.0000000000000000000 ) ) ;
#7001 = CIRCLE ( 'NONE', #8923, 8.000000000000000000 ) ;
#7002 = CARTESIAN_POINT ( 'NONE',  ( 0.0000000000000000000, 0.0000000000000000000, 0.0000000000000000000 ) ) ;
#7003 = DIRECTION ( 'NONE',  ( 1.000000000000000000, 2.344220913482170700E-016, -0.0000000000000000000 ) ) ;
#7004 = EDGE_LOOP ( 'NONE', ( #11304, #3538, #139, #10010 ) ) ;
#7005 = EDGE_CURVE ( 'NONE', #1271, #4539, #1087, .T. ) ;
#7006 = ORIENTED_EDGE ( 'NONE', *, *, #3660, .T. ) ;
#7007 = VERTEX_POINT ( 'NONE', #8368 ) ;
#7008 = CARTESIAN_POINT ( 'NONE',  ( -26.34999999999998700, -42.74999999999999300, 56.24999999999999300 ) ) ;
#7009 = DIRECTION ( 'NONE',  ( -0.0000000000000000000, -0.0000000000000000000, 1.000000000000000000 ) ) ;
#7010 = CARTESIAN_POINT ( 'NONE',  ( 31.30000000000000100, -34.79999999999998300, 48.00000000000000000 ) ) ;
#7011 = AXIS2_PLACEMENT_3D ( 'NONE', #3493, #2581, #7842 ) ;
#7012 = ORIENTED_EDGE ( 'NONE', *, *, #9605, .T. ) ;
#7013 = EDGE_LOOP ( 'NONE', ( #2830, #336, #8954, #3814 ) ) ;
#7014 = DIRECTION ( 'NONE',  ( -1.000000000000000000, -1.047444401652940000E-014, 0.0000000000000000000 ) ) ;
#7015 = FACE_OUTER_BOUND ( 'NONE', #4932, .T. ) ;
#7016 = EDGE_CURVE ( 'NONE', #197, #2835, #8564, .T. ) ;
#7017 = ADVANCED_FACE ( 'NONE', ( #9438 ), #5754, .T. ) ;
#7018 = ORIENTED_EDGE ( 'NONE', *, *, #8896, .T. ) ;
#7019 = DIRECTION ( 'NONE',  ( -0.0000000000000000000, -0.0000000000000000000, -1.000000000000000000 ) ) ;
#7020 = CARTESIAN_POINT ( 'NONE',  ( 5.999999999999999100, -3.200000000000001100, 97.60000000000000900 ) ) ;
#7021 = CARTESIAN_POINT ( 'NONE',  ( -38.43999999999999800, 19.84999999999999400, 58.75000000000000000 ) ) ;
#7022 = ORIENTED_EDGE ( 'NONE', *, *, #6404, .T. ) ;
#7023 = EDGE_LOOP ( 'NONE', ( #2656, #7226, #3092, #1990 ) ) ;
#7024 = CIRCLE ( 'NONE', #6807, 0.2500000000000002200 ) ;
#7025 = DIRECTION ( 'NONE',  ( 0.0000000000000000000, 0.0000000000000000000, 1.000000000000000000 ) ) ;
#7026 = FACE_OUTER_BOUND ( 'NONE', #3622, .T. ) ;
#7027 = PRESENTATION_LAYER_ASSIGNMENT (  '', '', ( #585 ) ) ;
#7028 = DIRECTION ( 'NONE',  ( 1.000000000000000000, 0.0000000000000000000, 0.0000000000000000000 ) ) ;
#7029 = DIRECTION ( 'NONE',  ( 1.000000000000000000, 0.0000000000000000000, 0.0000000000000000000 ) ) ;
#7030 = FACE_OUTER_BOUND ( 'NONE', #2831, .T. ) ;
#7031 = VERTEX_POINT ( 'NONE', #9418 ) ;
#7032 = FILL_AREA_STYLE ('',( #8768 ) ) ;
#7033 = PLANE ( 'NONE',  #4417 ) ;
#7034 =( NAMED_UNIT ( * ) SI_UNIT ( $, .STERADIAN. ) SOLID_ANGLE_UNIT ( ) );
#7035 = AXIS2_PLACEMENT_3D ( 'NONE', #8476, #7518, #5638 ) ;
#7036 = CLOSED_SHELL ( 'NONE', ( #7659, #11372, #8658, #6191, #3291, #11552, #8381, #7819, #6373, #1215, #10235, #3860, #11387, #2161, #3227, #4963, #5828, #6654, #10668, #6610, #11566, #1620, #2768, #2717, #6993, #86, #394, #3421, #7530, #7774, #1561, #7963, #8611, #4360, #1789, #7404 ) ) ;
#7037 = ORIENTED_EDGE ( 'NONE', *, *, #2611, .F. ) ;
#7038 = CIRCLE ( 'NONE', #3184, 1.500000000000001300 ) ;
#7039 = CARTESIAN_POINT ( 'NONE',  ( -28.19999999999998900, 28.19999999999999600, 48.00000000000000000 ) ) ;
#7040 = CIRCLE ( 'NONE', #6258, 0.5000000000000004400 ) ;
#7041 = AXIS2_PLACEMENT_3D ( 'NONE', #7245, #3695, #11701 ) ;
#7042 = DIRECTION ( 'NONE',  ( -2.460600675144407800E-016, 1.000000000000000000, -0.0000000000000000000 ) ) ;
#7043 = AXIS2_PLACEMENT_3D ( 'NONE', #6999, #9587, #8648 ) ;
#7044 = DIRECTION ( 'NONE',  ( -1.000000000000000000, 0.0000000000000000000, 0.0000000000000000000 ) ) ;
#7045 = DIRECTION ( 'NONE',  ( -1.000000000000000000, 0.0000000000000000000, 0.0000000000000000000 ) ) ;
#7046 = VERTEX_POINT ( 'NONE', #10174 ) ;
#7047 = VERTEX_POINT ( 'NONE', #8441 ) ;
#7048 = DIRECTION ( 'NONE',  ( 0.0000000000000000000, 0.0000000000000000000, -1.000000000000000000 ) ) ;
#7049 = FACE_OUTER_BOUND ( 'NONE', #7803, .T. ) ;
#7050 = CARTESIAN_POINT ( 'NONE',  ( -23.59999999999987400, -36.47000000000007700, 56.49999999999999300 ) ) ;
#7051 = MECHANICAL_DESIGN_GEOMETRIC_PRESENTATION_REPRESENTATION (  '', ( #7639 ), #6672 ) ;
#7052 = VERTEX_POINT ( 'NONE', #4869 ) ;
#7053 = DIRECTION ( 'NONE',  ( 1.000000000000000000, -0.0000000000000000000, -0.0000000000000000000 ) ) ;
#7054 = EDGE_CURVE ( 'NONE', #5912, #3294, #1371, .T. ) ;
#7055 = CARTESIAN_POINT ( 'NONE',  ( 40.49999999999999300, -40.49999999999997900, 58.75000000000000000 ) ) ;
#7056 = CARTESIAN_POINT ( 'NONE',  ( -26.09999999999998400, -38.44000000000000500, 55.99999999999999300 ) ) ;
#7057 = ORIENTED_EDGE ( 'NONE', *, *, #5709, .F. ) ;
#7058 = DIRECTION ( 'NONE',  ( 1.000000000000000000, 1.230300337572203600E-016, -0.0000000000000000000 ) ) ;
#7059 = CARTESIAN_POINT ( 'NONE',  ( 34.79999999999999000, 34.79999999999999700, 48.25000000000000000 ) ) ;
#7060 = ORIENTED_EDGE ( 'NONE', *, *, #3088, .T. ) ;
#7061 = COLOUR_RGB ( '',0.8941176470588234600, 0.9137254901960784000, 0.9294117647058823800 ) ;
#7062 = CARTESIAN_POINT ( 'NONE',  ( -42.99999999999999300, 19.59999999999999800, 59.00000000000000000 ) ) ;
#7063 = AXIS2_PLACEMENT_3D ( 'NONE', #4339, #10677, #11639 ) ;
#7064 = CIRCLE ( 'NONE', #11148, 0.2500000000000002200 ) ;
#7065 = ORIENTED_EDGE ( 'NONE', *, *, #4391, .T. ) ;
#7066 = CARTESIAN_POINT ( 'NONE',  ( 0.0000000000000000000, 0.0000000000000000000, 2.099999999999963200 ) ) ;
#7067 = DIRECTION ( 'NONE',  ( -3.942553354492742500E-016, 1.000000000000000000, 0.0000000000000000000 ) ) ;
#7068 = FILL_AREA_STYLE_COLOUR ( '', #10202 ) ;
#7069 = ORIENTED_EDGE ( 'NONE', *, *, #315, .T. ) ;
#7070 = CARTESIAN_POINT ( 'NONE',  ( -23.65866419178314600, -38.47000000000007700, 54.73916976027089700 ) ) ;
#7071 = ORIENTED_EDGE ( 'NONE', *, *, #10670, .F. ) ;
#7072 = EDGE_CURVE ( 'NONE', #11305, #3794, #8003, .T. ) ;
#7073 = DIRECTION ( 'NONE',  ( 0.0000000000000000000, -0.0000000000000000000, -1.000000000000000000 ) ) ;
#7074 =( NAMED_UNIT ( * ) PLANE_ANGLE_UNIT ( ) SI_UNIT ( $, .RADIAN. ) );
#7075 = DIRECTION ( 'NONE',  ( 0.0000000000000000000, 0.0000000000000000000, 1.000000000000000000 ) ) ;
#7076 = VECTOR ( 'NONE', #3909, 1000.000000000000000 ) ;
#7077 = CARTESIAN_POINT ( 'NONE',  ( 3.605551275463990000, 6.000000000000000000, 97.40000000000000600 ) ) ;
#7078 = ORIENTED_EDGE ( 'NONE', *, *, #8376, .T. ) ;
#7079 = ADVANCED_FACE ( 'NONE', ( #7015 ), #3944, .T. ) ;
#7080 = DIRECTION ( 'NONE',  ( -0.0000000000000000000, 0.0000000000000000000, 1.000000000000000000 ) ) ;
#7081 = ORIENTED_EDGE ( 'NONE', *, *, #10683, .F. ) ;
#7082 = AXIS2_PLACEMENT_3D ( 'NONE', #184, #4808, #6613 ) ;
#7083 = CARTESIAN_POINT ( 'NONE',  ( -25.09999999999987000, -38.97000000000008400, 56.75896736903248300 ) ) ;
#7084 = CIRCLE ( 'NONE', #3908, 3.000000000000002700 ) ;
#7085 = DIRECTION ( 'NONE',  ( -1.000000000000000000, 7.608436298143899900E-016, 0.0000000000000000000 ) ) ;
#7086 = CIRCLE ( 'NONE', #9967, 0.2500000000000002200 ) ;
#7087 = CARTESIAN_POINT ( 'NONE',  ( 31.20000000000000300, 31.19999999999999600, 48.00000000000000000 ) ) ;
#7088 = ORIENTED_EDGE ( 'NONE', *, *, #2201, .F. ) ;
#7089 = CARTESIAN_POINT ( 'NONE',  ( 0.0000000000000000000, 0.0000000000000000000, -48.00000000000000000 ) ) ;
#7090 = EDGE_CURVE ( 'NONE', #4826, #991, #2802, .T. ) ;
#7091 = DIRECTION ( 'NONE',  ( 1.000000000000000000, -0.0000000000000000000, 0.0000000000000000000 ) ) ;
#7092 = VERTEX_POINT ( 'NONE', #6634 ) ;
#7093 = DIRECTION ( 'NONE',  ( -1.224646799147353200E-016, 1.000000000000000000, 0.0000000000000000000 ) ) ;
#7094 = FACE_OUTER_BOUND ( 'NONE', #11770, .T. ) ;
#7095 = ORIENTED_EDGE ( 'NONE', *, *, #7750, .T. ) ;
#7096 = DIRECTION ( 'NONE',  ( 1.000000000000000000, 3.942553354492742500E-016, -0.0000000000000000000 ) ) ;
#7097 = ORIENTED_EDGE ( 'NONE', *, *, #745, .T. ) ;
#7098 = LINE ( 'NONE', #6056, #10093 ) ;
#7099 = DIRECTION ( 'NONE',  ( 0.0000000000000000000, 0.0000000000000000000, 1.000000000000000000 ) ) ;
#7100 =( LENGTH_UNIT ( ) NAMED_UNIT ( * ) SI_UNIT ( .MILLI., .METRE. ) );
#7101 = AXIS2_PLACEMENT_3D ( 'NONE', #784, #5366, #1646 ) ;
#7102 = CARTESIAN_POINT ( 'NONE',  ( -43.00000000000000000, 28.19999999999999600, 48.00000000000000000 ) ) ;
#7103 = DIRECTION ( 'NONE',  ( 0.0000000000000000000, 0.0000000000000000000, -1.000000000000000000 ) ) ;
#7104 =( NAMED_UNIT ( * ) SI_UNIT ( $, .STERADIAN. ) SOLID_ANGLE_UNIT ( ) );
#7105 = VERTEX_POINT ( 'NONE', #7444 ) ;
#7106 = EDGE_CURVE ( 'NONE', #2606, #4669, #4627, .T. ) ;
#7107 = DIRECTION ( 'NONE',  ( -0.0000000000000000000, 0.0000000000000000000, 1.000000000000000000 ) ) ;
#7108 = EDGE_CURVE ( 'NONE', #1353, #1112, #5182, .T. ) ;
#7109 = ORIENTED_EDGE ( 'NONE', *, *, #2572, .T. ) ;
#7110 = CARTESIAN_POINT ( 'NONE',  ( -39.99999999999999300, 25.19999999999999600, -59.00000000000000000 ) ) ;
#7111 = DIRECTION ( 'NONE',  ( -0.0000000000000000000, -0.0000000000000000000, 1.000000000000000000 ) ) ;
#7112 = VECTOR ( 'NONE', #11046, 1000.000000000000000 ) ;
#7113 = CARTESIAN_POINT ( 'NONE',  ( 38.46999999999999200, -25.10000000000000500, 56.83639580559805200 ) ) ;
#7114 =( NAMED_UNIT ( * ) PLANE_ANGLE_UNIT ( ) SI_UNIT ( $, .RADIAN. ) );
#7115 = CARTESIAN_POINT ( 'NONE',  ( 22.02930228490687300, 38.97000000000021200, 57.55735127863044900 ) ) ;
#7116 = MECHANICAL_DESIGN_GEOMETRIC_PRESENTATION_REPRESENTATION (  '', ( #4492 ), #11164 ) ;
#7117 =( NAMED_UNIT ( * ) SI_UNIT ( $, .STERADIAN. ) SOLID_ANGLE_UNIT ( ) );
#7118 = EDGE_CURVE ( 'NONE', #10811, #6781, #3799, .T. ) ;
#7119 = AXIS2_PLACEMENT_3D ( 'NONE', #10325, #11243, #7591 ) ;
#7120 = CIRCLE ( 'NONE', #994, 2.750000000000002700 ) ;
#7121 = ORIENTED_EDGE ( 'NONE', *, *, #10248, .T. ) ;
#7122 = DIRECTION ( 'NONE',  ( -1.000000000000000000, 0.0000000000000000000, 0.0000000000000000000 ) ) ;
#7123 = FACE_OUTER_BOUND ( 'NONE', #7724, .T. ) ;
#7124 =( LENGTH_UNIT ( ) NAMED_UNIT ( * ) SI_UNIT ( .MILLI., .METRE. ) );
#7125 = CARTESIAN_POINT ( 'NONE',  ( -24.34999999999998000, -38.44000000000001200, 55.99999999999999300 ) ) ;
#7126 = AXIS2_PLACEMENT_3D ( 'NONE', #380, #6741, #2962 ) ;
#7127 = ADVANCED_FACE ( 'NONE', ( #10727 ), #383, .T. ) ;
#7128 = CARTESIAN_POINT ( 'NONE',  ( -24.59999999999998000, -38.44000000000001200, -58.75000000000000000 ) ) ;
#7129 = DIRECTION ( 'NONE',  ( 7.885106708985497900E-016, -1.000000000000000000, 0.0000000000000000000 ) ) ;
#7130 = EDGE_CURVE ( 'NONE', #5023, #6165, #1223, .T. ) ;
#7131 = SURFACE_SIDE_STYLE ('',( #9233 ) ) ;
#7132 = ORIENTED_EDGE ( 'NONE', *, *, #4229, .T. ) ;
#7133 = VECTOR ( 'NONE', #5003, 1000.000000000000000 ) ;
#7134 = MECHANICAL_DESIGN_GEOMETRIC_PRESENTATION_REPRESENTATION (  '', ( #7491 ), #6376 ) ;
#7135 = CYLINDRICAL_SURFACE ( 'NONE', #256, 2.500000000000000900 ) ;
#7136 = EDGE_CURVE ( 'NONE', #10020, #8934, #9143, .T. ) ;
#7137 = AXIS2_PLACEMENT_3D ( 'NONE', #5321, #4473, #10815 ) ;
#7138 = DIRECTION ( 'NONE',  ( -0.0000000000000000000, -0.0000000000000000000, 1.000000000000000000 ) ) ;
#7139 = LINE ( 'NONE', #8237, #2786 ) ;
#7140 = UNCERTAINTY_MEASURE_WITH_UNIT (LENGTH_MEASURE( 1.000000000000000100E-005 ), #10305, 'distance_accuracy_value', 'NONE');
#7141 = CARTESIAN_POINT ( 'NONE',  ( 22.59999999999959300, 38.97000000000022600, 56.49999999999999300 ) ) ;
#7142 = ADVANCED_FACE ( 'NONE', ( #10877 ), #5884, .T. ) ;
#7143 = CARTESIAN_POINT ( 'NONE',  ( -38.43999999999999800, 23.09999999999999100, 58.75000000000000000 ) ) ;
#7144 = AXIS2_PLACEMENT_3D ( 'NONE', #4968, #6809, #4061 ) ;
#7145 = VERTEX_POINT ( 'NONE', #4910 ) ;
#7146 = ORIENTED_EDGE ( 'NONE', *, *, #8094, .F. ) ;
#7147 = LINE ( 'NONE', #4611, #2642 ) ;
#7148 = EDGE_CURVE ( 'NONE', #11773, #7598, #8283, .T. ) ;
#7149 = VECTOR ( 'NONE', #11531, 999.9999999999998900 ) ;
#7150 = DIRECTION ( 'NONE',  ( 1.000000000000000000, 0.0000000000000000000, 0.0000000000000000000 ) ) ;
#7151 = DIRECTION ( 'NONE',  ( 1.224646799147353200E-016, 1.000000000000000000, 0.0000000000000000000 ) ) ;
#7152 = CARTESIAN_POINT ( 'NONE',  ( -19.84999999999998700, -38.44000000000000500, 58.75000000000000000 ) ) ;
#7153 = EDGE_CURVE ( 'NONE', #5367, #10322, #949, .T. ) ;
#7154 = VERTEX_POINT ( 'NONE', #8331 ) ;
#7155 = ORIENTED_EDGE ( 'NONE', *, *, #10724, .T. ) ;
#7156 = VECTOR ( 'NONE', #11784, 1000.000000000000000 ) ;
#7157 = FACE_OUTER_BOUND ( 'NONE', #34, .T. ) ;
#7158 = ORIENTED_EDGE ( 'NONE', *, *, #10151, .T. ) ;
#7159 = DIRECTION ( 'NONE',  ( -1.000000000000000000, 0.0000000000000000000, 0.0000000000000000000 ) ) ;
#7160 = EDGE_CURVE ( 'NONE', #4243, #422, #6744, .T. ) ;
#7161 = DIRECTION ( 'NONE',  ( 0.0000000000000000000, -0.0000000000000000000, -1.000000000000000000 ) ) ;
#7162 = DIRECTION ( 'NONE',  ( -0.0000000000000000000, -0.0000000000000000000, 1.000000000000000000 ) ) ;
#7163 =( NAMED_UNIT ( * ) SI_UNIT ( $, .STERADIAN. ) SOLID_ANGLE_UNIT ( ) );
#7164 = ORIENTED_EDGE ( 'NONE', *, *, #4091, .F. ) ;
#7165 = VERTEX_POINT ( 'NONE', #3253 ) ;
#7166 = FACE_BOUND ( 'NONE', #3290, .T. ) ;
#7167 = DIRECTION ( 'NONE',  ( 1.000000000000000000, 0.0000000000000000000, 0.0000000000000000000 ) ) ;
#7168 = CIRCLE ( 'NONE', #9684, 3.000000000000002700 ) ;
#7169 =( LENGTH_UNIT ( ) NAMED_UNIT ( * ) SI_UNIT ( .MILLI., .METRE. ) );
#7170 = AXIS2_PLACEMENT_3D ( 'NONE', #3549, #805, #11762 ) ;
#7171 = ORIENTED_EDGE ( 'NONE', *, *, #3130, .T. ) ;
#7172 = ORIENTED_EDGE ( 'NONE', *, *, #5961, .F. ) ;
#7173 = CARTESIAN_POINT ( 'NONE',  ( -23.09999999999998400, -42.74999999999999300, 55.74999999999999300 ) ) ;
#7174 = DIRECTION ( 'NONE',  ( 0.0000000000000000000, 0.0000000000000000000, 1.000000000000000000 ) ) ;
#7175 = EDGE_CURVE ( 'NONE', #5468, #6747, #7571, .T. ) ;
#7176 = CARTESIAN_POINT ( 'NONE',  ( -42.74999999999999300, -6.898551497489162000E-015, 48.00000000000000000 ) ) ;
#7177 = DIRECTION ( 'NONE',  ( 1.000000000000000000, 0.0000000000000000000, 0.0000000000000000000 ) ) ;
#7178 = DIRECTION ( 'NONE',  ( -0.0000000000000000000, 1.000000000000000000, 0.0000000000000000000 ) ) ;
#7179 = ORIENTED_EDGE ( 'NONE', *, *, #9123, .F. ) ;
#7180 = DIRECTION ( 'NONE',  ( -0.0000000000000000000, 0.0000000000000000000, 1.000000000000000000 ) ) ;
#7181 = ORIENTED_EDGE ( 'NONE', *, *, #3088, .F. ) ;
#7182 = CARTESIAN_POINT ( 'NONE',  ( 40.49999999999999300, 43.00000000000000700, 58.75000000000000000 ) ) ;
#7183 = PRESENTATION_LAYER_ASSIGNMENT (  '', '', ( #2133 ) ) ;
#7184 = EDGE_CURVE ( 'NONE', #2587, #2747, #4351, .T. ) ;
#7185 = ADVANCED_FACE ( 'NONE', ( #6327 ), #10590, .F. ) ;
#7186 = ORIENTED_EDGE ( 'NONE', *, *, #6265, .T. ) ;
#7187 = ORIENTED_EDGE ( 'NONE', *, *, #3262, .T. ) ;
#7188 = CARTESIAN_POINT ( 'NONE',  ( -25.09999999999987000, -38.97000000000008400, 56.49999999999999300 ) ) ;
#7189 = ORIENTED_EDGE ( 'NONE', *, *, #2525, .T. ) ;
#7190 = AXIS2_PLACEMENT_3D ( 'NONE', #9199, #227, #6500 ) ;
#7191 = SURFACE_STYLE_USAGE ( .BOTH. , #10752 ) ;
#7192 = AXIS2_PLACEMENT_3D ( 'NONE', #2051, #4825, #9292 ) ;
#7193 = CARTESIAN_POINT ( 'NONE',  ( 25.20000000000000600, -42.99999999999998600, -48.00000000000000000 ) ) ;
#7194 = DIRECTION ( 'NONE',  ( 1.000000000000000000, 0.0000000000000000000, 0.0000000000000000000 ) ) ;
#7195 =( NAMED_UNIT ( * ) PLANE_ANGLE_UNIT ( ) SI_UNIT ( $, .RADIAN. ) );
#7196 = ORIENTED_EDGE ( 'NONE', *, *, #136, .T. ) ;
#7197 = VERTEX_POINT ( 'NONE', #5883 ) ;
#7198 = ORIENTED_EDGE ( 'NONE', *, *, #3923, .T. ) ;
#7199 = AXIS2_PLACEMENT_3D ( 'NONE', #8885, #2621, #9737 ) ;
#7200 = CIRCLE ( 'NONE', #9471, 36.50000000000000000 ) ;
#7201 = VECTOR ( 'NONE', #9499, 1000.000000000000000 ) ;
#7202 = EDGE_CURVE ( 'NONE', #11061, #8416, #1798, .T. ) ;
#7203 = ORIENTED_EDGE ( 'NONE', *, *, #2167, .F. ) ;
#7204 = VERTEX_POINT ( 'NONE', #9580 ) ;
#7205 = SURFACE_STYLE_USAGE ( .BOTH. , #6314 ) ;
#7206 =( NAMED_UNIT ( * ) SI_UNIT ( $, .STERADIAN. ) SOLID_ANGLE_UNIT ( ) );
#7207 = DIRECTION ( 'NONE',  ( 0.0000000000000000000, 0.0000000000000000000, -1.000000000000000000 ) ) ;
#7208 = DIRECTION ( 'NONE',  ( 1.000000000000000000, 0.0000000000000000000, 0.0000000000000000000 ) ) ;
#7209 = ORIENTED_EDGE ( 'NONE', *, *, #3882, .T. ) ;
#7210 = LINE ( 'NONE', #3675, #1851 ) ;
#7211 = ORIENTED_EDGE ( 'NONE', *, *, #6062, .T. ) ;
#7212 =( NAMED_UNIT ( * ) SI_UNIT ( $, .STERADIAN. ) SOLID_ANGLE_UNIT ( ) );
#7213 = CARTESIAN_POINT ( 'NONE',  ( 26.59999999999999400, 42.75000000000000700, 58.75000000000000000 ) ) ;
#7214 = DIRECTION ( 'NONE',  ( 1.000000000000000000, 0.0000000000000000000, 0.0000000000000000000 ) ) ;
#7215 = EDGE_CURVE ( 'NONE', #7418, #7451, #4211, .T. ) ;
#7216 =( LENGTH_UNIT ( ) NAMED_UNIT ( * ) SI_UNIT ( .MILLI., .METRE. ) );
#7217 = ORIENTED_EDGE ( 'NONE', *, *, #8530, .F. ) ;
#7218 = CARTESIAN_POINT ( 'NONE',  ( 38.44000000000001200, -23.09999999999998700, -59.00000000000000000 ) ) ;
#7219 = FACE_OUTER_BOUND ( 'NONE', #2649, .T. ) ;
#7220 = ORIENTED_EDGE ( 'NONE', *, *, #532, .T. ) ;
#7221 = SURFACE_STYLE_FILL_AREA ( #11550 ) ;
#7222 = ORIENTED_EDGE ( 'NONE', *, *, #3642, .F. ) ;
#7223 = DIRECTION ( 'NONE',  ( -0.0000000000000000000, -1.000000000000000000, 0.0000000000000000000 ) ) ;
#7224 = FILL_AREA_STYLE_COLOUR ( '', #23 ) ;
#7225 = ORIENTED_EDGE ( 'NONE', *, *, #3281, .F. ) ;
#7226 = ORIENTED_EDGE ( 'NONE', *, *, #9553, .T. ) ;
#7227 =( NAMED_UNIT ( * ) PLANE_ANGLE_UNIT ( ) SI_UNIT ( $, .RADIAN. ) );
#7228 = DIRECTION ( 'NONE',  ( 0.0000000000000000000, 1.000000000000000000, 1.108712219367988300E-016 ) ) ;
#7229 = DIRECTION ( 'NONE',  ( 1.000000000000000000, 2.753529326947313900E-016, 0.0000000000000000000 ) ) ;
#7230 = LINE ( 'NONE', #9376, #9378 ) ;
#7231 = EDGE_LOOP ( 'NONE', ( #96, #7179, #10934, #8468 ) ) ;
#7232 = CARTESIAN_POINT ( 'NONE',  ( 43.00000000000000700, -28.19999999999998900, 48.00000000000000000 ) ) ;
#7233 = EDGE_CURVE ( 'NONE', #9008, #2773, #10302, .T. ) ;
#7234 = ORIENTED_EDGE ( 'NONE', *, *, #11151, .F. ) ;
#7235 = CARTESIAN_POINT ( 'NONE',  ( -38.29999999999999000, -34.80000000000000400, 48.00000000000000000 ) ) ;
#7236 = VECTOR ( 'NONE', #8789, 1000.000000000000000 ) ;
#7237 = CARTESIAN_POINT ( 'NONE',  ( -42.74999999999998600, -40.49999999999997900, 58.75000000000000000 ) ) ;
#7238 = SURFACE_STYLE_USAGE ( .BOTH. , #5440 ) ;
#7239 = ADVANCED_FACE ( 'NONE', ( #8159 ), #7645, .F. ) ;
#7240 = DIRECTION ( 'NONE',  ( 0.0000000000000000000, 0.0000000000000000000, 1.000000000000000000 ) ) ;
#7241 = CARTESIAN_POINT ( 'NONE',  ( 25.20000000000001000, -39.99999999999997900, -58.75000000000000000 ) ) ;
#7242 =( GEOMETRIC_REPRESENTATION_CONTEXT ( 3 ) GLOBAL_UNCERTAINTY_ASSIGNED_CONTEXT ( ( #9031 ) ) GLOBAL_UNIT_ASSIGNED_CONTEXT ( ( #10596, #5232, #1629 ) ) REPRESENTATION_CONTEXT ( 'NONE', 'WORKASPACE' ) );
#7243 = ORIENTED_EDGE ( 'NONE', *, *, #4287, .F. ) ;
#7244 = CARTESIAN_POINT ( 'NONE',  ( -21.09999999999987000, -38.97000000000007000, 56.49999999999999300 ) ) ;
#7245 = CARTESIAN_POINT ( 'NONE',  ( -38.46999999999999200, 23.09999999999999800, 55.99999999999999300 ) ) ;
#7246 = LINE ( 'NONE', #5422, #1465 ) ;
#7247 = LINE ( 'NONE', #4098, #2173 ) ;
#7248 = EDGE_CURVE ( 'NONE', #879, #2302, #7704, .T. ) ;
#7249 = EDGE_CURVE ( 'NONE', #8134, #10995, #84, .T. ) ;
#7250 = CARTESIAN_POINT ( 'NONE',  ( -39.93999999999999800, 23.09999999999999100, -59.00000000000000000 ) ) ;
#7251 = CARTESIAN_POINT ( 'NONE',  ( -28.19999999999998900, 31.19999999999999600, -48.00000000000000000 ) ) ;
#7252 = CIRCLE ( 'NONE', #3268, 2.499999999999998700 ) ;
#7253 = VERTEX_POINT ( 'NONE', #6862 ) ;
#7254 = VECTOR ( 'NONE', #7936, 1000.000000000000000 ) ;
#7255 = CIRCLE ( 'NONE', #1753, 2.749999999999999100 ) ;
#7256 = DIRECTION ( 'NONE',  ( -1.000000000000000000, -1.613696256722611400E-016, 0.0000000000000000000 ) ) ;
#7257 = AXIS2_PLACEMENT_3D ( 'NONE', #10441, #2314, #8616 ) ;
#7258 = DIRECTION ( 'NONE',  ( 0.0000000000000000000, -0.0000000000000000000, -1.000000000000000000 ) ) ;
#7259 = AXIS2_PLACEMENT_3D ( 'NONE', #3078, #4031, #3312 ) ;
#7260 = DIRECTION ( 'NONE',  ( -0.0000000000000000000, 0.0000000000000000000, 1.000000000000000000 ) ) ;
#7261 = ORIENTED_EDGE ( 'NONE', *, *, #10777, .F. ) ;
#7262 = ORIENTED_EDGE ( 'NONE', *, *, #2804, .T. ) ;
#7263 = CYLINDRICAL_SURFACE ( 'NONE', #2769, 3.250000000000002700 ) ;
#7264 = CARTESIAN_POINT ( 'NONE',  ( -31.29999999999999400, 34.79999999999999000, 48.00000000000000000 ) ) ;
#7265 = AXIS2_PLACEMENT_3D ( 'NONE', #7379, #2024, #9187 ) ;
#7266 = ADVANCED_FACE ( 'NONE', ( #2071 ), #4046, .F. ) ;
#7267 = CARTESIAN_POINT ( 'NONE',  ( 23.09999999999959600, 38.47000000000023300, 55.99999999999999300 ) ) ;
#7268 = CARTESIAN_POINT ( 'NONE',  ( -40.46999999999999200, 23.60000000000000100, 56.49999999999999300 ) ) ;
#7269 = DIRECTION ( 'NONE',  ( 0.0000000000000000000, 0.0000000000000000000, 1.000000000000000000 ) ) ;
#7270 = EDGE_CURVE ( 'NONE', #10773, #7514, #6014, .T. ) ;
#7271 = EDGE_CURVE ( 'NONE', #2528, #1389, #10293, .T. ) ;
#7272 = UNCERTAINTY_MEASURE_WITH_UNIT (LENGTH_MEASURE( 1.000000000000000100E-005 ), #4438, 'distance_accuracy_value', 'NONE');
#7273 = SURFACE_STYLE_USAGE ( .BOTH. , #929 ) ;
#7274 = AXIS2_PLACEMENT_3D ( 'NONE', #8666, #3284, #6942 ) ;
#7275 = STYLED_ITEM ( 'NONE', ( #2741 ), #11566 ) ;
#7276 = ORIENTED_EDGE ( 'NONE', *, *, #6280, .T. ) ;
#7277 = ORIENTED_EDGE ( 'NONE', *, *, #8168, .F. ) ;
#7278 = CIRCLE ( 'NONE', #4928, 0.2500000000000002200 ) ;
#7279 = DIRECTION ( 'NONE',  ( -0.0000000000000000000, 0.0000000000000000000, 1.000000000000000000 ) ) ;
#7280 = CARTESIAN_POINT ( 'NONE',  ( -42.74999999999998600, -40.49999999999997900, 48.00000000000000000 ) ) ;
#7281 = CARTESIAN_POINT ( 'NONE',  ( 38.30000000000000400, -34.79999999999998300, 59.00000000000000000 ) ) ;
#7282 = CARTESIAN_POINT ( 'NONE',  ( 38.80695100255554300, -25.10000000000000100, 56.80370889822907500 ) ) ;
#7283 = AXIS2_PLACEMENT_3D ( 'NONE', #1241, #9510, #5031 ) ;
#7284 = PLANE ( 'NONE',  #5301 ) ;
#7285 = EDGE_CURVE ( 'NONE', #3870, #3419, #3649, .T. ) ;
#7286 = ORIENTED_EDGE ( 'NONE', *, *, #8499, .T. ) ;
#7287 = VERTEX_POINT ( 'NONE', #6109 ) ;
#7288 = VECTOR ( 'NONE', #6209, 1000.000000000000000 ) ;
#7289 = ORIENTED_EDGE ( 'NONE', *, *, #696, .F. ) ;
#7290 = CARTESIAN_POINT ( 'NONE',  ( 28.20000000000000300, 28.19999999999999600, -48.00000000000000000 ) ) ;
#7291 = DIRECTION ( 'NONE',  ( -0.0000000000000000000, -0.0000000000000000000, 1.000000000000000000 ) ) ;
#7292 = AXIS2_PLACEMENT_3D ( 'NONE', #4686, #10230, #5663 ) ;
#7293 = ORIENTED_EDGE ( 'NONE', *, *, #11183, .F. ) ;
#7294 = VERTEX_POINT ( 'NONE', #10423 ) ;
#7295 = CIRCLE ( 'NONE', #1885, 3.308340903158648600 ) ;
#7296 = ADVANCED_FACE ( 'NONE', ( #2933 ), #11436, .F. ) ;
#7297 = DIRECTION ( 'NONE',  ( 0.0000000000000000000, 0.0000000000000000000, 1.000000000000000000 ) ) ;
#7298 = TOROIDAL_SURFACE ( 'NONE', #7756, 1.500000000000004700, 0.2500000000000000000 ) ;
#7299 = EDGE_CURVE ( 'NONE', #7341, #2252, #10005, .T. ) ;
#7300 = DIRECTION ( 'NONE',  ( -1.000000000000000000, 1.728113159909939400E-014, 0.0000000000000000000 ) ) ;
#7301 = CARTESIAN_POINT ( 'NONE',  ( -43.00000000000000000, 28.19999999999999600, -48.00000000000000000 ) ) ;
#7302 = DIRECTION ( 'NONE',  ( -0.0000000000000000000, 0.0000000000000000000, 1.000000000000000000 ) ) ;
#7303 = DIRECTION ( 'NONE',  ( -1.000000000000000000, 1.521687259628777600E-015, -0.0000000000000000000 ) ) ;
#7304 = ORIENTED_EDGE ( 'NONE', *, *, #4122, .T. ) ;
#7305 = COLOUR_RGB ( '',0.8941176470588234600, 0.9137254901960784000, 0.9294117647058823800 ) ;
#7306 = DIRECTION ( 'NONE',  ( 0.0000000000000000000, -0.0000000000000000000, -1.000000000000000000 ) ) ;
#7307 = CONICAL_SURFACE ( 'NONE', #8179, 7.000000000000000000, 0.7853981633974331800 ) ;
#7308 = FACE_OUTER_BOUND ( 'NONE', #3245, .T. ) ;
#7309 = FILL_AREA_STYLE_COLOUR ( '', #7545 ) ;
#7310 = CARTESIAN_POINT ( 'NONE',  ( 3.605551275463990000, 6.000000000000000000, 97.60000000000000900 ) ) ;
#7311 = EDGE_CURVE ( 'NONE', #268, #8608, #9581, .T. ) ;
#7312 = CARTESIAN_POINT ( 'NONE',  ( -26.34999999999998400, -38.44000000000000500, 55.99999999999999300 ) ) ;
#7313 = DIRECTION ( 'NONE',  ( 1.000000000000000000, 0.0000000000000000000, 0.0000000000000000000 ) ) ;
#7314 = DIRECTION ( 'NONE',  ( 0.0000000000000000000, -0.0000000000000000000, 1.000000000000000000 ) ) ;
#7315 = EDGE_LOOP ( 'NONE', ( #252, #1094, #8561, #4270 ) ) ;
#7316 = PRESENTATION_STYLE_ASSIGNMENT (( #4147 ) ) ;
#7317 = SURFACE_SIDE_STYLE ('',( #6311 ) ) ;
#7318 = FACE_OUTER_BOUND ( 'NONE', #3688, .T. ) ;
#7319 = ORIENTED_EDGE ( 'NONE', *, *, #9415, .F. ) ;
#7320 =( GEOMETRIC_REPRESENTATION_CONTEXT ( 3 ) GLOBAL_UNCERTAINTY_ASSIGNED_CONTEXT ( ( #8877 ) ) GLOBAL_UNIT_ASSIGNED_CONTEXT ( ( #10391, #407, #6642 ) ) REPRESENTATION_CONTEXT ( 'NONE', 'WORKASPACE' ) );
#7321 = CARTESIAN_POINT ( 'NONE',  ( 42.74999999999999300, 40.50000000000000700, 59.00000000000000000 ) ) ;
#7322 = LINE ( 'NONE', #8900, #4951 ) ;
#7323 = CARTESIAN_POINT ( 'NONE',  ( 21.09999999999960000, 38.29968292186165300, 56.82968972440240000 ) ) ;
#7324 = ORIENTED_EDGE ( 'NONE', *, *, #10881, .F. ) ;
#7325 = DIRECTION ( 'NONE',  ( -1.000000000000000000, 1.521687259628777600E-015, 0.0000000000000000000 ) ) ;
#7326 = EDGE_LOOP ( 'NONE', ( #2004, #4395, #6679, #9066 ) ) ;
#7327 = DIRECTION ( 'NONE',  ( -1.000000000000000000, 0.0000000000000000000, 0.0000000000000000000 ) ) ;
#7328 = PRESENTATION_LAYER_ASSIGNMENT (  '', '', ( #5529 ) ) ;
#7329 = EDGE_LOOP ( 'NONE', ( #3393, #4871, #3752 ) ) ;
#7330 = UNCERTAINTY_MEASURE_WITH_UNIT (LENGTH_MEASURE( 1.000000000000000100E-005 ), #10849, 'distance_accuracy_value', 'NONE');
#7331 = EDGE_CURVE ( 'NONE', #5801, #2164, #5171, .T. ) ;
#7332 = ORIENTED_EDGE ( 'NONE', *, *, #11601, .T. ) ;
#7333 = AXIS2_PLACEMENT_3D ( 'NONE', #1002, #10991, #7228 ) ;
#7334 = DIRECTION ( 'NONE',  ( 0.0000000000000000000, -1.108712219367988300E-016, 1.000000000000000000 ) ) ;
#7335 = EDGE_CURVE ( 'NONE', #3589, #680, #6863, .T. ) ;
#7336 = CIRCLE ( 'NONE', #8618, 0.2500000000000002200 ) ;
#7337 = AXIS2_PLACEMENT_3D ( 'NONE', #7465, #9393, #11157 ) ;
#7338 = DIRECTION ( 'NONE',  ( 1.224646799147353200E-016, 1.000000000000000000, 0.0000000000000000000 ) ) ;
#7339 = CARTESIAN_POINT ( 'NONE',  ( 36.46999999999999900, -22.60000000000000500, 56.75896736903246900 ) ) ;
#7340 = VECTOR ( 'NONE', #3256, 1000.000000000000000 ) ;
#7341 = VERTEX_POINT ( 'NONE', #5210 ) ;
#7342 = EDGE_LOOP ( 'NONE', ( #4567, #3632, #504, #4815 ) ) ;
#7343 = CARTESIAN_POINT ( 'NONE',  ( 24.34999999999999800, 38.44000000000001200, 59.00000000000000000 ) ) ;
#7344 =( GEOMETRIC_REPRESENTATION_CONTEXT ( 3 ) GLOBAL_UNCERTAINTY_ASSIGNED_CONTEXT ( ( #1999 ) ) GLOBAL_UNIT_ASSIGNED_CONTEXT ( ( #6073, #5920, #3209 ) ) REPRESENTATION_CONTEXT ( 'NONE', 'WORKASPACE' ) );
#7345 = ORIENTED_EDGE ( 'NONE', *, *, #1497, .F. ) ;
#7346 = DIRECTION ( 'NONE',  ( 1.000000000000000000, 0.0000000000000000000, 0.0000000000000000000 ) ) ;
#7347 = EDGE_CURVE ( 'NONE', #978, #4050, #1250, .T. ) ;
#7348 = DIRECTION ( 'NONE',  ( 1.000000000000000000, 0.0000000000000000000, 0.0000000000000000000 ) ) ;
#7349 = ORIENTED_EDGE ( 'NONE', *, *, #11248, .F. ) ;
#7350 = ADVANCED_FACE ( 'NONE', ( #6585 ), #4201, .T. ) ;
#7351 = CARTESIAN_POINT ( 'NONE',  ( 38.43999999999999800, -19.84999999999999100, 58.75000000000000000 ) ) ;
#7352 = ORIENTED_EDGE ( 'NONE', *, *, #5186, .T. ) ;
#7353 = CARTESIAN_POINT ( 'NONE',  ( -25.19999999999998200, -40.00000000000000000, -58.75000000000000000 ) ) ;
#7354 = CARTESIAN_POINT ( 'NONE',  ( -34.79999999999998300, -34.80000000000000400, 58.75000000000000000 ) ) ;
#7355 = FILL_AREA_STYLE ('',( #4777 ) ) ;
#7356 = ORIENTED_EDGE ( 'NONE', *, *, #11139, .T. ) ;
#7357 = VERTEX_POINT ( 'NONE', #10614 ) ;
#7358 = FACE_OUTER_BOUND ( 'NONE', #2130, .T. ) ;
#7359 = ORIENTED_EDGE ( 'NONE', *, *, #6265, .F. ) ;
#7360 = DIRECTION ( 'NONE',  ( 0.0000000000000000000, 0.0000000000000000000, -1.000000000000000000 ) ) ;
#7361 = ORIENTED_EDGE ( 'NONE', *, *, #11797, .F. ) ;
#7362 = DIRECTION ( 'NONE',  ( -0.0000000000000000000, 0.0000000000000000000, 1.000000000000000000 ) ) ;
#7363 = CARTESIAN_POINT ( 'NONE',  ( -31.29999999999999400, 34.79999999999999000, 48.25000000000000000 ) ) ;
#7364 = EDGE_CURVE ( 'NONE', #4822, #7878, #7558, .T. ) ;
#7365 = ADVANCED_FACE ( 'NONE', ( #10579 ), #2209, .T. ) ;
#7366 = CARTESIAN_POINT ( 'NONE',  ( -27.94999999999998900, -31.20000000000000600, -59.00000000000000000 ) ) ;
#7367 = DIRECTION ( 'NONE',  ( -0.7071067811865451300, 8.659560562354903300E-017, 0.7071067811865500200 ) ) ;
#7368 = ORIENTED_EDGE ( 'NONE', *, *, #31, .T. ) ;
#7369 = CIRCLE ( 'NONE', #2045, 2.300000000000000700 ) ;
#7370 = CIRCLE ( 'NONE', #11258, 2.500000000000000900 ) ;
#7371 = AXIS2_PLACEMENT_3D ( 'NONE', #127, #3716, #5460 ) ;
#7372 = FILL_AREA_STYLE ('',( #1077 ) ) ;
#7373 = CARTESIAN_POINT ( 'NONE',  ( -25.19999999999998900, 39.99999999999998600, -48.00000000000000000 ) ) ;
#7374 = CARTESIAN_POINT ( 'NONE',  ( -36.93999999999999100, 23.09999999999999100, 55.99999999999999300 ) ) ;
#7375 = DIRECTION ( 'NONE',  ( 1.000000000000000000, 0.0000000000000000000, 0.0000000000000000000 ) ) ;
#7376 = DIRECTION ( 'NONE',  ( -0.0000000000000000000, -1.000000000000000000, -0.0000000000000000000 ) ) ;
#7377 = CARTESIAN_POINT ( 'NONE',  ( 19.59999999999999400, 43.00000000000000000, 58.75000000000000000 ) ) ;
#7378 = EDGE_CURVE ( 'NONE', #2929, #3121, #9428, .T. ) ;
#7379 = CARTESIAN_POINT ( 'NONE',  ( 38.44000000000001200, -23.09999999999998700, 59.00000000000000000 ) ) ;
#7380 = COLOUR_RGB ( '',0.8941176470588234600, 0.9137254901960784000, 0.9294117647058823800 ) ;
#7381 = EDGE_LOOP ( 'NONE', ( #4989, #8793, #5726, #5048 ) ) ;
#7382 = LINE ( 'NONE', #4526, #11251 ) ;
#7383 = DIRECTION ( 'NONE',  ( -1.000000000000000000, -1.224646799147349500E-016, 0.0000000000000000000 ) ) ;
#7384 = CARTESIAN_POINT ( 'NONE',  ( -8.000000000000000000, 9.797174393178825700E-016, 2.099999999999963200 ) ) ;
#7385 = ORIENTED_EDGE ( 'NONE', *, *, #5667, .T. ) ;
#7386 = AXIS2_PLACEMENT_3D ( 'NONE', #10899, #5453, #11754 ) ;
#7387 = DIRECTION ( 'NONE',  ( 1.000000000000000000, 0.0000000000000000000, 0.0000000000000000000 ) ) ;
#7388 = DIRECTION ( 'NONE',  ( 1.000000000000000000, 0.0000000000000000000, 0.0000000000000000000 ) ) ;
#7389 =( NAMED_UNIT ( * ) PLANE_ANGLE_UNIT ( ) SI_UNIT ( $, .RADIAN. ) );
#7390 = ORIENTED_EDGE ( 'NONE', *, *, #9087, .T. ) ;
#7391 = CIRCLE ( 'NONE', #9097, 3.308340903158648600 ) ;
#7392 = FACE_OUTER_BOUND ( 'NONE', #10478, .T. ) ;
#7393 = MECHANICAL_DESIGN_GEOMETRIC_PRESENTATION_REPRESENTATION (  '', ( #2133 ), #5220 ) ;
#7394 = CARTESIAN_POINT ( 'NONE',  ( -37.18999999999998400, 23.09999999999999100, -59.00000000000000000 ) ) ;
#7395 = CARTESIAN_POINT ( 'NONE',  ( 25.19999999999999900, 40.00000000000000000, -59.00000000000000000 ) ) ;
#7396 = VERTEX_POINT ( 'NONE', #6156 ) ;
#7397 = CARTESIAN_POINT ( 'NONE',  ( 25.19999999999999900, 42.75000000000000000, -59.00000000000000000 ) ) ;
#7398 = ORIENTED_EDGE ( 'NONE', *, *, #9903, .T. ) ;
#7399 = ORIENTED_EDGE ( 'NONE', *, *, #814, .F. ) ;
#7400 = LINE ( 'NONE', #6429, #8989 ) ;
#7401 = AXIS2_PLACEMENT_3D ( 'NONE', #10416, #4120, #2257 ) ;
#7402 = AXIS2_PLACEMENT_3D ( 'NONE', #8869, #849, #4383 ) ;
#7403 = VECTOR ( 'NONE', #5907, 1000.000000000000000 ) ;
#7404 = ADVANCED_FACE ( 'NONE', ( #6315 ), #1213, .F. ) ;
#7405 = UNCERTAINTY_MEASURE_WITH_UNIT (LENGTH_MEASURE( 1.000000000000000100E-005 ), #4509, 'distance_accuracy_value', 'NONE');
#7406 = DIRECTION ( 'NONE',  ( -0.0000000000000000000, -0.0000000000000000000, -1.000000000000000000 ) ) ;
#7407 = CARTESIAN_POINT ( 'NONE',  ( 31.20000000000000300, 31.19999999999999600, -59.00000000000000000 ) ) ;
#7408 = DIRECTION ( 'NONE',  ( 1.000000000000000000, 0.0000000000000000000, 0.0000000000000000000 ) ) ;
#7409 = AXIS2_PLACEMENT_3D ( 'NONE', #9694, #9655, #6904 ) ;
#7410 = DIRECTION ( 'NONE',  ( 1.000000000000000000, 0.0000000000000000000, 0.0000000000000000000 ) ) ;
#7411 = VERTEX_POINT ( 'NONE', #1654 ) ;
#7412 = ORIENTED_EDGE ( 'NONE', *, *, #7855, .T. ) ;
#7413 = LINE ( 'NONE', #11571, #2069 ) ;
#7414 = FACE_OUTER_BOUND ( 'NONE', #11325, .T. ) ;
#7415 =( NAMED_UNIT ( * ) PLANE_ANGLE_UNIT ( ) SI_UNIT ( $, .RADIAN. ) );
#7416 = EDGE_CURVE ( 'NONE', #6781, #10424, #9003, .T. ) ;
#7417 = DIRECTION ( 'NONE',  ( -1.000000000000000000, 0.0000000000000000000, 0.0000000000000000000 ) ) ;
#7418 = VERTEX_POINT ( 'NONE', #623 ) ;
#7419 = AXIS2_PLACEMENT_3D ( 'NONE', #4226, #10493, #3363 ) ;
#7420 = DIRECTION ( 'NONE',  ( -0.0000000000000000000, 0.0000000000000000000, 1.000000000000000000 ) ) ;
#7421 = ADVANCED_FACE ( 'NONE', ( #6727 ), #508, .T. ) ;
#7422 = AXIS2_PLACEMENT_3D ( 'NONE', #10236, #11237, #4810 ) ;
#7423 = DIRECTION ( 'NONE',  ( 0.0000000000000000000, 1.000000000000000000, 0.0000000000000000000 ) ) ;
#7424 = VERTEX_POINT ( 'NONE', #4364 ) ;
#7425 = ORIENTED_EDGE ( 'NONE', *, *, #7761, .T. ) ;
#7426 = SURFACE_STYLE_FILL_AREA ( #2386 ) ;
#7427 = CARTESIAN_POINT ( 'NONE',  ( 25.09999999999960400, 38.47000000000025500, 56.83639580559805900 ) ) ;
#7428 = DIRECTION ( 'NONE',  ( 1.047444401652940000E-014, -1.000000000000000000, 0.0000000000000000000 ) ) ;
#7429 = DIRECTION ( 'NONE',  ( -0.0000000000000000000, 0.0000000000000000000, 1.000000000000000000 ) ) ;
#7430 = PLANE ( 'NONE',  #7563 ) ;
#7431 = COLOUR_RGB ( '',0.2000000000000000100, 0.2000000000000000100, 0.2000000000000000100 ) ;
#7432 = EDGE_CURVE ( 'NONE', #37, #11353, #8148, .T. ) ;
#7433 = ORIENTED_EDGE ( 'NONE', *, *, #9801, .T. ) ;
#7434 = CIRCLE ( 'NONE', #4403, 0.2500000000000002200 ) ;
#7435 = DIRECTION ( 'NONE',  ( 0.0000000000000000000, 0.0000000000000000000, 1.000000000000000000 ) ) ;
#7436 = DIRECTION ( 'NONE',  ( 1.000000000000000000, 0.0000000000000000000, 0.0000000000000000000 ) ) ;
#7437 = DIRECTION ( 'NONE',  ( -0.0000000000000000000, -0.0000000000000000000, 1.000000000000000000 ) ) ;
#7438 = FACE_OUTER_BOUND ( 'NONE', #2248, .T. ) ;
#7439 = ORIENTED_EDGE ( 'NONE', *, *, #8805, .T. ) ;
#7440 =( GEOMETRIC_REPRESENTATION_CONTEXT ( 3 ) GLOBAL_UNCERTAINTY_ASSIGNED_CONTEXT ( ( #118 ) ) GLOBAL_UNIT_ASSIGNED_CONTEXT ( ( #6819, #6019, #4113 ) ) REPRESENTATION_CONTEXT ( 'NONE', 'WORKASPACE' ) );
#7441 = CARTESIAN_POINT ( 'NONE',  ( -42.74999999999999300, 19.59999999999999800, 58.75000000000000000 ) ) ;
#7442 = CARTESIAN_POINT ( 'NONE',  ( 31.20000000000000600, -31.19999999999999200, -48.00000000000000000 ) ) ;
#7443 = ORIENTED_EDGE ( 'NONE', *, *, #5300, .F. ) ;
#7444 = CARTESIAN_POINT ( 'NONE',  ( 31.55000000000000100, -34.79999999999998300, 48.25000000000000000 ) ) ;
#7445 = VERTEX_POINT ( 'NONE', #11704 ) ;
#7446 = CIRCLE ( 'NONE', #3963, 0.2500000000000002200 ) ;
#7447 = EDGE_CURVE ( 'NONE', #5593, #434, #9721, .T. ) ;
#7448 = CARTESIAN_POINT ( 'NONE',  ( -22.59999999999986600, -38.97000000000007000, 57.79579263126747400 ) ) ;
#7449 = DIRECTION ( 'NONE',  ( -0.0000000000000000000, -0.0000000000000000000, 1.000000000000000000 ) ) ;
#7450 = SURFACE_STYLE_FILL_AREA ( #6227 ) ;
#7451 = VERTEX_POINT ( 'NONE', #6242 ) ;
#7452 = DIRECTION ( 'NONE',  ( 0.0000000000000000000, -1.000000000000000000, 0.0000000000000000000 ) ) ;
#7453 = CARTESIAN_POINT ( 'NONE',  ( -23.59999999999985900, -40.47000000000007700, 56.49999999999999300 ) ) ;
#7454 = MECHANICAL_DESIGN_GEOMETRIC_PRESENTATION_REPRESENTATION (  '', ( #3412 ), #5211 ) ;
#7455 = VERTEX_POINT ( 'NONE', #1699 ) ;
#7456 = VERTEX_POINT ( 'NONE', #4883 ) ;
#7457 = EDGE_LOOP ( 'NONE', ( #3525, #9121, #105, #10530 ) ) ;
#7458 = CARTESIAN_POINT ( 'NONE',  ( -42.74999999999999300, 40.50000000000000700, 59.00000000000000000 ) ) ;
#7459 = PRESENTATION_STYLE_ASSIGNMENT (( #28 ) ) ;
#7460 = CARTESIAN_POINT ( 'NONE',  ( 40.47000000000002000, -22.59999999999999800, 56.75896736903245500 ) ) ;
#7461 = EDGE_CURVE ( 'NONE', #2102, #4148, #10865, .T. ) ;
#7462 = CARTESIAN_POINT ( 'NONE',  ( -39.99999999999999300, 25.19999999999999600, -48.00000000000000000 ) ) ;
#7463 = EDGE_CURVE ( 'NONE', #8841, #5583, #5740, .T. ) ;
#7464 = ADVANCED_FACE ( 'NONE', ( #7157 ), #11147, .F. ) ;
#7465 = CARTESIAN_POINT ( 'NONE',  ( -34.79999999999998300, -34.80000000000000400, 38.80761184457487200 ) ) ;
#7466 = CARTESIAN_POINT ( 'NONE',  ( 40.49999999999999300, 42.75000000000000700, 59.00000000000000000 ) ) ;
#7467 = CARTESIAN_POINT ( 'NONE',  ( 36.75000000000000000, 0.0000000000000000000, 59.00000000000000000 ) ) ;
#7468 = CARTESIAN_POINT ( 'NONE',  ( 19.59999999999998700, 38.43999999999999800, 59.00000000000000000 ) ) ;
#7469 = CARTESIAN_POINT ( 'NONE',  ( -39.99999999999998600, -25.20000000000001000, -48.00000000000000000 ) ) ;
#7470 = ORIENTED_EDGE ( 'NONE', *, *, #11194, .F. ) ;
#7471 = EDGE_LOOP ( 'NONE', ( #6653, #9934 ) ) ;
#7472 = FACE_OUTER_BOUND ( 'NONE', #4573, .T. ) ;
#7473 = AXIS2_PLACEMENT_3D ( 'NONE', #4018, #8490, #2182 ) ;
#7474 = FACE_BOUND ( 'NONE', #8860, .T. ) ;
#7475 = EDGE_CURVE ( 'NONE', #7985, #691, #9868, .T. ) ;
#7476 = ORIENTED_EDGE ( 'NONE', *, *, #8229, .T. ) ;
#7477 = ORIENTED_EDGE ( 'NONE', *, *, #1154, .T. ) ;
#7478 = AXIS2_PLACEMENT_3D ( 'NONE', #7783, #3432, #1632 ) ;
#7479 = PLANE ( 'NONE',  #3510 ) ;
#7480 = CARTESIAN_POINT ( 'NONE',  ( 42.74999999999999300, -19.59999999999999400, 58.75000000000000000 ) ) ;
#7481 = DIRECTION ( 'NONE',  ( -0.0000000000000000000, -0.0000000000000000000, 1.000000000000000000 ) ) ;
#7482 = ADVANCED_FACE ( 'NONE', ( #3215 ), #10315, .F. ) ;
#7483 = ORIENTED_EDGE ( 'NONE', *, *, #5649, .F. ) ;
#7484 = FILL_AREA_STYLE_COLOUR ( '', #4713 ) ;
#7485 = AXIS2_PLACEMENT_3D ( 'NONE', #9699, #1531, #7845 ) ;
#7486 = CIRCLE ( 'NONE', #5621, 3.249999999999996000 ) ;
#7487 = EDGE_CURVE ( 'NONE', #5212, #11409, #3351, .T. ) ;
#7488 = ORIENTED_EDGE ( 'NONE', *, *, #9850, .F. ) ;
#7489 = ORIENTED_EDGE ( 'NONE', *, *, #4099, .F. ) ;
#7490 = DIRECTION ( 'NONE',  ( 1.000000000000000000, 0.0000000000000000000, 0.0000000000000000000 ) ) ;
#7491 = STYLED_ITEM ( 'NONE', ( #9356 ), #4963 ) ;
#7492 = CARTESIAN_POINT ( 'NONE',  ( 42.74999999999999300, -20.09999999999999800, 56.24999999999999300 ) ) ;
#7493 = CARTESIAN_POINT ( 'NONE',  ( -25.19999999999998900, 42.99999999999999300, -59.00000000000000000 ) ) ;
#7494 = EDGE_CURVE ( 'NONE', #1774, #5341, #8410, .T. ) ;
#7495 = EDGE_LOOP ( 'NONE', ( #6961, #11516, #4151, #9901, #1436, #1453, #3440, #9942, #10919, #1567, #4525, #2104 ) ) ;
#7496 = CARTESIAN_POINT ( 'NONE',  ( -38.43999999999999800, 23.09999999999999100, -48.00000000000000000 ) ) ;
#7497 = VECTOR ( 'NONE', #420, 1000.000000000000000 ) ;
#7498 = EDGE_LOOP ( 'NONE', ( #8012, #5382, #4207, #11672 ) ) ;
#7499 = CARTESIAN_POINT ( 'NONE',  ( 23.59999999999960000, 39.11852751943445100, 57.75230104942100000 ) ) ;
#7500 = LINE ( 'NONE', #5951, #5108 ) ;
#7501 = ORIENTED_EDGE ( 'NONE', *, *, #9494, .F. ) ;
#7502 = DIRECTION ( 'NONE',  ( 0.0000000000000000000, 0.0000000000000000000, -1.000000000000000000 ) ) ;
#7503 = FILL_AREA_STYLE ('',( #2156 ) ) ;
#7504 = DIRECTION ( 'NONE',  ( -0.0000000000000000000, 0.0000000000000000000, 1.000000000000000000 ) ) ;
#7505 = EDGE_CURVE ( 'NONE', #7154, #7734, #940, .T. ) ;
#7506 = ORIENTED_EDGE ( 'NONE', *, *, #6171, .T. ) ;
#7507 = DIRECTION ( 'NONE',  ( 0.0000000000000000000, -0.0000000000000000000, -1.000000000000000000 ) ) ;
#7509 = CARTESIAN_POINT ( 'NONE',  ( 0.0000000000000000000, 0.0000000000000000000, 97.60000000000000900 ) ) ;
#7508 = LINE ( 'NONE', #5987, #7656 ) ;
#7510 = ORIENTED_EDGE ( 'NONE', *, *, #8960, .F. ) ;
#7511 = CARTESIAN_POINT ( 'NONE',  ( 37.96999999999999200, -21.10000000000000500, 56.75896736903249700 ) ) ;
#7512 = DIRECTION ( 'NONE',  ( 1.000000000000000000, 0.0000000000000000000, 0.0000000000000000000 ) ) ;
#7513 = CARTESIAN_POINT ( 'NONE',  ( -38.29999999999999000, -34.80000000000000400, 58.75000000000000000 ) ) ;
#7514 = VERTEX_POINT ( 'NONE', #7458 ) ;
#7515 = FACE_OUTER_BOUND ( 'NONE', #8670, .T. ) ;
#7516 = B_SPLINE_CURVE_WITH_KNOTS ( 'NONE', 3,
 ( #10437, #2313, #10592, #6875, #5063, #11427 ),
 .UNSPECIFIED., .F., .F.,
 ( 4, 2, 4 ),
 ( 0.01713536489727015100, 0.01805660470586276800, 0.01897784451445538200 ),
 .UNSPECIFIED. ) ;
#7517 = AXIS2_PLACEMENT_3D ( 'NONE', #10466, #477, #11338 ) ;
#7518 = DIRECTION ( 'NONE',  ( 0.0000000000000000000, 0.0000000000000000000, -1.000000000000000000 ) ) ;
#7519 = DIRECTION ( 'NONE',  ( 0.0000000000000000000, 0.0000000000000000000, -1.000000000000000000 ) ) ;
#7520 = CIRCLE ( 'NONE', #9871, 0.2500000000000002200 ) ;
#7521 = FILL_AREA_STYLE_COLOUR ( '', #10875 ) ;
#7522 = ORIENTED_EDGE ( 'NONE', *, *, #9010, .T. ) ;
#7523 = CIRCLE ( 'NONE', #3599, 3.499999999999999600 ) ;
#7524 = FACE_BOUND ( 'NONE', #10161, .T. ) ;
#7525 = EDGE_CURVE ( 'NONE', #5850, #978, #2166, .T. ) ;
#7526 = TOROIDAL_SURFACE ( 'NONE', #6906, 2.999999999999999100, 0.2500000000000000000 ) ;
#7527 = DIRECTION ( 'NONE',  ( -0.0000000000000000000, 0.0000000000000000000, 1.000000000000000000 ) ) ;
#7528 = SURFACE_SIDE_STYLE ('',( #8512 ) ) ;
#7529 = DIRECTION ( 'NONE',  ( 0.0000000000000000000, 0.0000000000000000000, -1.000000000000000000 ) ) ;
#7530 = ADVANCED_FACE ( 'NONE', ( #10140 ), #645, .T. ) ;
#7531 = DIRECTION ( 'NONE',  ( 1.000000000000000000, 0.0000000000000000000, 0.0000000000000000000 ) ) ;
#7532 = FACE_OUTER_BOUND ( 'NONE', #11685, .T. ) ;
#7533 = STYLED_ITEM ( 'NONE', ( #4605 ), #8088 ) ;
#7534 = ORIENTED_EDGE ( 'NONE', *, *, #204, .T. ) ;
#7535 = CARTESIAN_POINT ( 'NONE',  ( -38.38499493012302800, 25.10000000000000500, 56.83639580559807300 ) ) ;
#7536 = DIRECTION ( 'NONE',  ( -0.0000000000000000000, -0.0000000000000000000, 1.000000000000000000 ) ) ;
#7537 = DIRECTION ( 'NONE',  ( 1.000000000000000000, 0.0000000000000000000, 0.0000000000000000000 ) ) ;
#7538 = VECTOR ( 'NONE', #39, 1000.000000000000000 ) ;
#7539 = FILL_AREA_STYLE ('',( #5741 ) ) ;
#7540 = EDGE_CURVE ( 'NONE', #4955, #2485, #1784, .T. ) ;
#7541 = ADVANCED_FACE ( 'NONE', ( #4614 ), #8993, .T. ) ;
#7542 = ORIENTED_EDGE ( 'NONE', *, *, #8972, .T. ) ;
#7543 = FACE_OUTER_BOUND ( 'NONE', #5474, .T. ) ;
#7544 = PLANE ( 'NONE',  #6473 ) ;
#7545 = COLOUR_RGB ( '',0.8941176470588234600, 0.9137254901960784000, 0.9294117647058823800 ) ;
#7546 = CARTESIAN_POINT ( 'NONE',  ( -8.000000000000000000, 9.797174393178825700E-016, -48.00000000000000000 ) ) ;
#7547 = LINE ( 'NONE', #9818, #4743 ) ;
#7548 = DIRECTION ( 'NONE',  ( 1.000000000000000000, 0.0000000000000000000, 0.0000000000000000000 ) ) ;
#7549 = AXIS2_PLACEMENT_3D ( 'NONE', #75, #10859, #910 ) ;
#7550 = CARTESIAN_POINT ( 'NONE',  ( -40.49999999999997900, -40.49999999999998600, 48.25000000000000000 ) ) ;
#7551 = DIRECTION ( 'NONE',  ( -0.0000000000000000000, 0.0000000000000000000, 1.000000000000000000 ) ) ;
#7552 = CARTESIAN_POINT ( 'NONE',  ( 38.46999999999999200, -23.09999999999999800, 55.99999999999999300 ) ) ;
#7553 = VERTEX_POINT ( 'NONE', #365 ) ;
#7554 = ORIENTED_EDGE ( 'NONE', *, *, #9586, .T. ) ;
#7555 = CIRCLE ( 'NONE', #1738, 0.2500000000000002200 ) ;
#7556 = PRESENTATION_STYLE_ASSIGNMENT (( #11711 ) ) ;
#7557 = AXIS2_PLACEMENT_3D ( 'NONE', #2357, #7700, #9555 ) ;
#7558 = CIRCLE ( 'NONE', #8221, 7.000000000000000000 ) ;
#7559 = EDGE_CURVE ( 'NONE', #3732, #11302, #236, .T. ) ;
#7560 = CARTESIAN_POINT ( 'NONE',  ( -22.59999999999986600, -38.97000000000007000, 57.79579263126747400 ) ) ;
#7561 = CARTESIAN_POINT ( 'NONE',  ( -3.200000000000000600, 6.000000000000000000, 97.60000000000000900 ) ) ;
#7562 = SURFACE_SIDE_STYLE ('',( #11684 ) ) ;
#7563 = AXIS2_PLACEMENT_3D ( 'NONE', #2041, #2964, #9281 ) ;
#7564 = EDGE_CURVE ( 'NONE', #6710, #5511, #9287, .T. ) ;
#7565 = AXIS2_PLACEMENT_3D ( 'NONE', #4038, #3205, #1420 ) ;
#7566 = ORIENTED_EDGE ( 'NONE', *, *, #10357, .T. ) ;
#7567 = ORIENTED_EDGE ( 'NONE', *, *, #10820, .F. ) ;
#7568 = CIRCLE ( 'NONE', #2507, 2.999999999999999100 ) ;
#7569 = CIRCLE ( 'NONE', #10268, 0.5000000000000004400 ) ;
#7570 = CARTESIAN_POINT ( 'NONE',  ( -21.84999999999997700, -38.44000000000001200, -59.00000000000000000 ) ) ;
#7571 = CIRCLE ( 'NONE', #356, 0.2500000000000002200 ) ;
#7572 = ORIENTED_EDGE ( 'NONE', *, *, #1348, .F. ) ;
#7573 = CARTESIAN_POINT ( 'NONE',  ( -36.66179187000948000, 22.59999999999999800, 57.00034395000822200 ) ) ;
#7574 = MECHANICAL_DESIGN_GEOMETRIC_PRESENTATION_REPRESENTATION (  '', ( #1090 ), #4578 ) ;
#7575 = CARTESIAN_POINT ( 'NONE',  ( 25.09999999999959600, 38.97000000000025500, 56.49999999999999300 ) ) ;
#7576 = EDGE_CURVE ( 'NONE', #1492, #6458, #1631, .T. ) ;
#7577 = ORIENTED_EDGE ( 'NONE', *, *, #5112, .F. ) ;
#7578 = ORIENTED_EDGE ( 'NONE', *, *, #795, .T. ) ;
#7579 = FACE_OUTER_BOUND ( 'NONE', #3554, .T. ) ;
#7580 = TOROIDAL_SURFACE ( 'NONE', #10105, 1.500000000000004700, 0.2500000000000000000 ) ;
#7581 = DIRECTION ( 'NONE',  ( -0.0000000000000000000, 1.000000000000000000, 0.0000000000000000000 ) ) ;
#7582 = DIRECTION ( 'NONE',  ( 0.0000000000000000000, 1.000000000000000000, 0.0000000000000000000 ) ) ;
#7583 = ORIENTED_EDGE ( 'NONE', *, *, #2001, .T. ) ;
#7584 = DIRECTION ( 'NONE',  ( -1.000000000000000000, 1.521687259628777600E-015, -0.0000000000000000000 ) ) ;
#7585 = PLANE ( 'NONE',  #8970 ) ;
#7586 = ADVANCED_FACE ( 'NONE', ( #11000 ), #2058, .T. ) ;
#7587 = DIRECTION ( 'NONE',  ( 0.0000000000000000000, 0.0000000000000000000, -1.000000000000000000 ) ) ;
#7588 = DIRECTION ( 'NONE',  ( 1.000000000000000000, 0.0000000000000000000, 0.0000000000000000000 ) ) ;
#7589 = CARTESIAN_POINT ( 'NONE',  ( 0.0000000000000000000, 0.0000000000000000000, 59.59999999999996600 ) ) ;
#7590 = VERTEX_POINT ( 'NONE', #1459 ) ;
#7591 = DIRECTION ( 'NONE',  ( 1.000000000000000000, 0.0000000000000000000, 0.0000000000000000000 ) ) ;
#7593 = B_SPLINE_CURVE_WITH_KNOTS ( 'NONE', 3,
 ( #9280, #3997, #10321, #8353, #4893, #3927 ),
 .UNSPECIFIED., .F., .F.,
 ( 4, 2, 4 ),
 ( 0.01713536489727010200, 0.01805660470586271200, 0.01897784451445532600 ),
 .UNSPECIFIED. ) ;
#7592 = LINE ( 'NONE', #6183, #11467 ) ;
#7594 = EDGE_CURVE ( 'NONE', #841, #4822, #3925, .T. ) ;
#7595 = DIRECTION ( 'NONE',  ( 1.000000000000000000, 0.0000000000000000000, 0.0000000000000000000 ) ) ;
#7596 = PLANE ( 'NONE',  #2993 ) ;
#7597 = CARTESIAN_POINT ( 'NONE',  ( -22.02930228490713600, -38.97000000000005600, 57.55735127863043500 ) ) ;
#7598 = VERTEX_POINT ( 'NONE', #539 ) ;
#7599 = EDGE_LOOP ( 'NONE', ( #10736, #4331, #5175, #24 ) ) ;
#7600 = ADVANCED_FACE ( 'NONE', ( #10716 ), #3405, .F. ) ;
#7601 = CARTESIAN_POINT ( 'NONE',  ( -38.43999999999999800, 19.84999999999999400, 58.75000000000000000 ) ) ;
#7602 = AXIS2_PLACEMENT_3D ( 'NONE', #6907, #3411, #4401 ) ;
#7603 = ORIENTED_EDGE ( 'NONE', *, *, #10501, .T. ) ;
#7604 = DIRECTION ( 'NONE',  ( 1.000000000000000000, 0.0000000000000000000, 0.0000000000000000000 ) ) ;
#7605 = EDGE_CURVE ( 'NONE', #8332, #11353, #5309, .T. ) ;
#7606 = CYLINDRICAL_SURFACE ( 'NONE', #2818, 2.999999999999999100 ) ;
#7607 = DIRECTION ( 'NONE',  ( 1.000000000000000000, -0.0000000000000000000, 0.0000000000000000000 ) ) ;
#7608 = CARTESIAN_POINT ( 'NONE',  ( 23.59999999999960400, 37.97000000000024000, 56.49999999999999300 ) ) ;
#7609 = CARTESIAN_POINT ( 'NONE',  ( 22.59999999999960400, 37.97000000000022600, 57.79579263126747400 ) ) ;
#7610 = EDGE_LOOP ( 'NONE', ( #3384, #1565 ) ) ;
#7611 = DIRECTION ( 'NONE',  ( 0.0000000000000000000, 0.0000000000000000000, 1.000000000000000000 ) ) ;
#7612 = CARTESIAN_POINT ( 'NONE',  ( 28.20000000000000300, 40.00000000000000000, -48.00000000000000000 ) ) ;
#7613 = CIRCLE ( 'NONE', #7804, 3.500000000000003100 ) ;
#7614 = VERTEX_POINT ( 'NONE', #8757 ) ;
#7615 = PLANE ( 'NONE',  #17 ) ;
#7616 = CARTESIAN_POINT ( 'NONE',  ( 43.00000000000000000, -19.59999999999999400, 56.24999999999999300 ) ) ;
#7617 = ORIENTED_EDGE ( 'NONE', *, *, #11772, .F. ) ;
#7618 =( NAMED_UNIT ( * ) SI_UNIT ( $, .STERADIAN. ) SOLID_ANGLE_UNIT ( ) );
#7619 = EDGE_LOOP ( 'NONE', ( #8629, #6031 ) ) ;
#7620 = DIRECTION ( 'NONE',  ( 0.0000000000000000000, -0.0000000000000000000, 1.000000000000000000 ) ) ;
#7621 = DIRECTION ( 'NONE',  ( 1.000000000000000000, 0.0000000000000000000, 0.0000000000000000000 ) ) ;
#7622 = LINE ( 'NONE', #926, #11216 ) ;
#7623 = AXIS2_PLACEMENT_3D ( 'NONE', #7882, #4354, #10731 ) ;
#7624 = ORIENTED_EDGE ( 'NONE', *, *, #260, .T. ) ;
#7625 =( NAMED_UNIT ( * ) SI_UNIT ( $, .STERADIAN. ) SOLID_ANGLE_UNIT ( ) );
#7626 = CARTESIAN_POINT ( 'NONE',  ( -25.19999999999998900, 42.99999999999999300, 48.00000000000000000 ) ) ;
#7627 = CARTESIAN_POINT ( 'NONE',  ( -31.19999999999998900, 31.19999999999999600, -59.00000000000000000 ) ) ;
#7628 = UNCERTAINTY_MEASURE_WITH_UNIT (LENGTH_MEASURE( 1.000000000000000100E-005 ), #2603, 'distance_accuracy_value', 'NONE');
#7629 = VERTEX_POINT ( 'NONE', #616 ) ;
#7630 = AXIS2_PLACEMENT_3D ( 'NONE', #9045, #2745, #4551 ) ;
#7631 = CIRCLE ( 'NONE', #6306, 0.2500000000000002200 ) ;
#7632 = CARTESIAN_POINT ( 'NONE',  ( -22.59999999999987000, -37.97000000000006300, 57.79579263126746700 ) ) ;
#7633 = LINE ( 'NONE', #11310, #2738 ) ;
#7634 = EDGE_LOOP ( 'NONE', ( #7220, #9362, #4142, #8119 ) ) ;
#7635 = DIRECTION ( 'NONE',  ( 0.0000000000000000000, 0.0000000000000000000, -1.000000000000000000 ) ) ;
#7636 = CARTESIAN_POINT ( 'NONE',  ( -23.59999999999986300, -39.67354704584619900, 57.47839634320756400 ) ) ;
#7637 = FILL_AREA_STYLE ('',( #4945 ) ) ;
#7638 = CARTESIAN_POINT ( 'NONE',  ( 0.0000000000000000000, 0.0000000000000000000, 97.40000000000000600 ) ) ;
#7639 = STYLED_ITEM ( 'NONE', ( #2091 ), #1506 ) ;
#7640 = ORIENTED_EDGE ( 'NONE', *, *, #10394, .T. ) ;
#7641 = EDGE_CURVE ( 'NONE', #7590, #3862, #4481, .T. ) ;
#7642 = ADVANCED_FACE ( 'NONE', ( #11425 ), #1918, .T. ) ;
#7643 = LINE ( 'NONE', #1955, #5262 ) ;
#7644 = ORIENTED_EDGE ( 'NONE', *, *, #5014, .T. ) ;
#7645 = PLANE ( 'NONE',  #11691 ) ;
#7646 = EDGE_LOOP ( 'NONE', ( #8216, #2449, #11336, #1872 ) ) ;
#7647 = CIRCLE ( 'NONE', #6685, 0.2500000000000002200 ) ;
#7648 =( NAMED_UNIT ( * ) SI_UNIT ( $, .STERADIAN. ) SOLID_ANGLE_UNIT ( ) );
#7649 = AXIS2_PLACEMENT_3D ( 'NONE', #6484, #6412, #1080 ) ;
#7650 = CARTESIAN_POINT ( 'NONE',  ( -9.103553390593294400, 0.0000000000000000000, -59.00000000000000000 ) ) ;
#7651 = AXIS2_PLACEMENT_3D ( 'NONE', #2481, #5312, #604 ) ;
#7652 = ORIENTED_EDGE ( 'NONE', *, *, #1814, .F. ) ;
#7653 = DIRECTION ( 'NONE',  ( -0.0000000000000000000, -0.0000000000000000000, 1.000000000000000000 ) ) ;
#7654 = CARTESIAN_POINT ( 'NONE',  ( -38.43999999999999800, 23.09999999999999100, -58.75000000000000000 ) ) ;
#7655 = DIRECTION ( 'NONE',  ( 0.0000000000000000000, 0.0000000000000000000, 1.000000000000000000 ) ) ;
#7656 = VECTOR ( 'NONE', #9530, 1000.000000000000000 ) ;
#7657 = VERTEX_POINT ( 'NONE', #9653 ) ;
#7658 = CARTESIAN_POINT ( 'NONE',  ( 0.0000000000000000000, 0.0000000000000000000, -57.99999999999997900 ) ) ;
#7659 = ADVANCED_FACE ( 'NONE', ( #1485 ), #10856, .F. ) ;
#7660 = CYLINDRICAL_SURFACE ( 'NONE', #8792, 0.2500000000000002200 ) ;
#7661 = EDGE_CURVE ( 'NONE', #10120, #4034, #7831, .T. ) ;
#7662 = CARTESIAN_POINT ( 'NONE',  ( 28.20000000000000300, 43.00000000000000000, 48.00000000000000000 ) ) ;
#7663 = CARTESIAN_POINT ( 'NONE',  ( 37.18999999999999800, -23.09999999999998700, 48.00000000000000000 ) ) ;
#7664 = CARTESIAN_POINT ( 'NONE',  ( 19.59999999999999400, 43.00000000000000700, 58.75000000000000000 ) ) ;
#7665 = CARTESIAN_POINT ( 'NONE',  ( -38.46999999999999200, 25.10000000000000500, 56.83639580559805200 ) ) ;
#7666 = TOROIDAL_SURFACE ( 'NONE', #453, 2.750000000000000900, 0.2500000000000000000 ) ;
#7667 = ORIENTED_EDGE ( 'NONE', *, *, #5894, .F. ) ;
#7668 = FACE_BOUND ( 'NONE', #4206, .T. ) ;
#7669 = B_SPLINE_CURVE_WITH_KNOTS ( 'NONE', 3,
 ( #9914, #1625, #10837, #2721, #9024, #11590, #11766, #883 ),
 .UNSPECIFIED., .F., .F.,
 ( 4, 2, 2, 4 ),
 ( 0.01712125363646609100, 0.01758061768880458600, 0.01803998174114307800, 0.01895870984582007800 ),
 .UNSPECIFIED. ) ;
#7670 = VECTOR ( 'NONE', #2097, 1000.000000000000000 ) ;
#7671 = AXIS2_PLACEMENT_3D ( 'NONE', #6770, #5897, #3992 ) ;
#7672 = CARTESIAN_POINT ( 'NONE',  ( 37.96999999999999200, -22.60000000000000100, 56.49999999999999300 ) ) ;
#7673 = DIRECTION ( 'NONE',  ( -1.000000000000000000, 0.0000000000000000000, 0.0000000000000000000 ) ) ;
#7674 = DIRECTION ( 'NONE',  ( 0.0000000000000000000, 0.0000000000000000000, -1.000000000000000000 ) ) ;
#7675 = EDGE_CURVE ( 'NONE', #11232, #1849, #2346, .T. ) ;
#7676 = CARTESIAN_POINT ( 'NONE',  ( -23.59999999999985900, -40.47000000000007700, 56.75896736903245500 ) ) ;
#7677 = DIRECTION ( 'NONE',  ( -1.000000000000000000, 0.0000000000000000000, 0.0000000000000000000 ) ) ;
#7678 = EDGE_LOOP ( 'NONE', ( #9501, #6967, #6286, #7261, #6266, #1898, #9189, #9923, #1164, #3580 ) ) ;
#7679 = CONICAL_SURFACE ( 'NONE', #1823, 9.000000000000021300, 0.7853981633974482800 ) ;
#7680 = ORIENTED_EDGE ( 'NONE', *, *, #6350, .T. ) ;
#7681 = DIRECTION ( 'NONE',  ( -0.0000000000000000000, -0.0000000000000000000, 1.000000000000000000 ) ) ;
#7682 = AXIS2_PLACEMENT_3D ( 'NONE', #4475, #4440, #6276 ) ;
#7683 = CARTESIAN_POINT ( 'NONE',  ( 34.79999999999999000, 34.79999999999999700, 38.80761184457487200 ) ) ;
#7684 = DIRECTION ( 'NONE',  ( -0.0000000000000000000, -0.0000000000000000000, 1.000000000000000000 ) ) ;
#7685 = ORIENTED_EDGE ( 'NONE', *, *, #6729, .T. ) ;
#7686 = ORIENTED_EDGE ( 'NONE', *, *, #6496, .T. ) ;
#7687 = COLOUR_RGB ( '',0.8941176470588234600, 0.9137254901960784000, 0.9294117647058823800 ) ;
#7688 = FACE_OUTER_BOUND ( 'NONE', #3219, .T. ) ;
#7689 = EDGE_CURVE ( 'NONE', #8619, #9327, #3054, .T. ) ;
#7690 = FILL_AREA_STYLE_COLOUR ( '', #9941 ) ;
#7691 = EDGE_CURVE ( 'NONE', #11699, #7514, #8686, .T. ) ;
#7692 = DIRECTION ( 'NONE',  ( 1.000000000000000000, 0.0000000000000000000, 0.0000000000000000000 ) ) ;
#7693 = ORIENTED_EDGE ( 'NONE', *, *, #1140, .F. ) ;
#7694 = ORIENTED_EDGE ( 'NONE', *, *, #10287, .F. ) ;
#7695 = VECTOR ( 'NONE', #3739, 1000.000000000000000 ) ;
#7696 = DIRECTION ( 'NONE',  ( 0.0000000000000000000, 0.0000000000000000000, -1.000000000000000000 ) ) ;
#7697 = CYLINDRICAL_SURFACE ( 'NONE', #7199, 3.000000000000002700 ) ;
#7698 = EDGE_CURVE ( 'NONE', #6399, #5167, #11730, .T. ) ;
#7699 = ADVANCED_FACE ( 'NONE', ( #5026 ), #8401, .F. ) ;
#7700 = DIRECTION ( 'NONE',  ( 1.000000000000000000, -1.521687259628777600E-015, 0.0000000000000000000 ) ) ;
#7701 = STYLED_ITEM ( 'NONE', ( #1493 ), #9398 ) ;
#7702 = DIRECTION ( 'NONE',  ( 0.0000000000000000000, 0.0000000000000000000, -1.000000000000000000 ) ) ;
#7703 = CARTESIAN_POINT ( 'NONE',  ( 26.34999999999998700, 38.43999999999999800, 56.24999999999999300 ) ) ;
#7704 = LINE ( 'NONE', #11416, #5319 ) ;
#7705 = CARTESIAN_POINT ( 'NONE',  ( -42.74999999999998600, -40.49999999999997900, 59.00000000000000000 ) ) ;
#7706 = EDGE_LOOP ( 'NONE', ( #1258, #3359, #11106, #3876 ) ) ;
#7707 = AXIS2_PLACEMENT_3D ( 'NONE', #3194, #11394, #4100 ) ;
#7708 = ORIENTED_EDGE ( 'NONE', *, *, #5798, .F. ) ;
#7709 = EDGE_LOOP ( 'NONE', ( #1296, #6871, #7439, #1664, #2274, #8966, #5957, #458, #1520, #1708 ) ) ;
#7710 = CARTESIAN_POINT ( 'NONE',  ( 21.84999999999999400, 38.44000000000001200, -48.00000000000000000 ) ) ;
#7711 = SURFACE_SIDE_STYLE ('',( #1263 ) ) ;
#7712 = EDGE_CURVE ( 'NONE', #10853, #10415, #5450, .T. ) ;
#7713 = CARTESIAN_POINT ( 'NONE',  ( 23.09999999999999400, 38.44000000000001200, -59.00000000000000000 ) ) ;
#7714 = CYLINDRICAL_SURFACE ( 'NONE', #7671, 1.250000000000008000 ) ;
#7715 = ADVANCED_FACE ( 'NONE', ( #2645 ), #8633, .F. ) ;
#7716 = ORIENTED_EDGE ( 'NONE', *, *, #3868, .F. ) ;
#7717 = CARTESIAN_POINT ( 'NONE',  ( 0.0000000000000000000, 0.0000000000000000000, 47.99999999999999300 ) ) ;
#7718 = CARTESIAN_POINT ( 'NONE',  ( 5.999999999999999100, 3.605551275463991300, 97.60000000000000900 ) ) ;
#7719 = CARTESIAN_POINT ( 'NONE',  ( -37.96999999999999200, 22.60000000000000100, 56.49999999999999300 ) ) ;
#7720 = CARTESIAN_POINT ( 'NONE',  ( 26.09999999999998000, 38.43999999999999800, 55.99999999999999300 ) ) ;
#7721 = AXIS2_PLACEMENT_3D ( 'NONE', #1244, #4856, #4971 ) ;
#7722 = DIRECTION ( 'NONE',  ( 1.521687259628777600E-015, 1.000000000000000000, -0.0000000000000000000 ) ) ;
#7723 = PRESENTATION_LAYER_ASSIGNMENT (  '', '', ( #6758 ) ) ;
#7724 = EDGE_LOOP ( 'NONE', ( #1676, #8474, #6925, #11386 ) ) ;
#7725 = CIRCLE ( 'NONE', #1359, 2.500000000000002200 ) ;
#7726 = DIRECTION ( 'NONE',  ( 1.000000000000000000, -1.521687259628777600E-015, 0.0000000000000000000 ) ) ;
#7727 = CIRCLE ( 'NONE', #9264, 2.999999999999999100 ) ;
#7728 = DIRECTION ( 'NONE',  ( -0.0000000000000000000, -1.000000000000000000, 0.0000000000000000000 ) ) ;
#7729 = LINE ( 'NONE', #558, #2815 ) ;
#7730 = ORIENTED_EDGE ( 'NONE', *, *, #7914, .F. ) ;
#7731 = EDGE_CURVE ( 'NONE', #10381, #1622, #3639, .T. ) ;
#7732 = CARTESIAN_POINT ( 'NONE',  ( -1.747239518372058400E-015, 48.99999999999999300, -53.50000000000000000 ) ) ;
#7733 = EDGE_LOOP ( 'NONE', ( #11575, #4849, #1773, #9576 ) ) ;
#7734 = VERTEX_POINT ( 'NONE', #4393 ) ;
#7735 = FACE_OUTER_BOUND ( 'NONE', #6735, .T. ) ;
#7736 = ORIENTED_EDGE ( 'NONE', *, *, #8726, .F. ) ;
#7737 = FACE_OUTER_BOUND ( 'NONE', #8362, .T. ) ;
#7738 =( NAMED_UNIT ( * ) SI_UNIT ( $, .STERADIAN. ) SOLID_ANGLE_UNIT ( ) );
#7739 = CIRCLE ( 'NONE', #3466, 1.250000000000008000 ) ;
#7740 = ORIENTED_EDGE ( 'NONE', *, *, #8461, .T. ) ;
#7741 = AXIS2_PLACEMENT_3D ( 'NONE', #4318, #6159, #2584 ) ;
#7742 = CARTESIAN_POINT ( 'NONE',  ( 39.54069771509270500, -23.59999999999999800, 57.55735127863043500 ) ) ;
#7743 = CARTESIAN_POINT ( 'NONE',  ( 37.96999999999999200, -23.60000000000000100, 56.49999999999999300 ) ) ;
#7744 = CARTESIAN_POINT ( 'NONE',  ( 23.09999999999999400, 38.44000000000001200, -48.00000000000000000 ) ) ;
#7745 = DIRECTION ( 'NONE',  ( 0.0000000000000000000, 1.000000000000000000, 0.0000000000000000000 ) ) ;
#7746 = EDGE_LOOP ( 'NONE', ( #10223, #3239, #9151, #3314 ) ) ;
#7747 = B_SPLINE_CURVE_WITH_KNOTS ( 'NONE', 3,
 ( #396, #10256, #1181, #7561 ),
 .UNSPECIFIED., .F., .F.,
 ( 4, 4 ),
 ( 0.01354200361288441400, 0.01399498184478270600 ),
 .UNSPECIFIED. ) ;
#7748 = ORIENTED_EDGE ( 'NONE', *, *, #8933, .F. ) ;
#7749 = LINE ( 'NONE', #4977, #11340 ) ;
#7750 = EDGE_CURVE ( 'NONE', #1447, #2984, #6441, .T. ) ;
#7751 = CARTESIAN_POINT ( 'NONE',  ( -42.99999999999999300, -25.20000000000001000, -58.75000000000000000 ) ) ;
#7752 = SURFACE_SIDE_STYLE ('',( #4004 ) ) ;
#7753 = CARTESIAN_POINT ( 'NONE',  ( -23.59999999999986600, -39.54069771509279700, 57.55735127863046300 ) ) ;
#7754 = VERTEX_POINT ( 'NONE', #9931 ) ;
#7755 = CARTESIAN_POINT ( 'NONE',  ( 36.94000000000000500, -23.09999999999998700, 55.74999999999999300 ) ) ;
#7756 = AXIS2_PLACEMENT_3D ( 'NONE', #6334, #11676, #922 ) ;
#7757 = VERTEX_POINT ( 'NONE', #7719 ) ;
#7758 = VERTEX_POINT ( 'NONE', #11700 ) ;
#7759 = ADVANCED_FACE ( 'NONE', ( #6302 ), #6157, .T. ) ;
#7760 = EDGE_LOOP ( 'NONE', ( #5940, #1592 ) ) ;
#7761 = EDGE_CURVE ( 'NONE', #5495, #2672, #4053, .T. ) ;
#7762 = CARTESIAN_POINT ( 'NONE',  ( -37.96999999999999200, 25.10000000000000500, 56.49999999999999300 ) ) ;
#7763 = DIRECTION ( 'NONE',  ( 0.0000000000000000000, -0.0000000000000000000, -1.000000000000000000 ) ) ;
#7764 = ORIENTED_EDGE ( 'NONE', *, *, #868, .T. ) ;
#7765 = DIRECTION ( 'NONE',  ( 1.000000000000000000, 0.0000000000000000000, 0.0000000000000000000 ) ) ;
#7766 = CIRCLE ( 'NONE', #5313, 2.999999999999999100 ) ;
#7767 = DIRECTION ( 'NONE',  ( 0.0000000000000000000, 0.0000000000000000000, 1.000000000000000000 ) ) ;
#7768 = CARTESIAN_POINT ( 'NONE',  ( 23.09999999999999400, 38.44000000000001200, 48.25000000000000000 ) ) ;
#7769 = ORIENTED_EDGE ( 'NONE', *, *, #7463, .F. ) ;
#7770 = CIRCLE ( 'NONE', #9738, 1.250000000000008000 ) ;
#7771 = ORIENTED_EDGE ( 'NONE', *, *, #11717, .T. ) ;
#7772 = PRESENTATION_LAYER_ASSIGNMENT (  '', '', ( #306 ) ) ;
#7773 = UNCERTAINTY_MEASURE_WITH_UNIT (LENGTH_MEASURE( 1.000000000000000100E-005 ), #6007, 'distance_accuracy_value', 'NONE');
#7774 = ADVANCED_FACE ( 'NONE', ( #222 ), #11137, .T. ) ;
#7775 = VERTEX_POINT ( 'NONE', #6235 ) ;
#7776 = CARTESIAN_POINT ( 'NONE',  ( 40.27820812999048900, -23.60000000000000500, 57.00034395000823700 ) ) ;
#7777 = EDGE_CURVE ( 'NONE', #2272, #7411, #8272, .T. ) ;
#7778 = CIRCLE ( 'NONE', #8624, 2.499999999999998700 ) ;
#7779 = ORIENTED_EDGE ( 'NONE', *, *, #4033, .T. ) ;
#7780 = SURFACE_SIDE_STYLE ('',( #10034 ) ) ;
#7781 = DIRECTION ( 'NONE',  ( 0.0000000000000000000, -0.0000000000000000000, -1.000000000000000000 ) ) ;
#7782 = VECTOR ( 'NONE', #9996, 1000.000000000000000 ) ;
#7783 = CARTESIAN_POINT ( 'NONE',  ( -38.43999999999999800, 26.09999999999999100, 56.24999999999999300 ) ) ;
#7784 = EDGE_CURVE ( 'NONE', #9175, #2984, #1357, .T. ) ;
#7785 = EDGE_LOOP ( 'NONE', ( #6066, #1148 ) ) ;
#7786 = COLOUR_RGB ( '',0.2000000000000000100, 0.2000000000000000100, 0.2000000000000000100 ) ;
#7787 =( GEOMETRIC_REPRESENTATION_CONTEXT ( 3 ) GLOBAL_UNCERTAINTY_ASSIGNED_CONTEXT ( ( #10285 ) ) GLOBAL_UNIT_ASSIGNED_CONTEXT ( ( #10257, #1216, #8520 ) ) REPRESENTATION_CONTEXT ( 'NONE', 'WORKASPACE' ) );
#7788 = VERTEX_POINT ( 'NONE', #901 ) ;
#7789 = AXIS2_PLACEMENT_3D ( 'NONE', #11035, #9107, #2726 ) ;
#7790 = VERTEX_POINT ( 'NONE', #8924 ) ;
#7791 = PLANE ( 'NONE',  #1621 ) ;
#7792 = CYLINDRICAL_SURFACE ( 'NONE', #1375, 0.2500000000000002200 ) ;
#7793 = ORIENTED_EDGE ( 'NONE', *, *, #8180, .T. ) ;
#7794 = DIRECTION ( 'NONE',  ( 8.501585775512797600E-017, -1.000000000000000000, 0.0000000000000000000 ) ) ;
#7795 = ORIENTED_EDGE ( 'NONE', *, *, #9981, .F. ) ;
#7796 = VECTOR ( 'NONE', #9436, 1000.000000000000000 ) ;
#7797 = DIRECTION ( 'NONE',  ( 0.0000000000000000000, -0.0000000000000000000, -1.000000000000000000 ) ) ;
#7798 = CARTESIAN_POINT ( 'NONE',  ( -42.74999999999999300, 26.59999999999999800, 56.24999999999999300 ) ) ;
#7799 = DIRECTION ( 'NONE',  ( 0.0000000000000000000, 0.0000000000000000000, -1.000000000000000000 ) ) ;
#7800 = AXIS2_PLACEMENT_3D ( 'NONE', #2731, #892, #5399 ) ;
#7801 =( NAMED_UNIT ( * ) PLANE_ANGLE_UNIT ( ) SI_UNIT ( $, .RADIAN. ) );
#7802 = EDGE_CURVE ( 'NONE', #3294, #4392, #3494, .T. ) ;
#7803 = EDGE_LOOP ( 'NONE', ( #2799, #10092, #816, #482 ) ) ;
#7804 = AXIS2_PLACEMENT_3D ( 'NONE', #3497, #2461, #873 ) ;
#7805 = DIRECTION ( 'NONE',  ( -1.000000000000000000, 0.0000000000000000000, 0.0000000000000000000 ) ) ;
#7806 = CIRCLE ( 'NONE', #5676, 0.2500000000000002200 ) ;
#7807 = CIRCLE ( 'NONE', #5086, 3.000000000000002700 ) ;
#7808 = DIRECTION ( 'NONE',  ( -0.0000000000000000000, -0.0000000000000000000, 1.000000000000000000 ) ) ;
#7809 = CARTESIAN_POINT ( 'NONE',  ( 23.09999999999998000, 38.44000000000000500, 58.75000000000000000 ) ) ;
#7810 = PLANE ( 'NONE',  #9201 ) ;
#7811 = VECTOR ( 'NONE', #5176, 1000.000000000000000 ) ;
#7812 = ORIENTED_EDGE ( 'NONE', *, *, #8688, .F. ) ;
#7813 = FACE_OUTER_BOUND ( 'NONE', #8183, .T. ) ;
#7814 =( NAMED_UNIT ( * ) SI_UNIT ( $, .STERADIAN. ) SOLID_ANGLE_UNIT ( ) );
#7815 = LINE ( 'NONE', #4649, #199 ) ;
#7816 = EDGE_CURVE ( 'NONE', #1925, #5378, #9857, .T. ) ;
#7817 = LINE ( 'NONE', #7601, #3041 ) ;
#7818 = DIRECTION ( 'NONE',  ( -1.000000000000000000, 0.0000000000000000000, 0.0000000000000000000 ) ) ;
#7819 = ADVANCED_FACE ( 'NONE', ( #5586 ), #9893, .F. ) ;
#7820 = DIRECTION ( 'NONE',  ( 1.000000000000000000, 0.0000000000000000000, 0.0000000000000000000 ) ) ;
#7821 = DIRECTION ( 'NONE',  ( -4.688441826964347300E-016, 1.000000000000000000, -0.0000000000000000000 ) ) ;
#7822 = DIRECTION ( 'NONE',  ( -0.0000000000000000000, 0.0000000000000000000, 1.000000000000000000 ) ) ;
#7823 = B_SPLINE_CURVE_WITH_KNOTS ( 'NONE', 3,
 ( #7560, #6627, #428, #7597, #1214, #2455, #9693, #11170 ),
 .UNSPECIFIED., .F., .F.,
 ( 4, 2, 2, 4 ),
 ( 0.01712125363646608800, 0.01758061768880457600, 0.01803998174114306700, 0.01895870984582006400 ),
 .UNSPECIFIED. ) ;
#7824 = DIRECTION ( 'NONE',  ( -0.0000000000000000000, 0.0000000000000000000, 1.000000000000000000 ) ) ;
#7825 = AXIS2_PLACEMENT_3D ( 'NONE', #4329, #8735, #4175 ) ;
#7826 = EDGE_LOOP ( 'NONE', ( #7904, #400 ) ) ;
#7827 = ORIENTED_EDGE ( 'NONE', *, *, #7487, .F. ) ;
#7828 = CIRCLE ( 'NONE', #10945, 0.2500000000000002200 ) ;
#7829 = CIRCLE ( 'NONE', #2535, 2.500000000000002200 ) ;
#7830 = CARTESIAN_POINT ( 'NONE',  ( -38.43999999999999800, 23.09999999999999100, 48.00000000000000000 ) ) ;
#7831 = CIRCLE ( 'NONE', #1645, 2.999999999999999100 ) ;
#7832 = DIRECTION ( 'NONE',  ( 0.0000000000000000000, 0.0000000000000000000, 1.000000000000000000 ) ) ;
#7833 = EDGE_CURVE ( 'NONE', #1578, #10708, #7547, .T. ) ;
#7834 = ADVANCED_FACE ( 'NONE', ( #1061 ), #9552, .T. ) ;
#7835 = DIRECTION ( 'NONE',  ( 0.0000000000000000000, 0.0000000000000000000, -1.000000000000000000 ) ) ;
#7836 = DIRECTION ( 'NONE',  ( -0.0000000000000000000, 0.0000000000000000000, 1.000000000000000000 ) ) ;
#7837 = CARTESIAN_POINT ( 'NONE',  ( -21.09999999999987400, -38.05093335580693300, 56.78443171315533500 ) ) ;
#7838 = VERTEX_POINT ( 'NONE', #10044 ) ;
#7839 = EDGE_LOOP ( 'NONE', ( #1797, #5923, #546, #5377 ) ) ;
#7840 = LINE ( 'NONE', #7062, #11737 ) ;
#7841 = VECTOR ( 'NONE', #6549, 1000.000000000000000 ) ;
#7842 = DIRECTION ( 'NONE',  ( -1.000000000000000000, 0.0000000000000000000, 0.0000000000000000000 ) ) ;
#7843 = SURFACE_STYLE_FILL_AREA ( #7503 ) ;
#7844 = AXIS2_PLACEMENT_3D ( 'NONE', #1715, #1672, #7989 ) ;
#7845 = DIRECTION ( 'NONE',  ( -1.000000000000000000, -1.009412324758199600E-014, 1.108712219367988300E-016 ) ) ;
#7846 = DIRECTION ( 'NONE',  ( 0.0000000000000000000, 0.0000000000000000000, -1.000000000000000000 ) ) ;
#7847 = CARTESIAN_POINT ( 'NONE',  ( -24.68291872043516800, -38.97000000000008400, 57.21345909932559000 ) ) ;
#7848 = DIRECTION ( 'NONE',  ( -0.0000000000000000000, -0.0000000000000000000, 1.000000000000000000 ) ) ;
#7849 = EDGE_CURVE ( 'NONE', #10793, #2663, #7001, .T. ) ;
#7850 = ORIENTED_EDGE ( 'NONE', *, *, #595, .T. ) ;
#7851 = ORIENTED_EDGE ( 'NONE', *, *, #3851, .F. ) ;
#7852 = LINE ( 'NONE', #9166, #9435 ) ;
#7853 =( NAMED_UNIT ( * ) SI_UNIT ( $, .STERADIAN. ) SOLID_ANGLE_UNIT ( ) );
#7854 = TOROIDAL_SURFACE ( 'NONE', #6763, 1.500000000000004700, 0.2500000000000000000 ) ;
#7855 = EDGE_CURVE ( 'NONE', #8833, #156, #4178, .T. ) ;
#7856 = VECTOR ( 'NONE', #3094, 1000.000000000000000 ) ;
#7857 = ORIENTED_EDGE ( 'NONE', *, *, #1635, .F. ) ;
#7858 = DIRECTION ( 'NONE',  ( -1.000000000000000000, 0.0000000000000000000, 0.0000000000000000000 ) ) ;
#7859 = STYLED_ITEM ( 'NONE', ( #1318 ), #3291 ) ;
#7860 = DIRECTION ( 'NONE',  ( 1.000000000000000000, 0.0000000000000000000, 0.0000000000000000000 ) ) ;
#7861 = DIRECTION ( 'NONE',  ( -0.0000000000000000000, -0.0000000000000000000, 1.000000000000000000 ) ) ;
#7862 = EDGE_CURVE ( 'NONE', #1112, #4985, #4890, .T. ) ;
#7863 =( GEOMETRIC_REPRESENTATION_CONTEXT ( 3 ) GLOBAL_UNCERTAINTY_ASSIGNED_CONTEXT ( ( #2439 ) ) GLOBAL_UNIT_ASSIGNED_CONTEXT ( ( #270, #7389, #3849 ) ) REPRESENTATION_CONTEXT ( 'NONE', 'WORKASPACE' ) );
#7864 = DIRECTION ( 'NONE',  ( -4.130293990420970400E-016, 1.000000000000000000, 0.0000000000000000000 ) ) ;
#7865 = DIRECTION ( 'NONE',  ( -0.0000000000000000000, 0.0000000000000000000, 1.000000000000000000 ) ) ;
#7866 = ORIENTED_EDGE ( 'NONE', *, *, #4267, .T. ) ;
#7867 = VERTEX_POINT ( 'NONE', #5589 ) ;
#7868 = LINE ( 'NONE', #2267, #242 ) ;
#7869 = CIRCLE ( 'NONE', #2213, 0.2500000000000002200 ) ;
#7870 = CARTESIAN_POINT ( 'NONE',  ( 8.000000000000000000, 0.0000000000000000000, -58.99999999999999300 ) ) ;
#7871 = CARTESIAN_POINT ( 'NONE',  ( 23.59999999999959300, 38.97000000000024000, 56.49999999999999300 ) ) ;
#7872 = ORIENTED_EDGE ( 'NONE', *, *, #9230, .T. ) ;
#7873 = AXIS2_PLACEMENT_3D ( 'NONE', #5292, #792, #9787 ) ;
#7874 = SURFACE_STYLE_USAGE ( .BOTH. , #7711 ) ;
#7875 = EDGE_CURVE ( 'NONE', #5004, #10120, #7139, .T. ) ;
#7876 = EDGE_CURVE ( 'NONE', #4501, #11429, #10701, .T. ) ;
#7877 = ORIENTED_EDGE ( 'NONE', *, *, #4133, .F. ) ;
#7878 = VERTEX_POINT ( 'NONE', #1845 ) ;
#7879 = CARTESIAN_POINT ( 'NONE',  ( 39.69000000000001900, -23.09999999999998700, 48.00000000000000000 ) ) ;
#7880 = CYLINDRICAL_SURFACE ( 'NONE', #1449, 1.250000000000001100 ) ;
#7881 = DIRECTION ( 'NONE',  ( -1.000000000000000000, 0.0000000000000000000, 0.0000000000000000000 ) ) ;
#7882 = CARTESIAN_POINT ( 'NONE',  ( -23.09999999999997700, -38.44000000000001200, 48.00000000000000000 ) ) ;
#7883 = FILL_AREA_STYLE_COLOUR ( '', #11291 ) ;
#7884 = AXIS2_PLACEMENT_3D ( 'NONE', #9025, #9956, #6215 ) ;
#7885 = ORIENTED_EDGE ( 'NONE', *, *, #8667, .T. ) ;
#7886 = SURFACE_STYLE_FILL_AREA ( #10076 ) ;
#7887 = CARTESIAN_POINT ( 'NONE',  ( 28.20000000000000300, 43.00000000000000000, -48.00000000000000000 ) ) ;
#7888 = VERTEX_POINT ( 'NONE', #8169 ) ;
#7889 = PRESENTATION_LAYER_ASSIGNMENT (  '', '', ( #7275 ) ) ;
#7890 = ADVANCED_FACE ( 'NONE', ( #2334, #6714 ), #1922, .F. ) ;
#7891 = CARTESIAN_POINT ( 'NONE',  ( 34.79999999999999000, 34.79999999999999700, 48.00000000000000000 ) ) ;
#7892 = ORIENTED_EDGE ( 'NONE', *, *, #745, .F. ) ;
#7893 = CARTESIAN_POINT ( 'NONE',  ( 25.09999999999961100, 38.13213061928744500, 56.80355594003680900 ) ) ;
#7894 = EDGE_LOOP ( 'NONE', ( #7779, #7146, #1377, #5414 ) ) ;
#7895 = STYLED_ITEM ( 'NONE', ( #4593 ), #2957 ) ;
#7896 = FACE_OUTER_BOUND ( 'NONE', #10528, .T. ) ;
#7897 = VECTOR ( 'NONE', #6891, 1000.000000000000000 ) ;
#7898 = EDGE_CURVE ( 'NONE', #10894, #5549, #4325, .T. ) ;
#7899 = ORIENTED_EDGE ( 'NONE', *, *, #11, .F. ) ;
#7900 = CARTESIAN_POINT ( 'NONE',  ( 36.46999999999999900, -23.60000000000000100, 56.49999999999999300 ) ) ;
#7901 = CARTESIAN_POINT ( 'NONE',  ( -1.184017610587345300E-014, 43.00000000000000000, -53.50000000000000000 ) ) ;
#7902 = ADVANCED_FACE ( 'NONE', ( #2487 ), #9997, .T. ) ;
#7903 = ORIENTED_EDGE ( 'NONE', *, *, #1092, .T. ) ;
#7904 = ORIENTED_EDGE ( 'NONE', *, *, #11156, .T. ) ;
#7905 = ORIENTED_EDGE ( 'NONE', *, *, #7311, .T. ) ;
#7906 = CYLINDRICAL_SURFACE ( 'NONE', #11088, 0.2500000000000002200 ) ;
#7907 = AXIS2_PLACEMENT_3D ( 'NONE', #4924, #2190, #6841 ) ;
#7908 = CARTESIAN_POINT ( 'NONE',  ( -20.59999999999986600, -38.47000000000006300, 55.99999999999999300 ) ) ;
#7909 = ORIENTED_EDGE ( 'NONE', *, *, #7160, .T. ) ;
#7910 = ORIENTED_EDGE ( 'NONE', *, *, #1432, .F. ) ;
#7911 = CARTESIAN_POINT ( 'NONE',  ( -23.59999999999987000, -37.97000000000007000, 57.79579263126746700 ) ) ;
#7912 = CARTESIAN_POINT ( 'NONE',  ( 34.80000000000000400, -34.79999999999998300, 48.00000000000000000 ) ) ;
#7913 = DIRECTION ( 'NONE',  ( 1.000000000000000000, 0.0000000000000000000, -0.0000000000000000000 ) ) ;
#7914 = EDGE_CURVE ( 'NONE', #8208, #1976, #9708, .T. ) ;
#7915 = EDGE_LOOP ( 'NONE', ( #276, #5986, #327, #9762 ) ) ;
#7916 = VERTEX_POINT ( 'NONE', #2887 ) ;
#7917 = CARTESIAN_POINT ( 'NONE',  ( 39.94000000000001200, -23.09999999999998700, -58.75000000000000000 ) ) ;
#7918 = CIRCLE ( 'NONE', #11113, 2.999999999999999100 ) ;
#7919 = VERTEX_POINT ( 'NONE', #3772 ) ;
#7920 = SURFACE_STYLE_FILL_AREA ( #760 ) ;
#7921 = ORIENTED_EDGE ( 'NONE', *, *, #9572, .T. ) ;
#7922 = CARTESIAN_POINT ( 'NONE',  ( 38.43999999999999800, -26.59999999999998700, 58.75000000000000000 ) ) ;
#7923 = CARTESIAN_POINT ( 'NONE',  ( -28.19999999999998200, -40.00000000000000000, -48.00000000000000000 ) ) ;
#7924 = AXIS2_PLACEMENT_3D ( 'NONE', #5660, #3068, #340 ) ;
#7925 = CARTESIAN_POINT ( 'NONE',  ( -23.59999999999986600, -38.97000000000007700, 56.49999999999999300 ) ) ;
#7926 = CARTESIAN_POINT ( 'NONE',  ( -39.93999999999999800, 23.09999999999999100, 55.74999999999999300 ) ) ;
#7927 = ORIENTED_EDGE ( 'NONE', *, *, #4790, .F. ) ;
#7928 = TOROIDAL_SURFACE ( 'NONE', #3129, 3.499999999999999600, 0.2500000000000000000 ) ;
#7929 = EDGE_CURVE ( 'NONE', #2272, #8833, #9848, .T. ) ;
#7930 = EDGE_CURVE ( 'NONE', #10001, #10853, #9417, .T. ) ;
#7931 = ORIENTED_EDGE ( 'NONE', *, *, #2827, .F. ) ;
#7932 = ORIENTED_EDGE ( 'NONE', *, *, #4114, .F. ) ;
#7933 = CARTESIAN_POINT ( 'NONE',  ( -25.09999999999987000, -38.97000000000008400, 56.49999999999999300 ) ) ;
#7934 = DIRECTION ( 'NONE',  ( 0.0000000000000000000, -0.0000000000000000000, 1.000000000000000000 ) ) ;
#7935 = DIRECTION ( 'NONE',  ( 3.491481338843133400E-015, -1.000000000000000000, 0.0000000000000000000 ) ) ;
#7936 = DIRECTION ( 'NONE',  ( 1.000000000000000000, 0.0000000000000000000, 0.0000000000000000000 ) ) ;
#7937 = EDGE_LOOP ( 'NONE', ( #6430, #3670, #11070, #513 ) ) ;
#7938 = DIRECTION ( 'NONE',  ( 7.608436298143899900E-016, 1.000000000000000000, -0.0000000000000000000 ) ) ;
#7939 =( LENGTH_UNIT ( ) NAMED_UNIT ( * ) SI_UNIT ( .MILLI., .METRE. ) );
#7940 = CYLINDRICAL_SURFACE ( 'NONE', #11724, 0.2500000000000002200 ) ;
#7941 = AXIS2_PLACEMENT_3D ( 'NONE', #392, #3965, #3123 ) ;
#7942 = ORIENTED_EDGE ( 'NONE', *, *, #8427, .T. ) ;
#7943 = ORIENTED_EDGE ( 'NONE', *, *, #10777, .T. ) ;
#7944 = PLANE ( 'NONE',  #7995 ) ;
#7945 = FILL_AREA_STYLE_COLOUR ( '', #4585 ) ;
#7946 = CARTESIAN_POINT ( 'NONE',  ( -35.43999999999999800, 23.09999999999999100, 56.24999999999999300 ) ) ;
#7947 = AXIS2_PLACEMENT_3D ( 'NONE', #5322, #783, #8007 ) ;
#7948 = PLANE ( 'NONE',  #9698 ) ;
#7949 =( LENGTH_UNIT ( ) NAMED_UNIT ( * ) SI_UNIT ( .MILLI., .METRE. ) );
#7950 = PLANE ( 'NONE',  #5068 ) ;
#7951 = EDGE_CURVE ( 'NONE', #787, #6070, #10122, .T. ) ;
#7952 = CYLINDRICAL_SURFACE ( 'NONE', #3200, 3.000000000000002700 ) ;
#7953 = VERTEX_POINT ( 'NONE', #2744 ) ;
#7954 = CARTESIAN_POINT ( 'NONE',  ( -20.09999999999999100, -42.74999999999999300, 55.99999999999999300 ) ) ;
#7955 = FACE_OUTER_BOUND ( 'NONE', #2965, .T. ) ;
#7956 = VECTOR ( 'NONE', #2847, 1000.000000000000000 ) ;
#7957 = AXIS2_PLACEMENT_3D ( 'NONE', #1630, #7085, #2560 ) ;
#7958 = EDGE_CURVE ( 'NONE', #7867, #10584, #2194, .T. ) ;
#7959 = MECHANICAL_DESIGN_GEOMETRIC_PRESENTATION_REPRESENTATION (  '', ( #6758 ), #9183 ) ;
#7960 = VERTEX_POINT ( 'NONE', #4583 ) ;
#7961 = DIRECTION ( 'NONE',  ( -0.0000000000000000000, -0.0000000000000000000, 1.000000000000000000 ) ) ;
#7962 = CARTESIAN_POINT ( 'NONE',  ( 23.59999999999962100, 36.47000000000024800, 56.49999999999999300 ) ) ;
#7963 = ADVANCED_FACE ( 'NONE', ( #7392 ), #6845, .T. ) ;
#7964 = DIRECTION ( 'NONE',  ( -0.0000000000000000000, -0.0000000000000000000, -1.000000000000000000 ) ) ;
#7965 = TOROIDAL_SURFACE ( 'NONE', #2891, 3.500000000000001300, 0.2500000000000000000 ) ;
#7966 = ORIENTED_EDGE ( 'NONE', *, *, #5434, .F. ) ;
#7967 = FILL_AREA_STYLE ('',( #10688 ) ) ;
#7968 = DIRECTION ( 'NONE',  ( 1.000000000000000000, 0.0000000000000000000, 0.0000000000000000000 ) ) ;
#7969 = VECTOR ( 'NONE', #7229, 1000.000000000000000 ) ;
#7970 = AXIS2_PLACEMENT_3D ( 'NONE', #3559, #8161, #10763 ) ;
#7971 = DIRECTION ( 'NONE',  ( 0.0000000000000000000, 0.0000000000000000000, 1.000000000000000000 ) ) ;
#7972 = SURFACE_STYLE_USAGE ( .BOTH. , #11611 ) ;
#7973 = EDGE_CURVE ( 'NONE', #7878, #4822, #1345, .T. ) ;
#7974 = VERTEX_POINT ( 'NONE', #5792 ) ;
#7975 = LINE ( 'NONE', #733, #11710 ) ;
#7976 = PRESENTATION_STYLE_ASSIGNMENT (( #7205 ) ) ;
#7977 = DIRECTION ( 'NONE',  ( 1.000000000000000000, 0.0000000000000000000, 0.0000000000000000000 ) ) ;
#7978 = CARTESIAN_POINT ( 'NONE',  ( 38.43999999999999100, -26.09999999999998700, 55.99999999999999300 ) ) ;
#7979 = FACE_OUTER_BOUND ( 'NONE', #2054, .T. ) ;
#7980 = CARTESIAN_POINT ( 'NONE',  ( -25.09999999999987400, -37.97000000000007700, 56.49999999999999300 ) ) ;
#7981 = ORIENTED_EDGE ( 'NONE', *, *, #5994, .F. ) ;
#7982 = DIRECTION ( 'NONE',  ( 1.000000000000000000, 0.0000000000000000000, 0.0000000000000000000 ) ) ;
#7983 = EDGE_CURVE ( 'NONE', #5885, #2553, #1618, .T. ) ;
#7984 = ORIENTED_EDGE ( 'NONE', *, *, #9748, .T. ) ;
#7985 = VERTEX_POINT ( 'NONE', #2125 ) ;
#7986 = CARTESIAN_POINT ( 'NONE',  ( 37.96999999999999200, -25.10000000000000500, 56.49999999999999300 ) ) ;
#7987 = PLANE ( 'NONE',  #9111 ) ;
#7988 = LINE ( 'NONE', #3897, #2056 ) ;
#7989 = DIRECTION ( 'NONE',  ( -1.000000000000000000, 0.0000000000000000000, -0.0000000000000000000 ) ) ;
#7990 = CARTESIAN_POINT ( 'NONE',  ( 25.20000000000001000, -39.99999999999997900, -59.00000000000000000 ) ) ;
#7991 = PRESENTATION_STYLE_ASSIGNMENT (( #8881 ) ) ;
#7992 = B_SPLINE_CURVE_WITH_KNOTS ( 'NONE', 3,
 ( #491, #11356, #4104, #421, #10446, #2200 ),
 .UNSPECIFIED., .F., .F.,
 ( 4, 2, 4 ),
 ( 0.01191150001962905400, 0.01216198312822897400, 0.01241246623682889200 ),
 .UNSPECIFIED. ) ;
#7993 = CARTESIAN_POINT ( 'NONE',  ( -31.19999999999998200, -31.20000000000000600, -58.75000000000000000 ) ) ;
#7994 = CARTESIAN_POINT ( 'NONE',  ( -22.76039147670947900, -36.47000000000007000, 56.80943189897303100 ) ) ;
#7995 = AXIS2_PLACEMENT_3D ( 'NONE', #9870, #8950, #2552 ) ;
#7996 = ORIENTED_EDGE ( 'NONE', *, *, #1174, .F. ) ;
#7997 = ORIENTED_EDGE ( 'NONE', *, *, #7849, .T. ) ;
#7998 = LINE ( 'NONE', #5369, #7156 ) ;
#7999 = CARTESIAN_POINT ( 'NONE',  ( 21.59999999999999400, 38.44000000000001200, 48.00000000000000000 ) ) ;
#8000 = CIRCLE ( 'NONE', #8802, 3.250000000000002700 ) ;
#8001 = UNCERTAINTY_MEASURE_WITH_UNIT (LENGTH_MEASURE( 1.000000000000000100E-005 ), #2556, 'distance_accuracy_value', 'NONE');
#8002 = DIRECTION ( 'NONE',  ( -0.0000000000000000000, -0.0000000000000000000, 1.000000000000000000 ) ) ;
#8003 = LINE ( 'NONE', #2177, #4068 ) ;
#8004 = EDGE_CURVE ( 'NONE', #4400, #3837, #5865, .T. ) ;
#8005 = VERTEX_POINT ( 'NONE', #381 ) ;
#8006 = CARTESIAN_POINT ( 'NONE',  ( -38.04999999999999000, -34.80000000000000400, 58.75000000000000000 ) ) ;
#8007 = DIRECTION ( 'NONE',  ( 1.000000000000000000, 0.0000000000000000000, 0.0000000000000000000 ) ) ;
#8008 = CARTESIAN_POINT ( 'NONE',  ( -22.59999999999986600, -38.97000000000007000, 56.49999999999999300 ) ) ;
#8009 = CARTESIAN_POINT ( 'NONE',  ( 38.05093335580686900, -21.10000000000000500, 56.78443171315533500 ) ) ;
#8010 = CARTESIAN_POINT ( 'NONE',  ( 38.96999999999999200, -23.60000000000000100, 57.79579263126746700 ) ) ;
#8011 = ORIENTED_EDGE ( 'NONE', *, *, #2538, .F. ) ;
#8012 = ORIENTED_EDGE ( 'NONE', *, *, #9785, .T. ) ;
#8013 = FACE_OUTER_BOUND ( 'NONE', #9491, .T. ) ;
#8014 = LINE ( 'NONE', #6713, #4636 ) ;
#8015 = PLANE ( 'NONE',  #11561 ) ;
#8016 = PLANE ( 'NONE',  #9366 ) ;
#8017 = CIRCLE ( 'NONE', #4983, 0.2500000000000002200 ) ;
#8018 = SURFACE_SIDE_STYLE ('',( #2943 ) ) ;
#8019 = DIRECTION ( 'NONE',  ( 1.000000000000000000, 1.047444401652940000E-014, 0.0000000000000000000 ) ) ;
#8020 = CARTESIAN_POINT ( 'NONE',  ( 22.59999999999959300, 38.97000000000022600, 57.79579263126747400 ) ) ;
#8021 = EDGE_CURVE ( 'NONE', #7047, #11574, #11281, .T. ) ;
#8022 = DIRECTION ( 'NONE',  ( -0.0000000000000000000, -0.0000000000000000000, -1.000000000000000000 ) ) ;
#8023 = VERTEX_POINT ( 'NONE', #7467 ) ;
#8024 = ORIENTED_EDGE ( 'NONE', *, *, #1419, .F. ) ;
#8025 = LINE ( 'NONE', #4418, #3234 ) ;
#8026 = COLOUR_RGB ( '',0.8941176470588234600, 0.9137254901960784000, 0.9294117647058823800 ) ;
#8027 = ADVANCED_FACE ( 'NONE', ( #10421 ), #8541, .T. ) ;
#8028 = VECTOR ( 'NONE', #1802, 1000.000000000000000 ) ;
#8029 = VERTEX_POINT ( 'NONE', #3035 ) ;
#8030 = AXIS2_PLACEMENT_3D ( 'NONE', #2013, #9095, #41 ) ;
#8031 = CARTESIAN_POINT ( 'NONE',  ( -40.49999999999997900, -42.99999999999999300, 59.00000000000000000 ) ) ;
#8032 = EDGE_CURVE ( 'NONE', #8731, #6913, #70, .T. ) ;
#8033 = PRESENTATION_LAYER_ASSIGNMENT (  '', '', ( #2363 ) ) ;
#8034 = FILL_AREA_STYLE_COLOUR ( '', #4225 ) ;
#8035 = DIRECTION ( 'NONE',  ( 0.0000000000000000000, 0.0000000000000000000, 1.000000000000000000 ) ) ;
#8036 = VERTEX_POINT ( 'NONE', #5673 ) ;
#8037 = EDGE_LOOP ( 'NONE', ( #7943, #11207, #2554, #2388 ) ) ;
#8038 = DIRECTION ( 'NONE',  ( -1.000000000000000000, 1.521687259628777600E-015, 0.0000000000000000000 ) ) ;
#8039 = TOROIDAL_SURFACE ( 'NONE', #2902, -0.5586641917832802000, 3.308340903158649500 ) ;
#8040 = DIRECTION ( 'NONE',  ( -0.0000000000000000000, 0.0000000000000000000, 1.000000000000000000 ) ) ;
#8041 = LINE ( 'NONE', #653, #6346 ) ;
#8042 = AXIS2_PLACEMENT_3D ( 'NONE', #1564, #9531, #4275 ) ;
#8043 = ORIENTED_EDGE ( 'NONE', *, *, #5742, .T. ) ;
#8044 = DIRECTION ( 'NONE',  ( 1.000000000000000000, 0.0000000000000000000, 0.0000000000000000000 ) ) ;
#8045 = EDGE_CURVE ( 'NONE', #1473, #11786, #8982, .T. ) ;
#8046 = DIRECTION ( 'NONE',  ( -0.0000000000000000000, -0.0000000000000000000, 1.000000000000000000 ) ) ;
#8047 = CARTESIAN_POINT ( 'NONE',  ( 40.00000000000000700, -28.19999999999999200, -59.00000000000000000 ) ) ;
#8048 = CIRCLE ( 'NONE', #8390, 0.2500000000000002200 ) ;
#8049 = DIRECTION ( 'NONE',  ( -1.000000000000000000, 0.0000000000000000000, 0.0000000000000000000 ) ) ;
#8050 = CARTESIAN_POINT ( 'NONE',  ( 19.84999999999999800, 42.75000000000000700, 55.99999999999999300 ) ) ;
#8051 = ORIENTED_EDGE ( 'NONE', *, *, #7285, .F. ) ;
#8052 = AXIS2_PLACEMENT_3D ( 'NONE', #4190, #1418, #3244 ) ;
#8053 = ORIENTED_EDGE ( 'NONE', *, *, #7784, .T. ) ;
#8054 = CIRCLE ( 'NONE', #9170, 1.500000000000001300 ) ;
#8055 = CARTESIAN_POINT ( 'NONE',  ( -42.74999999999999300, 40.50000000000000700, 48.25000000000000000 ) ) ;
#8056 = AXIS2_PLACEMENT_3D ( 'NONE', #3952, #9387, #6921 ) ;
#8057 = DIRECTION ( 'NONE',  ( -1.000000000000000000, 0.0000000000000000000, 0.0000000000000000000 ) ) ;
#8058 = DIRECTION ( 'NONE',  ( -1.000000000000000000, 2.775557561562890600E-015, 0.0000000000000000000 ) ) ;
#8059 = VERTEX_POINT ( 'NONE', #7511 ) ;
#8060 = DIRECTION ( 'NONE',  ( 0.0000000000000000000, 0.0000000000000000000, 1.000000000000000000 ) ) ;
#8061 = VECTOR ( 'NONE', #6986, 1000.000000000000000 ) ;
#8062 = EDGE_CURVE ( 'NONE', #1836, #3794, #5160, .T. ) ;
#8063 = DIRECTION ( 'NONE',  ( 0.0000000000000000000, 0.0000000000000000000, -1.000000000000000000 ) ) ;
#8064 = DIRECTION ( 'NONE',  ( -0.0000000000000000000, -0.0000000000000000000, 1.000000000000000000 ) ) ;
#8065 = CARTESIAN_POINT ( 'NONE',  ( -40.49999999999997900, -40.49999999999998600, 48.00000000000000000 ) ) ;
#8066 = PRESENTATION_STYLE_ASSIGNMENT (( #8892 ) ) ;
#8067 = EDGE_LOOP ( 'NONE', ( #493, #6507, #10958, #7234 ) ) ;
#8068 = VERTEX_POINT ( 'NONE', #8354 ) ;
#8069 = CARTESIAN_POINT ( 'NONE',  ( -28.19999999999998200, -40.00000000000000000, 48.00000000000000000 ) ) ;
#8070 = ORIENTED_EDGE ( 'NONE', *, *, #3607, .F. ) ;
#8071 = AXIS2_PLACEMENT_3D ( 'NONE', #3843, #7504, #3805 ) ;
#8072 = CARTESIAN_POINT ( 'NONE',  ( -25.09999999999987400, -38.88906664419321400, 56.78443171315531400 ) ) ;
#8073 = SURFACE_STYLE_USAGE ( .BOTH. , #2641 ) ;
#8074 = ADVANCED_FACE ( 'NONE', ( #8836 ), #4471, .T. ) ;
#8075 = SURFACE_STYLE_FILL_AREA ( #611 ) ;
#8076 = CARTESIAN_POINT ( 'NONE',  ( -23.09999999999997700, -38.44000000000001200, -59.00000000000000000 ) ) ;
#8077 = UNCERTAINTY_MEASURE_WITH_UNIT (LENGTH_MEASURE( 1.000000000000000100E-005 ), #2816, 'distance_accuracy_value', 'NONE');
#8078 = CARTESIAN_POINT ( 'NONE',  ( 21.59999999999999400, 38.44000000000001200, -58.75000000000000000 ) ) ;
#8079 = ORIENTED_EDGE ( 'NONE', *, *, #4517, .F. ) ;
#8080 = VECTOR ( 'NONE', #838, 1000.000000000000000 ) ;
#8081 = EDGE_CURVE ( 'NONE', #6778, #716, #3477, .T. ) ;
#8082 = ORIENTED_EDGE ( 'NONE', *, *, #1240, .T. ) ;
#8083 = LINE ( 'NONE', #8050, #10810 ) ;
#8084 = ORIENTED_EDGE ( 'NONE', *, *, #6249, .F. ) ;
#8085 = DIRECTION ( 'NONE',  ( -1.000000000000000000, 0.0000000000000000000, 0.0000000000000000000 ) ) ;
#8086 = TOROIDAL_SURFACE ( 'NONE', #7333, -0.5586641917832802000, 3.308340903158649500 ) ;
#8087 = ORIENTED_EDGE ( 'NONE', *, *, #223, .F. ) ;
#8088 = ADVANCED_FACE ( 'NONE', ( #7979 ), #3928, .F. ) ;
#8089 = COLOUR_RGB ( '',0.2000000000000000100, 0.2000000000000000100, 0.2000000000000000100 ) ;
#8090 = DIRECTION ( 'NONE',  ( 0.0000000000000000000, -0.0000000000000000000, 1.000000000000000000 ) ) ;
#8091 = DIRECTION ( 'NONE',  ( 0.0000000000000000000, 0.0000000000000000000, -1.000000000000000000 ) ) ;
#8092 = DIRECTION ( 'NONE',  ( -0.0000000000000000000, 1.000000000000000000, -0.0000000000000000000 ) ) ;
#8093 = ORIENTED_EDGE ( 'NONE', *, *, #3143, .F. ) ;
#8094 = EDGE_CURVE ( 'NONE', #3613, #10309, #11126, .T. ) ;
#8095 = EDGE_CURVE ( 'NONE', #4501, #1353, #918, .T. ) ;
#8096 = FACE_OUTER_BOUND ( 'NONE', #3866, .T. ) ;
#8097 = ORIENTED_EDGE ( 'NONE', *, *, #5798, .T. ) ;
#8098 = DIRECTION ( 'NONE',  ( -1.000000000000000000, 0.0000000000000000000, 0.0000000000000000000 ) ) ;
#8099 = CARTESIAN_POINT ( 'NONE',  ( 25.19999999999999900, 43.00000000000000000, 48.00000000000000000 ) ) ;
#8100 = VERTEX_POINT ( 'NONE', #7664 ) ;
#8101 = DIRECTION ( 'NONE',  ( 0.0000000000000000000, 0.0000000000000000000, -1.000000000000000000 ) ) ;
#8102 = AXIS2_PLACEMENT_3D ( 'NONE', #8738, #2510, #9715 ) ;
#8103 = EDGE_CURVE ( 'NONE', #5250, #6930, #3329, .T. ) ;
#8104 =( GEOMETRIC_REPRESENTATION_CONTEXT ( 3 ) GLOBAL_UNCERTAINTY_ASSIGNED_CONTEXT ( ( #4755 ) ) GLOBAL_UNIT_ASSIGNED_CONTEXT ( ( #5445, #114, #5519 ) ) REPRESENTATION_CONTEXT ( 'NONE', 'WORKASPACE' ) );
#8105 = FACE_OUTER_BOUND ( 'NONE', #10038, .T. ) ;
#8106 = ORIENTED_EDGE ( 'NONE', *, *, #7233, .T. ) ;
#8107 = FACE_BOUND ( 'NONE', #6502, .T. ) ;
#8108 = CARTESIAN_POINT ( 'NONE',  ( -37.18999999999998400, 23.09999999999999100, 48.00000000000000000 ) ) ;
#8109 = FACE_OUTER_BOUND ( 'NONE', #1729, .T. ) ;
#8110 = CARTESIAN_POINT ( 'NONE',  ( 37.96999999999999200, -22.02733729748931800, 57.56948464461343200 ) ) ;
#8111 = FILL_AREA_STYLE ('',( #7224 ) ) ;
#8112 = STYLED_ITEM ( 'NONE', ( #527 ), #1494 ) ;
#8113 = DIRECTION ( 'NONE',  ( 1.000000000000000000, 0.0000000000000000000, 0.0000000000000000000 ) ) ;
#8114 = DIRECTION ( 'NONE',  ( 1.000000000000000000, 0.0000000000000000000, 0.0000000000000000000 ) ) ;
#8115 = EDGE_CURVE ( 'NONE', #2159, #5004, #3629, .T. ) ;
#8116 = CARTESIAN_POINT ( 'NONE',  ( -22.59999999999987000, -37.97000000000006300, 56.49999999999999300 ) ) ;
#8117 = DIRECTION ( 'NONE',  ( -0.0000000000000000000, 0.0000000000000000000, 1.000000000000000000 ) ) ;
#8118 = LINE ( 'NONE', #3338, #909 ) ;
#8119 = ORIENTED_EDGE ( 'NONE', *, *, #9149, .F. ) ;
#8120 = AXIS2_PLACEMENT_3D ( 'NONE', #3311, #8585, #5034 ) ;
#8121 = EDGE_CURVE ( 'NONE', #9495, #3613, #8389, .T. ) ;
#8122 = AXIS2_PLACEMENT_3D ( 'NONE', #6553, #1142, #4866 ) ;
#8123 = CARTESIAN_POINT ( 'NONE',  ( -23.59999999999985900, -40.47000000000007700, 56.75896736903245500 ) ) ;
#8124 = ORIENTED_EDGE ( 'NONE', *, *, #11101, .T. ) ;
#8125 =( NAMED_UNIT ( * ) PLANE_ANGLE_UNIT ( ) SI_UNIT ( $, .RADIAN. ) );
#8126 = B_SPLINE_CURVE_WITH_KNOTS ( 'NONE', 3,
 ( #3608, #11648, #8963, #5202, #4349, #4472 ),
 .UNSPECIFIED., .F., .F.,
 ( 4, 2, 4 ),
 ( 0.01191150001962903600, 0.01216198312822895600, 0.01241246623682887600 ),
 .UNSPECIFIED. ) ;
#8127 = CARTESIAN_POINT ( 'NONE',  ( 0.0000000000000000000, 0.0000000000000000000, 59.59999999999996600 ) ) ;
#8128 = CARTESIAN_POINT ( 'NONE',  ( -27.94999999999998900, 39.99999999999998600, -59.00000000000000000 ) ) ;
#8129 = CARTESIAN_POINT ( 'NONE',  ( -22.59999999999986600, -38.97000000000007000, 56.49999999999999300 ) ) ;
#8130 = DIRECTION ( 'NONE',  ( -1.000000000000000000, 0.0000000000000000000, 0.0000000000000000000 ) ) ;
#8131 = AXIS2_PLACEMENT_3D ( 'NONE', #2395, #4335, #1628 ) ;
#8132 = CARTESIAN_POINT ( 'NONE',  ( 0.0000000000000000000, 0.0000000000000000000, -48.00000000000000000 ) ) ;
#8133 = EDGE_LOOP ( 'NONE', ( #7186, #2134, #10823, #10000 ) ) ;
#8134 = VERTEX_POINT ( 'NONE', #4149 ) ;
#8135 = LINE ( 'NONE', #5868, #11576 ) ;
#8136 = CIRCLE ( 'NONE', #478, 8.000000000000000000 ) ;
#8137 = EDGE_CURVE ( 'NONE', #11505, #4854, #5993, .T. ) ;
#8138 = ADVANCED_FACE ( 'NONE', ( #1192 ), #10554, .T. ) ;
#8139 = VECTOR ( 'NONE', #661, 1000.000000000000000 ) ;
#8140 = CARTESIAN_POINT ( 'NONE',  ( 19.59999999999999400, 43.00000000000000000, 59.00000000000000000 ) ) ;
#8141 = CARTESIAN_POINT ( 'NONE',  ( -23.09999999999998400, -38.44000000000000500, 55.99999999999999300 ) ) ;
#8142 = DIRECTION ( 'NONE',  ( 1.000000000000000000, 0.0000000000000000000, 0.0000000000000000000 ) ) ;
#8143 = AXIS2_PLACEMENT_3D ( 'NONE', #119, #6468, #1064 ) ;
#8144 = ORIENTED_EDGE ( 'NONE', *, *, #2903, .F. ) ;
#8145 = ORIENTED_EDGE ( 'NONE', *, *, #6994, .F. ) ;
#8146 = LINE ( 'NONE', #7887, #800 ) ;
#8147 = CIRCLE ( 'NONE', #331, 8.250000000000000000 ) ;
#8148 = CIRCLE ( 'NONE', #4757, 3.249999999999996000 ) ;
#8149 = ADVANCED_FACE ( 'NONE', ( #10271 ), #1287, .F. ) ;
#8150 = EDGE_CURVE ( 'NONE', #8833, #6580, #888, .T. ) ;
#8151 = SURFACE_SIDE_STYLE ('',( #189 ) ) ;
#8152 = DIRECTION ( 'NONE',  ( 1.000000000000000000, 0.0000000000000000000, 0.0000000000000000000 ) ) ;
#8153 = SURFACE_STYLE_USAGE ( .BOTH. , #9841 ) ;
#8154 = CARTESIAN_POINT ( 'NONE',  ( 7.000000000000000000, 8.572527594031473200E-016, -58.80000000000000400 ) ) ;
#8155 = ORIENTED_EDGE ( 'NONE', *, *, #9709, .T. ) ;
#8156 = ORIENTED_EDGE ( 'NONE', *, *, #10652, .T. ) ;
#8157 = DIRECTION ( 'NONE',  ( 1.613696256722611400E-016, -1.000000000000000000, 0.0000000000000000000 ) ) ;
#8158 = UNCERTAINTY_MEASURE_WITH_UNIT (LENGTH_MEASURE( 1.000000000000000100E-005 ), #9769, 'distance_accuracy_value', 'NONE');
#8159 = FACE_OUTER_BOUND ( 'NONE', #5809, .T. ) ;
#8160 = DIRECTION ( 'NONE',  ( 0.0000000000000000000, 0.0000000000000000000, 1.000000000000000000 ) ) ;
#8161 = DIRECTION ( 'NONE',  ( 0.0000000000000000000, -0.0000000000000000000, -1.000000000000000000 ) ) ;
#8162 = ORIENTED_EDGE ( 'NONE', *, *, #10272, .F. ) ;
#8163 = PRESENTATION_LAYER_ASSIGNMENT (  '', '', ( #7533 ) ) ;
#8164 = EDGE_LOOP ( 'NONE', ( #10599, #1153 ) ) ;
#8165 = EDGE_LOOP ( 'NONE', ( #9371, #9007, #10331, #9377 ) ) ;
#8166 = DIRECTION ( 'NONE',  ( -0.0000000000000000000, -0.0000000000000000000, -1.000000000000000000 ) ) ;
#8167 = LINE ( 'NONE', #10824, #9309 ) ;
#8168 = EDGE_CURVE ( 'NONE', #67, #11317, #7064, .T. ) ;
#8169 = CARTESIAN_POINT ( 'NONE',  ( 36.50000000000000000, 4.469960816887838400E-015, 60.59999999999999400 ) ) ;
#8170 = DIRECTION ( 'NONE',  ( -1.000000000000000000, -1.009412324758199600E-014, 1.108712219367988300E-016 ) ) ;
#8171 = DIRECTION ( 'NONE',  ( 1.000000000000000000, 0.0000000000000000000, 0.0000000000000000000 ) ) ;
#8172 = ORIENTED_EDGE ( 'NONE', *, *, #2707, .F. ) ;
#8173 = ADVANCED_FACE ( 'NONE', ( #165 ), #9180, .T. ) ;
#8174 = AXIS2_PLACEMENT_3D ( 'NONE', #8976, #7151, #11792 ) ;
#8175 = LINE ( 'NONE', #10635, #3093 ) ;
#8176 = CARTESIAN_POINT ( 'NONE',  ( -22.59999999999985600, -40.47000000000009800, 56.49999999999999300 ) ) ;
#8177 = ORIENTED_EDGE ( 'NONE', *, *, #4245, .F. ) ;
#8178 = CARTESIAN_POINT ( 'NONE',  ( -43.00000000000000000, 26.34999999999999800, 55.74999999999999300 ) ) ;
#8179 = AXIS2_PLACEMENT_3D ( 'NONE', #6637, #5610, #7490 ) ;
#8180 = EDGE_CURVE ( 'NONE', #11090, #5746, #9882, .T. ) ;
#8181 = VERTEX_POINT ( 'NONE', #8505 ) ;
#8182 = CARTESIAN_POINT ( 'NONE',  ( 42.74999999999999300, 25.19999999999999600, -58.75000000000000000 ) ) ;
#8183 = EDGE_LOOP ( 'NONE', ( #7851, #8469, #448, #11632 ) ) ;
#8184 = AXIS2_PLACEMENT_3D ( 'NONE', #6975, #9597, #11470 ) ;
#8185 = CARTESIAN_POINT ( 'NONE',  ( -31.19999999999998200, -31.20000000000000600, -48.00000000000000000 ) ) ;
#8186 = DIRECTION ( 'NONE',  ( 1.000000000000000000, 0.0000000000000000000, 0.0000000000000000000 ) ) ;
#8187 = EDGE_LOOP ( 'NONE', ( #1245, #4301, #10244, #11473 ) ) ;
#8188 = AXIS2_PLACEMENT_3D ( 'NONE', #224, #8203, #111 ) ;
#8189 = CARTESIAN_POINT ( 'NONE',  ( -40.49999999999999300, 40.50000000000000700, 58.75000000000000000 ) ) ;
#8190 = CARTESIAN_POINT ( 'NONE',  ( 39.99999999999999300, 25.19999999999999600, 48.00000000000000000 ) ) ;
#8191 = DIRECTION ( 'NONE',  ( 0.0000000000000000000, 1.000000000000000000, 0.0000000000000000000 ) ) ;
#8192 = DIRECTION ( 'NONE',  ( 0.7071067811865474600, 8.659560562354932900E-017, -0.7071067811865474600 ) ) ;
#8193 = ORIENTED_EDGE ( 'NONE', *, *, #5724, .F. ) ;
#8194 = ORIENTED_EDGE ( 'NONE', *, *, #3534, .T. ) ;
#8195 = ORIENTED_EDGE ( 'NONE', *, *, #6416, .T. ) ;
#8196 = AXIS2_PLACEMENT_3D ( 'NONE', #11018, #5601, #10208 ) ;
#8197 = VECTOR ( 'NONE', #9529, 1000.000000000000000 ) ;
#8198 = CARTESIAN_POINT ( 'NONE',  ( 43.00000000000000000, -26.09999999999999400, 56.24999999999999300 ) ) ;
#8199 = CYLINDRICAL_SURFACE ( 'NONE', #5720, 1.250000000000001100 ) ;
#8200 = EDGE_CURVE ( 'NONE', #1197, #1858, #6179, .T. ) ;
#8201 = ORIENTED_EDGE ( 'NONE', *, *, #46, .T. ) ;
#8202 = ADVANCED_FACE ( 'NONE', ( #11331 ), #10166, .T. ) ;
#8203 = DIRECTION ( 'NONE',  ( -1.000000000000000000, -0.0000000000000000000, 0.0000000000000000000 ) ) ;
#8204 = DIRECTION ( 'NONE',  ( -1.000000000000000000, -2.312964634635698100E-015, 0.0000000000000000000 ) ) ;
#8205 = CARTESIAN_POINT ( 'NONE',  ( 38.64031707813857300, -25.10000000000000500, 56.82968972440240000 ) ) ;
#8206 = CARTESIAN_POINT ( 'NONE',  ( 8.000000000000000000, 0.0000000000000000000, 2.099999999999963200 ) ) ;
#8207 = AXIS2_PLACEMENT_3D ( 'NONE', #10587, #5137, #6042 ) ;
#8208 = VERTEX_POINT ( 'NONE', #3274 ) ;
#8209 = EDGE_LOOP ( 'NONE', ( #1435, #2180 ) ) ;
#8210 = ORIENTED_EDGE ( 'NONE', *, *, #4800, .F. ) ;
#8211 = CARTESIAN_POINT ( 'NONE',  ( -43.00000000000000000, 40.50000000000000700, 58.75000000000000000 ) ) ;
#8212 = CARTESIAN_POINT ( 'NONE',  ( 0.0000000000000000000, 0.0000000000000000000, 2.099999999999963200 ) ) ;
#8213 = EDGE_CURVE ( 'NONE', #10737, #9480, #8676, .T. ) ;
#8214 = EDGE_CURVE ( 'NONE', #11353, #4040, #11514, .T. ) ;
#8215 = CARTESIAN_POINT ( 'NONE',  ( -42.74999999999999300, 19.59999999999999800, 59.00000000000000000 ) ) ;
#8216 = ORIENTED_EDGE ( 'NONE', *, *, #2631, .F. ) ;
#8217 = PLANE ( 'NONE',  #5604 ) ;
#8218 = LINE ( 'NONE', #10557, #311 ) ;
#8219 = EDGE_LOOP ( 'NONE', ( #10561, #9339, #5060, #2319 ) ) ;
#8220 = CIRCLE ( 'NONE', #4276, 1.250000000000008000 ) ;
#8221 = AXIS2_PLACEMENT_3D ( 'NONE', #5290, #11660, #8765 ) ;
#8222 =( NAMED_UNIT ( * ) SI_UNIT ( $, .STERADIAN. ) SOLID_ANGLE_UNIT ( ) );
#8223 = CARTESIAN_POINT ( 'NONE',  ( -34.79999999999998300, -34.80000000000000400, 59.00000000000000000 ) ) ;
#8224 = ORIENTED_EDGE ( 'NONE', *, *, #4941, .F. ) ;
#8225 = CARTESIAN_POINT ( 'NONE',  ( -21.29300581994687000, -37.97000000000006300, 57.00187174722588400 ) ) ;
#8226 = VECTOR ( 'NONE', #11569, 1000.000000000000000 ) ;
#8227 = VERTEX_POINT ( 'NONE', #4298 ) ;
#8228 =( LENGTH_UNIT ( ) NAMED_UNIT ( * ) SI_UNIT ( .MILLI., .METRE. ) );
#8229 = EDGE_CURVE ( 'NONE', #10584, #1133, #2895, .T. ) ;
#8230 = ORIENTED_EDGE ( 'NONE', *, *, #9709, .F. ) ;
#8231 = CARTESIAN_POINT ( 'NONE',  ( 42.75000000000000700, -25.19999999999999200, -58.75000000000000000 ) ) ;
#8232 = DIRECTION ( 'NONE',  ( -1.000000000000000000, -3.491481338843133400E-015, 0.0000000000000000000 ) ) ;
#8234 = CARTESIAN_POINT ( 'NONE',  ( -40.47000000000002000, 22.76111756060130300, 56.80966034928123100 ) ) ;
#8233 = FACE_OUTER_BOUND ( 'NONE', #74, .T. ) ;
#8235 = AXIS2_PLACEMENT_3D ( 'NONE', #10871, #5431, #7 ) ;
#8236 = VERTEX_POINT ( 'NONE', #4336 ) ;
#8237 = CARTESIAN_POINT ( 'NONE',  ( 20.09999999999999100, 38.44000000000001200, 55.99999999999999300 ) ) ;
#8238 = DIRECTION ( 'NONE',  ( 0.0000000000000000000, 1.000000000000000000, 0.0000000000000000000 ) ) ;
#8239 = VECTOR ( 'NONE', #11131, 1000.000000000000000 ) ;
#8240 = VECTOR ( 'NONE', #10479, 1000.000000000000000 ) ;
#8241 = CARTESIAN_POINT ( 'NONE',  ( -43.00000000000000000, 43.00000000000000700, 59.00000000000000000 ) ) ;
#8242 = LINE ( 'NONE', #2239, #6543 ) ;
#8243 = EDGE_CURVE ( 'NONE', #8640, #1836, #2389, .T. ) ;
#8244 = DIRECTION ( 'NONE',  ( -0.0000000000000000000, 0.0000000000000000000, 1.000000000000000000 ) ) ;
#8245 =( NAMED_UNIT ( * ) SI_UNIT ( $, .STERADIAN. ) SOLID_ANGLE_UNIT ( ) );
#8246 = LINE ( 'NONE', #1187, #10407 ) ;
#8247 = CARTESIAN_POINT ( 'NONE',  ( 38.96999999999999200, -22.60000000000000100, 56.49999999999999300 ) ) ;
#8248 = ORIENTED_EDGE ( 'NONE', *, *, #6322, .F. ) ;
#8249 = DIRECTION ( 'NONE',  ( -0.0000000000000000000, -0.0000000000000000000, 1.000000000000000000 ) ) ;
#8250 = VECTOR ( 'NONE', #6497, 1000.000000000000000 ) ;
#8251 = CARTESIAN_POINT ( 'NONE',  ( 23.59999999999960400, 37.97000000000024000, 56.49999999999999300 ) ) ;
#8252 = AXIS2_PLACEMENT_3D ( 'NONE', #1846, #977, #3615 ) ;
#8253 = AXIS2_PLACEMENT_3D ( 'NONE', #9791, #916, #3458 ) ;
#8254 = ADVANCED_FACE ( 'NONE', ( #6894 ), #7948, .F. ) ;
#8255 = DIRECTION ( 'NONE',  ( 2.753529326947313900E-016, -1.000000000000000000, 0.0000000000000000000 ) ) ;
#8256 = VERTEX_POINT ( 'NONE', #9800 ) ;
#8257 = CYLINDRICAL_SURFACE ( 'NONE', #7259, 3.000000000000002700 ) ;
#8258 = CARTESIAN_POINT ( 'NONE',  ( -23.59999999999987000, -37.97000000000007000, 56.49999999999999300 ) ) ;
#8259 = AXIS2_PLACEMENT_3D ( 'NONE', #8450, #4843, #3067 ) ;
#8260 = CARTESIAN_POINT ( 'NONE',  ( 38.44000000000001200, -23.09999999999998700, 55.99999999999999300 ) ) ;
#8261 = VECTOR ( 'NONE', #6658, 1000.000000000000000 ) ;
#8262 = DIRECTION ( 'NONE',  ( 0.0000000000000000000, 0.0000000000000000000, 1.000000000000000000 ) ) ;
#8263 = EDGE_CURVE ( 'NONE', #5454, #5010, #1398, .T. ) ;
#8264 = SURFACE_SIDE_STYLE ('',( #4006 ) ) ;
#8265 = AXIS2_PLACEMENT_3D ( 'NONE', #9103, #4602, #10134 ) ;
#8266 = ADVANCED_FACE ( 'NONE', ( #6044 ), #2559, .F. ) ;
#8267 =( GEOMETRIC_REPRESENTATION_CONTEXT ( 3 ) GLOBAL_UNCERTAINTY_ASSIGNED_CONTEXT ( ( #2287 ) ) GLOBAL_UNIT_ASSIGNED_CONTEXT ( ( #3800, #101, #6415 ) ) REPRESENTATION_CONTEXT ( 'NONE', 'WORKASPACE' ) );
#8268 = ORIENTED_EDGE ( 'NONE', *, *, #294, .T. ) ;
#8269 = ORIENTED_EDGE ( 'NONE', *, *, #11139, .F. ) ;
#8270 = DIRECTION ( 'NONE',  ( -1.000000000000000000, 0.0000000000000000000, 0.0000000000000000000 ) ) ;
#8271 = CARTESIAN_POINT ( 'NONE',  ( 38.96999999999999200, -21.10000000000000500, 56.75896736903246900 ) ) ;
#8272 = LINE ( 'NONE', #8008, #5874 ) ;
#8273 = DIRECTION ( 'NONE',  ( 1.000000000000000000, 0.0000000000000000000, 0.0000000000000000000 ) ) ;
#8274 = DIRECTION ( 'NONE',  ( -1.000000000000000000, 0.0000000000000000000, 0.0000000000000000000 ) ) ;
#8275 = DIRECTION ( 'NONE',  ( -1.000000000000000000, 0.0000000000000000000, 0.0000000000000000000 ) ) ;
#8276 = EDGE_CURVE ( 'NONE', #987, #9926, #827, .T. ) ;
#8277 = EDGE_LOOP ( 'NONE', ( #5546, #8774, #830, #1266 ) ) ;
#8278 = VERTEX_POINT ( 'NONE', #4215 ) ;
#8279 = CIRCLE ( 'NONE', #7386, 1.250000000000001100 ) ;
#8280 = CIRCLE ( 'NONE', #3369, 3.000000000000002700 ) ;
#8281 = DIRECTION ( 'NONE',  ( 0.0000000000000000000, -1.000000000000000000, 0.0000000000000000000 ) ) ;
#8282 = DIRECTION ( 'NONE',  ( 0.0000000000000000000, 0.0000000000000000000, -1.000000000000000000 ) ) ;
#8283 = LINE ( 'NONE', #1265, #2084 ) ;
#8284 = ORIENTED_EDGE ( 'NONE', *, *, #2631, .T. ) ;
#8285 = CARTESIAN_POINT ( 'NONE',  ( 21.09999999999960400, 37.97000000000021200, 56.75896736903249700 ) ) ;
#8286 = DIRECTION ( 'NONE',  ( 0.0000000000000000000, -1.000000000000000000, 0.0000000000000000000 ) ) ;
#8287 = PRESENTATION_LAYER_ASSIGNMENT (  '', '', ( #11132 ) ) ;
#8288 = CARTESIAN_POINT ( 'NONE',  ( 42.74999999999999300, -19.84999999999999800, 58.75000000000000000 ) ) ;
#8289 = ORIENTED_EDGE ( 'NONE', *, *, #4045, .T. ) ;
#8290 = EDGE_LOOP ( 'NONE', ( #9559, #6694 ) ) ;
#8291 = CIRCLE ( 'NONE', #678, 1.250000000000001100 ) ;
#8292 = FACE_BOUND ( 'NONE', #10782, .T. ) ;
#8293 = EDGE_CURVE ( 'NONE', #7046, #2727, #8175, .T. ) ;
#8294 = DIRECTION ( 'NONE',  ( 1.682156097916899000E-015, 1.000000000000000000, 0.0000000000000000000 ) ) ;
#8295 = DIRECTION ( 'NONE',  ( 0.0000000000000000000, 0.0000000000000000000, -1.000000000000000000 ) ) ;
#8296 = DIRECTION ( 'NONE',  ( -0.0000000000000000000, -0.0000000000000000000, -1.000000000000000000 ) ) ;
#8297 = DIRECTION ( 'NONE',  ( -0.0000000000000000000, 0.0000000000000000000, 1.000000000000000000 ) ) ;
#8298 =( LENGTH_UNIT ( ) NAMED_UNIT ( * ) SI_UNIT ( .MILLI., .METRE. ) );
#8299 = ORIENTED_EDGE ( 'NONE', *, *, #1332, .T. ) ;
#8300 = LINE ( 'NONE', #332, #4933 ) ;
#8301 = CARTESIAN_POINT ( 'NONE',  ( -19.59999999999998700, -42.99999999999999300, 59.00000000000000000 ) ) ;
#8302 = TOROIDAL_SURFACE ( 'NONE', #7485, -0.5586641917832802000, 3.308340903158649500 ) ;
#8303 = STYLED_ITEM ( 'NONE', ( #7991 ), #7819 ) ;
#8304 = ORIENTED_EDGE ( 'NONE', *, *, #7862, .T. ) ;
#8305 = EDGE_CURVE ( 'NONE', #5404, #7888, #401, .T. ) ;
#8306 = DIRECTION ( 'NONE',  ( -0.0000000000000000000, -0.0000000000000000000, -1.000000000000000000 ) ) ;
#8307 = EDGE_CURVE ( 'NONE', #4779, #716, #536, .T. ) ;
#8308 = ADVANCED_FACE ( 'NONE', ( #10473 ), #3683, .T. ) ;
#8309 = DIRECTION ( 'NONE',  ( 1.000000000000000000, 0.0000000000000000000, 0.0000000000000000000 ) ) ;
#8310 = CARTESIAN_POINT ( 'NONE',  ( 42.74999999999999300, -26.59999999999999400, 59.00000000000000000 ) ) ;
#8311 = ORIENTED_EDGE ( 'NONE', *, *, #6869, .F. ) ;
#8312 = COLOUR_RGB ( '',0.8941176470588234600, 0.9137254901960784000, 0.9294117647058823800 ) ;
#8313 = CARTESIAN_POINT ( 'NONE',  ( -2.300000000000012700, 43.00000000000000000, -53.50000000000000000 ) ) ;
#8314 = CIRCLE ( 'NONE', #5870, 0.5000000000000004400 ) ;
#8315 = ORIENTED_EDGE ( 'NONE', *, *, #7270, .T. ) ;
#8316 = AXIS2_PLACEMENT_3D ( 'NONE', #9749, #4246, #6721 ) ;
#8317 = PRESENTATION_LAYER_ASSIGNMENT (  '', '', ( #10239 ) ) ;
#8318 = CARTESIAN_POINT ( 'NONE',  ( -22.59999999999986600, -38.97000000000007000, 56.49999999999999300 ) ) ;
#8319 = ORIENTED_EDGE ( 'NONE', *, *, #3202, .F. ) ;
#8320 = CARTESIAN_POINT ( 'NONE',  ( -40.49999999999999300, 43.00000000000000700, 58.75000000000000000 ) ) ;
#8321 = ORIENTED_EDGE ( 'NONE', *, *, #7364, .T. ) ;
#8322 = ORIENTED_EDGE ( 'NONE', *, *, #10555, .F. ) ;
#8323 = ORIENTED_EDGE ( 'NONE', *, *, #3591, .F. ) ;
#8324 = ADVANCED_FACE ( 'NONE', ( #1247 ), #10895, .T. ) ;
#8325 = DIRECTION ( 'NONE',  ( 1.000000000000000000, 0.0000000000000000000, -0.0000000000000000000 ) ) ;
#8326 = CARTESIAN_POINT ( 'NONE',  ( 31.29999999999998600, 34.79999999999999700, 58.75000000000000000 ) ) ;
#8327 = SURFACE_STYLE_FILL_AREA ( #5488 ) ;
#8328 =( GEOMETRIC_REPRESENTATION_CONTEXT ( 3 ) GLOBAL_UNCERTAINTY_ASSIGNED_CONTEXT ( ( #11526 ) ) GLOBAL_UNIT_ASSIGNED_CONTEXT ( ( #3155, #8660, #1441 ) ) REPRESENTATION_CONTEXT ( 'NONE', 'WORKASPACE' ) );
#8329 = ORIENTED_EDGE ( 'NONE', *, *, #4316, .T. ) ;
#8330 = EDGE_CURVE ( 'NONE', #8256, #2290, #9752, .T. ) ;
#8331 = CARTESIAN_POINT ( 'NONE',  ( -8.000000000000000000, 9.797174393178825700E-016, 47.99999999999999300 ) ) ;
#8332 = VERTEX_POINT ( 'NONE', #1829 ) ;
#8333 = CARTESIAN_POINT ( 'NONE',  ( -28.19999999999998900, 28.19999999999999600, -48.00000000000000000 ) ) ;
#8334 = AXIS2_PLACEMENT_3D ( 'NONE', #7268, #6446, #928 ) ;
#8335 = DIRECTION ( 'NONE',  ( 1.682156097916899000E-015, 1.000000000000000000, 0.0000000000000000000 ) ) ;
#8336 = ORIENTED_EDGE ( 'NONE', *, *, #4922, .F. ) ;
#8337 = EDGE_CURVE ( 'NONE', #2252, #2147, #3242, .T. ) ;
#8338 = AXIS2_PLACEMENT_3D ( 'NONE', #2122, #6655, #8421 ) ;
#8339 = CARTESIAN_POINT ( 'NONE',  ( -36.75000000000000000, 4.500576986866523000E-015, 59.25000000000000000 ) ) ;
#8340 = CYLINDRICAL_SURFACE ( 'NONE', #10593, 0.2500000000000002200 ) ;
#8341 = SURFACE_SIDE_STYLE ('',( #8979 ) ) ;
#8342 = ORIENTED_EDGE ( 'NONE', *, *, #4028, .F. ) ;
#8343 = VERTEX_POINT ( 'NONE', #3677 ) ;
#8344 = DIRECTION ( 'NONE',  ( -5.804445973478831400E-015, 1.000000000000000000, 0.0000000000000000000 ) ) ;
#8345 = DIRECTION ( 'NONE',  ( 0.0000000000000000000, -0.0000000000000000000, -1.000000000000000000 ) ) ;
#8346 = EDGE_LOOP ( 'NONE', ( #5184, #10472 ) ) ;
#8347 = DIRECTION ( 'NONE',  ( 1.000000000000000000, 0.0000000000000000000, 0.0000000000000000000 ) ) ;
#8348 = EDGE_CURVE ( 'NONE', #8997, #3932, #6620, .T. ) ;
#8349 = DIRECTION ( 'NONE',  ( 0.0000000000000000000, 0.0000000000000000000, 1.000000000000000000 ) ) ;
#8350 = ORIENTED_EDGE ( 'NONE', *, *, #7148, .F. ) ;
#8351 = SHAPE_DEFINITION_REPRESENTATION ( #11460, #5967 ) ;
#8352 = CARTESIAN_POINT ( 'NONE',  ( 26.34999999999999400, 42.75000000000000700, 59.00000000000000000 ) ) ;
#8353 = CARTESIAN_POINT ( 'NONE',  ( 22.02733729748892000, 37.97000000000020500, 57.56948464461343200 ) ) ;
#8354 = CARTESIAN_POINT ( 'NONE',  ( -22.59999999999987000, -37.97000000000006300, 57.79579263126746700 ) ) ;
#8355 = B_SPLINE_CURVE_WITH_KNOTS ( 'NONE', 3,
 ( #2523, #9766, #4340, #2689, #11689, #775 ),
 .UNSPECIFIED., .F., .F.,
 ( 4, 2, 4 ),
 ( 0.01191150001962904000, 0.01216198312822895800, 0.01241246623682887600 ),
 .UNSPECIFIED. ) ;
#8356 = ORIENTED_EDGE ( 'NONE', *, *, #9806, .T. ) ;
#8357 = AXIS2_PLACEMENT_3D ( 'NONE', #9013, #4448, #9900 ) ;
#8358 = CIRCLE ( 'NONE', #7041, 2.500000000000002200 ) ;
#8359 = ORIENTED_EDGE ( 'NONE', *, *, #11001, .F. ) ;
#8360 = CARTESIAN_POINT ( 'NONE',  ( -26.34999999999998700, -42.99999999999999300, 55.74999999999999300 ) ) ;
#8361 = LINE ( 'NONE', #10916, #1713 ) ;
#8362 = EDGE_LOOP ( 'NONE', ( #1421, #1950, #11583, #4405, #9879, #3282, #1540, #5690, #6529, #6309 ) ) ;
#8363 = EDGE_CURVE ( 'NONE', #7341, #9853, #5353, .T. ) ;
#8364 = ORIENTED_EDGE ( 'NONE', *, *, #10132, .F. ) ;
#8365 = ORIENTED_EDGE ( 'NONE', *, *, #7802, .T. ) ;
#8366 = ADVANCED_FACE ( 'NONE', ( #10605 ), #3637, .F. ) ;
#8367 = ORIENTED_EDGE ( 'NONE', *, *, #6652, .F. ) ;
#8368 = CARTESIAN_POINT ( 'NONE',  ( 19.59999999999999400, 42.75000000000000700, 59.00000000000000000 ) ) ;
#8369 = ORIENTED_EDGE ( 'NONE', *, *, #4532, .F. ) ;
#8370 = VECTOR ( 'NONE', #11120, 1000.000000000000000 ) ;
#8371 = DIRECTION ( 'NONE',  ( -0.0000000000000000000, -1.000000000000000000, -0.0000000000000000000 ) ) ;
#8372 = DIRECTION ( 'NONE',  ( -1.000000000000000000, 0.0000000000000000000, 0.0000000000000000000 ) ) ;
#8373 = SURFACE_SIDE_STYLE ('',( #5238 ) ) ;
#8374 = DIRECTION ( 'NONE',  ( -1.047444401652940000E-014, 1.000000000000000000, 0.0000000000000000000 ) ) ;
#8375 = SURFACE_STYLE_USAGE ( .BOTH. , #135 ) ;
#8376 = EDGE_CURVE ( 'NONE', #8181, #8278, #5201, .T. ) ;
#8377 = LINE ( 'NONE', #8178, #10396 ) ;
#8378 = EDGE_LOOP ( 'NONE', ( #9344, #5860 ) ) ;
#8379 = FACE_OUTER_BOUND ( 'NONE', #5903, .T. ) ;
#8380 = CARTESIAN_POINT ( 'NONE',  ( 39.99999999999999300, 25.19999999999999600, -59.00000000000000000 ) ) ;
#8381 = ADVANCED_FACE ( 'NONE', ( #2820, #10173, #11463, #7735, #2686, #4519 ), #809, .T. ) ;
#8382 = LINE ( 'NONE', #701, #2622 ) ;
#8383 = DIRECTION ( 'NONE',  ( 0.0000000000000000000, 0.0000000000000000000, 1.000000000000000000 ) ) ;
#8384 = PRESENTATION_LAYER_ASSIGNMENT (  '', '', ( #10624 ) ) ;
#8385 = DIRECTION ( 'NONE',  ( -1.000000000000000000, 0.0000000000000000000, -0.0000000000000000000 ) ) ;
#8386 = ORIENTED_EDGE ( 'NONE', *, *, #5043, .T. ) ;
#8387 = ORIENTED_EDGE ( 'NONE', *, *, #6372, .F. ) ;
#8388 = FACE_OUTER_BOUND ( 'NONE', #10449, .T. ) ;
#8389 = CIRCLE ( 'NONE', #6427, 0.2500000000000002200 ) ;
#8390 = AXIS2_PLACEMENT_3D ( 'NONE', #3249, #4119, #11449 ) ;
#8391 = CARTESIAN_POINT ( 'NONE',  ( 31.20000000000000600, -28.19999999999999200, -48.00000000000000000 ) ) ;
#8392 = DIRECTION ( 'NONE',  ( 0.0000000000000000000, 1.000000000000000000, -0.0000000000000000000 ) ) ;
#8393 = EDGE_CURVE ( 'NONE', #8724, #781, #8025, .T. ) ;
#8394 = PLANE ( 'NONE',  #1129 ) ;
#8395 = CARTESIAN_POINT ( 'NONE',  ( 36.66300581994698100, -23.60000000000000100, 57.00187174722587700 ) ) ;
#8396 = ORIENTED_EDGE ( 'NONE', *, *, #7090, .F. ) ;
#8397 = DIRECTION ( 'NONE',  ( 0.0000000000000000000, 1.000000000000000000, -0.0000000000000000000 ) ) ;
#8398 = ORIENTED_EDGE ( 'NONE', *, *, #4974, .F. ) ;
#8399 = FACE_OUTER_BOUND ( 'NONE', #4362, .T. ) ;
#8400 =( GEOMETRIC_REPRESENTATION_CONTEXT ( 3 ) GLOBAL_UNCERTAINTY_ASSIGNED_CONTEXT ( ( #5759 ) ) GLOBAL_UNIT_ASSIGNED_CONTEXT ( ( #1119, #4764, #10139 ) ) REPRESENTATION_CONTEXT ( 'NONE', 'WORKASPACE' ) );
#8401 = CYLINDRICAL_SURFACE ( 'NONE', #1044, 0.2500000000000002200 ) ;
#8402 = CARTESIAN_POINT ( 'NONE',  ( 23.09999999999959600, 38.47000000000023300, 55.99999999999999300 ) ) ;
#8403 = SURFACE_SIDE_STYLE ('',( #6469 ) ) ;
#8404 = DIRECTION ( 'NONE',  ( -0.7071067811865368000, 8.659560562354802200E-017, 0.7071067811865583400 ) ) ;
#8405 = AXIS2_PLACEMENT_3D ( 'NONE', #6267, #7091, #9034 ) ;
#8406 = ORIENTED_EDGE ( 'NONE', *, *, #4199, .F. ) ;
#8407 = EDGE_LOOP ( 'NONE', ( #4224, #6829, #7196, #5909 ) ) ;
#8408 = CARTESIAN_POINT ( 'NONE',  ( 19.59999999999999400, 42.75000000000000700, 58.75000000000000000 ) ) ;
#8409 = EDGE_CURVE ( 'NONE', #475, #811, #7038, .T. ) ;
#8410 = CIRCLE ( 'NONE', #9384, 3.500000000000003100 ) ;
#8411 = DIRECTION ( 'NONE',  ( 1.000000000000000000, 0.0000000000000000000, 0.0000000000000000000 ) ) ;
#8412 = STYLED_ITEM ( 'NONE', ( #8066 ), #5725 ) ;
#8413 = DIRECTION ( 'NONE',  ( -1.000000000000000000, 0.0000000000000000000, 0.0000000000000000000 ) ) ;
#8414 = CARTESIAN_POINT ( 'NONE',  ( 39.54266270251069700, -22.59999999999999100, 57.56948464461341800 ) ) ;
#8415 = EDGE_LOOP ( 'NONE', ( #5523, #7361, #3600, #9783 ) ) ;
#8416 = VERTEX_POINT ( 'NONE', #10797 ) ;
#8417 = CIRCLE ( 'NONE', #6742, 7.000000000000000000 ) ;
#8418 = CARTESIAN_POINT ( 'NONE',  ( 42.74999999999999300, 0.0000000000000000000, 58.75000000000000000 ) ) ;
#8419 = LINE ( 'NONE', #5196, #10138 ) ;
#8420 = ADVANCED_FACE ( 'NONE', ( #10162 ), #11037, .T. ) ;
#8421 = DIRECTION ( 'NONE',  ( 0.0000000000000000000, 0.0000000000000000000, -1.000000000000000000 ) ) ;
#8422 = CARTESIAN_POINT ( 'NONE',  ( -40.47000000000002000, 22.59999999999999800, 56.49999999999999300 ) ) ;
#8423 = DIRECTION ( 'NONE',  ( -0.0000000000000000000, -1.000000000000000000, 0.0000000000000000000 ) ) ;
#8424 = CARTESIAN_POINT ( 'NONE',  ( -40.47000000000002000, 22.59999999999999800, 56.49999999999999300 ) ) ;
#8425 = VECTOR ( 'NONE', #3136, 1000.000000000000000 ) ;
#8426 = B_SPLINE_CURVE_WITH_KNOTS ( 'NONE', 3,
 ( #6970, #9754, #9711, #4212, #4293, #3422 ),
 .UNSPECIFIED., .F., .F.,
 ( 4, 2, 4 ),
 ( 6.938893903907228400E-018, 0.0002528233410046206500, 0.0005056466820092343600 ),
 .UNSPECIFIED. ) ;
#8427 = EDGE_CURVE ( 'NONE', #5098, #1492, #2950, .T. ) ;
#8428 = ORIENTED_EDGE ( 'NONE', *, *, #492, .T. ) ;
#8429 = ORIENTED_EDGE ( 'NONE', *, *, #3534, .F. ) ;
#8430 = CIRCLE ( 'NONE', #9930, 2.750000000000002700 ) ;
#8431 = LINE ( 'NONE', #5172, #2810 ) ;
#8432 = CARTESIAN_POINT ( 'NONE',  ( -39.69000000000000500, 23.09999999999999100, -58.75000000000000000 ) ) ;
#8433 = CARTESIAN_POINT ( 'NONE',  ( 22.59999999999958200, 39.54266270251093800, 57.56948464461342500 ) ) ;
#8434 = COLOUR_RGB ( '',0.2000000000000000100, 0.2000000000000000100, 0.2000000000000000100 ) ;
#8435 = ADVANCED_FACE ( 'NONE', ( #8588 ), #1083, .T. ) ;
#8436 = VERTEX_POINT ( 'NONE', #7374 ) ;
#8437 = CARTESIAN_POINT ( 'NONE',  ( -26.59999999999998700, -42.74999999999999300, 58.75000000000000000 ) ) ;
#8438 = AXIS2_PLACEMENT_3D ( 'NONE', #4833, #3943, #2103 ) ;
#8439 = DIRECTION ( 'NONE',  ( -0.0000000000000000000, -1.000000000000000000, -0.0000000000000000000 ) ) ;
#8440 = EDGE_LOOP ( 'NONE', ( #6095, #3390, #8193, #4445 ) ) ;
#8441 = CARTESIAN_POINT ( 'NONE',  ( 37.18999999999999800, -23.09999999999998700, 48.25000000000000000 ) ) ;
#8442 = ORIENTED_EDGE ( 'NONE', *, *, #6873, .F. ) ;
#8443 = EDGE_CURVE ( 'NONE', #6785, #11090, #8876, .T. ) ;
#8444 = CARTESIAN_POINT ( 'NONE',  ( 42.74999999999999300, -26.59999999999999400, 58.75000000000000000 ) ) ;
#8445 = CARTESIAN_POINT ( 'NONE',  ( -22.59999999999985600, -40.47000000000009800, 56.75896736903246200 ) ) ;
#8446 = DIRECTION ( 'NONE',  ( 0.0000000000000000000, -0.0000000000000000000, -1.000000000000000000 ) ) ;
#8447 = ORIENTED_EDGE ( 'NONE', *, *, #10226, .T. ) ;
#8448 = CARTESIAN_POINT ( 'NONE',  ( 39.99999999999998600, 42.75000000000000700, -58.75000000000000000 ) ) ;
#8449 = DIRECTION ( 'NONE',  ( -1.000000000000000000, 0.0000000000000000000, 0.0000000000000000000 ) ) ;
#8450 = CARTESIAN_POINT ( 'NONE',  ( -31.19999999999998900, 31.19999999999999600, 48.00000000000000000 ) ) ;
#8451 = PRESENTATION_LAYER_ASSIGNMENT (  '', '', ( #3412 ) ) ;
#8452 = ORIENTED_EDGE ( 'NONE', *, *, #2360, .F. ) ;
#8453 = ORIENTED_EDGE ( 'NONE', *, *, #7605, .T. ) ;
#8454 = CARTESIAN_POINT ( 'NONE',  ( -38.55500506987696200, 21.10000000000000500, 56.83639580559809400 ) ) ;
#8455 = CIRCLE ( 'NONE', #3900, 3.000000000000002700 ) ;
#8456 = CARTESIAN_POINT ( 'NONE',  ( -37.96999999999999200, 23.74852751943421600, 57.75230104942099300 ) ) ;
#8457 = LINE ( 'NONE', #9405, #9050 ) ;
#8458 = ORIENTED_EDGE ( 'NONE', *, *, #3018, .F. ) ;
#8459 = EDGE_CURVE ( 'NONE', #10720, #2019, #526, .T. ) ;
#8460 = DIRECTION ( 'NONE',  ( -0.0000000000000000000, -0.0000000000000000000, 1.000000000000000000 ) ) ;
#8461 = EDGE_CURVE ( 'NONE', #10773, #9073, #7725, .T. ) ;
#8462 = SURFACE_STYLE_USAGE ( .BOTH. , #379 ) ;
#8463 = CARTESIAN_POINT ( 'NONE',  ( 6.800000000000014000, 0.0000000000000000000, -59.00000000000000000 ) ) ;
#8464 = DIRECTION ( 'NONE',  ( 1.224646799147353200E-016, 1.000000000000000000, 0.0000000000000000000 ) ) ;
#8465 = CARTESIAN_POINT ( 'NONE',  ( 39.94000000000001200, -23.09999999999998700, 48.00000000000000000 ) ) ;
#8466 = DIRECTION ( 'NONE',  ( -1.000000000000000000, 0.0000000000000000000, 0.0000000000000000000 ) ) ;
#8467 = ORIENTED_EDGE ( 'NONE', *, *, #7951, .T. ) ;
#8468 = ORIENTED_EDGE ( 'NONE', *, *, #2525, .F. ) ;
#8469 = ORIENTED_EDGE ( 'NONE', *, *, #8766, .F. ) ;
#8470 = CIRCLE ( 'NONE', #5000, 2.500000000000002200 ) ;
#8471 = AXIS2_PLACEMENT_3D ( 'NONE', #4637, #7334, #2868 ) ;
#8472 = LINE ( 'NONE', #8938, #9916 ) ;
#8473 = VERTEX_POINT ( 'NONE', #2836 ) ;
#8474 = ORIENTED_EDGE ( 'NONE', *, *, #7983, .F. ) ;
#8475 = AXIS2_PLACEMENT_3D ( 'NONE', #1170, #9323, #11006 ) ;
#8476 = CARTESIAN_POINT ( 'NONE',  ( 0.0000000000000000000, 0.0000000000000000000, -58.75000000000000000 ) ) ;
#8477 = DIRECTION ( 'NONE',  ( -1.521687259628777600E-015, -1.000000000000000000, 0.0000000000000000000 ) ) ;
#8478 = FILL_AREA_STYLE ('',( #7521 ) ) ;
#8479 = ORIENTED_EDGE ( 'NONE', *, *, #7689, .F. ) ;
#8480 =( NAMED_UNIT ( * ) PLANE_ANGLE_UNIT ( ) SI_UNIT ( $, .RADIAN. ) );
#8481 = STYLED_ITEM ( 'NONE', ( #10150 ), #1620 ) ;
#8482 = LINE ( 'NONE', #10753, #11504 ) ;
#8483 = EDGE_CURVE ( 'NONE', #3932, #7614, #2529, .T. ) ;
#8484 = VERTEX_POINT ( 'NONE', #9105 ) ;
#8485 = ADVANCED_FACE ( 'NONE', ( #9888, #3527 ), #3792, .T. ) ;
#8486 = PRESENTATION_STYLE_ASSIGNMENT (( #9628 ) ) ;
#8487 = VERTEX_POINT ( 'NONE', #4677 ) ;
#8488 = DIRECTION ( 'NONE',  ( -2.753529326947313900E-016, 1.000000000000000000, -0.0000000000000000000 ) ) ;
#8489 = AXIS2_PLACEMENT_3D ( 'NONE', #6854, #498, #4116 ) ;
#8490 = DIRECTION ( 'NONE',  ( 0.0000000000000000000, 1.000000000000000000, 0.0000000000000000000 ) ) ;
#8491 = AXIS2_PLACEMENT_3D ( 'NONE', #1277, #4054, #8411 ) ;
#8492 = ORIENTED_EDGE ( 'NONE', *, *, #3522, .T. ) ;
#8493 = CIRCLE ( 'NONE', #8120, 1.250000000000008000 ) ;
#8494 = ORIENTED_EDGE ( 'NONE', *, *, #9155, .F. ) ;
#8495 = AXIS2_PLACEMENT_3D ( 'NONE', #4144, #2193, #9470 ) ;
#8496 = DIRECTION ( 'NONE',  ( -0.0000000000000000000, -0.0000000000000000000, 1.000000000000000000 ) ) ;
#8497 = ADVANCED_FACE ( 'NONE', ( #9600 ), #5343, .T. ) ;
#8498 =( NAMED_UNIT ( * ) PLANE_ANGLE_UNIT ( ) SI_UNIT ( $, .RADIAN. ) );
#8499 = EDGE_CURVE ( 'NONE', #7294, #9926, #7434, .T. ) ;
#8500 = ORIENTED_EDGE ( 'NONE', *, *, #5665, .T. ) ;
#8501 = DIRECTION ( 'NONE',  ( -1.000000000000000000, 0.0000000000000000000, 0.0000000000000000000 ) ) ;
#8503 = DIRECTION ( 'NONE',  ( -0.0000000000000000000, -0.0000000000000000000, -1.000000000000000000 ) ) ;
#8502 = VECTOR ( 'NONE', #4929, 1000.000000000000000 ) ;
#8504 = VERTEX_POINT ( 'NONE', #6413 ) ;
#8505 = CARTESIAN_POINT ( 'NONE',  ( 2.499999999999989300, 42.99999999999999300, -53.50000000000000000 ) ) ;
#8506 = UNCERTAINTY_MEASURE_WITH_UNIT (LENGTH_MEASURE( 1.000000000000000100E-005 ), #8810, 'distance_accuracy_value', 'NONE');
#8507 = EDGE_LOOP ( 'NONE', ( #3293, #5229, #684, #273 ) ) ;
#8508 = VECTOR ( 'NONE', #14, 1000.000000000000000 ) ;
#8509 = AXIS2_PLACEMENT_3D ( 'NONE', #2273, #9467, #11278 ) ;
#8510 = CARTESIAN_POINT ( 'NONE',  ( -31.54999999999999400, 34.79999999999999000, 48.25000000000000000 ) ) ;
#8511 = DIRECTION ( 'NONE',  ( -1.000000000000000000, 0.0000000000000000000, 0.0000000000000000000 ) ) ;
#8512 = SURFACE_STYLE_FILL_AREA ( #9410 ) ;
#8513 = CARTESIAN_POINT ( 'NONE',  ( -21.09999999999987000, -38.13304899744451900, 56.80370889822909000 ) ) ;
#8514 = EDGE_LOOP ( 'NONE', ( #9671, #6361, #2716, #11188 ) ) ;
#8515 = LINE ( 'NONE', #3269, #10834 ) ;
#8516 = EDGE_CURVE ( 'NONE', #3441, #5347, #8430, .T. ) ;
#8517 = SURFACE_STYLE_FILL_AREA ( #1242 ) ;
#8518 = FILL_AREA_STYLE_COLOUR ( '', #4587 ) ;
#8519 = CARTESIAN_POINT ( 'NONE',  ( -1.747239518372058400E-015, 48.99999999999999300, -53.50000000000000000 ) ) ;
#8520 =( NAMED_UNIT ( * ) SI_UNIT ( $, .STERADIAN. ) SOLID_ANGLE_UNIT ( ) );
#8521 = LINE ( 'NONE', #2794, #2772 ) ;
#8522 = AXIS2_PLACEMENT_3D ( 'NONE', #8380, #8496, #10229 ) ;
#8523 = ORIENTED_EDGE ( 'NONE', *, *, #850, .T. ) ;
#8524 = VECTOR ( 'NONE', #2837, 1000.000000000000000 ) ;
#8525 = CARTESIAN_POINT ( 'NONE',  ( 34.80000000000000400, -34.79999999999998300, 58.75000000000000000 ) ) ;
#8526 = CARTESIAN_POINT ( 'NONE',  ( 31.20000000000000300, 28.19999999999999600, -58.75000000000000000 ) ) ;
#8527 = VECTOR ( 'NONE', #10334, 1000.000000000000000 ) ;
#8528 = CARTESIAN_POINT ( 'NONE',  ( -25.09999999999987000, -38.97000000000008400, 56.49999999999999300 ) ) ;
#8529 = CARTESIAN_POINT ( 'NONE',  ( -36.46999999999999900, 23.60000000000000100, 56.75896736903249700 ) ) ;
#8530 = EDGE_CURVE ( 'NONE', #8256, #3974, #5049, .T. ) ;
#8531 = EDGE_CURVE ( 'NONE', #9227, #1450, #4781, .T. ) ;
#8532 = DIRECTION ( 'NONE',  ( -0.0000000000000000000, -0.0000000000000000000, 1.000000000000000000 ) ) ;
#8533 = DIRECTION ( 'NONE',  ( 0.0000000000000000000, -0.0000000000000000000, -1.000000000000000000 ) ) ;
#8534 = VERTEX_POINT ( 'NONE', #10135 ) ;
#8535 = ORIENTED_EDGE ( 'NONE', *, *, #8986, .T. ) ;
#8536 = PRESENTATION_STYLE_ASSIGNMENT (( #2317 ) ) ;
#8537 =( LENGTH_UNIT ( ) NAMED_UNIT ( * ) SI_UNIT ( .MILLI., .METRE. ) );
#8538 = CIRCLE ( 'NONE', #9118, 0.2500000000000002200 ) ;
#8539 = CARTESIAN_POINT ( 'NONE',  ( 37.18999999999999800, -23.09999999999998700, -58.75000000000000000 ) ) ;
#8540 = DIRECTION ( 'NONE',  ( -0.0000000000000000000, -0.0000000000000000000, 1.000000000000000000 ) ) ;
#8541 = TOROIDAL_SURFACE ( 'NONE', #6345, 1.500000000000004700, 0.2500000000000000000 ) ;
#8542 = ADVANCED_FACE ( 'NONE', ( #6186 ), #4879, .F. ) ;
#8543 = DIRECTION ( 'NONE',  ( -1.000000000000000000, 0.0000000000000000000, 0.0000000000000000000 ) ) ;
#8544 = AXIS2_PLACEMENT_3D ( 'NONE', #6867, #7684, #6916 ) ;
#8545 = CARTESIAN_POINT ( 'NONE',  ( -39.99999999999999300, 28.19999999999999600, -48.00000000000000000 ) ) ;
#8546 = ORIENTED_EDGE ( 'NONE', *, *, #1470, .T. ) ;
#8547 = VERTEX_POINT ( 'NONE', #1191 ) ;
#8548 = VECTOR ( 'NONE', #10819, 1000.000000000000000 ) ;
#8549 = COLOUR_RGB ( '',0.8941176470588234600, 0.9137254901960784000, 0.9294117647058823800 ) ;
#8550 = AXIS2_PLACEMENT_3D ( 'NONE', #11442, #534, #570 ) ;
#8551 = CARTESIAN_POINT ( 'NONE',  ( -36.46999999999999900, 22.76039147670960000, 56.80943189897303100 ) ) ;
#8552 = EDGE_CURVE ( 'NONE', #3211, #7953, #2378, .T. ) ;
#8553 = SURFACE_SIDE_STYLE ('',( #5881 ) ) ;
#8554 = ADVANCED_FACE ( 'NONE', ( #6604 ), #2066, .F. ) ;
#8555 = SURFACE_SIDE_STYLE ('',( #9113 ) ) ;
#8556 = DIRECTION ( 'NONE',  ( 1.000000000000000000, 0.0000000000000000000, 0.0000000000000000000 ) ) ;
#8557 = SURFACE_STYLE_USAGE ( .BOTH. , #6901 ) ;
#8558 = AXIS2_PLACEMENT_3D ( 'NONE', #11034, #5577, #2325 ) ;
#8559 = AXIS2_PLACEMENT_3D ( 'NONE', #1052, #5515, #1920 ) ;
#8560 = EDGE_LOOP ( 'NONE', ( #102, #9575, #2501, #11105 ) ) ;
#8561 = ORIENTED_EDGE ( 'NONE', *, *, #10248, .F. ) ;
#8562 = CIRCLE ( 'NONE', #7549, 2.999999999999999100 ) ;
#8563 = CARTESIAN_POINT ( 'NONE',  ( 43.00000000000000000, 25.19999999999999600, 48.00000000000000000 ) ) ;
#8564 = CIRCLE ( 'NONE', #739, 2.500000000000002200 ) ;
#8565 = VERTEX_POINT ( 'NONE', #11225 ) ;
#8566 = CARTESIAN_POINT ( 'NONE',  ( 38.44000000000001200, -23.09999999999998700, 48.00000000000000000 ) ) ;
#8567 = DIRECTION ( 'NONE',  ( -0.0000000000000000000, -0.0000000000000000000, -1.000000000000000000 ) ) ;
#8568 = DIRECTION ( 'NONE',  ( 1.000000000000000000, 0.0000000000000000000, 0.0000000000000000000 ) ) ;
#8569 =( GEOMETRIC_REPRESENTATION_CONTEXT ( 3 ) GLOBAL_UNCERTAINTY_ASSIGNED_CONTEXT ( ( #6922 ) ) GLOBAL_UNIT_ASSIGNED_CONTEXT ( ( #2577, #3487, #7104 ) ) REPRESENTATION_CONTEXT ( 'NONE', 'WORKASPACE' ) );
#8570 = DIRECTION ( 'NONE',  ( -0.0000000000000000000, -0.0000000000000000000, 1.000000000000000000 ) ) ;
#8571 = EDGE_CURVE ( 'NONE', #2984, #1447, #1104, .T. ) ;
#8572 = ORIENTED_EDGE ( 'NONE', *, *, #10170, .F. ) ;
#8573 = ORIENTED_EDGE ( 'NONE', *, *, #4506, .F. ) ;
#8574 = CIRCLE ( 'NONE', #11705, 1.250000000000001100 ) ;
#8575 = UNCERTAINTY_MEASURE_WITH_UNIT (LENGTH_MEASURE( 1.000000000000000100E-005 ), #6622, 'distance_accuracy_value', 'NONE');
#8576 = CARTESIAN_POINT ( 'NONE',  ( -28.19999999999998900, 31.19999999999999600, 48.00000000000000000 ) ) ;
#8577 = PRESENTATION_STYLE_ASSIGNMENT (( #9573 ) ) ;
#8578 = SURFACE_STYLE_FILL_AREA ( #9674 ) ;
#8579 = MECHANICAL_DESIGN_GEOMETRIC_PRESENTATION_REPRESENTATION (  '', ( #9346 ), #6769 ) ;
#8580 =( NAMED_UNIT ( * ) SI_UNIT ( $, .STERADIAN. ) SOLID_ANGLE_UNIT ( ) );
#8581 = DIRECTION ( 'NONE',  ( 0.0000000000000000000, -1.000000000000000000, 0.0000000000000000000 ) ) ;
#8582 = PRODUCT_DEFINITION_CONTEXT ( 'detailed design', #10663, 'design' ) ;
#8583 = CARTESIAN_POINT ( 'NONE',  ( 24.34999999999999800, 38.44000000000001200, 55.74999999999999300 ) ) ;
#8584 = DIRECTION ( 'NONE',  ( -0.0000000000000000000, -0.0000000000000000000, 1.000000000000000000 ) ) ;
#8585 = DIRECTION ( 'NONE',  ( 0.0000000000000000000, -0.0000000000000000000, -1.000000000000000000 ) ) ;
#8586 = ORIENTED_EDGE ( 'NONE', *, *, #2882, .F. ) ;
#8587 = ORIENTED_EDGE ( 'NONE', *, *, #7777, .T. ) ;
#8588 = FACE_OUTER_BOUND ( 'NONE', #3978, .T. ) ;
#8589 = CARTESIAN_POINT ( 'NONE',  ( 0.0000000000000000000, 0.0000000000000000000, 48.24999999999999300 ) ) ;
#8591 = B_SPLINE_CURVE_WITH_KNOTS ( 'NONE', 3,
 ( #11222, #2982, #285, #11181, #1269, #5734, #7573, #5777 ),
 .UNSPECIFIED., .F., .F.,
 ( 4, 2, 2, 4 ),
 ( 0.01712125363646609800, 0.01758061768880458300, 0.01803998174114306400, 0.01895870984582006000 ),
 .UNSPECIFIED. ) ;
#8590 = CIRCLE ( 'NONE', #8509, 0.2500000000000002200 ) ;
#8592 = EDGE_CURVE ( 'NONE', #8715, #4814, #4644, .T. ) ;
#8593 = ORIENTED_EDGE ( 'NONE', *, *, #1866, .T. ) ;
#8594 = CARTESIAN_POINT ( 'NONE',  ( 0.0000000000000000000, 0.0000000000000000000, 56.49999999999999300 ) ) ;
#8595 = ORIENTED_EDGE ( 'NONE', *, *, #10054, .F. ) ;
#8596 = SURFACE_STYLE_USAGE ( .BOTH. , #7752 ) ;
#8597 = VERTEX_POINT ( 'NONE', #6723 ) ;
#8598 =( NAMED_UNIT ( * ) SI_UNIT ( $, .STERADIAN. ) SOLID_ANGLE_UNIT ( ) );
#8599 = CARTESIAN_POINT ( 'NONE',  ( -21.09999999999987000, -38.97000000000007000, 56.75896736903246900 ) ) ;
#8600 = AXIS2_PLACEMENT_3D ( 'NONE', #8402, #9258, #9338 ) ;
#8601 = ADVANCED_FACE ( 'NONE', ( #8717 ), #11319, .T. ) ;
#8602 = CARTESIAN_POINT ( 'NONE',  ( -42.74999999999999300, 20.10000000000000100, 55.74999999999999300 ) ) ;
#8603 = EDGE_CURVE ( 'NONE', #3888, #787, #2245, .T. ) ;
#8604 = ORIENTED_EDGE ( 'NONE', *, *, #1051, .F. ) ;
#8605 = CARTESIAN_POINT ( 'NONE',  ( 19.84999999999999100, 38.43999999999999800, 58.75000000000000000 ) ) ;
#8606 = FACE_OUTER_BOUND ( 'NONE', #7915, .T. ) ;
#8607 = ORIENTED_EDGE ( 'NONE', *, *, #7463, .T. ) ;
#8608 = VERTEX_POINT ( 'NONE', #9347 ) ;
#8609 = CARTESIAN_POINT ( 'NONE',  ( 23.59999999999960400, 37.97000000000024000, 57.79579263126746700 ) ) ;
#8610 = AXIS2_PLACEMENT_3D ( 'NONE', #6764, #10428, #7765 ) ;
#8611 = ADVANCED_FACE ( 'NONE', ( #1390 ), #11605, .T. ) ;
#8612 = ORIENTED_EDGE ( 'NONE', *, *, #4988, .T. ) ;
#8613 = FILL_AREA_STYLE_COLOUR ( '', #7431 ) ;
#8614 = ORIENTED_EDGE ( 'NONE', *, *, #2719, .F. ) ;
#8615 = LINE ( 'NONE', #2821, #10921 ) ;
#8616 = DIRECTION ( 'NONE',  ( 1.047444401652940000E-014, -1.000000000000000000, 0.0000000000000000000 ) ) ;
#8617 = VECTOR ( 'NONE', #9700, 1000.000000000000000 ) ;
#8618 = AXIS2_PLACEMENT_3D ( 'NONE', #1422, #8556, #4161 ) ;
#8619 = VERTEX_POINT ( 'NONE', #8528 ) ;
#8620 = ORIENTED_EDGE ( 'NONE', *, *, #4517, .T. ) ;
#8621 = CARTESIAN_POINT ( 'NONE',  ( -23.09999999999997700, -38.44000000000001200, 48.00000000000000000 ) ) ;
#8622 = DIRECTION ( 'NONE',  ( 0.0000000000000000000, 0.0000000000000000000, 1.000000000000000000 ) ) ;
#8623 = ORIENTED_EDGE ( 'NONE', *, *, #1544, .T. ) ;
#8624 = AXIS2_PLACEMENT_3D ( 'NONE', #3486, #5285, #7968 ) ;
#8625 = CIRCLE ( 'NONE', #88, 3.249999999999999600 ) ;
#8626 = AXIS2_PLACEMENT_3D ( 'NONE', #99, #6341, #4680 ) ;
#8627 = CARTESIAN_POINT ( 'NONE',  ( -22.59999999999987700, -37.82147248056585900, 57.75230104942097900 ) ) ;
#8628 = CARTESIAN_POINT ( 'NONE',  ( -42.74999999999999300, 25.19999999999999600, -59.00000000000000000 ) ) ;
#8629 = ORIENTED_EDGE ( 'NONE', *, *, #8766, .T. ) ;
#8630 = LINE ( 'NONE', #5701, #13 ) ;
#8631 = VERTEX_POINT ( 'NONE', #2151 ) ;
#8632 = CARTESIAN_POINT ( 'NONE',  ( 3.200000000000000600, 6.000000000000000000, 97.60000000000000900 ) ) ;
#8633 = PLANE ( 'NONE',  #7101 ) ;
#8634 = CARTESIAN_POINT ( 'NONE',  ( -26.59999999999998700, -42.74999999999999300, 58.75000000000000000 ) ) ;
#8635 = PRESENTATION_LAYER_ASSIGNMENT (  '', '', ( #4043 ) ) ;
#8636 = FILL_AREA_STYLE_COLOUR ( '', #6461 ) ;
#8637 = ORIENTED_EDGE ( 'NONE', *, *, #1850, .T. ) ;
#8638 = EDGE_CURVE ( 'NONE', #3684, #7867, #8300, .T. ) ;
#8639 = TOROIDAL_SURFACE ( 'NONE', #11641, 3.500000000000001300, 0.2500000000000000000 ) ;
#8640 = VERTEX_POINT ( 'NONE', #11269 ) ;
#8641 = CARTESIAN_POINT ( 'NONE',  ( 22.59999999999957500, 40.47000000000025500, 56.49999999999999300 ) ) ;
#8642 = ORIENTED_EDGE ( 'NONE', *, *, #7898, .T. ) ;
#8643 = FACE_OUTER_BOUND ( 'NONE', #1962, .T. ) ;
#8644 = PLANE ( 'NONE',  #3208 ) ;
#8645 = AXIS2_PLACEMENT_3D ( 'NONE', #10912, #9137, #1867 ) ;
#8646 = AXIS2_PLACEMENT_3D ( 'NONE', #9033, #6264, #1722 ) ;
#8647 = DIRECTION ( 'NONE',  ( 1.000000000000000000, 1.613696256722611400E-016, -0.0000000000000000000 ) ) ;
#8648 = DIRECTION ( 'NONE',  ( -1.613696256722611400E-016, 1.000000000000000000, 0.0000000000000000000 ) ) ;
#8649 = ORIENTED_EDGE ( 'NONE', *, *, #1896, .F. ) ;
#8650 = DIRECTION ( 'NONE',  ( 1.000000000000000000, 0.0000000000000000000, 0.0000000000000000000 ) ) ;
#8651 = PRESENTATION_STYLE_ASSIGNMENT (( #2176 ) ) ;
#8652 = ORIENTED_EDGE ( 'NONE', *, *, #7347, .T. ) ;
#8653 = UNCERTAINTY_MEASURE_WITH_UNIT (LENGTH_MEASURE( 1.000000000000000100E-005 ), #9649, 'distance_accuracy_value', 'NONE');
#8654 = ORIENTED_EDGE ( 'NONE', *, *, #10583, .F. ) ;
#8655 = LINE ( 'NONE', #10042, #7112 ) ;
#8656 = EDGE_CURVE ( 'NONE', #2310, #1270, #9307, .T. ) ;
#8657 = CARTESIAN_POINT ( 'NONE',  ( 21.09999999999960000, 38.47000000000021200, 56.83639580559806600 ) ) ;
#8658 = ADVANCED_FACE ( 'NONE', ( #5618 ), #6748, .F. ) ;
#8659 = CARTESIAN_POINT ( 'NONE',  ( 37.96999999999998500, -24.68593362000731900, 57.21087685217723600 ) ) ;
#8660 =( NAMED_UNIT ( * ) PLANE_ANGLE_UNIT ( ) SI_UNIT ( $, .RADIAN. ) );
#8661 = DIRECTION ( 'NONE',  ( 0.0000000000000000000, 0.0000000000000000000, 1.000000000000000000 ) ) ;
#8662 = ORIENTED_EDGE ( 'NONE', *, *, #10319, .F. ) ;
#8663 = FACE_OUTER_BOUND ( 'NONE', #2594, .T. ) ;
#8664 = PRESENTATION_STYLE_ASSIGNMENT (( #11678 ) ) ;
#8665 = AXIS2_PLACEMENT_3D ( 'NONE', #7917, #7093, #11692 ) ;
#8666 = CARTESIAN_POINT ( 'NONE',  ( 39.99999999999999300, 25.19999999999999600, -48.00000000000000000 ) ) ;
#8667 = EDGE_CURVE ( 'NONE', #3550, #7424, #10747, .T. ) ;
#8668 = ADVANCED_FACE ( 'NONE', ( #9152 ), #4074, .T. ) ;
#8669 = DIRECTION ( 'NONE',  ( 0.0000000000000000000, 0.0000000000000000000, -1.000000000000000000 ) ) ;
#8670 = EDGE_LOOP ( 'NONE', ( #1233, #9588, #6391, #9713 ) ) ;
#8671 = CARTESIAN_POINT ( 'NONE',  ( 23.09999999999998000, 38.44000000000000500, 55.99999999999999300 ) ) ;
#8672 =( NAMED_UNIT ( * ) SI_UNIT ( $, .STERADIAN. ) SOLID_ANGLE_UNIT ( ) );
#8673 = ORIENTED_EDGE ( 'NONE', *, *, #7175, .T. ) ;
#8674 = CIRCLE ( 'NONE', #11190, 2.500000000000002200 ) ;
#8675 = FILL_AREA_STYLE_COLOUR ( '', #6450 ) ;
#8676 = LINE ( 'NONE', #9640, #3913 ) ;
#8677 = EDGE_LOOP ( 'NONE', ( #2805, #5092, #5835, #3019 ) ) ;
#8678 = AXIS2_PLACEMENT_3D ( 'NONE', #7267, #10182, #3758 ) ;
#8679 = DIRECTION ( 'NONE',  ( 0.0000000000000000000, 0.0000000000000000000, -1.000000000000000000 ) ) ;
#8680 = CARTESIAN_POINT ( 'NONE',  ( 40.49999999999999300, -40.49999999999997900, 48.00000000000000000 ) ) ;
#8681 = ORIENTED_EDGE ( 'NONE', *, *, #2064, .F. ) ;
#8682 = ORIENTED_EDGE ( 'NONE', *, *, #3576, .F. ) ;
#8683 = LINE ( 'NONE', #9276, #3491 ) ;
#8684 = FILL_AREA_STYLE ('',( #2465 ) ) ;
#8685 = EDGE_CURVE ( 'NONE', #6628, #5468, #4635, .T. ) ;
#8686 = CIRCLE ( 'NONE', #8756, 2.250000000000001800 ) ;
#8687 = DIRECTION ( 'NONE',  ( -0.0000000000000000000, -0.0000000000000000000, 1.000000000000000000 ) ) ;
#8688 = EDGE_CURVE ( 'NONE', #5212, #10517, #8291, .T. ) ;
#8689 = FILL_AREA_STYLE_COLOUR ( '', #10314 ) ;
#8690 = ORIENTED_EDGE ( 'NONE', *, *, #2804, .F. ) ;
#8691 = ORIENTED_EDGE ( 'NONE', *, *, #10420, .F. ) ;
#8692 = CIRCLE ( 'NONE', #2348, 1.250000000000001100 ) ;
#8693 = FILL_AREA_STYLE_COLOUR ( '', #339 ) ;
#8694 = CYLINDRICAL_SURFACE ( 'NONE', #8405, 0.2500000000000002200 ) ;
#8695 = EDGE_CURVE ( 'NONE', #9853, #7341, #9881, .T. ) ;
#8696 = CARTESIAN_POINT ( 'NONE',  ( 37.96999999999999200, -25.10000000000000500, 56.75896736903245500 ) ) ;
#8697 = PRESENTATION_LAYER_ASSIGNMENT (  '', '', ( #5678 ) ) ;
#8698 = CARTESIAN_POINT ( 'NONE',  ( 43.00000000000000000, -26.34999999999999800, 55.74999999999999300 ) ) ;
#8699 = COLOUR_RGB ( '',0.8941176470588234600, 0.9137254901960784000, 0.9294117647058823800 ) ;
#8700 = DIRECTION ( 'NONE',  ( 0.0000000000000000000, 0.0000000000000000000, -1.000000000000000000 ) ) ;
#8701 = AXIS2_PLACEMENT_3D ( 'NONE', #4724, #5550, #1042 ) ;
#8702 = ORIENTED_EDGE ( 'NONE', *, *, #5077, .T. ) ;
#8703 = ORIENTED_EDGE ( 'NONE', *, *, #9968, .T. ) ;
#8704 = LINE ( 'NONE', #9209, #10722 ) ;
#8705 = CARTESIAN_POINT ( 'NONE',  ( 21.09999999999960400, 37.97000000000021200, 56.49999999999999300 ) ) ;
#8706 = EDGE_CURVE ( 'NONE', #531, #7919, #3083, .T. ) ;
#8707 = VERTEX_POINT ( 'NONE', #4204 ) ;
#8708 = TOROIDAL_SURFACE ( 'NONE', #10217, 1.500000000000001300, 0.2500000000000000000 ) ;
#8709 = CARTESIAN_POINT ( 'NONE',  ( 31.20000000000000300, 28.19999999999999600, -59.00000000000000000 ) ) ;
#8710 = DIRECTION ( 'NONE',  ( -1.000000000000000000, 0.0000000000000000000, 0.0000000000000000000 ) ) ;
#8711 = DIRECTION ( 'NONE',  ( 1.000000000000000000, 0.0000000000000000000, 0.0000000000000000000 ) ) ;
#8712 = SURFACE_STYLE_USAGE ( .BOTH. , #1490 ) ;
#8713 = MECHANICAL_DESIGN_GEOMETRIC_PRESENTATION_REPRESENTATION (  '', ( #1906 ), #3757 ) ;
#8714 = ADVANCED_FACE ( 'NONE', ( #7579 ), #6460, .T. ) ;
#8715 = VERTEX_POINT ( 'NONE', #11342 ) ;
#8716 = EDGE_LOOP ( 'NONE', ( #11195, #2410, #9390, #7289 ) ) ;
#8717 = FACE_OUTER_BOUND ( 'NONE', #6966, .T. ) ;
#8718 = CARTESIAN_POINT ( 'NONE',  ( 28.20000000000000300, 31.19999999999999600, -48.00000000000000000 ) ) ;
#8719 = FACE_OUTER_BOUND ( 'NONE', #4576, .T. ) ;
#8720 = CARTESIAN_POINT ( 'NONE',  ( 43.00000000000000000, -40.49999999999997900, 58.75000000000000000 ) ) ;
#8721 = CARTESIAN_POINT ( 'NONE',  ( 22.59999999999961100, 37.39930228490751300, 57.55735127863044200 ) ) ;
#8722 = CIRCLE ( 'NONE', #4666, 2.250000000000001800 ) ;
#8723 = AXIS2_PLACEMENT_3D ( 'NONE', #6388, #9512, #9554 ) ;
#8724 = VERTEX_POINT ( 'NONE', #6801 ) ;
#8725 = CARTESIAN_POINT ( 'NONE',  ( -28.19999999999998200, -40.00000000000000000, -48.00000000000000000 ) ) ;
#8726 = EDGE_CURVE ( 'NONE', #3073, #10757, #3515, .T. ) ;
#8727 = DIRECTION ( 'NONE',  ( -0.0000000000000000000, 0.0000000000000000000, 1.000000000000000000 ) ) ;
#8728 = DIRECTION ( 'NONE',  ( 1.000000000000000000, 0.0000000000000000000, 0.0000000000000000000 ) ) ;
#8729 = CARTESIAN_POINT ( 'NONE',  ( 37.96999999999999200, -21.10000000000000500, 56.49999999999999300 ) ) ;
#8730 = SURFACE_SIDE_STYLE ('',( #7426 ) ) ;
#8731 = VERTEX_POINT ( 'NONE', #1469 ) ;
#8732 = ORIENTED_EDGE ( 'NONE', *, *, #2271, .F. ) ;
#8733 = VECTOR ( 'NONE', #1150, 1000.000000000000000 ) ;
#8734 = ADVANCED_FACE ( 'NONE', ( #2231 ), #812, .F. ) ;
#8735 = DIRECTION ( 'NONE',  ( 0.0000000000000000000, -1.000000000000000000, 0.0000000000000000000 ) ) ;
#8736 = EDGE_LOOP ( 'NONE', ( #5467, #851, #11318, #1586 ) ) ;
#8737 = STYLED_ITEM ( 'NONE', ( #10913 ), #6006 ) ;
#8738 = CARTESIAN_POINT ( 'NONE',  ( -23.09999999999998400, -38.44000000000000500, 55.99999999999999300 ) ) ;
#8739 = DIRECTION ( 'NONE',  ( -1.000000000000000000, 0.0000000000000000000, 0.0000000000000000000 ) ) ;
#8740 = CARTESIAN_POINT ( 'NONE',  ( -25.19999999999998900, 39.99999999999998600, -58.75000000000000000 ) ) ;
#8741 = CARTESIAN_POINT ( 'NONE',  ( -37.96999999999999200, 23.60000000000000100, 57.79579263126746700 ) ) ;
#8742 = CARTESIAN_POINT ( 'NONE',  ( -24.59999999999998000, -38.44000000000001200, 48.25000000000000000 ) ) ;
#8743 = ORIENTED_EDGE ( 'NONE', *, *, #5056, .F. ) ;
#8744 = DIRECTION ( 'NONE',  ( -0.0000000000000000000, 1.000000000000000000, 0.0000000000000000000 ) ) ;
#8745 = TOROIDAL_SURFACE ( 'NONE', #6973, 3.499999999999999600, 0.2500000000000000000 ) ;
#8746 = EDGE_CURVE ( 'NONE', #8631, #8208, #668, .T. ) ;
#8747 = CARTESIAN_POINT ( 'NONE',  ( -42.74999999999999300, 26.59999999999999800, 58.75000000000000000 ) ) ;
#8748 = VECTOR ( 'NONE', #5722, 999.9999999999998900 ) ;
#8749 = VERTEX_POINT ( 'NONE', #8605 ) ;
#8750 = DIRECTION ( 'NONE',  ( 1.000000000000000000, 0.0000000000000000000, 0.0000000000000000000 ) ) ;
#8751 =( NAMED_UNIT ( * ) PLANE_ANGLE_UNIT ( ) SI_UNIT ( $, .RADIAN. ) );
#8752 = ORIENTED_EDGE ( 'NONE', *, *, #10489, .T. ) ;
#8753 = CARTESIAN_POINT ( 'NONE',  ( -43.00000000000000000, 40.50000000000000700, 58.75000000000000000 ) ) ;
#8754 = EDGE_LOOP ( 'NONE', ( #6046, #3781, #5927, #9740 ) ) ;
#8755 =( NAMED_UNIT ( * ) SI_UNIT ( $, .STERADIAN. ) SOLID_ANGLE_UNIT ( ) );
#8756 = AXIS2_PLACEMENT_3D ( 'NONE', #10648, #10569, #11568 ) ;
#8757 = CARTESIAN_POINT ( 'NONE',  ( -8.250000000000000000, 1.010333609296566500E-015, 48.00000000000000000 ) ) ;
#8758 = CARTESIAN_POINT ( 'NONE',  ( -34.79999999999999700, 34.79999999999999000, 59.00000000000000000 ) ) ;
#8759 = EDGE_LOOP ( 'NONE', ( #1224, #2578, #7567, #9632 ) ) ;
#8760 = FACE_OUTER_BOUND ( 'NONE', #7894, .T. ) ;
#8761 = CARTESIAN_POINT ( 'NONE',  ( -43.00000000000000000, 26.09999999999999800, 55.74999999999999300 ) ) ;
#8762 = CYLINDRICAL_SURFACE ( 'NONE', #7517, 0.2500000000000002200 ) ;
#8763 = ORIENTED_EDGE ( 'NONE', *, *, #868, .F. ) ;
#8764 = ORIENTED_EDGE ( 'NONE', *, *, #5421, .T. ) ;
#8765 = DIRECTION ( 'NONE',  ( -1.000000000000000000, 0.0000000000000000000, 0.0000000000000000000 ) ) ;
#8766 = EDGE_CURVE ( 'NONE', #8934, #10020, #5193, .T. ) ;
#8767 = ORIENTED_EDGE ( 'NONE', *, *, #6229, .F. ) ;
#8768 = FILL_AREA_STYLE_COLOUR ( '', #5328 ) ;
#8769 =( NAMED_UNIT ( * ) SI_UNIT ( $, .STERADIAN. ) SOLID_ANGLE_UNIT ( ) );
#8770 = CARTESIAN_POINT ( 'NONE',  ( 38.96999999999999200, -22.60000000000000100, 56.49999999999999300 ) ) ;
#8771 = DIRECTION ( 'NONE',  ( -0.0000000000000000000, 0.0000000000000000000, 1.000000000000000000 ) ) ;
#8772 = CIRCLE ( 'NONE', #9735, 2.999999999999999100 ) ;
#8773 = ORIENTED_EDGE ( 'NONE', *, *, #1048, .T. ) ;
#8774 = ORIENTED_EDGE ( 'NONE', *, *, #2137, .T. ) ;
#8775 = AXIS2_PLACEMENT_3D ( 'NONE', #3748, #9093, #10052 ) ;
#8776 = VERTEX_POINT ( 'NONE', #5021 ) ;
#8777 = CARTESIAN_POINT ( 'NONE',  ( -40.46999999999999200, 23.60000000000000100, 56.49999999999999300 ) ) ;
#8778 = DIRECTION ( 'NONE',  ( 0.0000000000000000000, -1.000000000000000000, 0.0000000000000000000 ) ) ;
#8779 = PRESENTATION_LAYER_ASSIGNMENT (  '', '', ( #10795 ) ) ;
#8780 = ADVANCED_FACE ( 'NONE', ( #107, #1938 ), #4992, .T. ) ;
#8781 = VECTOR ( 'NONE', #8035, 1000.000000000000000 ) ;
#8782 = CARTESIAN_POINT ( 'NONE',  ( 40.49999999999999300, -40.49999999999997900, 59.00000000000000000 ) ) ;
#8783 = CIRCLE ( 'NONE', #4048, 2.999999999999999100 ) ;
#8784 = DIRECTION ( 'NONE',  ( -1.000000000000000000, 0.0000000000000000000, 0.0000000000000000000 ) ) ;
#8785 = EDGE_CURVE ( 'NONE', #4789, #4919, #7868, .T. ) ;
#8786 = VERTEX_POINT ( 'NONE', #3182 ) ;
#8787 = FACE_OUTER_BOUND ( 'NONE', #1005, .T. ) ;
#8788 = EDGE_LOOP ( 'NONE', ( #10821, #8732, #10953, #5970 ) ) ;
#8789 = DIRECTION ( 'NONE',  ( -0.0000000000000000000, -0.0000000000000000000, 1.000000000000000000 ) ) ;
#8790 = PRESENTATION_LAYER_ASSIGNMENT (  '', '', ( #3521 ) ) ;
#8791 = CARTESIAN_POINT ( 'NONE',  ( -38.96999999999999200, 21.10000000000000500, 56.49999999999999300 ) ) ;
#8792 = AXIS2_PLACEMENT_3D ( 'NONE', #9117, #2924, #10116 ) ;
#8793 = ORIENTED_EDGE ( 'NONE', *, *, #5930, .T. ) ;
#8794 = PLANE ( 'NONE',  #3630 ) ;
#8795 = CIRCLE ( 'NONE', #6588, 2.500000000000002200 ) ;
#8796 = EDGE_LOOP ( 'NONE', ( #9381, #9679, #3708, #11420 ) ) ;
#8797 = DIRECTION ( 'NONE',  ( 1.047444401652940000E-014, -1.000000000000000000, 0.0000000000000000000 ) ) ;
#8798 = ORIENTED_EDGE ( 'NONE', *, *, #5649, .T. ) ;
#8799 = ADVANCED_FACE ( 'NONE', ( #9590 ), #3808, .F. ) ;
#8800 = CARTESIAN_POINT ( 'NONE',  ( 38.29999999999999700, 34.79999999999999700, 48.00000000000000000 ) ) ;
#8801 = CARTESIAN_POINT ( 'NONE',  ( -40.49999999999999300, 40.50000000000000700, 59.00000000000000000 ) ) ;
#8802 = AXIS2_PLACEMENT_3D ( 'NONE', #6136, #6098, #3395 ) ;
#8803 = FILL_AREA_STYLE_COLOUR ( '', #5594 ) ;
#8804 = DIRECTION ( 'NONE',  ( -1.000000000000000000, -0.0000000000000000000, -0.0000000000000000000 ) ) ;
#8805 = EDGE_CURVE ( 'NONE', #3134, #877, #7295, .T. ) ;
#8806 = CARTESIAN_POINT ( 'NONE',  ( -38.05093335580686900, 21.10000000000000500, 56.78443171315533500 ) ) ;
#8807 = ORIENTED_EDGE ( 'NONE', *, *, #4213, .T. ) ;
#8808 = CYLINDRICAL_SURFACE ( 'NONE', #2143, 2.500000000000000900 ) ;
#8809 = CARTESIAN_POINT ( 'NONE',  ( 37.18999999999999800, -23.09999999999998700, -48.00000000000000000 ) ) ;
#8810 =( LENGTH_UNIT ( ) NAMED_UNIT ( * ) SI_UNIT ( .MILLI., .METRE. ) );
#8811 = FACE_OUTER_BOUND ( 'NONE', #8514, .T. ) ;
#8812 = CIRCLE ( 'NONE', #4125, 3.500000000000003100 ) ;
#8813 = AXIS2_PLACEMENT_3D ( 'NONE', #10787, #9909, #8854 ) ;
#8814 =( LENGTH_UNIT ( ) NAMED_UNIT ( * ) SI_UNIT ( .MILLI., .METRE. ) );
#8815 = CARTESIAN_POINT ( 'NONE',  ( 38.44000000000001200, -23.09999999999998700, 48.00000000000000000 ) ) ;
#8816 = VERTEX_POINT ( 'NONE', #7113 ) ;
#8817 = DIRECTION ( 'NONE',  ( -0.0000000000000000000, -0.0000000000000000000, 1.000000000000000000 ) ) ;
#8818 = DIRECTION ( 'NONE',  ( 0.0000000000000000000, 0.0000000000000000000, 1.000000000000000000 ) ) ;
#8819 = CYLINDRICAL_SURFACE ( 'NONE', #6503, 2.999999999999999100 ) ;
#8820 = VERTEX_POINT ( 'NONE', #10741 ) ;
#8821 =( NAMED_UNIT ( * ) PLANE_ANGLE_UNIT ( ) SI_UNIT ( $, .RADIAN. ) );
#8822 = VECTOR ( 'NONE', #11775, 1000.000000000000000 ) ;
#8823 = EDGE_CURVE ( 'NONE', #2592, #691, #4363, .T. ) ;
#8824 = CYLINDRICAL_SURFACE ( 'NONE', #2601, 8.000000000000000000 ) ;
#8825 = CARTESIAN_POINT ( 'NONE',  ( -28.19999999999998900, 31.19999999999999600, -59.00000000000000000 ) ) ;
#8826 = DIRECTION ( 'NONE',  ( -0.0000000000000000000, -0.0000000000000000000, 1.000000000000000000 ) ) ;
#8827 = FILL_AREA_STYLE_COLOUR ( '', #7305 ) ;
#8828 =( NAMED_UNIT ( * ) PLANE_ANGLE_UNIT ( ) SI_UNIT ( $, .RADIAN. ) );
#8829 = DIRECTION ( 'NONE',  ( 0.0000000000000000000, -0.0000000000000000000, -1.000000000000000000 ) ) ;
#8830 = DIRECTION ( 'NONE',  ( 0.0000000000000000000, 0.0000000000000000000, 1.000000000000000000 ) ) ;
#8831 = AXIS2_PLACEMENT_3D ( 'NONE', #6952, #4279, #3536 ) ;
#8832 = VERTEX_POINT ( 'NONE', #4406 ) ;
#8833 = VERTEX_POINT ( 'NONE', #627 ) ;
#8834 = TOROIDAL_SURFACE ( 'NONE', #3044, 3.500000000000001300, 0.2500000000000000000 ) ;
#8835 = CARTESIAN_POINT ( 'NONE',  ( -28.19999999999998900, 39.99999999999998600, -48.00000000000000000 ) ) ;
#8836 = FACE_OUTER_BOUND ( 'NONE', #8415, .T. ) ;
#8837 = DIRECTION ( 'NONE',  ( -1.000000000000000000, 0.0000000000000000000, 0.0000000000000000000 ) ) ;
#8838 = EDGE_CURVE ( 'NONE', #3199, #8820, #4920, .T. ) ;
#8839 =( NAMED_UNIT ( * ) SI_UNIT ( $, .STERADIAN. ) SOLID_ANGLE_UNIT ( ) );
#8840 = DIRECTION ( 'NONE',  ( 1.000000000000000000, 0.0000000000000000000, 0.0000000000000000000 ) ) ;
#8841 = VERTEX_POINT ( 'NONE', #1703 ) ;
#8842 = VERTEX_POINT ( 'NONE', #2626 ) ;
#8843 = VECTOR ( 'NONE', #6501, 1000.000000000000000 ) ;
#8844 = VECTOR ( 'NONE', #11130, 1000.000000000000000 ) ;
#8845 = DIRECTION ( 'NONE',  ( 1.000000000000000000, 0.0000000000000000000, 0.0000000000000000000 ) ) ;
#8846 = AXIS2_PLACEMENT_3D ( 'NONE', #2396, #6932, #4574 ) ;
#8847 = CARTESIAN_POINT ( 'NONE',  ( -36.93999999999999100, 23.09999999999999100, 48.25000000000000000 ) ) ;
#8848 = CARTESIAN_POINT ( 'NONE',  ( 38.44000000000001200, -23.09999999999998700, 55.99999999999999300 ) ) ;
#8849 = DIRECTION ( 'NONE',  ( 1.000000000000000000, 0.0000000000000000000, 0.0000000000000000000 ) ) ;
#8850 = ORIENTED_EDGE ( 'NONE', *, *, #10464, .F. ) ;
#8851 = DIRECTION ( 'NONE',  ( -1.000000000000000000, 0.0000000000000000000, 0.0000000000000000000 ) ) ;
#8852 = ORIENTED_EDGE ( 'NONE', *, *, #5300, .T. ) ;
#8853 = LINE ( 'NONE', #4523, #6736 ) ;
#8854 = DIRECTION ( 'NONE',  ( -1.000000000000000000, 0.0000000000000000000, 0.0000000000000000000 ) ) ;
#8855 = SURFACE_STYLE_FILL_AREA ( #6947 ) ;
#8856 = CARTESIAN_POINT ( 'NONE',  ( -20.09999999999999100, -42.99999999999999300, 55.74999999999999300 ) ) ;
#8857 = EDGE_CURVE ( 'NONE', #8715, #1045, #8574, .T. ) ;
#8858 = VECTOR ( 'NONE', #244, 1000.000000000000000 ) ;
#8859 = ADVANCED_FACE ( 'NONE', ( #5758, #11306 ), #11580, .T. ) ;
#8860 = EDGE_LOOP ( 'NONE', ( #2558, #3839 ) ) ;
#8861 = AXIS2_PLACEMENT_3D ( 'NONE', #6354, #9005, #8170 ) ;
#8862 =( NAMED_UNIT ( * ) PLANE_ANGLE_UNIT ( ) SI_UNIT ( $, .RADIAN. ) );
#8863 = MECHANICAL_DESIGN_GEOMETRIC_PRESENTATION_REPRESENTATION (  '', ( #323 ), #6218 ) ;
#8864 = DIRECTION ( 'NONE',  ( -0.0000000000000000000, 0.0000000000000000000, 1.000000000000000000 ) ) ;
#8865 = ORIENTED_EDGE ( 'NONE', *, *, #4632, .F. ) ;
#8866 = VERTEX_POINT ( 'NONE', #11540 ) ;
#8867 = VECTOR ( 'NONE', #3498, 1000.000000000000000 ) ;
#8868 = VECTOR ( 'NONE', #3973, 1000.000000000000000 ) ;
#8869 = CARTESIAN_POINT ( 'NONE',  ( -23.09999999999997700, -38.44000000000001200, -58.75000000000000000 ) ) ;
#8870 = CARTESIAN_POINT ( 'NONE',  ( 31.30000000000000100, -34.79999999999998300, 58.75000000000000000 ) ) ;
#8871 = DIRECTION ( 'NONE',  ( 1.000000000000000000, 0.0000000000000000000, 0.0000000000000000000 ) ) ;
#8872 = AXIS2_PLACEMENT_3D ( 'NONE', #10739, #5332, #8098 ) ;
#8873 = EDGE_CURVE ( 'NONE', #9327, #6185, #5274, .T. ) ;
#8874 = VERTEX_POINT ( 'NONE', #717 ) ;
#8875 = VERTEX_POINT ( 'NONE', #3415 ) ;
#8876 = LINE ( 'NONE', #93, #818 ) ;
#8877 = UNCERTAINTY_MEASURE_WITH_UNIT (LENGTH_MEASURE( 1.000000000000000100E-005 ), #10391, 'distance_accuracy_value', 'NONE');
#8878 = CARTESIAN_POINT ( 'NONE',  ( 40.00000000000000700, -25.19999999999999200, 48.00000000000000000 ) ) ;
#8879 = CARTESIAN_POINT ( 'NONE',  ( 24.34999999999999400, 38.44000000000001200, 48.00000000000000000 ) ) ;
#8880 =( NAMED_UNIT ( * ) PLANE_ANGLE_UNIT ( ) SI_UNIT ( $, .RADIAN. ) );
#8881 = SURFACE_STYLE_USAGE ( .BOTH. , #2574 ) ;
#8882 = CARTESIAN_POINT ( 'NONE',  ( 0.0000000000000000000, 0.0000000000000000000, 2.099999999999963200 ) ) ;
#8883 = AXIS2_PLACEMENT_3D ( 'NONE', #1545, #7861, #6731 ) ;
#8884 = DIRECTION ( 'NONE',  ( 0.0000000000000000000, 0.0000000000000000000, 1.000000000000000000 ) ) ;
#8885 = CARTESIAN_POINT ( 'NONE',  ( 31.20000000000000600, -31.19999999999999200, -59.00000000000000000 ) ) ;
#8886 = ORIENTED_EDGE ( 'NONE', *, *, #590, .T. ) ;
#8887 = STYLED_ITEM ( 'NONE', ( #10657 ), #11508 ) ;
#8888 = DIRECTION ( 'NONE',  ( -0.0000000000000000000, 0.0000000000000000000, 1.000000000000000000 ) ) ;
#8889 = ORIENTED_EDGE ( 'NONE', *, *, #10319, .T. ) ;
#8890 = ORIENTED_EDGE ( 'NONE', *, *, #10565, .T. ) ;
#8891 = CARTESIAN_POINT ( 'NONE',  ( 23.09999999999999400, 38.44000000000001200, 48.00000000000000000 ) ) ;
#8892 = SURFACE_STYLE_USAGE ( .BOTH. , #2499 ) ;
#8893 = ORIENTED_EDGE ( 'NONE', *, *, #9427, .F. ) ;
#8894 = PRESENTATION_STYLE_ASSIGNMENT (( #11354 ) ) ;
#8895 = CARTESIAN_POINT ( 'NONE',  ( -22.59999999999987000, -37.97000000000006300, 56.49999999999999300 ) ) ;
#8896 = EDGE_CURVE ( 'NONE', #11440, #8068, #9443, .T. ) ;
#8897 = VERTEX_POINT ( 'NONE', #11621 ) ;
#8898 = CARTESIAN_POINT ( 'NONE',  ( -8.000000000000000000, 9.797174393178825700E-016, 2.099999999999963200 ) ) ;
#8899 = DIRECTION ( 'NONE',  ( 1.000000000000000000, -1.521687259628777600E-015, 0.0000000000000000000 ) ) ;
#8900 = CARTESIAN_POINT ( 'NONE',  ( 43.00000000000000700, -28.19999999999998900, -48.00000000000000000 ) ) ;
#8901 = CIRCLE ( 'NONE', #919, 0.2500000000000002200 ) ;
#8902 = DIRECTION ( 'NONE',  ( -0.0000000000000000000, -0.0000000000000000000, 1.000000000000000000 ) ) ;
#8903 = FACE_OUTER_BOUND ( 'NONE', #11240, .T. ) ;
#8904 = AXIS2_PLACEMENT_3D ( 'NONE', #1554, #9646, #4223 ) ;
#8905 = CARTESIAN_POINT ( 'NONE',  ( -24.34999999999998000, -38.44000000000001200, -59.00000000000000000 ) ) ;
#8906 = EDGE_LOOP ( 'NONE', ( #7921, #8024, #2687, #5906 ) ) ;
#8907 = ORIENTED_EDGE ( 'NONE', *, *, #5028, .F. ) ;
#8908 = CARTESIAN_POINT ( 'NONE',  ( 28.20000000000000300, -31.19999999999999200, -59.00000000000000000 ) ) ;
#8909 =( NAMED_UNIT ( * ) SI_UNIT ( $, .STERADIAN. ) SOLID_ANGLE_UNIT ( ) );
#8910 = DIRECTION ( 'NONE',  ( -0.0000000000000000000, -0.0000000000000000000, 1.000000000000000000 ) ) ;
#8911 = EDGE_CURVE ( 'NONE', #2602, #237, #7024, .T. ) ;
#8912 = VERTEX_POINT ( 'NONE', #10659 ) ;
#8913 = ORIENTED_EDGE ( 'NONE', *, *, #1675, .T. ) ;
#8914 = LINE ( 'NONE', #157, #11067 ) ;
#8915 = DIRECTION ( 'NONE',  ( 1.000000000000000000, 0.0000000000000000000, 0.0000000000000000000 ) ) ;
#8916 = ORIENTED_EDGE ( 'NONE', *, *, #260, .F. ) ;
#8917 = ORIENTED_EDGE ( 'NONE', *, *, #10209, .F. ) ;
#8918 = CARTESIAN_POINT ( 'NONE',  ( -22.59999999999986600, -38.97000000000007000, 56.49999999999999300 ) ) ;
#8919 = DIRECTION ( 'NONE',  ( 0.0000000000000000000, -0.0000000000000000000, 1.000000000000000000 ) ) ;
#8920 = ADVANCED_FACE ( 'NONE', ( #5892, #6177, #7166, #10451, #8013, #10022, #2517, #10738, #1095, #5608 ), #6201, .F. ) ;
#8921 = DIRECTION ( 'NONE',  ( 1.000000000000000000, 0.0000000000000000000, 0.0000000000000000000 ) ) ;
#8922 = CARTESIAN_POINT ( 'NONE',  ( -20.09999999999999100, -42.74999999999999300, 56.24999999999999300 ) ) ;
#8923 = AXIS2_PLACEMENT_3D ( 'NONE', #4618, #6353, #10889 ) ;
#8924 = CARTESIAN_POINT ( 'NONE',  ( -25.19999999999998900, 42.74999999999999300, -59.00000000000000000 ) ) ;
#8925 = DIRECTION ( 'NONE',  ( 1.000000000000000000, 0.0000000000000000000, 0.0000000000000000000 ) ) ;
#8926 = CARTESIAN_POINT ( 'NONE',  ( 23.09999999999999400, 38.44000000000001200, -58.75000000000000000 ) ) ;
#8927 = DIRECTION ( 'NONE',  ( 0.0000000000000000000, 0.0000000000000000000, -1.000000000000000000 ) ) ;
#8928 = ORIENTED_EDGE ( 'NONE', *, *, #2665, .F. ) ;
#8929 = FACE_OUTER_BOUND ( 'NONE', #4385, .T. ) ;
#8930 = EDGE_CURVE ( 'NONE', #879, #1473, #8562, .T. ) ;
#8931 = DIRECTION ( 'NONE',  ( -0.0000000000000000000, 0.0000000000000000000, 1.000000000000000000 ) ) ;
#8932 = PRESENTATION_STYLE_ASSIGNMENT (( #411 ) ) ;
#8933 = EDGE_CURVE ( 'NONE', #1168, #10843, #4622, .T. ) ;
#8934 = VERTEX_POINT ( 'NONE', #6403 ) ;
#8935 = CYLINDRICAL_SURFACE ( 'NONE', #9898, 1.249999999999997600 ) ;
#8936 = ORIENTED_EDGE ( 'NONE', *, *, #11755, .T. ) ;
#8937 = CARTESIAN_POINT ( 'NONE',  ( 19.59999999999999400, 42.75000000000000700, 55.99999999999999300 ) ) ;
#8938 = CARTESIAN_POINT ( 'NONE',  ( -27.94999999999998900, -31.20000000000001000, -59.00000000000000000 ) ) ;
#8939 = DIRECTION ( 'NONE',  ( 0.0000000000000000000, 0.0000000000000000000, -1.000000000000000000 ) ) ;
#8940 = CARTESIAN_POINT ( 'NONE',  ( 40.47000000000002000, -22.59999999999999800, 56.75896736903245500 ) ) ;
#8941 = EDGE_LOOP ( 'NONE', ( #6407, #10142, #10986, #11681, #1026, #4017 ) ) ;
#8942 = CARTESIAN_POINT ( 'NONE',  ( 37.39930228490727200, -22.59999999999999800, 57.55735127863044200 ) ) ;
#8943 = AXIS2_PLACEMENT_3D ( 'NONE', #6041, #11502, #10662 ) ;
#8944 = EDGE_CURVE ( 'NONE', #11440, #11385, #8853, .T. ) ;
#8945 = LINE ( 'NONE', #5674, #6527 ) ;
#8946 = MECHANICAL_DESIGN_GEOMETRIC_PRESENTATION_REPRESENTATION (  '', ( #10239 ), #8104 ) ;
#8947 = ORIENTED_EDGE ( 'NONE', *, *, #3223, .T. ) ;
#8948 = EDGE_LOOP ( 'NONE', ( #7319, #843, #10826, #9174 ) ) ;
#8949 = FACE_OUTER_BOUND ( 'NONE', #4753, .T. ) ;
#8950 = DIRECTION ( 'NONE',  ( 2.312964634635698100E-015, -1.000000000000000000, 0.0000000000000000000 ) ) ;
#8951 = CARTESIAN_POINT ( 'NONE',  ( 23.09999999999999400, 38.44000000000001200, 55.74999999999999300 ) ) ;
#8952 = CARTESIAN_POINT ( 'NONE',  ( 26.59999999999998400, 43.00000000000000700, 58.75000000000000000 ) ) ;
#8953 = AXIS2_PLACEMENT_3D ( 'NONE', #9472, #2240, #8543 ) ;
#8954 = ORIENTED_EDGE ( 'NONE', *, *, #8638, .F. ) ;
#8955 = DIRECTION ( 'NONE',  ( 0.0000000000000000000, 0.0000000000000000000, 1.000000000000000000 ) ) ;
#8956 = EDGE_CURVE ( 'NONE', #3740, #5040, #3503, .T. ) ;
#8957 = ORIENTED_EDGE ( 'NONE', *, *, #11510, .F. ) ;
#8958 = ORIENTED_EDGE ( 'NONE', *, *, #8688, .T. ) ;
#8959 =( GEOMETRIC_REPRESENTATION_CONTEXT ( 3 ) GLOBAL_UNCERTAINTY_ASSIGNED_CONTEXT ( ( #11376 ) ) GLOBAL_UNIT_ASSIGNED_CONTEXT ( ( #6092, #8828, #4465 ) ) REPRESENTATION_CONTEXT ( 'NONE', 'WORKASPACE' ) );
#8960 = EDGE_CURVE ( 'NONE', #1363, #8608, #4060, .T. ) ;
#8961 = AXIS2_PLACEMENT_3D ( 'NONE', #4926, #344, #417 ) ;
#8962 = CARTESIAN_POINT ( 'NONE',  ( 25.20000000000000600, -42.74999999999998600, -58.75000000000000000 ) ) ;
#8963 = CARTESIAN_POINT ( 'NONE',  ( 21.09999999999960000, 38.80786938071304300, 56.80355594003682300 ) ) ;
#8964 = CARTESIAN_POINT ( 'NONE',  ( 38.44000000000001200, -23.09999999999998700, -48.00000000000000000 ) ) ;
#8965 = SURFACE_SIDE_STYLE ('',( #5368 ) ) ;
#8966 = ORIENTED_EDGE ( 'NONE', *, *, #3518, .F. ) ;
#8967 = CARTESIAN_POINT ( 'NONE',  ( 0.0000000000000000000, 42.75000000000000700, 58.75000000000000000 ) ) ;
#8968 = LINE ( 'NONE', #6329, #2172 ) ;
#8969 = VECTOR ( 'NONE', #8460, 1000.000000000000000 ) ;
#8970 = AXIS2_PLACEMENT_3D ( 'NONE', #2276, #11312, #10358 ) ;
#8971 = DIRECTION ( 'NONE',  ( -1.000000000000000000, 0.0000000000000000000, 0.0000000000000000000 ) ) ;
#8972 = EDGE_CURVE ( 'NONE', #5214, #4676, #8279, .T. ) ;
#8973 = VERTEX_POINT ( 'NONE', #6284 ) ;
#8974 = DIRECTION ( 'NONE',  ( -1.000000000000000000, 0.0000000000000000000, 0.0000000000000000000 ) ) ;
#8975 = CARTESIAN_POINT ( 'NONE',  ( 23.09999999999999400, 38.44000000000001200, -59.00000000000000000 ) ) ;
#8976 = CARTESIAN_POINT ( 'NONE',  ( 31.29999999999998600, 34.79999999999999700, 48.25000000000000000 ) ) ;
#8977 = ORIENTED_EDGE ( 'NONE', *, *, #1594, .F. ) ;
#8978 = ORIENTED_EDGE ( 'NONE', *, *, #8214, .F. ) ;
#8979 = SURFACE_STYLE_FILL_AREA ( #5614 ) ;
#8980 = CIRCLE ( 'NONE', #8131, 8.000000000000000000 ) ;
#8981 = AXIS2_PLACEMENT_3D ( 'NONE', #6326, #1778, #9944 ) ;
#8982 = LINE ( 'NONE', #4855, #8261 ) ;
#8983 = EDGE_LOOP ( 'NONE', ( #1491, #4987, #4620, #431 ) ) ;
#8984 = ADVANCED_FACE ( 'NONE', ( #374 ), #3796, .T. ) ;
#8985 = CARTESIAN_POINT ( 'NONE',  ( -39.99999999999999300, 27.94999999999999600, -59.00000000000000000 ) ) ;
#8986 = EDGE_CURVE ( 'NONE', #1976, #4937, #7568, .T. ) ;
#8987 = ORIENTED_EDGE ( 'NONE', *, *, #9315, .T. ) ;
#8988 = ORIENTED_EDGE ( 'NONE', *, *, #3031, .T. ) ;
#8989 = VECTOR ( 'NONE', #9896, 1000.000000000000000 ) ;
#8990 = CARTESIAN_POINT ( 'NONE',  ( -25.09999999999987000, -38.55579926162993600, 56.83639580559807300 ) ) ;
#8991 = CARTESIAN_POINT ( 'NONE',  ( -40.49999999999999300, 40.50000000000000700, 48.25000000000000000 ) ) ;
#8992 = DIRECTION ( 'NONE',  ( 0.0000000000000000000, -1.000000000000000000, 0.0000000000000000000 ) ) ;
#8993 = CYLINDRICAL_SURFACE ( 'NONE', #8522, 3.000000000000002700 ) ;
#8994 = CARTESIAN_POINT ( 'NONE',  ( -38.04999999999999000, -34.80000000000000400, 38.80761184457487200 ) ) ;
#8995 = CARTESIAN_POINT ( 'NONE',  ( 40.00000000000000700, -27.94999999999999200, -59.00000000000000000 ) ) ;
#8996 = CARTESIAN_POINT ( 'NONE',  ( -22.59999999999987700, -36.47000000000007000, 56.75896736903246900 ) ) ;
#8997 = VERTEX_POINT ( 'NONE', #9015 ) ;
#8998 = ORIENTED_EDGE ( 'NONE', *, *, #2600, .F. ) ;
#8999 = LINE ( 'NONE', #4824, #6581 ) ;
#9000 = CARTESIAN_POINT ( 'NONE',  ( -22.76111756060116400, -40.47000000000009100, 56.80966034928123100 ) ) ;
#9001 = CARTESIAN_POINT ( 'NONE',  ( -21.84999999999997700, -38.44000000000001200, -58.75000000000000000 ) ) ;
#9002 = DIRECTION ( 'NONE',  ( 0.0000000000000000000, 1.000000000000000000, 0.0000000000000000000 ) ) ;
#9003 = CIRCLE ( 'NONE', #8831, 2.999999999999999100 ) ;
#9004 = EDGE_CURVE ( 'NONE', #6636, #2153, #1794, .T. ) ;
#9005 = DIRECTION ( 'NONE',  ( 1.108712219367988300E-016, 1.161314407221205600E-030, 1.000000000000000000 ) ) ;
#9006 = CARTESIAN_POINT ( 'NONE',  ( 31.20000000000000300, 27.94999999999999600, -59.00000000000000000 ) ) ;
#9007 = ORIENTED_EDGE ( 'NONE', *, *, #1221, .F. ) ;
#9008 = VERTEX_POINT ( 'NONE', #5337 ) ;
#9009 = VECTOR ( 'NONE', #5682, 1000.000000000000000 ) ;
#9010 = EDGE_CURVE ( 'NONE', #10708, #2272, #11009, .T. ) ;
#9011 = AXIS2_PLACEMENT_3D ( 'NONE', #8055, #6991, #5208 ) ;
#9012 = FILL_AREA_STYLE ('',( #2708 ) ) ;
#9013 = CARTESIAN_POINT ( 'NONE',  ( -27.94999999999998200, -31.20000000000000600, -58.75000000000000000 ) ) ;
#9014 = VECTOR ( 'NONE', #2017, 1000.000000000000000 ) ;
#9015 = CARTESIAN_POINT ( 'NONE',  ( 8.000000000000000000, 0.0000000000000000000, 48.24999999999999300 ) ) ;
#9016 = EDGE_CURVE ( 'NONE', #5948, #5089, #1639, .T. ) ;
#9017 = ORIENTED_EDGE ( 'NONE', *, *, #7564, .T. ) ;
#9018 = ORIENTED_EDGE ( 'NONE', *, *, #5980, .T. ) ;
#9019 = EDGE_CURVE ( 'NONE', #2460, #10120, #5747, .T. ) ;
#9020 = DIRECTION ( 'NONE',  ( -0.0000000000000000000, -0.0000000000000000000, 1.000000000000000000 ) ) ;
#9021 = VECTOR ( 'NONE', #259, 1000.000000000000000 ) ;
#9022 = ORIENTED_EDGE ( 'NONE', *, *, #10601, .F. ) ;
#9023 = PRESENTATION_LAYER_ASSIGNMENT (  '', '', ( #10867 ) ) ;
#9024 = CARTESIAN_POINT ( 'NONE',  ( 24.30354704584573300, 37.97000000000024000, 57.47839634320754200 ) ) ;
#9025 = CARTESIAN_POINT ( 'NONE',  ( 22.59999999999957500, 40.47000000000025500, 56.49999999999999300 ) ) ;
#9026 = PRESENTATION_LAYER_ASSIGNMENT (  '', '', ( #323 ) ) ;
#9027 = DIRECTION ( 'NONE',  ( 0.0000000000000000000, 0.0000000000000000000, -1.000000000000000000 ) ) ;
#9028 = DIRECTION ( 'NONE',  ( -1.000000000000000000, -3.942553354492742500E-016, 0.0000000000000000000 ) ) ;
#9029 = CARTESIAN_POINT ( 'NONE',  ( -42.74999999999999300, 26.34999999999999800, 58.75000000000000000 ) ) ;
#9030 = ORIENTED_EDGE ( 'NONE', *, *, #2059, .F. ) ;
#9031 = UNCERTAINTY_MEASURE_WITH_UNIT (LENGTH_MEASURE( 1.000000000000000100E-005 ), #10596, 'distance_accuracy_value', 'NONE');
#9032 = ORIENTED_EDGE ( 'NONE', *, *, #5157, .T. ) ;
#9033 = CARTESIAN_POINT ( 'NONE',  ( -23.09999999999997700, -38.44000000000001200, 48.00000000000000000 ) ) ;
#9034 = DIRECTION ( 'NONE',  ( 0.0000000000000000000, 0.0000000000000000000, -1.000000000000000000 ) ) ;
#9035 = COLOUR_RGB ( '',0.8941176470588234600, 0.9137254901960784000, 0.9294117647058823800 ) ;
#9036 = AXIS2_PLACEMENT_3D ( 'NONE', #693, #4263, #11439 ) ;
#9037 = DIRECTION ( 'NONE',  ( 1.000000000000000000, -0.0000000000000000000, -0.0000000000000000000 ) ) ;
#9038 = EDGE_CURVE ( 'NONE', #8227, #9547, #5178, .T. ) ;
#9039 = CARTESIAN_POINT ( 'NONE',  ( -23.09999999999997700, -38.44000000000001200, 48.00000000000000000 ) ) ;
#9040 = ADVANCED_FACE ( 'NONE', ( #2504 ), #4208, .T. ) ;
#9041 = B_SPLINE_CURVE_WITH_KNOTS ( 'NONE', 3,
 ( #427, #8551, #3165, #4075, #11209, #1255 ),
 .UNSPECIFIED., .F., .F.,
 ( 4, 2, 4 ),
 ( 0.01191150001962903300, 0.01241480646923356900, 0.01291811291883810700 ),
 .UNSPECIFIED. ) ;
#9042 = FILL_AREA_STYLE ('',( #1809 ) ) ;
#9043 = DIRECTION ( 'NONE',  ( 0.0000000000000000000, 1.000000000000000000, 0.0000000000000000000 ) ) ;
#9044 = CARTESIAN_POINT ( 'NONE',  ( -42.74999999999999300, 26.34999999999999800, 55.99999999999999300 ) ) ;
#9045 = CARTESIAN_POINT ( 'NONE',  ( -38.43999999999999800, 23.09999999999999100, 55.74999999999999300 ) ) ;
#9046 = ORIENTED_EDGE ( 'NONE', *, *, #4607, .F. ) ;
#9047 = EDGE_LOOP ( 'NONE', ( #11441, #4111, #9365, #4857 ) ) ;
#9048 = DIRECTION ( 'NONE',  ( -1.000000000000000000, 0.0000000000000000000, 0.0000000000000000000 ) ) ;
#9049 = CARTESIAN_POINT ( 'NONE',  ( 42.74999999999999300, -26.34999999999999400, 56.24999999999999300 ) ) ;
#9050 = VECTOR ( 'NONE', #10411, 1000.000000000000000 ) ;
#9051 = ORIENTED_EDGE ( 'NONE', *, *, #7505, .T. ) ;
#9052 = ORIENTED_EDGE ( 'NONE', *, *, #4166, .T. ) ;
#9053 = EDGE_CURVE ( 'NONE', #5030, #11505, #3361, .T. ) ;
#9054 = ORIENTED_EDGE ( 'NONE', *, *, #3660, .F. ) ;
#9055 = EDGE_CURVE ( 'NONE', #2835, #8816, #6166, .T. ) ;
#9056 = CARTESIAN_POINT ( 'NONE',  ( -40.49999999999999300, 42.75000000000000700, 58.75000000000000000 ) ) ;
#9057 = CARTESIAN_POINT ( 'NONE',  ( 36.66179187000948000, -22.59999999999999800, 57.00034395000822200 ) ) ;
#9058 = ORIENTED_EDGE ( 'NONE', *, *, #9657, .T. ) ;
#9059 = ORIENTED_EDGE ( 'NONE', *, *, #5325, .T. ) ;
#9060 = VERTEX_POINT ( 'NONE', #8247 ) ;
#9061 = DIRECTION ( 'NONE',  ( -0.0000000000000000000, 1.000000000000000000, 0.0000000000000000000 ) ) ;
#9062 = DIRECTION ( 'NONE',  ( -0.0000000000000000000, -0.0000000000000000000, 1.000000000000000000 ) ) ;
#9063 = CARTESIAN_POINT ( 'NONE',  ( 39.99999999999999300, 27.94999999999999600, -58.75000000000000000 ) ) ;
#9064 = TOROIDAL_SURFACE ( 'NONE', #6237, 36.75000000000000000, 0.2500000000000000000 ) ;
#9065 = CARTESIAN_POINT ( 'NONE',  ( 7.000000000000000000, 8.572527594031473200E-016, 97.60000000000000900 ) ) ;
#9066 = ORIENTED_EDGE ( 'NONE', *, *, #8004, .F. ) ;
#9067 = SURFACE_STYLE_FILL_AREA ( #4289 ) ;
#9068 = VERTEX_POINT ( 'NONE', #7397 ) ;
#9069 = DIRECTION ( 'NONE',  ( 0.0000000000000000000, 1.000000000000000000, 0.0000000000000000000 ) ) ;
#9070 = EDGE_CURVE ( 'NONE', #6888, #5089, #6872, .T. ) ;
#9071 = CARTESIAN_POINT ( 'NONE',  ( -23.27313915899440000, -36.47000000000007700, 56.83614593112137200 ) ) ;
#9072 = EDGE_CURVE ( 'NONE', #7790, #9068, #1364, .T. ) ;
#9073 = VERTEX_POINT ( 'NONE', #8320 ) ;
#9074 = LINE ( 'NONE', #11594, #6390 ) ;
#9075 = DIRECTION ( 'NONE',  ( 0.0000000000000000000, 0.0000000000000000000, 1.000000000000000000 ) ) ;
#9076 = FACE_OUTER_BOUND ( 'NONE', #11750, .T. ) ;
#9077 = ORIENTED_EDGE ( 'NONE', *, *, #3882, .F. ) ;
#9078 = FACE_OUTER_BOUND ( 'NONE', #11042, .T. ) ;
#9079 = DIRECTION ( 'NONE',  ( 1.000000000000000000, 0.0000000000000000000, 0.0000000000000000000 ) ) ;
#9080 = VERTEX_POINT ( 'NONE', #2935 ) ;
#9081 = CARTESIAN_POINT ( 'NONE',  ( 36.46999999999999900, -23.60000000000000100, 56.49999999999999300 ) ) ;
#9082 = AXIS2_PLACEMENT_3D ( 'NONE', #8908, #9959, #5392 ) ;
#9083 = CARTESIAN_POINT ( 'NONE',  ( 23.59999999999959300, 38.97000000000024000, 57.79579263126747400 ) ) ;
#9084 = CARTESIAN_POINT ( 'NONE',  ( 25.09999999999959600, 38.97000000000025500, 56.49999999999999300 ) ) ;
#9085 = ORIENTED_EDGE ( 'NONE', *, *, #2464, .F. ) ;
#9086 = ORIENTED_EDGE ( 'NONE', *, *, #9070, .T. ) ;
#9087 = EDGE_CURVE ( 'NONE', #7629, #11317, #7852, .T. ) ;
#9088 = EDGE_CURVE ( 'NONE', #4919, #6210, #647, .T. ) ;
#9089 = ORIENTED_EDGE ( 'NONE', *, *, #11073, .T. ) ;
#9090 = CARTESIAN_POINT ( 'NONE',  ( -21.84999999999997700, -38.44000000000001200, -48.00000000000000000 ) ) ;
#9091 = ORIENTED_EDGE ( 'NONE', *, *, #598, .F. ) ;
#9092 = LINE ( 'NONE', #7870, #3747 ) ;
#9093 = DIRECTION ( 'NONE',  ( -0.0000000000000000000, 0.0000000000000000000, 1.000000000000000000 ) ) ;
#9094 = DIRECTION ( 'NONE',  ( 1.000000000000000000, 0.0000000000000000000, 0.0000000000000000000 ) ) ;
#9095 = DIRECTION ( 'NONE',  ( 0.0000000000000000000, -0.0000000000000000000, -1.000000000000000000 ) ) ;
#9096 = EDGE_CURVE ( 'NONE', #3120, #1145, #1721, .T. ) ;
#9097 = AXIS2_PLACEMENT_3D ( 'NONE', #10522, #3236, #5071 ) ;
#9098 = ADVANCED_FACE ( 'NONE', ( #4346 ), #1927, .T. ) ;
#9099 = EDGE_LOOP ( 'NONE', ( #9283, #11036, #3001, #1678 ) ) ;
#9100 = FACE_OUTER_BOUND ( 'NONE', #9958, .T. ) ;
#9101 = CIRCLE ( 'NONE', #3132, 6.800000000000000700 ) ;
#9102 = DIRECTION ( 'NONE',  ( -0.7071067811865474600, 0.0000000000000000000, -0.7071067811865474600 ) ) ;
#9103 = CARTESIAN_POINT ( 'NONE',  ( 39.99999999999999300, 25.19999999999999600, -59.00000000000000000 ) ) ;
#9104 = AXIS2_PLACEMENT_3D ( 'NONE', #555, #8022, #4372 ) ;
#9105 = CARTESIAN_POINT ( 'NONE',  ( 25.20000000000000600, -42.74999999999998600, -59.00000000000000000 ) ) ;
#9106 = CARTESIAN_POINT ( 'NONE',  ( -38.96999999999998500, 22.45147248056579400, 57.75230104942097900 ) ) ;
#9107 = DIRECTION ( 'NONE',  ( -0.0000000000000000000, -0.0000000000000000000, 1.000000000000000000 ) ) ;
#9108 = EDGE_CURVE ( 'NONE', #10584, #9073, #97, .T. ) ;
#9109 = SURFACE_STYLE_FILL_AREA ( #4528 ) ;
#9110 = EDGE_LOOP ( 'NONE', ( #5191, #8342, #11133, #3372 ) ) ;
#9111 = AXIS2_PLACEMENT_3D ( 'NONE', #10064, #5462, #1039 ) ;
#9112 = CIRCLE ( 'NONE', #5706, 0.2500000000000002200 ) ;
#9113 = SURFACE_STYLE_FILL_AREA ( #10378 ) ;
#9114 = AXIS2_PLACEMENT_3D ( 'NONE', #7232, #10035, #5502 ) ;
#9115 = DIRECTION ( 'NONE',  ( 0.0000000000000000000, 1.000000000000000000, -0.0000000000000000000 ) ) ;
#9116 = CARTESIAN_POINT ( 'NONE',  ( -34.93999999999999800, 23.09999999999999100, 58.75000000000000000 ) ) ;
#9117 = CARTESIAN_POINT ( 'NONE',  ( -43.00000000000000000, 42.75000000000000700, 48.25000000000000000 ) ) ;
#9118 = AXIS2_PLACEMENT_3D ( 'NONE', #7922, #8837, #5361 ) ;
#9119 = SURFACE_STYLE_USAGE ( .BOTH. , #3700 ) ;
#9120 = ORIENTED_EDGE ( 'NONE', *, *, #4904, .T. ) ;
#9121 = ORIENTED_EDGE ( 'NONE', *, *, #9038, .T. ) ;
#9122 = VECTOR ( 'NONE', #8002, 1000.000000000000000 ) ;
#9123 = EDGE_CURVE ( 'NONE', #6458, #7455, #8704, .T. ) ;
#9124 = DIRECTION ( 'NONE',  ( 7.608436298143899900E-016, 1.000000000000000000, -0.0000000000000000000 ) ) ;
#9125 = DIRECTION ( 'NONE',  ( 1.047444401652940000E-014, -1.000000000000000000, 0.0000000000000000000 ) ) ;
#9126 = CARTESIAN_POINT ( 'NONE',  ( 25.20000000000001000, -39.99999999999997900, -48.00000000000000000 ) ) ;
#9127 = CARTESIAN_POINT ( 'NONE',  ( 43.00000000000000000, -26.59999999999998400, 58.75000000000000000 ) ) ;
#9128 = STYLED_ITEM ( 'NONE', ( #1235 ), #6610 ) ;
#9129 = ORIENTED_EDGE ( 'NONE', *, *, #5449, .F. ) ;
#9130 = DIRECTION ( 'NONE',  ( 0.0000000000000000000, -0.0000000000000000000, 1.000000000000000000 ) ) ;
#9131 = ORIENTED_EDGE ( 'NONE', *, *, #3043, .F. ) ;
#9132 = CIRCLE ( 'NONE', #10556, 0.2500000000000002200 ) ;
#9133 = TOROIDAL_SURFACE ( 'NONE', #6990, 0.5000000000000000000, 0.2500000000000000000 ) ;
#9134 = VECTOR ( 'NONE', #2539, 1000.000000000000000 ) ;
#9135 = DIRECTION ( 'NONE',  ( -2.753529326947313900E-016, 1.000000000000000000, 0.0000000000000000000 ) ) ;
#9136 = EDGE_CURVE ( 'NONE', #8912, #7878, #11585, .T. ) ;
#9137 = DIRECTION ( 'NONE',  ( -0.0000000000000000000, 0.0000000000000000000, 1.000000000000000000 ) ) ;
#9138 = DIRECTION ( 'NONE',  ( 1.000000000000000000, 0.0000000000000000000, 0.0000000000000000000 ) ) ;
#9139 = CARTESIAN_POINT ( 'NONE',  ( -38.96999999999999200, 22.60000000000000100, 57.79579263126746700 ) ) ;
#9140 = VERTEX_POINT ( 'NONE', #2092 ) ;
#9141 = ORIENTED_EDGE ( 'NONE', *, *, #9216, .T. ) ;
#9142 = LINE ( 'NONE', #11572, #5180 ) ;
#9143 = CIRCLE ( 'NONE', #11521, 3.500000000000003100 ) ;
#9144 = DIRECTION ( 'NONE',  ( 0.0000000000000000000, 0.0000000000000000000, -1.000000000000000000 ) ) ;
#9145 =( LENGTH_UNIT ( ) NAMED_UNIT ( * ) SI_UNIT ( .MILLI., .METRE. ) );
#9146 = ORIENTED_EDGE ( 'NONE', *, *, #6954, .F. ) ;
#9147 = AXIS2_PLACEMENT_3D ( 'NONE', #8801, #7835, #3250 ) ;
#9148 = DIRECTION ( 'NONE',  ( -1.000000000000000000, -7.032662740446511500E-016, 0.0000000000000000000 ) ) ;
#9149 = EDGE_CURVE ( 'NONE', #8487, #4643, #11298, .T. ) ;
#9150 = VERTEX_POINT ( 'NONE', #9289 ) ;
#9151 = ORIENTED_EDGE ( 'NONE', *, *, #9406, .F. ) ;
#9152 = FACE_OUTER_BOUND ( 'NONE', #8983, .T. ) ;
#9153 = CARTESIAN_POINT ( 'NONE',  ( 24.68291872043490200, 38.97000000000025500, 57.21345909932559000 ) ) ;
#9154 = LINE ( 'NONE', #4080, #8868 ) ;
#9155 = EDGE_CURVE ( 'NONE', #11090, #2414, #2365, .T. ) ;
#9156 = ADVANCED_FACE ( 'NONE', ( #947 ), #8394, .F. ) ;
#9157 = CARTESIAN_POINT ( 'NONE',  ( 42.74999999999999300, 0.0000000000000000000, 58.75000000000000000 ) ) ;
#9158 = DIRECTION ( 'NONE',  ( -0.0000000000000000000, 0.0000000000000000000, 1.000000000000000000 ) ) ;
#9159 = DIRECTION ( 'NONE',  ( -0.0000000000000000000, -0.0000000000000000000, 1.000000000000000000 ) ) ;
#9160 = DIRECTION ( 'NONE',  ( -1.000000000000000000, 1.521687259628777600E-015, 0.0000000000000000000 ) ) ;
#9161 = CARTESIAN_POINT ( 'NONE',  ( 38.96999999999999200, -23.60000000000000100, 56.49999999999999300 ) ) ;
#9162 = STYLED_ITEM ( 'NONE', ( #3374 ), #8799 ) ;
#9163 = ORIENTED_EDGE ( 'NONE', *, *, #6589, .T. ) ;
#9164 = ORIENTED_EDGE ( 'NONE', *, *, #2989, .T. ) ;
#9165 = CARTESIAN_POINT ( 'NONE',  ( -25.09999999999987700, -38.38499493012312800, 56.83639580559807300 ) ) ;
#9166 = CARTESIAN_POINT ( 'NONE',  ( -19.84999999999999100, -42.74999999999999300, 55.99999999999999300 ) ) ;
#9167 = ORIENTED_EDGE ( 'NONE', *, *, #9374, .F. ) ;
#9168 = DIRECTION ( 'NONE',  ( 0.0000000000000000000, 1.000000000000000000, 0.0000000000000000000 ) ) ;
#9169 = DIRECTION ( 'NONE',  ( -1.613696256722611400E-016, 1.000000000000000000, -0.0000000000000000000 ) ) ;
#9170 = AXIS2_PLACEMENT_3D ( 'NONE', #5873, #6786, #497 ) ;
#9171 = CARTESIAN_POINT ( 'NONE',  ( -36.93999999999999100, 23.09999999999999100, -58.75000000000000000 ) ) ;
#9172 = EDGE_CURVE ( 'NONE', #877, #3325, #736, .T. ) ;
#9173 = ORIENTED_EDGE ( 'NONE', *, *, #8004, .T. ) ;
#9174 = ORIENTED_EDGE ( 'NONE', *, *, #10918, .F. ) ;
#9175 = VERTEX_POINT ( 'NONE', #8432 ) ;
#9176 = VECTOR ( 'NONE', #3886, 1000.000000000000000 ) ;
#9177 = AXIS2_PLACEMENT_3D ( 'NONE', #8621, #523, #11355 ) ;
#9178 = DIRECTION ( 'NONE',  ( 0.0000000000000000000, -0.0000000000000000000, -1.000000000000000000 ) ) ;
#9179 = DIRECTION ( 'NONE',  ( -1.000000000000000000, 0.0000000000000000000, 0.0000000000000000000 ) ) ;
#9180 = TOROIDAL_SURFACE ( 'NONE', #6274, 3.500000000000001300, 0.2500000000000000000 ) ;
#9181 = EDGE_CURVE ( 'NONE', #2736, #8534, #8417, .T. ) ;
#9182 = EDGE_LOOP ( 'NONE', ( #3575, #3835, #2222, #4128 ) ) ;
#9183 =( GEOMETRIC_REPRESENTATION_CONTEXT ( 3 ) GLOBAL_UNCERTAINTY_ASSIGNED_CONTEXT ( ( #687 ) ) GLOBAL_UNIT_ASSIGNED_CONTEXT ( ( #4029, #4853, #7625 ) ) REPRESENTATION_CONTEXT ( 'NONE', 'WORKASPACE' ) );
#9184 = CARTESIAN_POINT ( 'NONE',  ( 2.299999999999998900, 48.99999999999998600, -53.50000000000000000 ) ) ;
#9185 = CARTESIAN_POINT ( 'NONE',  ( -27.94999999999998900, 31.19999999999999600, -58.75000000000000000 ) ) ;
#9186 = DIRECTION ( 'NONE',  ( 1.521687259628777600E-015, 1.000000000000000000, 0.0000000000000000000 ) ) ;
#9187 = DIRECTION ( 'NONE',  ( -1.000000000000000000, 0.0000000000000000000, 0.0000000000000000000 ) ) ;
#9188 = ORIENTED_EDGE ( 'NONE', *, *, #6551, .T. ) ;
#9189 = ORIENTED_EDGE ( 'NONE', *, *, #559, .F. ) ;
#9190 = AXIS2_PLACEMENT_3D ( 'NONE', #609, #2488, #1521 ) ;
#9191 = LINE ( 'NONE', #7176, #6782 ) ;
#9192 = CARTESIAN_POINT ( 'NONE',  ( -25.09999999999987000, -38.97000000000008400, 56.49999999999999300 ) ) ;
#9193 = CIRCLE ( 'NONE', #2086, 7.000000000000000000 ) ;
#9194 = EDGE_CURVE ( 'NONE', #6087, #6710, #1220, .T. ) ;
#9195 = ORIENTED_EDGE ( 'NONE', *, *, #1419, .T. ) ;
#9196 = CARTESIAN_POINT ( 'NONE',  ( 25.19999999999999900, 40.00000000000000000, -48.00000000000000000 ) ) ;
#9197 = CARTESIAN_POINT ( 'NONE',  ( 5.999999999999999100, 4.655407239119941000, 72.59999999999999400 ) ) ;
#9198 = CARTESIAN_POINT ( 'NONE',  ( -40.47000000000001300, 22.92686084100546400, 56.83614593112135100 ) ) ;
#9199 = CARTESIAN_POINT ( 'NONE',  ( -23.09999999999986300, -38.47000000000007700, 55.99999999999999300 ) ) ;
#9200 = CARTESIAN_POINT ( 'NONE',  ( -39.11852751943419500, 23.60000000000000500, 57.75230104942100000 ) ) ;
#9201 = AXIS2_PLACEMENT_3D ( 'NONE', #2425, #8771, #8650 ) ;
#9202 = ORIENTED_EDGE ( 'NONE', *, *, #1866, .F. ) ;
#9203 = ORIENTED_EDGE ( 'NONE', *, *, #8933, .T. ) ;
#9204 = FACE_OUTER_BOUND ( 'NONE', #9803, .T. ) ;
#9205 = ORIENTED_EDGE ( 'NONE', *, *, #6111, .F. ) ;
#9206 = ORIENTED_EDGE ( 'NONE', *, *, #9885, .F. ) ;
#9207 = CARTESIAN_POINT ( 'NONE',  ( -25.09999999999987400, -37.97000000000007700, 56.75896736903244700 ) ) ;
#9208 = CARTESIAN_POINT ( 'NONE',  ( 38.30000000000000400, -34.79999999999998300, 48.25000000000000000 ) ) ;
#9209 = CARTESIAN_POINT ( 'NONE',  ( -39.99999999999999300, 28.19999999999999600, 48.00000000000000000 ) ) ;
#9210 = CARTESIAN_POINT ( 'NONE',  ( 22.59999999999957500, 40.47000000000025500, 56.75896736903245500 ) ) ;
#9211 = EDGE_CURVE ( 'NONE', #7411, #156, #7823, .T. ) ;
#9212 = CARTESIAN_POINT ( 'NONE',  ( -25.19999999999998200, -43.00000000000000000, 48.00000000000000000 ) ) ;
#9213 = VERTEX_POINT ( 'NONE', #2170 ) ;
#9214 = DIRECTION ( 'NONE',  ( 1.000000000000000000, -0.0000000000000000000, 0.0000000000000000000 ) ) ;
#9215 = CYLINDRICAL_SURFACE ( 'NONE', #10806, 1.250000000000008000 ) ;
#9216 = EDGE_CURVE ( 'NONE', #2428, #3344, #8999, .T. ) ;
#9217 = VERTEX_POINT ( 'NONE', #1298 ) ;
#9218 = ADVANCED_FACE ( 'NONE', ( #81 ), #6861, .T. ) ;
#9219 = LINE ( 'NONE', #8729, #3579 ) ;
#9220 = CARTESIAN_POINT ( 'NONE',  ( 24.59999999999999800, 38.44000000000001200, -59.00000000000000000 ) ) ;
#9221 = AXIS2_PLACEMENT_3D ( 'NONE', #402, #3057, #9380 ) ;
#9222 = CARTESIAN_POINT ( 'NONE',  ( 23.65866419178287600, 38.47000000000024000, 54.73916976027089700 ) ) ;
#9223 = ORIENTED_EDGE ( 'NONE', *, *, #6878, .T. ) ;
#9224 = DIRECTION ( 'NONE',  ( 0.0000000000000000000, 0.0000000000000000000, 1.000000000000000000 ) ) ;
#9225 = PLANE ( 'NONE',  #5605 ) ;
#9226 = FACE_OUTER_BOUND ( 'NONE', #514, .T. ) ;
#9227 = VERTEX_POINT ( 'NONE', #5723 ) ;
#9228 = DIRECTION ( 'NONE',  ( 1.000000000000000000, 0.0000000000000000000, 0.0000000000000000000 ) ) ;
#9229 = FACE_OUTER_BOUND ( 'NONE', #6919, .T. ) ;
#9230 = EDGE_CURVE ( 'NONE', #4148, #1976, #9285, .T. ) ;
#9231 = ORIENTED_EDGE ( 'NONE', *, *, #8838, .F. ) ;
#9232 =( NAMED_UNIT ( * ) PLANE_ANGLE_UNIT ( ) SI_UNIT ( $, .RADIAN. ) );
#9233 = SURFACE_STYLE_FILL_AREA ( #3724 ) ;
#9234 = EDGE_LOOP ( 'NONE', ( #8359, #494, #6207, #2342 ) ) ;
#9235 = ADVANCED_FACE ( 'NONE', ( #5457 ), #4491, .T. ) ;
#9236 = DIRECTION ( 'NONE',  ( -1.000000000000000000, 0.0000000000000000000, 0.0000000000000000000 ) ) ;
#9237 = VERTEX_POINT ( 'NONE', #4862 ) ;
#9238 = CARTESIAN_POINT ( 'NONE',  ( 38.44000000000001200, -23.09999999999998700, 48.00000000000000000 ) ) ;
#9239 = DIRECTION ( 'NONE',  ( 0.0000000000000000000, 1.000000000000000000, 0.0000000000000000000 ) ) ;
#9240 = AXIS2_PLACEMENT_3D ( 'NONE', #6248, #831, #3010 ) ;
#9241 = EDGE_LOOP ( 'NONE', ( #3773, #7764, #10892, #6103 ) ) ;
#9242 = SURFACE_STYLE_USAGE ( .BOTH. , #3076 ) ;
#9243 = CARTESIAN_POINT ( 'NONE',  ( -39.67354704584609200, 23.59999999999999800, 57.47839634320756400 ) ) ;
#9244 = ORIENTED_EDGE ( 'NONE', *, *, #9765, .T. ) ;
#9245 = CIRCLE ( 'NONE', #7422, 0.2500000000000002200 ) ;
#9246 = EDGE_CURVE ( 'NONE', #9320, #4996, #8692, .T. ) ;
#9247 = CARTESIAN_POINT ( 'NONE',  ( -28.19999999999998200, -40.00000000000000000, -48.00000000000000000 ) ) ;
#9248 = UNCERTAINTY_MEASURE_WITH_UNIT (LENGTH_MEASURE( 1.000000000000000100E-005 ), #1383, 'distance_accuracy_value', 'NONE');
#9249 = DIRECTION ( 'NONE',  ( -0.0000000000000000000, 0.0000000000000000000, 1.000000000000000000 ) ) ;
#9250 = CIRCLE ( 'NONE', #8030, 3.250000000000002700 ) ;
#9251 = CARTESIAN_POINT ( 'NONE',  ( -23.09999999999997700, -38.44000000000001200, 48.25000000000000000 ) ) ;
#9252 = ORIENTED_EDGE ( 'NONE', *, *, #8307, .T. ) ;
#9253 = CARTESIAN_POINT ( 'NONE',  ( 22.59999999999957900, 40.27699418005327200, 57.00187174722584900 ) ) ;
#9254 = FACE_OUTER_BOUND ( 'NONE', #6745, .T. ) ;
#9255 = CARTESIAN_POINT ( 'NONE',  ( -21.84999999999997700, -38.44000000000001200, 55.99999999999999300 ) ) ;
#9256 = MECHANICAL_DESIGN_GEOMETRIC_PRESENTATION_REPRESENTATION (  '', ( #6213 ), #7787 ) ;
#9257 = AXIS2_PLACEMENT_3D ( 'NONE', #4536, #2023, #6526 ) ;
#9258 = DIRECTION ( 'NONE',  ( 0.0000000000000000000, 0.0000000000000000000, 1.000000000000000000 ) ) ;
#9259 = ORIENTED_EDGE ( 'NONE', *, *, #4711, .T. ) ;
#9260 = DIRECTION ( 'NONE',  ( 0.0000000000000000000, 0.0000000000000000000, -1.000000000000000000 ) ) ;
#9261 = CARTESIAN_POINT ( 'NONE',  ( -22.59999999999986300, -40.05291872043539300, 57.21345909932558300 ) ) ;
#9262 = DIRECTION ( 'NONE',  ( 0.0000000000000000000, -0.0000000000000000000, -1.000000000000000000 ) ) ;
#9263 = SPHERICAL_SURFACE ( 'NONE', #6914, 0.2500000000000000000 ) ;
#9264 = AXIS2_PLACEMENT_3D ( 'NONE', #6910, #5052, #9743 ) ;
#9265 = DIRECTION ( 'NONE',  ( 1.224646799147353200E-016, 1.000000000000000000, 0.0000000000000000000 ) ) ;
#9266 = VECTOR ( 'NONE', #4652, 1000.000000000000000 ) ;
#9267 = SURFACE_SIDE_STYLE ('',( #3765 ) ) ;
#9268 = EDGE_CURVE ( 'NONE', #8874, #11346, #7413, .T. ) ;
#9269 = PLANE ( 'NONE',  #4648 ) ;
#9270 = ORIENTED_EDGE ( 'NONE', *, *, #4016, .T. ) ;
#9271 = AXIS2_PLACEMENT_3D ( 'NONE', #10869, #5349, #5430 ) ;
#9272 = DIRECTION ( 'NONE',  ( 1.000000000000000000, 0.0000000000000000000, 0.0000000000000000000 ) ) ;
#9273 = PRESENTATION_LAYER_ASSIGNMENT (  '', '', ( #1606 ) ) ;
#9274 = ORIENTED_EDGE ( 'NONE', *, *, #5186, .F. ) ;
#9275 = EDGE_LOOP ( 'NONE', ( #10240, #8893, #4545, #5375 ) ) ;
#9276 = CARTESIAN_POINT ( 'NONE',  ( -40.46999999999999200, 23.60000000000000100, 56.49999999999999300 ) ) ;
#9277 = DIRECTION ( 'NONE',  ( 1.000000000000000000, 1.613696256722611400E-016, -0.0000000000000000000 ) ) ;
#9278 = PRESENTATION_STYLE_ASSIGNMENT (( #4355 ) ) ;
#9279 = ADVANCED_FACE ( 'NONE', ( #10863 ), #11431, .T. ) ;
#9280 = CARTESIAN_POINT ( 'NONE',  ( 21.09999999999960400, 37.97000000000021200, 56.75896736903249700 ) ) ;
#9281 = DIRECTION ( 'NONE',  ( 3.491481338843133400E-015, -1.000000000000000000, 0.0000000000000000000 ) ) ;
#9282 = EDGE_CURVE ( 'NONE', #680, #1473, #8146, .T. ) ;
#9283 = ORIENTED_EDGE ( 'NONE', *, *, #2647, .F. ) ;
#9284 = EDGE_LOOP ( 'NONE', ( #3940, #6099, #697, #4541 ) ) ;
#9285 = LINE ( 'NONE', #11249, #11145 ) ;
#9286 = DIRECTION ( 'NONE',  ( -0.0000000000000000000, -0.0000000000000000000, 1.000000000000000000 ) ) ;
#9287 = LINE ( 'NONE', #4626, #10564 ) ;
#9288 = ORIENTED_EDGE ( 'NONE', *, *, #10448, .T. ) ;
#9289 = CARTESIAN_POINT ( 'NONE',  ( -38.96999999999999200, 25.10000000000000500, 56.75896736903249000 ) ) ;
#9290 = DIRECTION ( 'NONE',  ( 0.0000000000000000000, 0.0000000000000000000, -1.000000000000000000 ) ) ;
#9291 = ADVANCED_FACE ( 'NONE', ( #2793 ), #231, .T. ) ;
#9292 = DIRECTION ( 'NONE',  ( 1.000000000000000000, 0.0000000000000000000, 0.0000000000000000000 ) ) ;
#9293 = MECHANICAL_DESIGN_GEOMETRIC_PRESENTATION_REPRESENTATION (  '', ( #3863 ), #4222 ) ;
#9294 =( NAMED_UNIT ( * ) SI_UNIT ( $, .STERADIAN. ) SOLID_ANGLE_UNIT ( ) );
#9295 = ORIENTED_EDGE ( 'NONE', *, *, #1201, .F. ) ;
#9296 = ORIENTED_EDGE ( 'NONE', *, *, #5066, .T. ) ;
#9297 = ORIENTED_EDGE ( 'NONE', *, *, #9389, .F. ) ;
#9298 = CIRCLE ( 'NONE', #7409, 9.000000000000021300 ) ;
#9299 = DIRECTION ( 'NONE',  ( 1.000000000000000000, 0.0000000000000000000, 0.0000000000000000000 ) ) ;
#9300 = LINE ( 'NONE', #8108, #6874 ) ;
#9301 = EDGE_CURVE ( 'NONE', #5773, #2229, #7840, .T. ) ;
#9302 = PLANE ( 'NONE',  #10019 ) ;
#9303 = DIRECTION ( 'NONE',  ( -1.000000000000000000, 0.0000000000000000000, 0.0000000000000000000 ) ) ;
#9304 = DIRECTION ( 'NONE',  ( 0.0000000000000000000, -1.000000000000000000, 0.0000000000000000000 ) ) ;
#9305 = ORIENTED_EDGE ( 'NONE', *, *, #9268, .F. ) ;
#9306 = ORIENTED_EDGE ( 'NONE', *, *, #6675, .T. ) ;
#9307 = CIRCLE ( 'NONE', #4238, 1.250000000000008000 ) ;
#9308 = DIRECTION ( 'NONE',  ( -0.0000000000000000000, -0.0000000000000000000, -1.000000000000000000 ) ) ;
#9309 = VECTOR ( 'NONE', #2625, 1000.000000000000000 ) ;
#9310 = AXIS2_PLACEMENT_3D ( 'NONE', #2912, #2796, #10106 ) ;
#9311 = SURFACE_STYLE_FILL_AREA ( #3921 ) ;
#9312 = FILL_AREA_STYLE_COLOUR ( '', #2955 ) ;
#9313 = EDGE_CURVE ( 'NONE', #7456, #797, #5738, .T. ) ;
#9314 = SURFACE_STYLE_USAGE ( .BOTH. , #1165 ) ;
#9315 = EDGE_CURVE ( 'NONE', #8473, #11346, #1633, .T. ) ;
#9316 = CARTESIAN_POINT ( 'NONE',  ( -25.19999999999998900, 42.99999999999999300, 48.00000000000000000 ) ) ;
#9317 = CARTESIAN_POINT ( 'NONE',  ( -38.96999999999999200, 22.60000000000000100, 56.49999999999999300 ) ) ;
#9318 = DIRECTION ( 'NONE',  ( -0.0000000000000000000, 0.0000000000000000000, 1.000000000000000000 ) ) ;
#9319 = ORIENTED_EDGE ( 'NONE', *, *, #8263, .T. ) ;
#9320 = VERTEX_POINT ( 'NONE', #2536 ) ;
#9321 = ORIENTED_EDGE ( 'NONE', *, *, #6023, .T. ) ;
#9322 = VECTOR ( 'NONE', #5733, 1000.000000000000000 ) ;
#9323 = DIRECTION ( 'NONE',  ( -0.0000000000000000000, 0.0000000000000000000, 1.000000000000000000 ) ) ;
#9324 = AXIS2_PLACEMENT_3D ( 'NONE', #5187, #6877, #2433 ) ;
#9325 = AXIS2_PLACEMENT_3D ( 'NONE', #10243, #4813, #228 ) ;
#9326 = CARTESIAN_POINT ( 'NONE',  ( 36.46999999999999900, -23.43888243939870700, 56.80966034928125900 ) ) ;
#9327 = VERTEX_POINT ( 'NONE', #5247 ) ;
#9328 = ORIENTED_EDGE ( 'NONE', *, *, #10933, .T. ) ;
#9329 = DIRECTION ( 'NONE',  ( 2.460600675144407800E-016, -1.000000000000000000, 0.0000000000000000000 ) ) ;
#9330 = ORIENTED_EDGE ( 'NONE', *, *, #11383, .F. ) ;
#9331 = TOROIDAL_SURFACE ( 'NONE', #310, 3.249999999999999600, 0.2500000000000000000 ) ;
#9332 = CARTESIAN_POINT ( 'NONE',  ( -8.000000000000000000, 9.797174393178825700E-016, 48.24999999999999300 ) ) ;
#9333 = VECTOR ( 'NONE', #313, 1000.000000000000000 ) ;
#9334 = AXIS2_PLACEMENT_3D ( 'NONE', #295, #1194, #7502 ) ;
#9335 = ORIENTED_EDGE ( 'NONE', *, *, #4988, .F. ) ;
#9336 = EDGE_CURVE ( 'NONE', #6356, #8059, #11357, .T. ) ;
#9337 = ADVANCED_FACE ( 'NONE', ( #4610 ), #4762, .T. ) ;
#9338 = DIRECTION ( 'NONE',  ( 1.000000000000000000, 0.0000000000000000000, 0.0000000000000000000 ) ) ;
#9339 = ORIENTED_EDGE ( 'NONE', *, *, #10724, .F. ) ;
#9340 =( LENGTH_UNIT ( ) NAMED_UNIT ( * ) SI_UNIT ( .MILLI., .METRE. ) );
#9341 = AXIS2_PLACEMENT_3D ( 'NONE', #8758, #4272, #10611 ) ;
#9342 = CARTESIAN_POINT ( 'NONE',  ( -42.74999999999999300, 19.59999999999999800, 56.24999999999999300 ) ) ;
#9343 = ORIENTED_EDGE ( 'NONE', *, *, #10180, .F. ) ;
#9344 = ORIENTED_EDGE ( 'NONE', *, *, #9785, .F. ) ;
#9345 = FACE_OUTER_BOUND ( 'NONE', #7457, .T. ) ;
#9346 = STYLED_ITEM ( 'NONE', ( #8486 ), #11695 ) ;
#9347 = CARTESIAN_POINT ( 'NONE',  ( 31.29999999999998600, 34.79999999999999700, 48.00000000000000000 ) ) ;
#9348 = ORIENTED_EDGE ( 'NONE', *, *, #6798, .T. ) ;
#9349 = ORIENTED_EDGE ( 'NONE', *, *, #7432, .F. ) ;
#9350 = DIRECTION ( 'NONE',  ( 0.0000000000000000000, 1.000000000000000000, 0.0000000000000000000 ) ) ;
#9351 = CARTESIAN_POINT ( 'NONE',  ( 23.59999999999960400, 37.97000000000024000, 56.49999999999999300 ) ) ;
#9352 = DIRECTION ( 'NONE',  ( 0.0000000000000000000, -0.0000000000000000000, -1.000000000000000000 ) ) ;
#9353 = ADVANCED_FACE ( 'NONE', ( #9577 ), #4900, .F. ) ;
#9354 = ORIENTED_EDGE ( 'NONE', *, *, #10357, .F. ) ;
#9355 = EDGE_CURVE ( 'NONE', #1133, #1423, #933, .T. ) ;
#9356 = PRESENTATION_STYLE_ASSIGNMENT (( #655 ) ) ;
#9357 = DIRECTION ( 'NONE',  ( 1.000000000000000000, 0.0000000000000000000, 0.0000000000000000000 ) ) ;
#9358 = LINE ( 'NONE', #8905, #4266 ) ;
#9359 = ORIENTED_EDGE ( 'NONE', *, *, #10881, .T. ) ;
#9360 = FACE_OUTER_BOUND ( 'NONE', #3302, .T. ) ;
#9361 = CARTESIAN_POINT ( 'NONE',  ( -1.747239518372058400E-015, 48.99999999999999300, -53.50000000000000000 ) ) ;
#9362 = ORIENTED_EDGE ( 'NONE', *, *, #9874, .T. ) ;
#9363 = CARTESIAN_POINT ( 'NONE',  ( 40.49999999999999300, -42.74999999999999300, 59.00000000000000000 ) ) ;
#9364 = DIRECTION ( 'NONE',  ( 0.0000000000000000000, 0.0000000000000000000, 1.000000000000000000 ) ) ;
#9365 = ORIENTED_EDGE ( 'NONE', *, *, #5889, .T. ) ;
#9366 = AXIS2_PLACEMENT_3D ( 'NONE', #11665, #3376, #2542 ) ;
#9367 = LINE ( 'NONE', #8424, #5530 ) ;
#9368 = ORIENTED_EDGE ( 'NONE', *, *, #6155, .T. ) ;
#9369 = DIRECTION ( 'NONE',  ( 0.0000000000000000000, 0.0000000000000000000, -1.000000000000000000 ) ) ;
#9370 = COLOUR_RGB ( '',0.8941176470588234600, 0.9137254901960784000, 0.9294117647058823800 ) ;
#9371 = ORIENTED_EDGE ( 'NONE', *, *, #3779, .T. ) ;
#9372 = FACE_OUTER_BOUND ( 'NONE', #4554, .T. ) ;
#9373 = CARTESIAN_POINT ( 'NONE',  ( -42.99999999999998600, -42.99999999999999300, 59.00000000000000000 ) ) ;
#9374 = EDGE_CURVE ( 'NONE', #8436, #8841, #7278, .T. ) ;
#9375 = DIRECTION ( 'NONE',  ( 1.000000000000000000, 0.0000000000000000000, 0.0000000000000000000 ) ) ;
#9376 = CARTESIAN_POINT ( 'NONE',  ( -43.00000000000000000, 28.19999999999999600, -48.00000000000000000 ) ) ;
#9377 = ORIENTED_EDGE ( 'NONE', *, *, #11438, .F. ) ;
#9378 = VECTOR ( 'NONE', #6632, 1000.000000000000000 ) ;
#9379 = EDGE_LOOP ( 'NONE', ( #6884, #1820, #1720, #5140 ) ) ;
#9380 = DIRECTION ( 'NONE',  ( -1.000000000000000000, 0.0000000000000000000, 0.0000000000000000000 ) ) ;
#9381 = ORIENTED_EDGE ( 'NONE', *, *, #5497, .F. ) ;
#9382 = TOROIDAL_SURFACE ( 'NONE', #406, -0.5586641917832802000, 3.308340903158649500 ) ;
#9383 = ORIENTED_EDGE ( 'NONE', *, *, #6043, .F. ) ;
#9384 = AXIS2_PLACEMENT_3D ( 'NONE', #370, #3879, #6691 ) ;
#9385 = CARTESIAN_POINT ( 'NONE',  ( -22.59999999999987000, -37.97000000000006300, 56.49999999999999300 ) ) ;
#9386 = CARTESIAN_POINT ( 'NONE',  ( -34.79999999999999700, 34.79999999999999000, 58.75000000000000000 ) ) ;
#9387 = DIRECTION ( 'NONE',  ( 0.0000000000000000000, -0.0000000000000000000, -1.000000000000000000 ) ) ;
#9388 = DIRECTION ( 'NONE',  ( 0.0000000000000000000, 1.000000000000000000, 0.0000000000000000000 ) ) ;
#9389 = EDGE_CURVE ( 'NONE', #6448, #8731, #7555, .T. ) ;
#9390 = ORIENTED_EDGE ( 'NONE', *, *, #480, .T. ) ;
#9391 = VECTOR ( 'NONE', #7042, 1000.000000000000000 ) ;
#9392 = ADVANCED_FACE ( 'NONE', ( #1783 ), #707, .F. ) ;
#9393 = DIRECTION ( 'NONE',  ( -0.0000000000000000000, -0.0000000000000000000, 1.000000000000000000 ) ) ;
#9394 = CARTESIAN_POINT ( 'NONE',  ( -23.59999999999985900, -40.47000000000007700, 56.75896736903245500 ) ) ;
#9395 = PRESENTATION_LAYER_ASSIGNMENT (  '', '', ( #9162 ) ) ;
#9396 = CARTESIAN_POINT ( 'NONE',  ( -39.69000000000000500, 23.09999999999999100, 59.00000000000000000 ) ) ;
#9397 = DIRECTION ( 'NONE',  ( 0.0000000000000000000, 0.0000000000000000000, -1.000000000000000000 ) ) ;
#9398 = MANIFOLD_SOLID_BREP ( 'Cut-Extrude3[1]', #7036 ) ;
#9399 = DIRECTION ( 'NONE',  ( -1.000000000000000000, 0.0000000000000000000, 0.0000000000000000000 ) ) ;
#9400 = CIRCLE ( 'NONE', #10158, 0.5000000000000004400 ) ;
#9401 = ORIENTED_EDGE ( 'NONE', *, *, #2142, .T. ) ;
#9402 = FACE_OUTER_BOUND ( 'NONE', #3409, .T. ) ;
#9403 = VECTOR ( 'NONE', #5642, 1000.000000000000000 ) ;
#9404 = AXIS2_PLACEMENT_3D ( 'NONE', #6720, #6681, #476 ) ;
#9405 = CARTESIAN_POINT ( 'NONE',  ( -39.99999999999999300, 28.19999999999999600, -58.75000000000000000 ) ) ;
#9406 = EDGE_CURVE ( 'NONE', #8786, #5948, #3212, .T. ) ;
#9407 = ADVANCED_FACE ( 'NONE', ( #2650 ), #2852, .F. ) ;
#9408 = DIRECTION ( 'NONE',  ( -0.0000000000000000000, 0.0000000000000000000, 1.000000000000000000 ) ) ;
#9409 = ORIENTED_EDGE ( 'NONE', *, *, #3102, .T. ) ;
#9410 = FILL_AREA_STYLE ('',( #397 ) ) ;
#9411 = ORIENTED_EDGE ( 'NONE', *, *, #1183, .F. ) ;
#9412 = LINE ( 'NONE', #813, #4601 ) ;
#9413 = AXIS2_PLACEMENT_3D ( 'NONE', #1169, #8238, #11085 ) ;
#9414 = CIRCLE ( 'NONE', #2374, 3.499999999999999600 ) ;
#9415 = EDGE_CURVE ( 'NONE', #2387, #3526, #7998, .T. ) ;
#9416 = AXIS2_PLACEMENT_3D ( 'NONE', #9157, #972, #10081 ) ;
#9417 = LINE ( 'NONE', #9044, #6567 ) ;
#9418 = CARTESIAN_POINT ( 'NONE',  ( 31.20000000000000600, -27.94999999999999200, -59.00000000000000000 ) ) ;
#9419 = ORIENTED_EDGE ( 'NONE', *, *, #220, .T. ) ;
#9420 = CARTESIAN_POINT ( 'NONE',  ( 34.80000000000000400, -34.79999999999998300, 38.80761184457487200 ) ) ;
#9421 = DIRECTION ( 'NONE',  ( 1.000000000000000000, 0.0000000000000000000, 0.0000000000000000000 ) ) ;
#9422 = AXIS2_PLACEMENT_3D ( 'NONE', #11231, #7258, #11215 ) ;
#9423 = DIRECTION ( 'NONE',  ( -1.000000000000000000, 0.0000000000000000000, 0.0000000000000000000 ) ) ;
#9424 = ORIENTED_EDGE ( 'NONE', *, *, #5554, .T. ) ;
#9425 = ORIENTED_EDGE ( 'NONE', *, *, #8137, .T. ) ;
#9426 = LINE ( 'NONE', #10940, #11739 ) ;
#9427 = EDGE_CURVE ( 'NONE', #5378, #8565, #7400, .T. ) ;
#9428 = LINE ( 'NONE', #5251, #4903 ) ;
#9429 = DIRECTION ( 'NONE',  ( 0.0000000000000000000, 0.0000000000000000000, -1.000000000000000000 ) ) ;
#9430 =( LENGTH_UNIT ( ) NAMED_UNIT ( * ) SI_UNIT ( .MILLI., .METRE. ) );
#9431 = MECHANICAL_DESIGN_GEOMETRIC_PRESENTATION_REPRESENTATION (  '', ( #10049 ), #3379 ) ;
#9432 = CARTESIAN_POINT ( 'NONE',  ( -37.96999999999999200, 24.17069771509272200, 57.55735127863044900 ) ) ;
#9433 = VERTEX_POINT ( 'NONE', #9161 ) ;
#9434 = ORIENTED_EDGE ( 'NONE', *, *, #4077, .F. ) ;
#9435 = VECTOR ( 'NONE', #2859, 1000.000000000000000 ) ;
#9436 = DIRECTION ( 'NONE',  ( -0.0000000000000000000, 1.000000000000000000, -0.0000000000000000000 ) ) ;
#9437 = PLANE ( 'NONE',  #7707 ) ;
#9438 = FACE_OUTER_BOUND ( 'NONE', #9234, .T. ) ;
#9439 = FILL_AREA_STYLE_COLOUR ( '', #2629 ) ;
#9440 = EDGE_LOOP ( 'NONE', ( #423, #10373, #7872, #8535 ) ) ;
#9441 = EDGE_CURVE ( 'NONE', #2460, #8749, #4332, .T. ) ;
#9442 = ORIENTED_EDGE ( 'NONE', *, *, #7540, .T. ) ;
#9443 = LINE ( 'NONE', #8895, #8867 ) ;
#9444 = DIRECTION ( 'NONE',  ( 1.000000000000000000, 0.0000000000000000000, 0.0000000000000000000 ) ) ;
#9445 = CIRCLE ( 'NONE', #1385, 2.999999999999999100 ) ;
#9446 = DIRECTION ( 'NONE',  ( -1.682156097916899000E-015, -1.000000000000000000, -0.0000000000000000000 ) ) ;
#9447 = CARTESIAN_POINT ( 'NONE',  ( -23.59999999999987000, -37.97000000000007000, 56.49999999999999300 ) ) ;
#9448 = DIRECTION ( 'NONE',  ( 1.000000000000000000, -3.016910393003141700E-015, 0.0000000000000000000 ) ) ;
#9449 = MECHANICAL_DESIGN_GEOMETRIC_PRESENTATION_REPRESENTATION (  '', ( #6182 ), #10680 ) ;
#9450 = CARTESIAN_POINT ( 'NONE',  ( -36.46999999999999900, 22.60000000000000500, 56.75896736903246900 ) ) ;
#9451 = ADVANCED_FACE ( 'NONE', ( #9561 ), #7284, .F. ) ;
#9452 = ORIENTED_EDGE ( 'NONE', *, *, #4749, .F. ) ;
#9453 = VECTOR ( 'NONE', #961, 1000.000000000000000 ) ;
#9454 = EDGE_CURVE ( 'NONE', #740, #1622, #9132, .T. ) ;
#9455 = DIRECTION ( 'NONE',  ( 0.0000000000000000000, -0.0000000000000000000, -1.000000000000000000 ) ) ;
#9456 = DIRECTION ( 'NONE',  ( -0.0000000000000000000, 0.0000000000000000000, 1.000000000000000000 ) ) ;
#9457 = DIRECTION ( 'NONE',  ( 1.000000000000000000, 2.753529326947313900E-016, 0.0000000000000000000 ) ) ;
#9458 = ORIENTED_EDGE ( 'NONE', *, *, #5289, .T. ) ;
#9459 = DIRECTION ( 'NONE',  ( -1.000000000000000000, 0.0000000000000000000, 0.0000000000000000000 ) ) ;
#9460 = UNCERTAINTY_MEASURE_WITH_UNIT (LENGTH_MEASURE( 1.000000000000000100E-005 ), #5162, 'distance_accuracy_value', 'NONE');
#9461 = PRESENTATION_LAYER_ASSIGNMENT (  '', '', ( #10313 ) ) ;
#9462 = ORIENTED_EDGE ( 'NONE', *, *, #4359, .F. ) ;
#9463 = VERTEX_POINT ( 'NONE', #1884 ) ;
#9464 = DIRECTION ( 'NONE',  ( 0.0000000000000000000, 0.0000000000000000000, -1.000000000000000000 ) ) ;
#9465 = FACE_OUTER_BOUND ( 'NONE', #5355, .T. ) ;
#9466 = ADVANCED_FACE ( 'NONE', ( #2639 ), #10973, .F. ) ;
#9467 = DIRECTION ( 'NONE',  ( -0.0000000000000000000, -1.000000000000000000, -0.0000000000000000000 ) ) ;
#9468 = SURFACE_STYLE_FILL_AREA ( #4703 ) ;
#9469 = ORIENTED_EDGE ( 'NONE', *, *, #6082, .F. ) ;
#9470 = DIRECTION ( 'NONE',  ( -1.000000000000000000, -2.312964634635698100E-015, 0.0000000000000000000 ) ) ;
#9471 = AXIS2_PLACEMENT_3D ( 'NONE', #6026, #10647, #9817 ) ;
#9472 = CARTESIAN_POINT ( 'NONE',  ( -38.43999999999999800, 23.09999999999999100, 59.00000000000000000 ) ) ;
#9473 = DIRECTION ( 'NONE',  ( 0.0000000000000000000, 0.0000000000000000000, 1.000000000000000000 ) ) ;
#9474 =( NAMED_UNIT ( * ) PLANE_ANGLE_UNIT ( ) SI_UNIT ( $, .RADIAN. ) );
#9475 = ORIENTED_EDGE ( 'NONE', *, *, #3162, .F. ) ;
#9476 = ORIENTED_EDGE ( 'NONE', *, *, #6624, .F. ) ;
#9477 = VECTOR ( 'NONE', #11698, 1000.000000000000000 ) ;
#9478 = MECHANICAL_DESIGN_GEOMETRIC_PRESENTATION_REPRESENTATION (  '', ( #10867 ), #10098 ) ;
#9479 = LINE ( 'NONE', #8140, #4108 ) ;
#9480 = VERTEX_POINT ( 'NONE', #9084 ) ;
#9481 = ORIENTED_EDGE ( 'NONE', *, *, #9566, .T. ) ;
#9482 = AXIS2_PLACEMENT_3D ( 'NONE', #10828, #5258, #10784 ) ;
#9483 = CARTESIAN_POINT ( 'NONE',  ( -38.04999999999999700, 34.79999999999999000, 48.25000000000000000 ) ) ;
#9484 = CARTESIAN_POINT ( 'NONE',  ( -34.79999999999999700, 34.79999999999999000, 59.00000000000000000 ) ) ;
#9485 = DIRECTION ( 'NONE',  ( 0.0000000000000000000, -0.0000000000000000000, 1.000000000000000000 ) ) ;
#9486 = DIRECTION ( 'NONE',  ( -1.000000000000000000, 0.0000000000000000000, 0.0000000000000000000 ) ) ;
#9487 = ORIENTED_EDGE ( 'NONE', *, *, #4451, .F. ) ;
#9488 = DIRECTION ( 'NONE',  ( -0.0000000000000000000, -0.0000000000000000000, 1.000000000000000000 ) ) ;
#9489 = CARTESIAN_POINT ( 'NONE',  ( 37.96999999999999200, -22.60000000000000100, 56.49999999999999300 ) ) ;
#9490 =( GEOMETRIC_REPRESENTATION_CONTEXT ( 3 ) GLOBAL_UNCERTAINTY_ASSIGNED_CONTEXT ( ( #4115 ) ) GLOBAL_UNIT_ASSIGNED_CONTEXT ( ( #4165, #7801, #10534 ) ) REPRESENTATION_CONTEXT ( 'NONE', 'WORKASPACE' ) );
#9491 = EDGE_LOOP ( 'NONE', ( #4158, #4468, #2263, #9727, #10978, #3856, #3681, #11123 ) ) ;
#9492 = CARTESIAN_POINT ( 'NONE',  ( 26.34999999999998700, 38.43999999999999800, 56.24999999999999300 ) ) ;
#9493 = CYLINDRICAL_SURFACE ( 'NONE', #4742, 3.250000000000002700 ) ;
#9494 = EDGE_CURVE ( 'NONE', #10757, #3073, #495, .T. ) ;
#9495 = VERTEX_POINT ( 'NONE', #9006 ) ;
#9496 = DIRECTION ( 'NONE',  ( -0.0000000000000000000, -0.0000000000000000000, 1.000000000000000000 ) ) ;
#9497 = DIRECTION ( 'NONE',  ( -1.000000000000000000, 0.0000000000000000000, 0.0000000000000000000 ) ) ;
#9498 =( GEOMETRIC_REPRESENTATION_CONTEXT ( 3 ) GLOBAL_UNCERTAINTY_ASSIGNED_CONTEXT ( ( #10644 ) ) GLOBAL_UNIT_ASSIGNED_CONTEXT ( ( #5735, #404, #1151 ) ) REPRESENTATION_CONTEXT ( 'NONE', 'WORKASPACE' ) );
#9499 = DIRECTION ( 'NONE',  ( 0.0000000000000000000, 1.000000000000000000, 0.0000000000000000000 ) ) ;
#9500 = AXIS2_PLACEMENT_3D ( 'NONE', #10992, #7417, #10141 ) ;
#9501 = ORIENTED_EDGE ( 'NONE', *, *, #4342, .T. ) ;
#9502 = FILL_AREA_STYLE_COLOUR ( '', #10311 ) ;
#9503 = FACE_OUTER_BOUND ( 'NONE', #5493, .T. ) ;
#9504 = ORIENTED_EDGE ( 'NONE', *, *, #7540, .F. ) ;
#9505 = VERTEX_POINT ( 'NONE', #3654 ) ;
#9506 = EDGE_CURVE ( 'NONE', #8874, #9213, #1483, .T. ) ;
#9507 = ORIENTED_EDGE ( 'NONE', *, *, #5930, .F. ) ;
#9508 = EDGE_LOOP ( 'NONE', ( #1065, #7217, #8093, #4218 ) ) ;
#9509 = CARTESIAN_POINT ( 'NONE',  ( -20.09999999999999100, -42.99999999999999300, 56.24999999999999300 ) ) ;
#9510 = DIRECTION ( 'NONE',  ( 0.0000000000000000000, -1.000000000000000000, 0.0000000000000000000 ) ) ;
#9511 = ADVANCED_FACE ( 'NONE', ( #2055 ), #1775, .F. ) ;
#9512 = DIRECTION ( 'NONE',  ( -0.0000000000000000000, -0.0000000000000000000, 1.000000000000000000 ) ) ;
#9514 =( NAMED_UNIT ( * ) PLANE_ANGLE_UNIT ( ) SI_UNIT ( $, .RADIAN. ) );
#9513 = CYLINDRICAL_SURFACE ( 'NONE', #2524, 0.2500000000000002200 ) ;
#9515 = ORIENTED_EDGE ( 'NONE', *, *, #10671, .F. ) ;
#9516 = DIRECTION ( 'NONE',  ( 1.000000000000000000, 2.523530811895499100E-015, 1.108712219367988300E-016 ) ) ;
#9517 = DIRECTION ( 'NONE',  ( -0.0000000000000000000, -0.0000000000000000000, 1.000000000000000000 ) ) ;
#9518 = CARTESIAN_POINT ( 'NONE',  ( 8.250000000000000000, 0.0000000000000000000, 48.00000000000000000 ) ) ;
#9519 = EDGE_LOOP ( 'NONE', ( #4692, #1530, #6625, #8145 ) ) ;
#9520 = CIRCLE ( 'NONE', #7063, 1.250000000000001100 ) ;
#9521 = MECHANICAL_DESIGN_GEOMETRIC_PRESENTATION_REPRESENTATION (  '', ( #2012 ), #10126 ) ;
#9522 = ORIENTED_EDGE ( 'NONE', *, *, #9990, .F. ) ;
#9523 = CARTESIAN_POINT ( 'NONE',  ( 3.605551275463990000, 6.000000000000000000, 97.40000000000000600 ) ) ;
#9524 = ORIENTED_EDGE ( 'NONE', *, *, #9004, .F. ) ;
#9525 = CARTESIAN_POINT ( 'NONE',  ( 28.20000000000001000, -39.99999999999997900, 48.00000000000000000 ) ) ;
#9526 = EDGE_CURVE ( 'NONE', #10737, #5582, #6153, .T. ) ;
#9527 = ADVANCED_FACE ( 'NONE', ( #11723 ), #3335, .T. ) ;
#9528 = CARTESIAN_POINT ( 'NONE',  ( -22.59999999999985600, -40.47000000000009800, 56.49999999999999300 ) ) ;
#9529 = DIRECTION ( 'NONE',  ( -0.0000000000000000000, -0.0000000000000000000, -1.000000000000000000 ) ) ;
#9530 = DIRECTION ( 'NONE',  ( -0.0000000000000000000, -0.0000000000000000000, 1.000000000000000000 ) ) ;
#9531 = DIRECTION ( 'NONE',  ( -0.0000000000000000000, 0.0000000000000000000, 1.000000000000000000 ) ) ;
#9532 = DIRECTION ( 'NONE',  ( 7.608436298143899900E-016, 1.000000000000000000, -0.0000000000000000000 ) ) ;
#9533 = CIRCLE ( 'NONE', #6876, 2.999999999999999100 ) ;
#9534 = AXIS2_PLACEMENT_3D ( 'NONE', #3529, #1689, #7177 ) ;
#9535 = ORIENTED_EDGE ( 'NONE', *, *, #1154, .F. ) ;
#9536 = FACE_OUTER_BOUND ( 'NONE', #8736, .T. ) ;
#9537 = DIRECTION ( 'NONE',  ( -0.0000000000000000000, -0.0000000000000000000, 1.000000000000000000 ) ) ;
#9538 = CARTESIAN_POINT ( 'NONE',  ( 19.84999999999999100, 38.43999999999999800, 58.75000000000000000 ) ) ;
#9539 = CIRCLE ( 'NONE', #10972, 0.2500000000000002200 ) ;
#9540 = CARTESIAN_POINT ( 'NONE',  ( 0.0000000000000000000, 0.0000000000000000000, -48.00000000000000000 ) ) ;
#9541 = EDGE_CURVE ( 'NONE', #2727, #1579, #9855, .T. ) ;
#9542 = PLANE ( 'NONE',  #3150 ) ;
#9543 = EDGE_CURVE ( 'NONE', #4884, #6781, #1070, .T. ) ;
#9544 = ORIENTED_EDGE ( 'NONE', *, *, #10040, .F. ) ;
#9545 = MANIFOLD_SOLID_BREP ( 'Boss-Extrude8', #66 ) ;
#9546 = ORIENTED_EDGE ( 'NONE', *, *, #6765, .F. ) ;
#9547 = VERTEX_POINT ( 'NONE', #8313 ) ;
#9548 = LINE ( 'NONE', #6178, #10987 ) ;
#9549 = CYLINDRICAL_SURFACE ( 'NONE', #8723, 1.250000000000001100 ) ;
#9550 = AXIS2_PLACEMENT_3D ( 'NONE', #5102, #520, #7818 ) ;
#9551 = CARTESIAN_POINT ( 'NONE',  ( 38.44000000000001200, -23.09999999999998700, 55.74999999999999300 ) ) ;
#9552 = CYLINDRICAL_SURFACE ( 'NONE', #10771, 0.2500000000000002200 ) ;
#9553 = EDGE_CURVE ( 'NONE', #9809, #10920, #11136, .T. ) ;
#9554 = DIRECTION ( 'NONE',  ( 1.000000000000000000, 0.0000000000000000000, 0.0000000000000000000 ) ) ;
#9555 = DIRECTION ( 'NONE',  ( 0.0000000000000000000, 1.000000000000000000, 0.0000000000000000000 ) ) ;
#9556 =( GEOMETRIC_REPRESENTATION_CONTEXT ( 3 ) GLOBAL_UNCERTAINTY_ASSIGNED_CONTEXT ( ( #8077 ) ) GLOBAL_UNIT_ASSIGNED_CONTEXT ( ( #2816, #4619, #10852 ) ) REPRESENTATION_CONTEXT ( 'NONE', 'WORKASPACE' ) );
#9557 = CARTESIAN_POINT ( 'NONE',  ( -37.67130848654232300, 23.60000000000000500, 57.70833027779985300 ) ) ;
#9558 = ORIENTED_EDGE ( 'NONE', *, *, #772, .F. ) ;
#9559 = ORIENTED_EDGE ( 'NONE', *, *, #5894, .T. ) ;
#9560 = ORIENTED_EDGE ( 'NONE', *, *, #11493, .F. ) ;
#9561 = FACE_OUTER_BOUND ( 'NONE', #8906, .T. ) ;
#9562 = ORIENTED_EDGE ( 'NONE', *, *, #7983, .T. ) ;
#9563 = VECTOR ( 'NONE', #3024, 1000.000000000000000 ) ;
#9564 = AXIS2_PLACEMENT_3D ( 'NONE', #9222, #5695, #169 ) ;
#9565 = DIRECTION ( 'NONE',  ( -1.000000000000000000, 0.0000000000000000000, 0.0000000000000000000 ) ) ;
#9566 = EDGE_CURVE ( 'NONE', #2991, #10584, #4052, .T. ) ;
#9567 = CARTESIAN_POINT ( 'NONE',  ( -35.43999999999999800, 23.09999999999999100, 55.99999999999999300 ) ) ;
#9568 = CARTESIAN_POINT ( 'NONE',  ( -6.800000000000000700, 0.0000000000000000000, 97.60000000000000900 ) ) ;
#9569 = CARTESIAN_POINT ( 'NONE',  ( -40.46999999999999200, 23.60000000000000100, 56.75896736903245500 ) ) ;
#9570 = CARTESIAN_POINT ( 'NONE',  ( 0.0000000000000000000, 0.0000000000000000000, -58.99999999999999300 ) ) ;
#9571 = DIRECTION ( 'NONE',  ( -1.000000000000000000, 0.0000000000000000000, 0.0000000000000000000 ) ) ;
#9572 = EDGE_CURVE ( 'NONE', #5944, #166, #1551, .T. ) ;
#9573 = SURFACE_STYLE_USAGE ( .BOTH. , #664 ) ;
#9574 = AXIS2_PLACEMENT_3D ( 'NONE', #5111, #3000, #8501 ) ;
#9575 = ORIENTED_EDGE ( 'NONE', *, *, #4077, .T. ) ;
#9576 = ORIENTED_EDGE ( 'NONE', *, *, #6023, .F. ) ;
#9577 = FACE_OUTER_BOUND ( 'NONE', #9099, .T. ) ;
#9578 = LINE ( 'NONE', #10805, #10712 ) ;
#9579 = ADVANCED_FACE ( 'NONE', ( #1624 ), #10996, .T. ) ;
#9580 = CARTESIAN_POINT ( 'NONE',  ( -38.29999999999999700, 34.79999999999999000, 59.00000000000000000 ) ) ;
#9581 = CIRCLE ( 'NONE', #2946, 3.500000000000003100 ) ;
#9582 = ORIENTED_EDGE ( 'NONE', *, *, #9903, .F. ) ;
#9583 = DIRECTION ( 'NONE',  ( 0.0000000000000000000, -0.0000000000000000000, -1.000000000000000000 ) ) ;
#9584 = PRESENTATION_LAYER_ASSIGNMENT (  '', '', ( #7895 ) ) ;
#9585 = DIRECTION ( 'NONE',  ( 1.108712219367988300E-016, 3.871048024070685300E-031, -1.000000000000000000 ) ) ;
#9586 = EDGE_CURVE ( 'NONE', #5039, #1433, #10709, .T. ) ;
#9587 = DIRECTION ( 'NONE',  ( 1.000000000000000000, 1.613696256722611400E-016, -0.0000000000000000000 ) ) ;
#9588 = ORIENTED_EDGE ( 'NONE', *, *, #8695, .F. ) ;
#9589 = ORIENTED_EDGE ( 'NONE', *, *, #2059, .T. ) ;
#9590 = FACE_OUTER_BOUND ( 'NONE', #9761, .T. ) ;
#9591 = DIRECTION ( 'NONE',  ( -1.000000000000000000, 1.682156097916899000E-015, 0.0000000000000000000 ) ) ;
#9592 = FACE_OUTER_BOUND ( 'NONE', #2997, .T. ) ;
#9593 = ADVANCED_FACE ( 'NONE', ( #3633 ), #6003, .F. ) ;
#9594 = CARTESIAN_POINT ( 'NONE',  ( 0.0000000000000000000, 0.0000000000000000000, 59.59999999999996600 ) ) ;
#9595 = AXIS2_PLACEMENT_3D ( 'NONE', #6360, #6401, #7150 ) ;
#9596 = DIRECTION ( 'NONE',  ( -1.000000000000000000, 0.0000000000000000000, 0.0000000000000000000 ) ) ;
#9597 = DIRECTION ( 'NONE',  ( 0.0000000000000000000, 1.000000000000000000, 0.0000000000000000000 ) ) ;
#9598 = ORIENTED_EDGE ( 'NONE', *, *, #8293, .F. ) ;
#9599 = ORIENTED_EDGE ( 'NONE', *, *, #5569, .F. ) ;
#9600 = FACE_OUTER_BOUND ( 'NONE', #11534, .T. ) ;
#9601 = CIRCLE ( 'NONE', #2443, 2.300000000000000700 ) ;
#9602 = DIRECTION ( 'NONE',  ( 1.000000000000000000, 0.0000000000000000000, 0.0000000000000000000 ) ) ;
#9604 = TOROIDAL_SURFACE ( 'NONE', #1182, 1.500000000000004700, 0.2500000000000000000 ) ;
#9603 = B_SPLINE_CURVE_WITH_KNOTS ( 'NONE', 3,
 ( #9851, #897, #5410, #11696, #6317, #6351 ),
 .UNSPECIFIED., .F., .F.,
 ( 4, 2, 4 ),
 ( 0.01713536489727014000, 0.01805660470586275400, 0.01897784451445536800 ),
 .UNSPECIFIED. ) ;
#9605 = EDGE_CURVE ( 'NONE', #2835, #197, #10562, .T. ) ;
#9606 = EDGE_LOOP ( 'NONE', ( #7644, #3560, #911, #8398 ) ) ;
#9607 = CARTESIAN_POINT ( 'NONE',  ( -22.59999999999987400, -36.66179187000956600, 57.00034395000822900 ) ) ;
#9608 = CARTESIAN_POINT ( 'NONE',  ( 3.471701059869950700, 6.000000000000000000, 97.46894340222233700 ) ) ;
#9609 = EDGE_LOOP ( 'NONE', ( #5637, #7097, #1093, #7694 ) ) ;
#9610 = PRESENTATION_STYLE_ASSIGNMENT (( #10915 ) ) ;
#9611 = ORIENTED_EDGE ( 'NONE', *, *, #429, .T. ) ;
#9612 = LINE ( 'NONE', #6520, #9322 ) ;
#9613 = CARTESIAN_POINT ( 'NONE',  ( -23.59999999999985200, -40.05593362000738700, 57.21087685217725000 ) ) ;
#9614 = DIRECTION ( 'NONE',  ( 1.000000000000000000, -1.521687259628777600E-015, 0.0000000000000000000 ) ) ;
#9615 = AXIS2_PLACEMENT_3D ( 'NONE', #2430, #1541, #7858 ) ;
#9616 = CARTESIAN_POINT ( 'NONE',  ( 38.43999999999999800, -26.34999999999998700, 55.99999999999999300 ) ) ;
#9617 = PRESENTATION_STYLE_ASSIGNMENT (( #1009 ) ) ;
#9618 = DIRECTION ( 'NONE',  ( 0.0000000000000000000, 0.0000000000000000000, -1.000000000000000000 ) ) ;
#9619 = CARTESIAN_POINT ( 'NONE',  ( -42.74999999999999300, 26.59999999999999800, 58.75000000000000000 ) ) ;
#9620 = EDGE_CURVE ( 'NONE', #3862, #9150, #6934, .T. ) ;
#9621 = ORIENTED_EDGE ( 'NONE', *, *, #529, .T. ) ;
#9622 = ORIENTED_EDGE ( 'NONE', *, *, #5204, .T. ) ;
#9623 = DIRECTION ( 'NONE',  ( 0.0000000000000000000, -1.000000000000000000, 0.0000000000000000000 ) ) ;
#9624 = ORIENTED_EDGE ( 'NONE', *, *, #4248, .T. ) ;
#9625 = VECTOR ( 'NONE', #2089, 1000.000000000000000 ) ;
#9626 = LINE ( 'NONE', #8360, #695 ) ;
#9627 = CARTESIAN_POINT ( 'NONE',  ( 34.80000000000000400, -34.79999999999998300, 48.25000000000000000 ) ) ;
#9628 = SURFACE_STYLE_USAGE ( .BOTH. , #1472 ) ;
#9629 = AXIS2_PLACEMENT_3D ( 'NONE', #9251, #7362, #196 ) ;
#9630 = ORIENTED_EDGE ( 'NONE', *, *, #1348, .T. ) ;
#9631 = DIRECTION ( 'NONE',  ( 1.000000000000000000, 0.0000000000000000000, 0.0000000000000000000 ) ) ;
#9632 = ORIENTED_EDGE ( 'NONE', *, *, #6589, .F. ) ;
#9633 = VECTOR ( 'NONE', #2327, 1000.000000000000000 ) ;
#9634 = VECTOR ( 'NONE', #8404, 999.9999999999998900 ) ;
#9635 = AXIS2_PLACEMENT_3D ( 'NONE', #10896, #7360, #1105 ) ;
#9636 = ORIENTED_EDGE ( 'NONE', *, *, #3756, .T. ) ;
#9637 = ADVANCED_FACE ( 'NONE', ( #3920 ), #1199, .T. ) ;
#9638 = DIRECTION ( 'NONE',  ( 0.0000000000000000000, 0.0000000000000000000, -1.000000000000000000 ) ) ;
#9639 = ORIENTED_EDGE ( 'NONE', *, *, #10901, .T. ) ;
#9640 = CARTESIAN_POINT ( 'NONE',  ( 25.09999999999959600, 38.97000000000025500, 56.49999999999999300 ) ) ;
#9641 = EDGE_CURVE ( 'NONE', #1578, #946, #8135, .T. ) ;
#9642 = ORIENTED_EDGE ( 'NONE', *, *, #3492, .F. ) ;
#9643 = AXIS2_PLACEMENT_3D ( 'NONE', #8634, #11451, #9571 ) ;
#9644 = EDGE_CURVE ( 'NONE', #10843, #7629, #1354, .T. ) ;
#9645 = AXIS2_PLACEMENT_3D ( 'NONE', #6451, #7269, #6382 ) ;
#9646 = DIRECTION ( 'NONE',  ( -0.0000000000000000000, -0.0000000000000000000, -1.000000000000000000 ) ) ;
#9647 = ORIENTED_EDGE ( 'NONE', *, *, #9906, .T. ) ;
#9648 = ORIENTED_EDGE ( 'NONE', *, *, #5451, .F. ) ;
#9649 =( LENGTH_UNIT ( ) NAMED_UNIT ( * ) SI_UNIT ( .MILLI., .METRE. ) );
#9650 = ADVANCED_FACE ( 'NONE', ( #5729 ), #7679, .F. ) ;
#9651 = DIRECTION ( 'NONE',  ( -0.0000000000000000000, -0.0000000000000000000, -1.000000000000000000 ) ) ;
#9652 = CARTESIAN_POINT ( 'NONE',  ( -21.09999999999987000, -38.97000000000007000, 56.49999999999999300 ) ) ;
#9653 = CARTESIAN_POINT ( 'NONE',  ( 40.49999999999999300, -42.74999999999999300, 48.00000000000000000 ) ) ;
#9654 = DIRECTION ( 'NONE',  ( 0.0000000000000000000, 1.000000000000000000, 0.0000000000000000000 ) ) ;
#9655 = DIRECTION ( 'NONE',  ( -0.0000000000000000000, -0.0000000000000000000, -1.000000000000000000 ) ) ;
#9656 = VERTEX_POINT ( 'NONE', #3197 ) ;
#9657 = EDGE_CURVE ( 'NONE', #156, #877, #7992, .T. ) ;
#9658 = VECTOR ( 'NONE', #10242, 1000.000000000000000 ) ;
#9659 = ORIENTED_EDGE ( 'NONE', *, *, #7270, .F. ) ;
#9660 = CIRCLE ( 'NONE', #1602, 1.500000000000001300 ) ;
#9661 = VERTEX_POINT ( 'NONE', #9518 ) ;
#9662 = CIRCLE ( 'NONE', #2843, 1.250000000000001100 ) ;
#9663 = CARTESIAN_POINT ( 'NONE',  ( -38.43999999999999800, 23.09999999999999100, 48.25000000000000000 ) ) ;
#9664 = DIRECTION ( 'NONE',  ( 0.0000000000000000000, -0.0000000000000000000, -1.000000000000000000 ) ) ;
#9665 = ORIENTED_EDGE ( 'NONE', *, *, #3018, .T. ) ;
#9666 = DIRECTION ( 'NONE',  ( 0.0000000000000000000, 0.0000000000000000000, 1.000000000000000000 ) ) ;
#9667 = DIRECTION ( 'NONE',  ( -0.0000000000000000000, -0.0000000000000000000, -1.000000000000000000 ) ) ;
#9668 = DIRECTION ( 'NONE',  ( -1.000000000000000000, -0.0000000000000000000, -0.0000000000000000000 ) ) ;
#9669 = CYLINDRICAL_SURFACE ( 'NONE', #11477, 2.999999999999999100 ) ;
#9670 = ORIENTED_EDGE ( 'NONE', *, *, #177, .T. ) ;
#9671 = ORIENTED_EDGE ( 'NONE', *, *, #6212, .T. ) ;
#9672 = CIRCLE ( 'NONE', #9969, 2.999999999999999100 ) ;
#9673 = EDGE_CURVE ( 'NONE', #3507, #4373, #2044, .T. ) ;
#9674 = FILL_AREA_STYLE ('',( #8613 ) ) ;
#9675 = EDGE_CURVE ( 'NONE', #10515, #5495, #2784, .T. ) ;
#9676 = DIRECTION ( 'NONE',  ( 0.0000000000000000000, -1.000000000000000000, 0.0000000000000000000 ) ) ;
#9677 = DIRECTION ( 'NONE',  ( -0.0000000000000000000, -1.000000000000000000, -0.0000000000000000000 ) ) ;
#9678 = CYLINDRICAL_SURFACE ( 'NONE', #837, 1.250000000000008000 ) ;
#9679 = ORIENTED_EDGE ( 'NONE', *, *, #8094, .T. ) ;
#9680 = FACE_OUTER_BOUND ( 'NONE', #2292, .T. ) ;
#9681 = TOROIDAL_SURFACE ( 'NONE', #9746, 1.500000000000004700, 0.2500000000000000000 ) ;
#9682 = CARTESIAN_POINT ( 'NONE',  ( 28.20000000000001000, -39.99999999999997900, -48.00000000000000000 ) ) ;
#9683 = COLOUR_RGB ( '',0.8941176470588234600, 0.9137254901960784000, 0.9294117647058823800 ) ;
#9684 = AXIS2_PLACEMENT_3D ( 'NONE', #4378, #2597, #7122 ) ;
#9685 = CARTESIAN_POINT ( 'NONE',  ( -28.19999999999998900, 31.19999999999999600, -48.00000000000000000 ) ) ;
#9686 = DIRECTION ( 'NONE',  ( -0.0000000000000000000, -0.0000000000000000000, 1.000000000000000000 ) ) ;
#9687 = EDGE_CURVE ( 'NONE', #6293, #7357, #6432, .T. ) ;
#9688 = CARTESIAN_POINT ( 'NONE',  ( 19.84999999999999800, 43.00000000000000000, 56.24999999999999300 ) ) ;
#9689 = CIRCLE ( 'NONE', #3042, 0.2500000000000002200 ) ;
#9690 = ORIENTED_EDGE ( 'NONE', *, *, #11551, .T. ) ;
#9691 = DIRECTION ( 'NONE',  ( 1.000000000000000000, 0.0000000000000000000, 0.0000000000000000000 ) ) ;
#9692 = TOROIDAL_SURFACE ( 'NONE', #10870, 3.500000000000001300, 0.2500000000000000000 ) ;
#9693 = CARTESIAN_POINT ( 'NONE',  ( -21.29179187000936600, -38.97000000000006300, 57.00034395000825100 ) ) ;
#9694 = CARTESIAN_POINT ( 'NONE',  ( 0.0000000000000000000, 0.0000000000000000000, 60.59999999999999400 ) ) ;
#9695 = FACE_OUTER_BOUND ( 'NONE', #651, .T. ) ;
#9696 = ADVANCED_FACE ( 'NONE', ( #5012 ), #8257, .T. ) ;
#9697 = DIRECTION ( 'NONE',  ( 0.0000000000000000000, 0.0000000000000000000, 1.000000000000000000 ) ) ;
#9698 = AXIS2_PLACEMENT_3D ( 'NONE', #730, #7864, #685 ) ;
#9699 = CARTESIAN_POINT ( 'NONE',  ( 23.09999999999959600, 38.47000000000023300, 54.73916976027089700 ) ) ;
#9700 = DIRECTION ( 'NONE',  ( 1.000000000000000000, -0.0000000000000000000, 0.0000000000000000000 ) ) ;
#9701 = CARTESIAN_POINT ( 'NONE',  ( 23.09999999999998000, 38.44000000000000500, 55.99999999999999300 ) ) ;
#9702 = ORIENTED_EDGE ( 'NONE', *, *, #352, .T. ) ;
#9703 = ORIENTED_EDGE ( 'NONE', *, *, #8530, .T. ) ;
#9704 = TOROIDAL_SURFACE ( 'NONE', #164, 3.499999999999999600, 0.2500000000000000000 ) ;
#9705 = PRESENTATION_STYLE_ASSIGNMENT (( #7238 ) ) ;
#9706 = EDGE_CURVE ( 'NONE', #1961, #415, #1058, .T. ) ;
#9707 = DIRECTION ( 'NONE',  ( -0.0000000000000000000, 0.0000000000000000000, 1.000000000000000000 ) ) ;
#9708 = LINE ( 'NONE', #6428, #486 ) ;
#9709 = EDGE_CURVE ( 'NONE', #11409, #4070, #6997, .T. ) ;
#9710 = ADVANCED_FACE ( 'NONE', ( #1343 ), #8834, .T. ) ;
#9711 = CARTESIAN_POINT ( 'NONE',  ( 25.09999999999960400, 38.64031707813883500, 56.82968972440240700 ) ) ;
#9712 = ORIENTED_EDGE ( 'NONE', *, *, #10246, .T. ) ;
#9713 = ORIENTED_EDGE ( 'NONE', *, *, #8337, .F. ) ;
#9714 = AXIS2_PLACEMENT_3D ( 'NONE', #2224, #7938, #8851 ) ;
#9715 = DIRECTION ( 'NONE',  ( 1.000000000000000000, 0.0000000000000000000, 0.0000000000000000000 ) ) ;
#9716 = CARTESIAN_POINT ( 'NONE',  ( -40.49999999999999300, 40.50000000000000700, 48.00000000000000000 ) ) ;
#9717 = VECTOR ( 'NONE', #1757, 1000.000000000000000 ) ;
#9718 = CARTESIAN_POINT ( 'NONE',  ( 42.74999999999999300, -26.59999999999999400, 58.75000000000000000 ) ) ;
#9719 =( GEOMETRIC_REPRESENTATION_CONTEXT ( 3 ) GLOBAL_UNCERTAINTY_ASSIGNED_CONTEXT ( ( #8575 ) ) GLOBAL_UNIT_ASSIGNED_CONTEXT ( ( #6622, #5591, #10119 ) ) REPRESENTATION_CONTEXT ( 'NONE', 'WORKASPACE' ) );
#9720 = CARTESIAN_POINT ( 'NONE',  ( -23.09999999999998400, -38.44000000000000500, 58.75000000000000000 ) ) ;
#9721 = CIRCLE ( 'NONE', #1489, 3.250000000000002700 ) ;
#9722 = DIRECTION ( 'NONE',  ( 0.0000000000000000000, 0.0000000000000000000, 1.000000000000000000 ) ) ;
#9723 = DIRECTION ( 'NONE',  ( 0.0000000000000000000, 0.0000000000000000000, -1.000000000000000000 ) ) ;
#9724 = CARTESIAN_POINT ( 'NONE',  ( 38.44000000000001200, -23.09999999999998700, -48.00000000000000000 ) ) ;
#9725 = AXIS2_PLACEMENT_3D ( 'NONE', #9171, #5645, #3785 ) ;
#9726 = ORIENTED_EDGE ( 'NONE', *, *, #10999, .T. ) ;
#9727 = ORIENTED_EDGE ( 'NONE', *, *, #11797, .T. ) ;
#9728 = CARTESIAN_POINT ( 'NONE',  ( -28.19999999999998900, 31.19999999999999600, -59.00000000000000000 ) ) ;
#9729 = EDGE_CURVE ( 'NONE', #475, #3732, #10697, .T. ) ;
#9730 = CARTESIAN_POINT ( 'NONE',  ( -40.49999999999997900, -42.74999999999999300, 59.00000000000000000 ) ) ;
#9731 = CYLINDRICAL_SURFACE ( 'NONE', #11063, 3.000000000000002700 ) ;
#9732 = ORIENTED_EDGE ( 'NONE', *, *, #2095, .T. ) ;
#9733 = CARTESIAN_POINT ( 'NONE',  ( -40.05291872043530800, 22.59999999999999400, 57.21345909932558300 ) ) ;
#9734 = DIRECTION ( 'NONE',  ( 0.0000000000000000000, 0.0000000000000000000, 1.000000000000000000 ) ) ;
#9735 = AXIS2_PLACEMENT_3D ( 'NONE', #7373, #8295, #9179 ) ;
#9736 = CARTESIAN_POINT ( 'NONE',  ( -36.93999999999999100, 23.09999999999999100, 55.74999999999999300 ) ) ;
#9737 = DIRECTION ( 'NONE',  ( 1.000000000000000000, 0.0000000000000000000, 0.0000000000000000000 ) ) ;
#9738 = AXIS2_PLACEMENT_3D ( 'NONE', #7654, #3989, #1234 ) ;
#9739 = ORIENTED_EDGE ( 'NONE', *, *, #1831, .T. ) ;
#9740 = ORIENTED_EDGE ( 'NONE', *, *, #8785, .T. ) ;
#9741 = VECTOR ( 'NONE', #4319, 1000.000000000000000 ) ;
#9742 = CIRCLE ( 'NONE', #779, 0.2500000000000002200 ) ;
#9743 = DIRECTION ( 'NONE',  ( -1.000000000000000000, 0.0000000000000000000, 0.0000000000000000000 ) ) ;
#9744 = CARTESIAN_POINT ( 'NONE',  ( -42.99999999999999300, 19.59999999999999800, 58.75000000000000000 ) ) ;
#9745 = LINE ( 'NONE', #10706, #4923 ) ;
#9746 = AXIS2_PLACEMENT_3D ( 'NONE', #9551, #3109, #7621 ) ;
#9747 = EDGE_LOOP ( 'NONE', ( #2437, #874, #4185, #9670, #4250, #674, #5316, #4005, #1804, #3850, #6152, #7425, #6838, #1252, #10474, #2390, #2550, #9319, #1084, #884, #2392, #6394, #11094, #10220, #9089 ) ) ;
#9748 = EDGE_CURVE ( 'NONE', #11786, #5831, #3774, .T. ) ;
#9749 = CARTESIAN_POINT ( 'NONE',  ( 39.94000000000001200, -23.09999999999998700, 48.25000000000000000 ) ) ;
#9750 = CARTESIAN_POINT ( 'NONE',  ( -20.09999999999998700, -38.44000000000000500, 56.24999999999999300 ) ) ;
#9751 = ORIENTED_EDGE ( 'NONE', *, *, #6918, .T. ) ;
#9752 = LINE ( 'NONE', #6219, #3385 ) ;
#9753 = VECTOR ( 'NONE', #8567, 1000.000000000000000 ) ;
#9754 = CARTESIAN_POINT ( 'NONE',  ( 25.09999999999959600, 38.55579926163011400, 56.83639580559807300 ) ) ;
#9755 = AXIS2_PLACEMENT_3D ( 'NONE', #10318, #5027, #11389 ) ;
#9756 = DIRECTION ( 'NONE',  ( -0.0000000000000000000, 1.000000000000000000, -0.0000000000000000000 ) ) ;
#9757 = FILL_AREA_STYLE_COLOUR ( '', #9370 ) ;
#9758 = ADVANCED_FACE ( 'NONE', ( #5154 ), #630, .T. ) ;
#9759 = DIRECTION ( 'NONE',  ( -1.521687259628777600E-015, -1.000000000000000000, 0.0000000000000000000 ) ) ;
#9760 = DIRECTION ( 'NONE',  ( 1.000000000000000000, 2.312964634635698100E-015, 0.0000000000000000000 ) ) ;
#9761 = EDGE_LOOP ( 'NONE', ( #4427, #8053, #11178, #5938 ) ) ;
#9762 = ORIENTED_EDGE ( 'NONE', *, *, #3033, .F. ) ;
#9763 = DIRECTION ( 'NONE',  ( -1.000000000000000000, 0.0000000000000000000, 0.0000000000000000000 ) ) ;
#9764 = FACE_OUTER_BOUND ( 'NONE', #1574, .T. ) ;
#9765 = EDGE_CURVE ( 'NONE', #4148, #6688, #2331, .T. ) ;
#9766 = CARTESIAN_POINT ( 'NONE',  ( 38.89017714910921300, -21.10000000000000100, 56.78408231111891500 ) ) ;
#9767 = CIRCLE ( 'NONE', #6330, 2.750000000000002700 ) ;
#9768 = VERTEX_POINT ( 'NONE', #5148 ) ;
#9769 =( LENGTH_UNIT ( ) NAMED_UNIT ( * ) SI_UNIT ( .MILLI., .METRE. ) );
#9770 = DIRECTION ( 'NONE',  ( 0.0000000000000000000, 0.0000000000000000000, -1.000000000000000000 ) ) ;
#9771 = UNCERTAINTY_MEASURE_WITH_UNIT (LENGTH_MEASURE( 1.000000000000000100E-005 ), #9430, 'distance_accuracy_value', 'NONE');
#9772 = ADVANCED_FACE ( 'NONE', ( #359 ), #5942, .F. ) ;
#9773 = PLANE ( 'NONE',  #10641 ) ;
#9774 = ORIENTED_EDGE ( 'NONE', *, *, #5066, .F. ) ;
#9775 = CARTESIAN_POINT ( 'NONE',  ( -27.94999999999998200, -40.00000000000000000, -58.75000000000000000 ) ) ;
#9776 = MECHANICAL_DESIGN_GEOMETRIC_PRESENTATION_REPRESENTATION (  '', ( #9999 ), #10143 ) ;
#9777 = DIRECTION ( 'NONE',  ( 0.0000000000000000000, -0.0000000000000000000, 1.000000000000000000 ) ) ;
#9778 = DIRECTION ( 'NONE',  ( 1.000000000000000000, 0.0000000000000000000, 0.0000000000000000000 ) ) ;
#9779 = ORIENTED_EDGE ( 'NONE', *, *, #7335, .F. ) ;
#9780 = ORIENTED_EDGE ( 'NONE', *, *, #3299, .F. ) ;
#9781 = DIRECTION ( 'NONE',  ( 1.224646799147353200E-016, 1.000000000000000000, -0.0000000000000000000 ) ) ;
#9782 = CIRCLE ( 'NONE', #549, 0.2500000000000002200 ) ;
#9783 = ORIENTED_EDGE ( 'NONE', *, *, #399, .F. ) ;
#9784 = ORIENTED_EDGE ( 'NONE', *, *, #3214, .F. ) ;
#9785 = EDGE_CURVE ( 'NONE', #11232, #8866, #10278, .T. ) ;
#9786 = EDGE_CURVE ( 'NONE', #7960, #7758, #7391, .T. ) ;
#9787 = DIRECTION ( 'NONE',  ( 1.000000000000000000, 0.0000000000000000000, 0.0000000000000000000 ) ) ;
#9788 = DIRECTION ( 'NONE',  ( 1.000000000000000000, 7.032662740446511500E-016, -0.0000000000000000000 ) ) ;
#9789 = EDGE_LOOP ( 'NONE', ( #1936, #628, #2568, #8162 ) ) ;
#9790 = ORIENTED_EDGE ( 'NONE', *, *, #5908, .T. ) ;
#9791 = CARTESIAN_POINT ( 'NONE',  ( -31.29999999999997900, -34.80000000000000400, 48.25000000000000000 ) ) ;
#9792 = AXIS2_PLACEMENT_3D ( 'NONE', #1038, #9178, #3790 ) ;
#9793 = VECTOR ( 'NONE', #11418, 1000.000000000000000 ) ;
#9794 = VERTEX_POINT ( 'NONE', #2479 ) ;
#9795 = AXIS2_PLACEMENT_3D ( 'NONE', #9904, #3706, #3665 ) ;
#9796 = CARTESIAN_POINT ( 'NONE',  ( -8.000000000000000000, 9.797174393178825700E-016, -48.00000000000000000 ) ) ;
#9797 = ORIENTED_EDGE ( 'NONE', *, *, #5311, .T. ) ;
#9798 =( NAMED_UNIT ( * ) SI_UNIT ( $, .STERADIAN. ) SOLID_ANGLE_UNIT ( ) );
#9799 = AXIS2_PLACEMENT_3D ( 'NONE', #6234, #5281, #3528 ) ;
#9800 = CARTESIAN_POINT ( 'NONE',  ( -36.46999999999999900, 22.60000000000000100, 56.49999999999999300 ) ) ;
#9801 = EDGE_CURVE ( 'NONE', #7105, #2002, #207, .T. ) ;
#9802 = ORIENTED_EDGE ( 'NONE', *, *, #10637, .T. ) ;
#9803 = EDGE_LOOP ( 'NONE', ( #9086, #1057, #690, #9487 ) ) ;
#9804 = DIRECTION ( 'NONE',  ( 1.224646799147353200E-016, 1.000000000000000000, 0.0000000000000000000 ) ) ;
#9805 = CARTESIAN_POINT ( 'NONE',  ( 40.49999999999999300, -40.49999999999997900, 58.75000000000000000 ) ) ;
#9806 = EDGE_CURVE ( 'NONE', #2080, #11505, #4042, .T. ) ;
#9807 = ORIENTED_EDGE ( 'NONE', *, *, #11542, .F. ) ;
#9808 = AXIS2_PLACEMENT_3D ( 'NONE', #3885, #4691, #4615 ) ;
#9809 = VERTEX_POINT ( 'NONE', #11437 ) ;
#9810 =( NAMED_UNIT ( * ) SI_UNIT ( $, .STERADIAN. ) SOLID_ANGLE_UNIT ( ) );
#9811 = CYLINDRICAL_SURFACE ( 'NONE', #3971, 0.2500000000000002200 ) ;
#9812 = ORIENTED_EDGE ( 'NONE', *, *, #3247, .T. ) ;
#9813 = DIRECTION ( 'NONE',  ( 0.0000000000000000000, 0.0000000000000000000, 1.000000000000000000 ) ) ;
#9814 = CARTESIAN_POINT ( 'NONE',  ( 22.59999999999960400, 37.97000000000022600, 56.49999999999999300 ) ) ;
#9815 = VERTEX_POINT ( 'NONE', #2519 ) ;
#9816 = CARTESIAN_POINT ( 'NONE',  ( -23.74852751943408400, -37.97000000000007000, 57.75230104942097900 ) ) ;
#9817 = DIRECTION ( 'NONE',  ( 1.000000000000000000, 0.0000000000000000000, 0.0000000000000000000 ) ) ;
#9818 = CARTESIAN_POINT ( 'NONE',  ( -23.59999999999985900, -40.47000000000007700, 56.49999999999999300 ) ) ;
#9819 = DIRECTION ( 'NONE',  ( -1.000000000000000000, -3.491481338843133400E-015, 0.0000000000000000000 ) ) ;
#9820 = AXIS2_PLACEMENT_3D ( 'NONE', #4189, #9813, #6232 ) ;
#9821 = DIRECTION ( 'NONE',  ( -0.0000000000000000000, -0.0000000000000000000, -1.000000000000000000 ) ) ;
#9822 = DIRECTION ( 'NONE',  ( -0.0000000000000000000, 0.0000000000000000000, 1.000000000000000000 ) ) ;
#9823 = EDGE_CURVE ( 'NONE', #804, #7775, #3051, .T. ) ;
#9824 = EDGE_LOOP ( 'NONE', ( #524, #9911, #2857, #4412 ) ) ;
#9825 = CARTESIAN_POINT ( 'NONE',  ( 40.47000000000002000, -22.76111756060130300, 56.80966034928123100 ) ) ;
#9826 = DIRECTION ( 'NONE',  ( -0.0000000000000000000, 1.000000000000000000, 0.0000000000000000000 ) ) ;
#9827 = FACE_OUTER_BOUND ( 'NONE', #2158, .T. ) ;
#9828 = VECTOR ( 'NONE', #3611, 1000.000000000000000 ) ;
#9829 = DIRECTION ( 'NONE',  ( 1.000000000000000000, 4.194787724132237300E-015, 0.0000000000000000000 ) ) ;
#9830 = DIRECTION ( 'NONE',  ( 0.0000000000000000000, 0.0000000000000000000, 1.000000000000000000 ) ) ;
#9831 = PRODUCT_CONTEXT ( 'NONE', #9865, 'mechanical' ) ;
#9832 = CARTESIAN_POINT ( 'NONE',  ( -42.74999999999999300, -25.20000000000001000, -58.75000000000000000 ) ) ;
#9833 = ADVANCED_FACE ( 'NONE', ( #10417 ), #6133, .F. ) ;
#9834 = LINE ( 'NONE', #8770, #2613 ) ;
#9835 = ORIENTED_EDGE ( 'NONE', *, *, #3552, .F. ) ;
#9836 = FACE_OUTER_BOUND ( 'NONE', #4704, .T. ) ;
#9837 = CARTESIAN_POINT ( 'NONE',  ( 37.96999999999999200, -25.10000000000000500, 56.49999999999999300 ) ) ;
#9838 = EDGE_CURVE ( 'NONE', #3904, #1501, #7975, .T. ) ;
#9839 = VECTOR ( 'NONE', #9651, 1000.000000000000000 ) ;
#9840 = CARTESIAN_POINT ( 'NONE',  ( 37.96999999999999200, -21.10000000000000500, 56.75896736903249700 ) ) ;
#9841 = SURFACE_SIDE_STYLE ('',( #11176 ) ) ;
#9842 = CARTESIAN_POINT ( 'NONE',  ( -24.59999999999998000, -38.44000000000001200, -59.00000000000000000 ) ) ;
#9843 = B_SPLINE_CURVE_WITH_KNOTS ( 'NONE', 3,
 ( #3640, #8225, #1908, #10876, #9960, #4606 ),
 .UNSPECIFIED., .F., .F.,
 ( 4, 2, 4 ),
 ( 0.01713536489727015800, 0.01805660470586276800, 0.01897784451445537800 ),
 .UNSPECIFIED. ) ;
#9844 = DIRECTION ( 'NONE',  ( 1.000000000000000000, 1.047444401652940000E-014, 0.0000000000000000000 ) ) ;
#9845 = AXIS2_PLACEMENT_3D ( 'NONE', #9619, #10385, #4950 ) ;
#9846 = ORIENTED_EDGE ( 'NONE', *, *, #7271, .T. ) ;
#9847 = FILL_AREA_STYLE_COLOUR ( '', #9035 ) ;
#9848 = LINE ( 'NONE', #8129, #362 ) ;
#9849 = FILL_AREA_STYLE ('',( #6188 ) ) ;
#9850 = EDGE_CURVE ( 'NONE', #1112, #10790, #7828, .T. ) ;
#9851 = CARTESIAN_POINT ( 'NONE',  ( -37.96999999999999200, 21.10000000000000500, 56.75896736903249700 ) ) ;
#9852 = FILL_AREA_STYLE ('',( #1769 ) ) ;
#9853 = VERTEX_POINT ( 'NONE', #9842 ) ;
#9854 = ORIENTED_EDGE ( 'NONE', *, *, #10779, .F. ) ;
#9855 = CIRCLE ( 'NONE', #6880, 3.000000000000002700 ) ;
#9856 = VECTOR ( 'NONE', #7620, 1000.000000000000000 ) ;
#9857 = LINE ( 'NONE', #5411, #1074 ) ;
#9858 = MECHANICAL_DESIGN_GEOMETRIC_PRESENTATION_REPRESENTATION (  '', ( #9162 ), #10857 ) ;
#9859 = CARTESIAN_POINT ( 'NONE',  ( -42.74999999999999300, 40.50000000000000700, 48.00000000000000000 ) ) ;
#9860 = CARTESIAN_POINT ( 'NONE',  ( -24.17266270251054600, -38.97000000000009100, 57.56948464461342500 ) ) ;
#9861 = CARTESIAN_POINT ( 'NONE',  ( -31.29999999999999400, 34.79999999999999000, 58.75000000000000000 ) ) ;
#9862 = EDGE_LOOP ( 'NONE', ( #9880, #7997 ) ) ;
#9863 = CARTESIAN_POINT ( 'NONE',  ( 21.09999999999959600, 38.97000000000021200, 56.75896736903246900 ) ) ;
#9864 = ORIENTED_EDGE ( 'NONE', *, *, #8115, .F. ) ;
#9865 = APPLICATION_CONTEXT ( 'automotive_design' ) ;
#9866 = CYLINDRICAL_SURFACE ( 'NONE', #5400, 0.2500000000000002200 ) ;
#9867 = AXIS2_PLACEMENT_3D ( 'NONE', #10225, #4802, #8449 ) ;
#9868 = CIRCLE ( 'NONE', #3484, 2.999999999999999100 ) ;
#9869 = ORIENTED_EDGE ( 'NONE', *, *, #6303, .F. ) ;
#9870 = CARTESIAN_POINT ( 'NONE',  ( -40.47000000000002000, 22.59999999999999800, 56.49999999999999300 ) ) ;
#9871 = AXIS2_PLACEMENT_3D ( 'NONE', #8326, #6406, #1935 ) ;
#9872 = DIRECTION ( 'NONE',  ( 0.0000000000000000000, 0.0000000000000000000, 1.000000000000000000 ) ) ;
#9873 = CARTESIAN_POINT ( 'NONE',  ( 22.59999999999962100, 36.47000000000023300, 56.75896736903246900 ) ) ;
#9874 = EDGE_CURVE ( 'NONE', #5054, #10920, #6138, .T. ) ;
#9875 = ADVANCED_FACE ( 'NONE', ( #5575 ), #7950, .F. ) ;
#9876 = AXIS2_PLACEMENT_3D ( 'NONE', #5174, #5217, #11424 ) ;
#9877 = DIRECTION ( 'NONE',  ( -0.0000000000000000000, -0.0000000000000000000, 1.000000000000000000 ) ) ;
#9878 = FILL_AREA_STYLE_COLOUR ( '', #6950 ) ;
#9879 = ORIENTED_EDGE ( 'NONE', *, *, #4835, .F. ) ;
#9880 = ORIENTED_EDGE ( 'NONE', *, *, #2404, .T. ) ;
#9881 = CIRCLE ( 'NONE', #8544, 1.500000000000001300 ) ;
#9882 = CIRCLE ( 'NONE', #1570, 3.249999999999999600 ) ;
#9883 = CARTESIAN_POINT ( 'NONE',  ( 9.000000000000021300, 1.102182119232620700E-015, -59.00000000000000000 ) ) ;
#9884 = AXIS2_PLACEMENT_3D ( 'NONE', #7933, #6034, #548 ) ;
#9885 = EDGE_CURVE ( 'NONE', #8023, #2019, #1613, .T. ) ;
#9886 = VERTEX_POINT ( 'NONE', #5271 ) ;
#9887 = EDGE_LOOP ( 'NONE', ( #4726, #2917, #1803, #8319 ) ) ;
#9888 = FACE_BOUND ( 'NONE', #8209, .T. ) ;
#9889 = CARTESIAN_POINT ( 'NONE',  ( -26.09999999999998400, -38.44000000000000500, 56.24999999999999300 ) ) ;
#9890 = ADVANCED_FACE ( 'NONE', ( #7543 ), #7263, .F. ) ;
#9891 = DIRECTION ( 'NONE',  ( -1.000000000000000000, 0.0000000000000000000, 0.0000000000000000000 ) ) ;
#9892 = DIRECTION ( 'NONE',  ( 0.0000000000000000000, 1.000000000000000000, 0.0000000000000000000 ) ) ;
#9893 = PLANE ( 'NONE',  #54 ) ;
#9894 = STYLED_ITEM ( 'NONE', ( #3417 ), #5424 ) ;
#9895 = LINE ( 'NONE', #2919, #2094 ) ;
#9896 = DIRECTION ( 'NONE',  ( -0.0000000000000000000, -0.0000000000000000000, 1.000000000000000000 ) ) ;
#9897 = EDGE_LOOP ( 'NONE', ( #3645, #9621, #10033 ) ) ;
#9898 = AXIS2_PLACEMENT_3D ( 'NONE', #11307, #5782, #5858 ) ;
#9899 = CARTESIAN_POINT ( 'NONE',  ( 40.47000000000001300, -22.92686084100546400, 56.83614593112135100 ) ) ;
#9900 = DIRECTION ( 'NONE',  ( 0.0000000000000000000, 0.0000000000000000000, -1.000000000000000000 ) ) ;
#9901 = ORIENTED_EDGE ( 'NONE', *, *, #6586, .T. ) ;
#9902 = CIRCLE ( 'NONE', #9564, 3.308340903158648600 ) ;
#9903 = EDGE_CURVE ( 'NONE', #4221, #3589, #3187, .T. ) ;
#9904 = CARTESIAN_POINT ( 'NONE',  ( 0.0000000000000000000, 0.0000000000000000000, 48.00000000000000000 ) ) ;
#9905 =( LENGTH_UNIT ( ) NAMED_UNIT ( * ) SI_UNIT ( .MILLI., .METRE. ) );
#9906 = EDGE_CURVE ( 'NONE', #316, #8724, #9548, .T. ) ;
#9907 = EDGE_LOOP ( 'NONE', ( #7443, #10439, #9784, #543 ) ) ;
#9908 = CARTESIAN_POINT ( 'NONE',  ( 39.99999999999999300, 25.19999999999999600, -59.00000000000000000 ) ) ;
#9909 = DIRECTION ( 'NONE',  ( -0.0000000000000000000, 0.0000000000000000000, 1.000000000000000000 ) ) ;
#9910 = ORIENTED_EDGE ( 'NONE', *, *, #5919, .F. ) ;
#9911 = ORIENTED_EDGE ( 'NONE', *, *, #6040, .F. ) ;
#9912 = ORIENTED_EDGE ( 'NONE', *, *, #6043, .T. ) ;
#9913 = AXIS2_PLACEMENT_3D ( 'NONE', #5159, #11523, #11362 ) ;
#9914 = CARTESIAN_POINT ( 'NONE',  ( 23.59999999999960400, 37.97000000000024000, 57.79579263126746700 ) ) ;
#9915 = CARTESIAN_POINT ( 'NONE',  ( -24.34999999999998000, -38.44000000000001200, -48.00000000000000000 ) ) ;
#9916 = VECTOR ( 'NONE', #9826, 1000.000000000000000 ) ;
#9917 = DIRECTION ( 'NONE',  ( -1.000000000000000000, 0.0000000000000000000, 0.0000000000000000000 ) ) ;
#9918 = CARTESIAN_POINT ( 'NONE',  ( -37.96999999999999200, 22.60000000000000100, 56.49999999999999300 ) ) ;
#9919 = UNCERTAINTY_MEASURE_WITH_UNIT (LENGTH_MEASURE( 1.000000000000000100E-005 ), #5572, 'distance_accuracy_value', 'NONE');
#9920 = EDGE_CURVE ( 'NONE', #2147, #2252, #777, .T. ) ;
#9921 = ORIENTED_EDGE ( 'NONE', *, *, #5994, .T. ) ;
#9922 = ORIENTED_EDGE ( 'NONE', *, *, #3923, .F. ) ;
#9923 = ORIENTED_EDGE ( 'NONE', *, *, #10024, .F. ) ;
#9924 = FACE_OUTER_BOUND ( 'NONE', #5320, .T. ) ;
#9925 = CARTESIAN_POINT ( 'NONE',  ( -23.26837466999563400, -40.47000000000008400, 56.83664221820387800 ) ) ;
#9926 = VERTEX_POINT ( 'NONE', #11683 ) ;
#9927 = EDGE_LOOP ( 'NONE', ( #889, #4529, #2754, #7189 ) ) ;
#9928 = DIRECTION ( 'NONE',  ( -1.000000000000000000, 0.0000000000000000000, 0.0000000000000000000 ) ) ;
#9929 = DIRECTION ( 'NONE',  ( -0.0000000000000000000, -0.0000000000000000000, 1.000000000000000000 ) ) ;
#9930 = AXIS2_PLACEMENT_3D ( 'NONE', #11033, #174, #6486 ) ;
#9931 = CARTESIAN_POINT ( 'NONE',  ( -31.19999999999998500, -28.20000000000000600, 48.00000000000000000 ) ) ;
#9932 = CARTESIAN_POINT ( 'NONE',  ( -28.19999999999998900, 42.99999999999999300, 48.00000000000000000 ) ) ;
#9933 = DIRECTION ( 'NONE',  ( 0.0000000000000000000, 0.0000000000000000000, -1.000000000000000000 ) ) ;
#9934 = ORIENTED_EDGE ( 'NONE', *, *, #5311, .F. ) ;
#9935 = ADVANCED_FACE ( 'NONE', ( #6839 ), #9704, .T. ) ;
#9936 = LINE ( 'NONE', #9525, #1445 ) ;
#9937 = EDGE_CURVE ( 'NONE', #10327, #4996, #4885, .T. ) ;
#9938 = CIRCLE ( 'NONE', #8265, 2.750000000000002700 ) ;
#9939 = EDGE_CURVE ( 'NONE', #980, #8619, #9993, .T. ) ;
#9940 = ORIENTED_EDGE ( 'NONE', *, *, #6601, .T. ) ;
#9941 = COLOUR_RGB ( '',0.8941176470588234600, 0.9137254901960784000, 0.9294117647058823800 ) ;
#9942 = ORIENTED_EDGE ( 'NONE', *, *, #3348, .T. ) ;
#9943 = CARTESIAN_POINT ( 'NONE',  ( -1.184017610587345300E-014, 43.00000000000000000, -53.50000000000000000 ) ) ;
#9944 = DIRECTION ( 'NONE',  ( 1.000000000000000000, 2.460600675144407800E-016, 0.0000000000000000000 ) ) ;
#9945 = DIRECTION ( 'NONE',  ( 0.0000000000000000000, -1.000000000000000000, 0.0000000000000000000 ) ) ;
#9946 = EDGE_LOOP ( 'NONE', ( #4599, #409, #7708, #857 ) ) ;
#9947 = CARTESIAN_POINT ( 'NONE',  ( 37.67620474295318200, -22.60000000000000100, 57.69400999138254300 ) ) ;
#9948 = AXIS2_PLACEMENT_3D ( 'NONE', #4295, #4177, #640 ) ;
#9949 = EDGE_CURVE ( 'NONE', #18, #6688, #9412, .T. ) ;
#9950 = VECTOR ( 'NONE', #7314, 1000.000000000000000 ) ;
#9951 = ORIENTED_EDGE ( 'NONE', *, *, #2910, .T. ) ;
#9952 = FACE_OUTER_BOUND ( 'NONE', #7746, .T. ) ;
#9953 = ORIENTED_EDGE ( 'NONE', *, *, #1430, .T. ) ;
#9954 = ADVANCED_FACE ( 'NONE', ( #11559 ), #1900, .F. ) ;
#9955 = FILL_AREA_STYLE ('',( #8693 ) ) ;
#9956 = DIRECTION ( 'NONE',  ( -1.000000000000000000, -1.278740865116509800E-014, 0.0000000000000000000 ) ) ;
#9957 = MECHANICAL_DESIGN_GEOMETRIC_PRESENTATION_REPRESENTATION (  '', ( #4043 ), #7344 ) ;
#9958 = EDGE_LOOP ( 'NONE', ( #9330, #10172, #2203, #6660 ) ) ;
#9959 = DIRECTION ( 'NONE',  ( -1.000000000000000000, -7.885106708985497900E-016, 0.0000000000000000000 ) ) ;
#9960 = CARTESIAN_POINT ( 'NONE',  ( -22.30130848654219400, -37.97000000000006300, 57.70833027779985300 ) ) ;
#9961 = EDGE_CURVE ( 'NONE', #7514, #10995, #4322, .T. ) ;
#9962 = ORIENTED_EDGE ( 'NONE', *, *, #11058, .F. ) ;
#9963 = CARTESIAN_POINT ( 'NONE',  ( 42.74999999999999300, -26.59999999999999400, 58.75000000000000000 ) ) ;
#9964 = ORIENTED_EDGE ( 'NONE', *, *, #3868, .T. ) ;
#9965 = CARTESIAN_POINT ( 'NONE',  ( 34.80000000000000400, -34.79999999999998300, 48.25000000000000000 ) ) ;
#9966 = LINE ( 'NONE', #2196, #466 ) ;
#9967 = AXIS2_PLACEMENT_3D ( 'NONE', #11513, #5226, #9464 ) ;
#9968 = EDGE_CURVE ( 'NONE', #6492, #3419, #11277, .T. ) ;
#9969 = AXIS2_PLACEMENT_3D ( 'NONE', #7993, #7048, #4425 ) ;
#9970 = CARTESIAN_POINT ( 'NONE',  ( 0.0000000000000000000, -42.74999999999999300, 58.75000000000000000 ) ) ;
#9971 = DIRECTION ( 'NONE',  ( 0.0000000000000000000, 0.0000000000000000000, 1.000000000000000000 ) ) ;
#9972 = B_SPLINE_CURVE_WITH_KNOTS ( 'NONE', 3,
 ( #11752, #4520, #11706, #9899, #9825, #5373 ),
 .UNSPECIFIED., .F., .F.,
 ( 4, 2, 4 ),
 ( 0.01191150001962889400, 0.01241480646923343600, 0.01291811291883797700 ),
 .UNSPECIFIED. ) ;
#9973 = CARTESIAN_POINT ( 'NONE',  ( 38.43999999999999800, -23.09999999999998700, 56.24999999999999300 ) ) ;
#9974 = LINE ( 'NONE', #10903, #5129 ) ;
#9975 = ORIENTED_EDGE ( 'NONE', *, *, #5275, .F. ) ;
#9976 = CARTESIAN_POINT ( 'NONE',  ( 0.0000000000000000000, 0.0000000000000000000, -59.00000000000000000 ) ) ;
#9977 = TOROIDAL_SURFACE ( 'NONE', #7043, 0.5000000000000000000, 0.2500000000000000000 ) ;
#9978 = CIRCLE ( 'NONE', #7283, 0.2500000000000002200 ) ;
#9979 = PRESENTATION_LAYER_ASSIGNMENT (  '', '', ( #3297 ) ) ;
#9980 = CYLINDRICAL_SURFACE ( 'NONE', #2693, 1.250000000000001100 ) ;
#9981 = EDGE_CURVE ( 'NONE', #8912, #3550, #1046, .T. ) ;
#9982 = DIRECTION ( 'NONE',  ( 1.000000000000000000, -1.521687259628777600E-015, -0.0000000000000000000 ) ) ;
#9983 = VECTOR ( 'NONE', #7536, 1000.000000000000000 ) ;
#9984 = EDGE_LOOP ( 'NONE', ( #9244, #870, #11371, #7071 ) ) ;
#9985 = DIRECTION ( 'NONE',  ( -0.0000000000000000000, -0.0000000000000000000, -1.000000000000000000 ) ) ;
#9986 = FACE_OUTER_BOUND ( 'NONE', #3824, .T. ) ;
#9987 = CARTESIAN_POINT ( 'NONE',  ( 37.96999999999999200, -22.60000000000000100, 56.49999999999999300 ) ) ;
#9988 = PRESENTATION_LAYER_ASSIGNMENT (  '', '', ( #8737 ) ) ;
#9989 = CARTESIAN_POINT ( 'NONE',  ( 25.20000000000000600, -42.99999999999998600, -48.00000000000000000 ) ) ;
#9990 = EDGE_CURVE ( 'NONE', #3344, #1858, #56, .T. ) ;
#9991 = ORIENTED_EDGE ( 'NONE', *, *, #3299, .T. ) ;
#9992 = EDGE_LOOP ( 'NONE', ( #1665, #3135, #8494, #4110 ) ) ;
#9993 = LINE ( 'NONE', #2605, #68 ) ;
#9994 = CARTESIAN_POINT ( 'NONE',  ( -1.184017610587345300E-014, 43.00000000000000000, -53.50000000000000000 ) ) ;
#9995 =( LENGTH_UNIT ( ) NAMED_UNIT ( * ) SI_UNIT ( .MILLI., .METRE. ) );
#9996 = DIRECTION ( 'NONE',  ( -0.0000000000000000000, -0.0000000000000000000, 1.000000000000000000 ) ) ;
#9997 = TOROIDAL_SURFACE ( 'NONE', #212, 3.500000000000001300, 0.2500000000000000000 ) ;
#9998 = CARTESIAN_POINT ( 'NONE',  ( 21.59999999999999400, 38.44000000000001200, 55.74999999999999300 ) ) ;
#9999 = STYLED_ITEM ( 'NONE', ( #9278 ), #7715 ) ;
#10000 = ORIENTED_EDGE ( 'NONE', *, *, #8115, .T. ) ;
#10001 = VERTEX_POINT ( 'NONE', #9029 ) ;
#10002 = CARTESIAN_POINT ( 'NONE',  ( 38.96999999999999200, -21.10000000000000500, 56.49999999999999300 ) ) ;
#10003 = FACE_OUTER_BOUND ( 'NONE', #11244, .T. ) ;
#10004 = DIRECTION ( 'NONE',  ( 1.000000000000000000, -1.521687259628777600E-015, 0.0000000000000000000 ) ) ;
#10005 = CIRCLE ( 'NONE', #7011, 0.2500000000000002200 ) ;
#10006 = EDGE_CURVE ( 'NONE', #8640, #6628, #10263, .T. ) ;
#10007 = ADVANCED_FACE ( 'NONE', ( #11263 ), #2470, .T. ) ;
#10008 =( NAMED_UNIT ( * ) SI_UNIT ( $, .STERADIAN. ) SOLID_ANGLE_UNIT ( ) );
#10009 = DIRECTION ( 'NONE',  ( 0.0000000000000000000, 0.0000000000000000000, -1.000000000000000000 ) ) ;
#10010 = ORIENTED_EDGE ( 'NONE', *, *, #5228, .T. ) ;
#10011 = ORIENTED_EDGE ( 'NONE', *, *, #10259, .F. ) ;
#10012 = FACE_OUTER_BOUND ( 'NONE', #6804, .T. ) ;
#10013 = AXIS2_PLACEMENT_3D ( 'NONE', #6705, #10294, #7635 ) ;
#10014 = DIRECTION ( 'NONE',  ( 1.000000000000000000, 0.0000000000000000000, 0.0000000000000000000 ) ) ;
#10015 = FACE_OUTER_BOUND ( 'NONE', #185, .T. ) ;
#10016 = ORIENTED_EDGE ( 'NONE', *, *, #2520, .F. ) ;
#10017 = CARTESIAN_POINT ( 'NONE',  ( 23.59999999999962100, 36.47000000000024800, 56.49999999999999300 ) ) ;
#10018 = DIRECTION ( 'NONE',  ( -1.000000000000000000, -4.688441826964347300E-016, 0.0000000000000000000 ) ) ;
#10019 = AXIS2_PLACEMENT_3D ( 'NONE', #5925, #5017, #10389 ) ;
#10020 = VERTEX_POINT ( 'NONE', #1086 ) ;
#10021 = ORIENTED_EDGE ( 'NONE', *, *, #4091, .T. ) ;
#10022 = FACE_BOUND ( 'NONE', #172, .T. ) ;
#10023 = TOROIDAL_SURFACE ( 'NONE', #11332, 9.103553390593294400, 0.2500000000000000000 ) ;
#10024 = EDGE_CURVE ( 'NONE', #3325, #8068, #9843, .T. ) ;
#10025 = DIRECTION ( 'NONE',  ( 1.000000000000000000, 0.0000000000000000000, 0.0000000000000000000 ) ) ;
#10026 = AXIS2_PLACEMENT_3D ( 'NONE', #5941, #644, #6882 ) ;
#10027 = DIRECTION ( 'NONE',  ( 1.000000000000000000, 0.0000000000000000000, 0.0000000000000000000 ) ) ;
#10028 = CARTESIAN_POINT ( 'NONE',  ( 38.96999999999999200, -22.02930228490728500, 57.55735127863044900 ) ) ;
#10029 = EDGE_CURVE ( 'NONE', #10310, #2444, #5717, .T. ) ;
#10030 = AXIS2_PLACEMENT_3D ( 'NONE', #4735, #11080, #2037 ) ;
#10031 = DIRECTION ( 'NONE',  ( -0.0000000000000000000, -0.0000000000000000000, 1.000000000000000000 ) ) ;
#10033 = ORIENTED_EDGE ( 'NONE', *, *, #10975, .T. ) ;
#10032 = DIRECTION ( 'NONE',  ( 1.376764663473656200E-016, -1.000000000000000000, 0.0000000000000000000 ) ) ;
#10034 = SURFACE_STYLE_FILL_AREA ( #601 ) ;
#10035 = DIRECTION ( 'NONE',  ( -2.344220913482170700E-016, 1.000000000000000000, 0.0000000000000000000 ) ) ;
#10036 = FACE_OUTER_BOUND ( 'NONE', #3072, .T. ) ;
#10037 = AXIS2_PLACEMENT_3D ( 'NONE', #2093, #7325, #2010 ) ;
#10038 = EDGE_LOOP ( 'NONE', ( #1290, #3566, #11588, #7795 ) ) ;
#10039 = FILL_AREA_STYLE_COLOUR ( '', #10326 ) ;
#10040 = EDGE_CURVE ( 'NONE', #5746, #2553, #6287, .T. ) ;
#10041 = CARTESIAN_POINT ( 'NONE',  ( 24.17266270251027300, 38.97000000000024800, 57.56948464461342500 ) ) ;
#10042 = CARTESIAN_POINT ( 'NONE',  ( -37.96999999999999200, 21.10000000000000500, 56.49999999999999300 ) ) ;
#10043 = CARTESIAN_POINT ( 'NONE',  ( -34.79999999999998300, -34.80000000000000400, 58.75000000000000000 ) ) ;
#10044 = CARTESIAN_POINT ( 'NONE',  ( -8.000000000000000000, 9.797174393178825700E-016, 59.59999999999996600 ) ) ;
#10045 = CARTESIAN_POINT ( 'NONE',  ( -31.19999999999998500, -28.20000000000000600, -48.00000000000000000 ) ) ;
#10046 = ORIENTED_EDGE ( 'NONE', *, *, #6350, .F. ) ;
#10047 = ORIENTED_EDGE ( 'NONE', *, *, #8348, .T. ) ;
#10048 = CARTESIAN_POINT ( 'NONE',  ( -40.46999999999999200, 23.60000000000000100, 56.49999999999999300 ) ) ;
#10049 = STYLED_ITEM ( 'NONE', ( #6506 ), #5967 ) ;
#10050 = CARTESIAN_POINT ( 'NONE',  ( -25.09999999999987400, -38.30022938758936800, 56.82978467406090300 ) ) ;
#10051 = TOROIDAL_SURFACE ( 'NONE', #1576, 1.500000000000004700, 0.2500000000000000000 ) ;
#10052 = DIRECTION ( 'NONE',  ( 1.000000000000000000, 0.0000000000000000000, 0.0000000000000000000 ) ) ;
#10053 = EDGE_LOOP ( 'NONE', ( #1712, #9349, #10467, #6556 ) ) ;
#10054 = EDGE_CURVE ( 'NONE', #6143, #5606, #3906, .T. ) ;
#10055 = CARTESIAN_POINT ( 'NONE',  ( 42.74999999999999300, -19.84999999999999800, 55.99999999999999300 ) ) ;
#10056 = FACE_OUTER_BOUND ( 'NONE', #10438, .T. ) ;
#10057 = EDGE_LOOP ( 'NONE', ( #10930, #5871 ) ) ;
#10058 = EDGE_LOOP ( 'NONE', ( #7905, #5105 ) ) ;
#10059 = ADVANCED_FACE ( 'NONE', ( #9402 ), #765, .F. ) ;
#10060 = DIRECTION ( 'NONE',  ( 1.000000000000000000, 0.0000000000000000000, 0.0000000000000000000 ) ) ;
#10061 = ORIENTED_EDGE ( 'NONE', *, *, #11211, .T. ) ;
#10062 = AXIS2_PLACEMENT_3D ( 'NONE', #1495, #9697, #11532 ) ;
#10063 = SURFACE_STYLE_USAGE ( .BOTH. , #8151 ) ;
#10064 = CARTESIAN_POINT ( 'NONE',  ( -38.46999999999999200, 23.09999999999999800, 55.99999999999999300 ) ) ;
#10065 = ORIENTED_EDGE ( 'NONE', *, *, #7249, .T. ) ;
#10066 = DIRECTION ( 'NONE',  ( -0.0000000000000000000, 0.0000000000000000000, 1.000000000000000000 ) ) ;
#10067 = DIRECTION ( 'NONE',  ( 0.0000000000000000000, 0.0000000000000000000, 1.000000000000000000 ) ) ;
#10068 = VECTOR ( 'NONE', #5814, 1000.000000000000000 ) ;
#10069 = DIRECTION ( 'NONE',  ( 0.0000000000000000000, -0.0000000000000000000, -1.000000000000000000 ) ) ;
#10070 = ORIENTED_EDGE ( 'NONE', *, *, #1020, .T. ) ;
#10071 = EDGE_LOOP ( 'NONE', ( #5352, #2930, #4384, #9131 ) ) ;
#10072 = CARTESIAN_POINT ( 'NONE',  ( -38.43999999999999800, 26.09999999999999100, 55.99999999999999300 ) ) ;
#10073 = EDGE_CURVE ( 'NONE', #9213, #4822, #5566, .T. ) ;
#10074 = FILL_AREA_STYLE_COLOUR ( '', #8026 ) ;
#10075 = ORIENTED_EDGE ( 'NONE', *, *, #3389, .F. ) ;
#10076 = FILL_AREA_STYLE ('',( #10039 ) ) ;
#10077 = FACE_OUTER_BOUND ( 'NONE', #1874, .T. ) ;
#10078 = DIRECTION ( 'NONE',  ( -0.0000000000000000000, -0.0000000000000000000, -1.000000000000000000 ) ) ;
#10079 = ORIENTED_EDGE ( 'NONE', *, *, #725, .T. ) ;
#10080 = FACE_BOUND ( 'NONE', #8378, .T. ) ;
#10081 = DIRECTION ( 'NONE',  ( 0.0000000000000000000, 0.0000000000000000000, -1.000000000000000000 ) ) ;
#10082 = ORIENTED_EDGE ( 'NONE', *, *, #9939, .F. ) ;
#10083 = MECHANICAL_DESIGN_GEOMETRIC_PRESENTATION_REPRESENTATION (  '', ( #10313 ), #6197 ) ;
#10084 = DIRECTION ( 'NONE',  ( 1.000000000000000000, 3.491481338843133400E-015, 0.0000000000000000000 ) ) ;
#10085 = DIRECTION ( 'NONE',  ( 0.0000000000000000000, -0.0000000000000000000, -1.000000000000000000 ) ) ;
#10086 = DIRECTION ( 'NONE',  ( 0.0000000000000000000, 0.0000000000000000000, -1.000000000000000000 ) ) ;
#10087 = EDGE_LOOP ( 'NONE', ( #11051, #734, #4591, #9195 ) ) ;
#10088 = AXIS2_PLACEMENT_3D ( 'NONE', #9775, #11608, #750 ) ;
#10089 = FACE_OUTER_BOUND ( 'NONE', #10598, .T. ) ;
#10090 = VERTEX_POINT ( 'NONE', #134 ) ;
#10091 = DIRECTION ( 'NONE',  ( 0.0000000000000000000, 0.0000000000000000000, -1.000000000000000000 ) ) ;
#10092 = ORIENTED_EDGE ( 'NONE', *, *, #966, .F. ) ;
#10093 = VECTOR ( 'NONE', #6096, 1000.000000000000000 ) ;
#10094 = DIRECTION ( 'NONE',  ( 0.0000000000000000000, 0.0000000000000000000, 1.000000000000000000 ) ) ;
#10095 = CARTESIAN_POINT ( 'NONE',  ( 38.05000000000000400, -34.79999999999998300, 58.75000000000000000 ) ) ;
#10096 = CARTESIAN_POINT ( 'NONE',  ( 34.80000000000000400, -34.79999999999998300, 48.25000000000000000 ) ) ;
#10097 = FILL_AREA_STYLE_COLOUR ( '', #335 ) ;
#10098 =( GEOMETRIC_REPRESENTATION_CONTEXT ( 3 ) GLOBAL_UNCERTAINTY_ASSIGNED_CONTEXT ( ( #473 ) ) GLOBAL_UNIT_ASSIGNED_CONTEXT ( ( #6554, #8480, #9294 ) ) REPRESENTATION_CONTEXT ( 'NONE', 'WORKASPACE' ) );
#10099 =( GEOMETRIC_REPRESENTATION_CONTEXT ( 3 ) GLOBAL_UNCERTAINTY_ASSIGNED_CONTEXT ( ( #5405 ) ) GLOBAL_UNIT_ASSIGNED_CONTEXT ( ( #8298, #7415, #4722 ) ) REPRESENTATION_CONTEXT ( 'NONE', 'WORKASPACE' ) );
#10100 = ORIENTED_EDGE ( 'NONE', *, *, #2719, .T. ) ;
#10101 = CARTESIAN_POINT ( 'NONE',  ( 38.44000000000001200, -23.09999999999998700, 48.00000000000000000 ) ) ;
#10102 = CIRCLE ( 'NONE', #5540, 3.500000000000003100 ) ;
#10103 = CARTESIAN_POINT ( 'NONE',  ( -39.69000000000000500, 23.09999999999999100, 48.00000000000000000 ) ) ;
#10104 = CARTESIAN_POINT ( 'NONE',  ( 38.46999999999999200, -23.65866419178328100, 54.73916976027089700 ) ) ;
#10105 = AXIS2_PLACEMENT_3D ( 'NONE', #5132, #6995, #10505 ) ;
#10106 = DIRECTION ( 'NONE',  ( 1.000000000000000000, 0.0000000000000000000, -0.0000000000000000000 ) ) ;
#10107 = FILL_AREA_STYLE_COLOUR ( '', #878 ) ;
#10108 = EDGE_CURVE ( 'NONE', #2747, #11499, #6988, .T. ) ;
#10109 = VECTOR ( 'NONE', #6331, 1000.000000000000000 ) ;
#10110 = ORIENTED_EDGE ( 'NONE', *, *, #5346, .F. ) ;
#10111 = PRESENTATION_LAYER_ASSIGNMENT (  '', '', ( #4442 ) ) ;
#10112 = FACE_OUTER_BOUND ( 'NONE', #2819, .T. ) ;
#10113 = FACE_OUTER_BOUND ( 'NONE', #2419, .T. ) ;
#10114 = MECHANICAL_DESIGN_GEOMETRIC_PRESENTATION_REPRESENTATION (  '', ( #7275 ), #5623 ) ;
#10115 = ADVANCED_FACE ( 'NONE', ( #6419 ), #1185, .F. ) ;
#10116 = DIRECTION ( 'NONE',  ( 0.0000000000000000000, 0.0000000000000000000, 1.000000000000000000 ) ) ;
#10117 = CARTESIAN_POINT ( 'NONE',  ( -19.84999999999998700, -38.44000000000000500, 56.24999999999999300 ) ) ;
#10118 = DIRECTION ( 'NONE',  ( 1.000000000000000000, 0.0000000000000000000, 0.0000000000000000000 ) ) ;
#10119 =( NAMED_UNIT ( * ) SI_UNIT ( $, .STERADIAN. ) SOLID_ANGLE_UNIT ( ) );
#10120 = VERTEX_POINT ( 'NONE', #11108 ) ;
#10121 = EDGE_CURVE ( 'NONE', #4564, #1578, #1760, .T. ) ;
#10122 = LINE ( 'NONE', #1016, #634 ) ;
#10123 = CARTESIAN_POINT ( 'NONE',  ( -38.04999999999999700, 34.79999999999999000, 58.75000000000000000 ) ) ;
#10124 = MANIFOLD_SOLID_BREP ( 'Boss-Extrude5', #5679 ) ;
#10125 = ADVANCED_FACE ( 'NONE', ( #8388 ), #9225, .F. ) ;
#10126 =( GEOMETRIC_REPRESENTATION_CONTEXT ( 3 ) GLOBAL_UNCERTAINTY_ASSIGNED_CONTEXT ( ( #6414 ) ) GLOBAL_UNIT_ASSIGNED_CONTEXT ( ( #11645, #5318, #3437 ) ) REPRESENTATION_CONTEXT ( 'NONE', 'WORKASPACE' ) );
#10127 = ORIENTED_EDGE ( 'NONE', *, *, #5980, .F. ) ;
#10128 = CARTESIAN_POINT ( 'NONE',  ( 19.59999999999999400, 43.00000000000000700, 56.24999999999999300 ) ) ;
#10129 = EDGE_LOOP ( 'NONE', ( #10047, #6017, #1013, #5114 ) ) ;
#10130 = FACE_OUTER_BOUND ( 'NONE', #5737, .T. ) ;
#10131 = CARTESIAN_POINT ( 'NONE',  ( 25.09999999999959600, 38.97000000000025500, 56.49999999999999300 ) ) ;
#10132 = EDGE_CURVE ( 'NONE', #4034, #7294, #5141, .T. ) ;
#10133 = DIRECTION ( 'NONE',  ( 0.0000000000000000000, 0.0000000000000000000, 1.000000000000000000 ) ) ;
#10134 = DIRECTION ( 'NONE',  ( -1.000000000000000000, 0.0000000000000000000, 0.0000000000000000000 ) ) ;
#10135 = CARTESIAN_POINT ( 'NONE',  ( -7.000000000000000000, 8.572527594031473200E-016, 59.59999999999996600 ) ) ;
#10136 = EDGE_LOOP ( 'NONE', ( #6217, #9639 ) ) ;
#10137 = EDGE_LOOP ( 'NONE', ( #9807, #4081, #7057, #8690 ) ) ;
#10138 = VECTOR ( 'NONE', #11476, 1000.000000000000000 ) ;
#10139 =( NAMED_UNIT ( * ) SI_UNIT ( $, .STERADIAN. ) SOLID_ANGLE_UNIT ( ) );
#10140 = FACE_OUTER_BOUND ( 'NONE', #4508, .T. ) ;
#10141 = DIRECTION ( 'NONE',  ( 0.0000000000000000000, 0.0000000000000000000, 1.000000000000000000 ) ) ;
#10142 = ORIENTED_EDGE ( 'NONE', *, *, #9506, .F. ) ;
#10143 =( GEOMETRIC_REPRESENTATION_CONTEXT ( 3 ) GLOBAL_UNCERTAINTY_ASSIGNED_CONTEXT ( ( #1486 ) ) GLOBAL_UNIT_ASSIGNED_CONTEXT ( ( #11652, #11744, #2698 ) ) REPRESENTATION_CONTEXT ( 'NONE', 'WORKASPACE' ) );
#10144 = EDGE_CURVE ( 'NONE', #4252, #8875, #2774, .T. ) ;
#10145 = ORIENTED_EDGE ( 'NONE', *, *, #7130, .F. ) ;
#10146 = ORIENTED_EDGE ( 'NONE', *, *, #2498, .T. ) ;
#10147 = DIRECTION ( 'NONE',  ( 1.000000000000000000, 0.0000000000000000000, 0.0000000000000000000 ) ) ;
#10148 =( NAMED_UNIT ( * ) PLANE_ANGLE_UNIT ( ) SI_UNIT ( $, .RADIAN. ) );
#10149 = ORIENTED_EDGE ( 'NONE', *, *, #2630, .T. ) ;
#10150 = PRESENTATION_STYLE_ASSIGNMENT (( #10395 ) ) ;
#10151 = EDGE_CURVE ( 'NONE', #7197, #2663, #6700, .T. ) ;
#10152 = CARTESIAN_POINT ( 'NONE',  ( -25.19999999999998200, -40.00000000000000000, -48.00000000000000000 ) ) ;
#10153 = DIRECTION ( 'NONE',  ( -0.0000000000000000000, 1.000000000000000000, -0.0000000000000000000 ) ) ;
#10154 = CARTESIAN_POINT ( 'NONE',  ( 31.20000000000000600, -28.19999999999999200, -58.75000000000000000 ) ) ;
#10155 = LINE ( 'NONE', #11720, #245 ) ;
#10156 = CARTESIAN_POINT ( 'NONE',  ( -38.96999999999999200, 23.60000000000000100, 57.79579263126746700 ) ) ;
#10157 = ORIENTED_EDGE ( 'NONE', *, *, #3223, .F. ) ;
#10158 = AXIS2_PLACEMENT_3D ( 'NONE', #2466, #4324, #3138 ) ;
#10159 = AXIS2_PLACEMENT_3D ( 'NONE', #8132, #2746, #9048 ) ;
#10160 = ORIENTED_EDGE ( 'NONE', *, *, #9313, .F. ) ;
#10161 = EDGE_LOOP ( 'NONE', ( #705, #9991 ) ) ;
#10162 = FACE_OUTER_BOUND ( 'NONE', #885, .T. ) ;
#10163 = DIRECTION ( 'NONE',  ( 0.0000000000000000000, 0.0000000000000000000, 1.000000000000000000 ) ) ;
#10164 = CARTESIAN_POINT ( 'NONE',  ( 28.20000000000000300, 40.00000000000000000, -48.00000000000000000 ) ) ;
#10165 = LINE ( 'NONE', #5090, #1807 ) ;
#10166 = TOROIDAL_SURFACE ( 'NONE', #4617, 1.500000000000004700, 0.2500000000000000000 ) ;
#10167 = ORIENTED_EDGE ( 'NONE', *, *, #5346, .T. ) ;
#10168 = DIRECTION ( 'NONE',  ( 1.000000000000000000, 0.0000000000000000000, 0.0000000000000000000 ) ) ;
#10169 = AXIS2_PLACEMENT_3D ( 'NONE', #3869, #208, #10133 ) ;
#10170 = EDGE_CURVE ( 'NONE', #9495, #1840, #349, .T. ) ;
#10171 = ADVANCED_FACE ( 'NONE', ( #7813 ), #9692, .T. ) ;
#10172 = ORIENTED_EDGE ( 'NONE', *, *, #7106, .F. ) ;
#10173 = FACE_BOUND ( 'NONE', #373, .T. ) ;
#10174 = CARTESIAN_POINT ( 'NONE',  ( -39.99999999999998600, -28.20000000000001000, -58.75000000000000000 ) ) ;
#10175 = CIRCLE ( 'NONE', #5075, 3.250000000000002700 ) ;
#10176 = DIRECTION ( 'NONE',  ( 1.000000000000000000, 0.0000000000000000000, 0.0000000000000000000 ) ) ;
#10177 = AXIS2_PLACEMENT_3D ( 'NONE', #149, #4695, #11005 ) ;
#10178 = CARTESIAN_POINT ( 'NONE',  ( 0.0000000000000000000, 42.75000000000000700, 48.00000000000000000 ) ) ;
#10179 = CARTESIAN_POINT ( 'NONE',  ( -38.43999999999999800, 23.09999999999999100, 58.75000000000000000 ) ) ;
#10180 = EDGE_CURVE ( 'NONE', #7253, #7553, #912, .T. ) ;
#10181 = STYLED_ITEM ( 'NONE', ( #5144 ), #10668 ) ;
#10182 = DIRECTION ( 'NONE',  ( -1.108712219367988300E-016, -1.161314407221205600E-030, -1.000000000000000000 ) ) ;
#10183 = SURFACE_STYLE_USAGE ( .BOTH. , #9267 ) ;
#10184 = EDGE_LOOP ( 'NONE', ( #4863, #1156, #5254, #287 ) ) ;
#10185 = PRESENTATION_LAYER_ASSIGNMENT (  '', '', ( #865 ) ) ;
#10186 = CARTESIAN_POINT ( 'NONE',  ( -38.80786938071279500, 21.10000000000000500, 56.80355594003683700 ) ) ;
#10187 = ADVANCED_FACE ( 'NONE', ( #8663 ), #9977, .T. ) ;
#10188 = CARTESIAN_POINT ( 'NONE',  ( 37.96999999999999900, -24.30354704584613000, 57.47839634320756400 ) ) ;
#10189 = DIRECTION ( 'NONE',  ( 0.0000000000000000000, 0.0000000000000000000, -1.000000000000000000 ) ) ;
#10190 = FACE_OUTER_BOUND ( 'NONE', #43, .T. ) ;
#10191 = EDGE_CURVE ( 'NONE', #10515, #5773, #11535, .T. ) ;
#10192 = CARTESIAN_POINT ( 'NONE',  ( -25.19999999999998900, 42.99999999999999300, -48.00000000000000000 ) ) ;
#10193 = UNCERTAINTY_MEASURE_WITH_UNIT (LENGTH_MEASURE( 1.000000000000000100E-005 ), #1643, 'distance_accuracy_value', 'NONE');
#10194 = CARTESIAN_POINT ( 'NONE',  ( 28.20000000000001000, -39.99999999999997900, -48.00000000000000000 ) ) ;
#10195 = CARTESIAN_POINT ( 'NONE',  ( 0.0000000000000000000, 0.0000000000000000000, -58.80000000000000400 ) ) ;
#10196 = CARTESIAN_POINT ( 'NONE',  ( -26.59999999999998700, -42.99999999999999300, 59.00000000000000000 ) ) ;
#10197 = SURFACE_STYLE_USAGE ( .BOTH. , #4696 ) ;
#10198 = ORIENTED_EDGE ( 'NONE', *, *, #9687, .T. ) ;
#10199 = B_SPLINE_CURVE_WITH_KNOTS ( 'NONE', 3,
 ( #5441, #22, #9153, #10041, #3770, #6349 ),
 .UNSPECIFIED., .F., .F.,
 ( 4, 2, 4 ),
 ( 0.01713536489727014700, 0.01805660470586276400, 0.01897784451445538200 ),
 .UNSPECIFIED. ) ;
#10200 = ORIENTED_EDGE ( 'NONE', *, *, #11109, .T. ) ;
#10201 = LINE ( 'NONE', #6899, #9633 ) ;
#10202 = COLOUR_RGB ( '',0.8941176470588234600, 0.9137254901960784000, 0.9294117647058823800 ) ;
#10203 = ORIENTED_EDGE ( 'NONE', *, *, #3999, .F. ) ;
#10204 = ORIENTED_EDGE ( 'NONE', *, *, #11694, .T. ) ;
#10205 = DIRECTION ( 'NONE',  ( 0.0000000000000000000, 0.0000000000000000000, -1.000000000000000000 ) ) ;
#10206 = DIRECTION ( 'NONE',  ( 0.0000000000000000000, -1.000000000000000000, 0.0000000000000000000 ) ) ;
#10207 = CARTESIAN_POINT ( 'NONE',  ( 21.09999999999959600, 38.13304899744466100, 56.80370889822907500 ) ) ;
#10208 = DIRECTION ( 'NONE',  ( 1.000000000000000000, 0.0000000000000000000, 0.0000000000000000000 ) ) ;
#10209 = EDGE_CURVE ( 'NONE', #11574, #4600, #3616, .T. ) ;
#10210 = PLANE ( 'NONE',  #698 ) ;
#10211 = ORIENTED_EDGE ( 'NONE', *, *, #10132, .T. ) ;
#10212 = CARTESIAN_POINT ( 'NONE',  ( -43.00000000000000000, 25.19999999999999600, 48.00000000000000000 ) ) ;
#10213 = CYLINDRICAL_SURFACE ( 'NONE', #246, 0.2500000000000002200 ) ;
#10214 = ORIENTED_EDGE ( 'NONE', *, *, #2142, .F. ) ;
#10215 = ORIENTED_EDGE ( 'NONE', *, *, #8956, .T. ) ;
#10216 = CARTESIAN_POINT ( 'NONE',  ( 21.09999999999959600, 38.97000000000021200, 56.49999999999999300 ) ) ;
#10217 = AXIS2_PLACEMENT_3D ( 'NONE', #4670, #168, #5494 ) ;
#10218 = DIRECTION ( 'NONE',  ( 0.0000000000000000000, -0.0000000000000000000, 1.000000000000000000 ) ) ;
#10219 = SURFACE_STYLE_USAGE ( .BOTH. , #10307 ) ;
#10220 = ORIENTED_EDGE ( 'NONE', *, *, #6624, .T. ) ;
#10221 = FILL_AREA_STYLE_COLOUR ( '', #11167 ) ;
#10222 = CYLINDRICAL_SURFACE ( 'NONE', #6981, 2.999999999999999100 ) ;
#10223 = ORIENTED_EDGE ( 'NONE', *, *, #6504, .F. ) ;
#10224 = DIRECTION ( 'NONE',  ( -0.0000000000000000000, -0.0000000000000000000, -1.000000000000000000 ) ) ;
#10225 = CARTESIAN_POINT ( 'NONE',  ( 39.99999999999999300, 25.19999999999999600, -48.00000000000000000 ) ) ;
#10226 = EDGE_CURVE ( 'NONE', #8565, #7092, #10758, .T. ) ;
#10227 = VERTEX_POINT ( 'NONE', #4205 ) ;
#10228 = FACE_OUTER_BOUND ( 'NONE', #2441, .T. ) ;
#10229 = DIRECTION ( 'NONE',  ( 1.000000000000000000, 0.0000000000000000000, 0.0000000000000000000 ) ) ;
#10230 = DIRECTION ( 'NONE',  ( 0.0000000000000000000, -0.0000000000000000000, -1.000000000000000000 ) ) ;
#10231 = ORIENTED_EDGE ( 'NONE', *, *, #10866, .T. ) ;
#10232 = ORIENTED_EDGE ( 'NONE', *, *, #8499, .F. ) ;
#10233 = DIRECTION ( 'NONE',  ( -2.775557561562879400E-014, -1.000000000000000000, 0.0000000000000000000 ) ) ;
#10234 =( LENGTH_UNIT ( ) NAMED_UNIT ( * ) SI_UNIT ( .MILLI., .METRE. ) );
#10235 = ADVANCED_FACE ( 'NONE', ( #4458 ), #7033, .F. ) ;
#10236 = CARTESIAN_POINT ( 'NONE',  ( -39.93999999999999800, 23.09999999999999100, 48.25000000000000000 ) ) ;
#10238 = CARTESIAN_POINT ( 'NONE',  ( -39.99999999999999300, 25.19999999999999600, -58.75000000000000000 ) ) ;
#10237 = COLOUR_RGB ( '',0.8941176470588234600, 0.9137254901960784000, 0.9294117647058823800 ) ;
#10239 = STYLED_ITEM ( 'NONE', ( #2204 ), #9392 ) ;
#10240 = ORIENTED_EDGE ( 'NONE', *, *, #11616, .T. ) ;
#10241 =( NAMED_UNIT ( * ) PLANE_ANGLE_UNIT ( ) SI_UNIT ( $, .RADIAN. ) );
#10242 = DIRECTION ( 'NONE',  ( -0.0000000000000000000, 1.000000000000000000, -0.0000000000000000000 ) ) ;
#10243 = CARTESIAN_POINT ( 'NONE',  ( -42.74999999999999300, 26.59999999999999800, 58.75000000000000000 ) ) ;
#10244 = ORIENTED_EDGE ( 'NONE', *, *, #9729, .T. ) ;
#10245 = LINE ( 'NONE', #3111, #7796 ) ;
#10246 = EDGE_CURVE ( 'NONE', #1834, #7105, #4864, .T. ) ;
#10247 = DIRECTION ( 'NONE',  ( 1.000000000000000000, -1.521687259628777600E-015, 0.0000000000000000000 ) ) ;
#10248 = EDGE_CURVE ( 'NONE', #11718, #4779, #2617, .T. ) ;
#10249 = FACE_OUTER_BOUND ( 'NONE', #11345, .T. ) ;
#10250 = DIRECTION ( 'NONE',  ( 0.0000000000000000000, -1.000000000000000000, 0.0000000000000000000 ) ) ;
#10251 = ORIENTED_EDGE ( 'NONE', *, *, #7447, .F. ) ;
#10252 = PRESENTATION_STYLE_ASSIGNMENT (( #2668 ) ) ;
#10253 = CARTESIAN_POINT ( 'NONE',  ( -24.34999999999998000, -38.44000000000001200, -58.75000000000000000 ) ) ;
#10254 = FACE_OUTER_BOUND ( 'NONE', #2985, .T. ) ;
#10255 = ADVANCED_FACE ( 'NONE', ( #902 ), #1178, .T. ) ;
#10256 = CARTESIAN_POINT ( 'NONE',  ( -3.471486743275711300, 6.000000000000000000, 97.46905379214656800 ) ) ;
#10257 =( LENGTH_UNIT ( ) NAMED_UNIT ( * ) SI_UNIT ( .MILLI., .METRE. ) );
#10258 = STYLED_ITEM ( 'NONE', ( #6964 ), #4012 ) ;
#10259 = EDGE_CURVE ( 'NONE', #2958, #7456, #7523, .T. ) ;
#10260 = MECHANICAL_DESIGN_GEOMETRIC_PRESENTATION_REPRESENTATION (  '', ( #5231 ), #8400 ) ;
#10261 = FACE_OUTER_BOUND ( 'NONE', #1198, .T. ) ;
#10262 = ORIENTED_EDGE ( 'NONE', *, *, #6307, .F. ) ;
#10263 = LINE ( 'NONE', #1870, #4174 ) ;
#10264 =( NAMED_UNIT ( * ) PLANE_ANGLE_UNIT ( ) SI_UNIT ( $, .RADIAN. ) );
#10265 = CARTESIAN_POINT ( 'NONE',  ( 25.19999999999999900, 43.00000000000000000, -48.00000000000000000 ) ) ;
#10266 = CARTESIAN_POINT ( 'NONE',  ( 28.20000000000000300, -31.19999999999999200, -48.00000000000000000 ) ) ;
#10267 = LINE ( 'NONE', #4580, #11266 ) ;
#10268 = AXIS2_PLACEMENT_3D ( 'NONE', #6936, #1517, #3472 ) ;
#10269 = CIRCLE ( 'NONE', #7565, 0.5000000000000004400 ) ;
#10270 = CARTESIAN_POINT ( 'NONE',  ( 38.44000000000001200, -23.09999999999998700, 48.00000000000000000 ) ) ;
#10271 = FACE_OUTER_BOUND ( 'NONE', #10384, .T. ) ;
#10272 = EDGE_CURVE ( 'NONE', #2019, #8023, #10540, .T. ) ;
#10273 = CARTESIAN_POINT ( 'NONE',  ( 0.0000000000000000000, 0.0000000000000000000, 48.00000000000000000 ) ) ;
#10274 = AXIS2_PLACEMENT_3D ( 'NONE', #7683, #6911, #2381 ) ;
#10275 = DIRECTION ( 'NONE',  ( 0.0000000000000000000, 0.0000000000000000000, -1.000000000000000000 ) ) ;
#10276 = ORIENTED_EDGE ( 'NONE', *, *, #8229, .F. ) ;
#10277 = VERTEX_POINT ( 'NONE', #3337 ) ;
#10278 = CIRCLE ( 'NONE', #6663, 1.249999999999997600 ) ;
#10279 = CARTESIAN_POINT ( 'NONE',  ( 38.96999999999999200, -22.60000000000000100, 57.79579263126746700 ) ) ;
#10280 = CYLINDRICAL_SURFACE ( 'NONE', #706, 0.2500000000000002200 ) ;
#10281 = CARTESIAN_POINT ( 'NONE',  ( -42.99999999999999300, -25.19999999999999200, -48.00000000000000000 ) ) ;
#10282 = COLOUR_RGB ( '',0.2000000000000000100, 0.2000000000000000100, 0.2000000000000000100 ) ;
#10283 = CARTESIAN_POINT ( 'NONE',  ( -23.09999999999997700, -38.44000000000001200, -58.75000000000000000 ) ) ;
#10284 = DIRECTION ( 'NONE',  ( -0.0000000000000000000, 0.0000000000000000000, 1.000000000000000000 ) ) ;
#10285 = UNCERTAINTY_MEASURE_WITH_UNIT (LENGTH_MEASURE( 1.000000000000000100E-005 ), #10257, 'distance_accuracy_value', 'NONE');
#10286 = CARTESIAN_POINT ( 'NONE',  ( -38.64031707813857300, 25.10000000000000500, 56.82968972440240000 ) ) ;
#10287 = EDGE_CURVE ( 'NONE', #8487, #10802, #3027, .T. ) ;
#10288 = ORIENTED_EDGE ( 'NONE', *, *, #4819, .T. ) ;
#10289 = VERTEX_POINT ( 'NONE', #8898 ) ;
#10290 = CIRCLE ( 'NONE', #9422, 2.999999999999999100 ) ;
#10291 = CARTESIAN_POINT ( 'NONE',  ( 23.09999999999999400, 38.44000000000001200, 48.00000000000000000 ) ) ;
#10292 = DIRECTION ( 'NONE',  ( 1.000000000000000000, -0.0000000000000000000, 0.0000000000000000000 ) ) ;
#10293 = LINE ( 'NONE', #8563, #2654 ) ;
#10294 = DIRECTION ( 'NONE',  ( 1.000000000000000000, -0.0000000000000000000, 0.0000000000000000000 ) ) ;
#10295 = CARTESIAN_POINT ( 'NONE',  ( 37.96999999999999200, -23.60000000000000100, 57.79579263126746700 ) ) ;
#10296 = AXIS2_PLACEMENT_3D ( 'NONE', #2762, #6374, #2866 ) ;
#10297 = ORIENTED_EDGE ( 'NONE', *, *, #896, .F. ) ;
#10298 = ORIENTED_EDGE ( 'NONE', *, *, #710, .F. ) ;
#10299 = CIRCLE ( 'NONE', #11654, 3.000000000000002700 ) ;
#10300 = ADVANCED_FACE ( 'NONE', ( #9680 ), #8808, .T. ) ;
#10301 = CARTESIAN_POINT ( 'NONE',  ( -28.19999999999998200, -40.00000000000000000, 48.00000000000000000 ) ) ;
#10302 = LINE ( 'NONE', #1425, #4493 ) ;
#10303 = EDGE_CURVE ( 'NONE', #1321, #5599, #7246, .T. ) ;
#10304 = ORIENTED_EDGE ( 'NONE', *, *, #3518, .T. ) ;
#10305 =( LENGTH_UNIT ( ) NAMED_UNIT ( * ) SI_UNIT ( .MILLI., .METRE. ) );
#10306 = DIRECTION ( 'NONE',  ( 0.0000000000000000000, 0.0000000000000000000, -1.000000000000000000 ) ) ;
#10307 = SURFACE_SIDE_STYLE ('',( #301 ) ) ;
#10308 = CARTESIAN_POINT ( 'NONE',  ( -25.19999999999998200, -43.00000000000000000, -59.00000000000000000 ) ) ;
#10309 = VERTEX_POINT ( 'NONE', #4453 ) ;
#10310 = VERTEX_POINT ( 'NONE', #3499 ) ;
#10311 = COLOUR_RGB ( '',0.8941176470588234600, 0.9137254901960784000, 0.9294117647058823800 ) ;
#10312 = DIRECTION ( 'NONE',  ( -1.000000000000000000, 0.0000000000000000000, -0.0000000000000000000 ) ) ;
#10313 = STYLED_ITEM ( 'NONE', ( #9610 ), #8381 ) ;
#10314 = COLOUR_RGB ( '',0.8941176470588234600, 0.9137254901960784000, 0.9294117647058823800 ) ;
#10315 = PLANE ( 'NONE',  #3726 ) ;
#10316 = ADVANCED_FACE ( 'NONE', ( #9536 ), #10699, .F. ) ;
#10317 = ORIENTED_EDGE ( 'NONE', *, *, #6840, .F. ) ;
#10318 = CARTESIAN_POINT ( 'NONE',  ( -42.74999999999999300, -6.898551497489162000E-015, 58.75000000000000000 ) ) ;
#10319 = EDGE_CURVE ( 'NONE', #151, #5396, #10832, .T. ) ;
#10320 = EDGE_CURVE ( 'NONE', #7007, #8100, #6830, .T. ) ;
#10321 = CARTESIAN_POINT ( 'NONE',  ( 21.51708127956430500, 37.97000000000021900, 57.21345909932559700 ) ) ;
#10322 = VERTEX_POINT ( 'NONE', #7152 ) ;
#10323 = ORIENTED_EDGE ( 'NONE', *, *, #4641, .F. ) ;
#10324 = CYLINDRICAL_SURFACE ( 'NONE', #6129, 0.2500000000000002200 ) ;
#10325 = CARTESIAN_POINT ( 'NONE',  ( 0.0000000000000000000, 0.0000000000000000000, -58.92677669529663100 ) ) ;
#10326 = COLOUR_RGB ( '',0.2000000000000000100, 0.2000000000000000100, 0.2000000000000000100 ) ;
#10327 = VERTEX_POINT ( 'NONE', #1705 ) ;
#10328 = AXIS2_PLACEMENT_3D ( 'NONE', #6849, #1446, #565 ) ;
#10329 = DIRECTION ( 'NONE',  ( 1.000000000000000000, 0.0000000000000000000, 0.0000000000000000000 ) ) ;
#10330 = DIRECTION ( 'NONE',  ( 1.000000000000000000, 0.0000000000000000000, 0.0000000000000000000 ) ) ;
#10331 = ORIENTED_EDGE ( 'NONE', *, *, #11614, .F. ) ;
#10332 = ORIENTED_EDGE ( 'NONE', *, *, #1404, .F. ) ;
#10333 = FACE_OUTER_BOUND ( 'NONE', #9606, .T. ) ;
#10334 = DIRECTION ( 'NONE',  ( 0.0000000000000000000, -0.0000000000000000000, 1.000000000000000000 ) ) ;
#10335 = CARTESIAN_POINT ( 'NONE',  ( 31.20000000000000300, 31.19999999999999600, -59.00000000000000000 ) ) ;
#10336 = MECHANICAL_DESIGN_GEOMETRIC_PRESENTATION_REPRESENTATION (  '', ( #10952 ), #9490 ) ;
#10337 = EDGE_LOOP ( 'NONE', ( #2948, #2128, #9535, #6511 ) ) ;
#10338 = EDGE_CURVE ( 'NONE', #6591, #8973, #8968, .T. ) ;
#10339 = DIRECTION ( 'NONE',  ( -0.0000000000000000000, -0.0000000000000000000, 1.000000000000000000 ) ) ;
#10340 = EDGE_LOOP ( 'NONE', ( #1698, #6263, #4240, #10145, #9690 ) ) ;
#10341 = FILL_AREA_STYLE ('',( #5812 ) ) ;
#10342 = MECHANICAL_DESIGN_GEOMETRIC_PRESENTATION_REPRESENTATION (  '', ( #3687 ), #10961 ) ;
#10343 = DIRECTION ( 'NONE',  ( -1.000000000000000000, 0.0000000000000000000, 0.0000000000000000000 ) ) ;
#10344 = CARTESIAN_POINT ( 'NONE',  ( -42.74999999999998600, -40.49999999999997900, 59.00000000000000000 ) ) ;
#10345 = ORIENTED_EDGE ( 'NONE', *, *, #1386, .F. ) ;
#10346 = ORIENTED_EDGE ( 'NONE', *, *, #243, .T. ) ;
#10347 = AXIS2_PLACEMENT_3D ( 'NONE', #293, #6605, #1193 ) ;
#10348 = VECTOR ( 'NONE', #6283, 1000.000000000000000 ) ;
#10349 = EDGE_LOOP ( 'NONE', ( #1553, #1534, #5728, #9348 ) ) ;
#10350 = ORIENTED_EDGE ( 'NONE', *, *, #10637, .F. ) ;
#10351 = UNCERTAINTY_MEASURE_WITH_UNIT (LENGTH_MEASURE( 1.000000000000000100E-005 ), #6385, 'distance_accuracy_value', 'NONE');
#10352 = SURFACE_STYLE_USAGE ( .BOTH. , #11227 ) ;
#10353 = AXIS2_PLACEMENT_3D ( 'NONE', #1406, #5791, #376 ) ;
#10354 = VERTEX_POINT ( 'NONE', #8940 ) ;
#10355 = CARTESIAN_POINT ( 'NONE',  ( -37.96999999999999200, 25.10000000000000500, 56.75896736903245500 ) ) ;
#10356 = ORIENTED_EDGE ( 'NONE', *, *, #364, .F. ) ;
#10357 = EDGE_CURVE ( 'NONE', #3039, #5593, #1882, .T. ) ;
#10358 = DIRECTION ( 'NONE',  ( 0.0000000000000000000, -0.0000000000000000000, -1.000000000000000000 ) ) ;
#10359 = CYLINDRICAL_SURFACE ( 'NONE', #2618, 3.249999999999999600 ) ;
#10360 = ORIENTED_EDGE ( 'NONE', *, *, #2360, .T. ) ;
#10361 = ADVANCED_FACE ( 'NONE', ( #8107, #5131, #2897, #7668, #5426, #5286 ), #3583, .T. ) ;
#10362 = CARTESIAN_POINT ( 'NONE',  ( 36.94000000000000500, -23.09999999999998700, 55.99999999999999300 ) ) ;
#10363 = DIRECTION ( 'NONE',  ( 0.0000000000000000000, 0.0000000000000000000, -1.000000000000000000 ) ) ;
#10364 = DIRECTION ( 'NONE',  ( 0.0000000000000000000, 0.0000000000000000000, -1.000000000000000000 ) ) ;
#10365 = DIRECTION ( 'NONE',  ( 1.000000000000000000, 0.0000000000000000000, 0.0000000000000000000 ) ) ;
#10366 = B_SPLINE_CURVE_WITH_KNOTS ( 'NONE', 3,
 ( #3226, #11280, #6772, #5826, #3075, #5899 ),
 .UNSPECIFIED., .F., .F.,
 ( 4, 2, 4 ),
 ( 0.01191150001962894800, 0.01216198312822886600, 0.01241246623682878600 ),
 .UNSPECIFIED. ) ;
#10367 = ORIENTED_EDGE ( 'NONE', *, *, #4579, .T. ) ;
#10368 = PRESENTATION_LAYER_ASSIGNMENT (  '', '', ( #9128 ) ) ;
#10369 = FACE_OUTER_BOUND ( 'NONE', #5686, .T. ) ;
#10370 = DIRECTION ( 'NONE',  ( 0.0000000000000000000, -0.0000000000000000000, -1.000000000000000000 ) ) ;
#10371 = CARTESIAN_POINT ( 'NONE',  ( -31.19999999999998500, -28.20000000000000600, 48.00000000000000000 ) ) ;
#10372 = PRESENTATION_STYLE_ASSIGNMENT (( #8596 ) ) ;
#10373 = ORIENTED_EDGE ( 'NONE', *, *, #7461, .T. ) ;
#10374 = ORIENTED_EDGE ( 'NONE', *, *, #3162, .T. ) ;
#10375 = DIRECTION ( 'NONE',  ( -0.0000000000000000000, -0.0000000000000000000, 1.000000000000000000 ) ) ;
#10376 = EDGE_CURVE ( 'NONE', #8100, #3887, #7382, .T. ) ;
#10377 = ADVANCED_FACE ( 'NONE', ( #9836 ), #8824, .F. ) ;
#10378 = FILL_AREA_STYLE ('',( #280 ) ) ;
#10379 = CARTESIAN_POINT ( 'NONE',  ( 43.00000000000000000, -26.59999999999998400, 56.24999999999999300 ) ) ;
#10380 =( LENGTH_UNIT ( ) NAMED_UNIT ( * ) SI_UNIT ( .MILLI., .METRE. ) );
#10381 = VERTEX_POINT ( 'NONE', #7366 ) ;
#10382 = EDGE_LOOP ( 'NONE', ( #10687, #882, #9163, #11758 ) ) ;
#10383 = CIRCLE ( 'NONE', #6439, 1.250000000000001100 ) ;
#10384 = EDGE_LOOP ( 'NONE', ( #2324, #5295, #3764, #4167 ) ) ;
#10385 = DIRECTION ( 'NONE',  ( -1.613696256722611400E-016, 1.000000000000000000, 0.0000000000000000000 ) ) ;
#10386 = ORIENTED_EDGE ( 'NONE', *, *, #11257, .T. ) ;
#10387 = LINE ( 'NONE', #11600, #6969 ) ;
#10388 = AXIS2_PLACEMENT_3D ( 'NONE', #2624, #3955, #7582 ) ;
#10389 = DIRECTION ( 'NONE',  ( -1.000000000000000000, 1.728113159909939400E-014, 0.0000000000000000000 ) ) ;
#10390 = CARTESIAN_POINT ( 'NONE',  ( -28.19999999999998200, -39.99999999999999300, -58.75000000000000000 ) ) ;
#10391 =( LENGTH_UNIT ( ) NAMED_UNIT ( * ) SI_UNIT ( .MILLI., .METRE. ) );
#10392 = EDGE_CURVE ( 'NONE', #422, #4243, #11112, .T. ) ;
#10393 = CARTESIAN_POINT ( 'NONE',  ( -25.19999999999998200, -40.00000000000000000, -59.00000000000000000 ) ) ;
#10394 = EDGE_CURVE ( 'NONE', #3073, #7154, #6979, .T. ) ;
#10395 = SURFACE_STYLE_USAGE ( .BOTH. , #8730 ) ;
#10396 = VECTOR ( 'NONE', #9169, 1000.000000000000000 ) ;
#10397 = ORIENTED_EDGE ( 'NONE', *, *, #2217, .T. ) ;
#10398 = VECTOR ( 'NONE', #9756, 1000.000000000000000 ) ;
#10399 = DIRECTION ( 'NONE',  ( 1.000000000000000000, 0.0000000000000000000, 0.0000000000000000000 ) ) ;
#10400 = VECTOR ( 'NONE', #1324, 1000.000000000000000 ) ;
#10401 = SURFACE_SIDE_STYLE ('',( #9311 ) ) ;
#10402 = ORIENTED_EDGE ( 'NONE', *, *, #1497, .T. ) ;
#10403 = AXIS2_PLACEMENT_3D ( 'NONE', #3021, #4796, #1116 ) ;
#10404 = SURFACE_SIDE_STYLE ('',( #10475 ) ) ;
#10405 = CARTESIAN_POINT ( 'NONE',  ( -38.43999999999999100, 26.09999999999999100, 55.99999999999999300 ) ) ;
#10406 = DIRECTION ( 'NONE',  ( -0.0000000000000000000, 0.0000000000000000000, 1.000000000000000000 ) ) ;
#10407 = VECTOR ( 'NONE', #2502, 1000.000000000000000 ) ;
#10408 = ORIENTED_EDGE ( 'NONE', *, *, #8592, .T. ) ;
#10409 = LINE ( 'NONE', #9987, #11547 ) ;
#10410 = AXIS2_PLACEMENT_3D ( 'NONE', #5557, #7428, #5516 ) ;
#10411 = DIRECTION ( 'NONE',  ( -1.000000000000000000, -0.0000000000000000000, 0.0000000000000000000 ) ) ;
#10412 = EDGE_CURVE ( 'NONE', #10415, #1707, #5570, .T. ) ;
#10413 = CARTESIAN_POINT ( 'NONE',  ( -23.59999999999986600, -39.11852751943429500, 57.75230104942100000 ) ) ;
#10414 = SURFACE_STYLE_USAGE ( .BOTH. , #4079 ) ;
#10415 = VERTEX_POINT ( 'NONE', #3710 ) ;
#10416 = CARTESIAN_POINT ( 'NONE',  ( 27.95000000000000300, 31.19999999999999600, -58.75000000000000000 ) ) ;
#10417 = FACE_OUTER_BOUND ( 'NONE', #11619, .T. ) ;
#10418 = AXIS2_PLACEMENT_3D ( 'NONE', #4535, #8297, #3830 ) ;
#10419 = CIRCLE ( 'NONE', #1468, 3.500000000000003100 ) ;
#10420 = EDGE_CURVE ( 'NONE', #9073, #11699, #3753, .T. ) ;
#10421 = FACE_OUTER_BOUND ( 'NONE', #10942, .T. ) ;
#10422 = ADVANCED_FACE ( 'NONE', ( #9695 ), #621, .T. ) ;
#10423 = CARTESIAN_POINT ( 'NONE',  ( 26.09999999999999400, 42.75000000000000700, 55.99999999999999300 ) ) ;
#10424 = VERTEX_POINT ( 'NONE', #9212 ) ;
#10425 = SURFACE_STYLE_USAGE ( .BOTH. , #1349 ) ;
#10426 = CARTESIAN_POINT ( 'NONE',  ( -37.96999999999999200, 25.10000000000000500, 56.75896736903245500 ) ) ;
#10427 = AXIS2_PLACEMENT_3D ( 'NONE', #9196, #108, #938 ) ;
#10428 = DIRECTION ( 'NONE',  ( -0.0000000000000000000, 0.0000000000000000000, 1.000000000000000000 ) ) ;
#10429 = ORIENTED_EDGE ( 'NONE', *, *, #7378, .T. ) ;
#10430 = ORIENTED_EDGE ( 'NONE', *, *, #10303, .F. ) ;
#10431 = SURFACE_STYLE_FILL_AREA ( #1163 ) ;
#10432 = EDGE_CURVE ( 'NONE', #10517, #11234, #3450, .T. ) ;
#10433 = VECTOR ( 'NONE', #863, 1000.000000000000000 ) ;
#10434 = DIRECTION ( 'NONE',  ( -1.000000000000000000, 0.0000000000000000000, 0.0000000000000000000 ) ) ;
#10435 = ADVANCED_FACE ( 'NONE', ( #58 ), #6366, .F. ) ;
#10436 = AXIS2_PLACEMENT_3D ( 'NONE', #8065, #11716, #5261 ) ;
#10437 = CARTESIAN_POINT ( 'NONE',  ( -38.96999999999999200, 25.10000000000000500, 56.75896736903249000 ) ) ;
#10438 = EDGE_LOOP ( 'NONE', ( #7132, #4634, #5011, #11643 ) ) ;
#10439 = ORIENTED_EDGE ( 'NONE', *, *, #6134, .T. ) ;
#10440 = SURFACE_STYLE_FILL_AREA ( #10891 ) ;
#10441 = CARTESIAN_POINT ( 'NONE',  ( 21.09999999999959600, 38.97000000000021200, 56.49999999999999300 ) ) ;
#10442 =( NAMED_UNIT ( * ) SI_UNIT ( $, .STERADIAN. ) SOLID_ANGLE_UNIT ( ) );
#10443 = SURFACE_SIDE_STYLE ('',( #11327 ) ) ;
#10444 = DIRECTION ( 'NONE',  ( -0.0000000000000000000, -0.0000000000000000000, 1.000000000000000000 ) ) ;
#10445 = FACE_OUTER_BOUND ( 'NONE', #6677, .T. ) ;
#10446 = CARTESIAN_POINT ( 'NONE',  ( -21.09999999999987400, -38.55500506987702600, 56.83639580559809400 ) ) ;
#10447 = ORIENTED_EDGE ( 'NONE', *, *, #11472, .F. ) ;
#10448 = EDGE_CURVE ( 'NONE', #8842, #10667, #1605, .T. ) ;
#10449 = EDGE_LOOP ( 'NONE', ( #9940, #10430, #8079, #10651 ) ) ;
#10450 = ORIENTED_EDGE ( 'NONE', *, *, #3576, .T. ) ;
#10451 = FACE_BOUND ( 'NONE', #10586, .T. ) ;
#10452 = CARTESIAN_POINT ( 'NONE',  ( -34.79999999999998300, -34.80000000000000400, 48.25000000000000000 ) ) ;
#10453 = CARTESIAN_POINT ( 'NONE',  ( 22.59999999999960400, 37.97000000000022600, 56.49999999999999300 ) ) ;
#10454 = CYLINDRICAL_SURFACE ( 'NONE', #8259, 2.999999999999999100 ) ;
#10455 = DIRECTION ( 'NONE',  ( -1.000000000000000000, 0.0000000000000000000, 0.0000000000000000000 ) ) ;
#10456 = CARTESIAN_POINT ( 'NONE',  ( -23.59999999999986300, -39.26379525704688000, 57.69400999138254300 ) ) ;
#10457 = AXIS2_PLACEMENT_3D ( 'NONE', #10462, #5015, #11375 ) ;
#10458 = DIRECTION ( 'NONE',  ( 1.000000000000000000, -1.776356839400250500E-015, 0.0000000000000000000 ) ) ;
#10459 = DIRECTION ( 'NONE',  ( 1.000000000000000000, 1.376764663473656200E-016, 0.0000000000000000000 ) ) ;
#10460 = ORIENTED_EDGE ( 'NONE', *, *, #294, .F. ) ;
#10461 = EDGE_LOOP ( 'NONE', ( #5504, #2790, #6656, #6184, #4760 ) ) ;
#10462 = CARTESIAN_POINT ( 'NONE',  ( 38.43999999999999800, -23.09999999999998700, 55.99999999999999300 ) ) ;
#10463 = FACE_OUTER_BOUND ( 'NONE', #3836, .T. ) ;
#10464 = EDGE_CURVE ( 'NONE', #7165, #7790, #7255, .T. ) ;
#10465 = DIRECTION ( 'NONE',  ( 1.000000000000000000, 0.0000000000000000000, 0.0000000000000000000 ) ) ;
#10466 = CARTESIAN_POINT ( 'NONE',  ( 27.94999999999995700, 25.19999999999998500, -58.75000000000000000 ) ) ;
#10467 = ORIENTED_EDGE ( 'NONE', *, *, #2921, .F. ) ;
#10468 = CARTESIAN_POINT ( 'NONE',  ( 39.99999999999999300, 25.19999999999999600, -58.75000000000000000 ) ) ;
#10469 = CARTESIAN_POINT ( 'NONE',  ( 23.59999999999960700, 37.39733729748955700, 57.56948464461343200 ) ) ;
#10470 = AXIS2_PLACEMENT_3D ( 'NONE', #6435, #1028, #2009 ) ;
#10471 = ORIENTED_EDGE ( 'NONE', *, *, #3281, .T. ) ;
#10472 = ORIENTED_EDGE ( 'NONE', *, *, #11510, .T. ) ;
#10473 = FACE_OUTER_BOUND ( 'NONE', #2329, .T. ) ;
#10474 = ORIENTED_EDGE ( 'NONE', *, *, #10259, .T. ) ;
#10475 = SURFACE_STYLE_FILL_AREA ( #2315 ) ;
#10476 = CARTESIAN_POINT ( 'NONE',  ( 5.999999999999999100, 3.336601397552103600, 97.53571698938731100 ) ) ;
#10477 = CIRCLE ( 'NONE', #1414, 6.800000000000000700 ) ;
#10478 = EDGE_LOOP ( 'NONE', ( #8336, #7470, #4701, #8322 ) ) ;
#10479 = DIRECTION ( 'NONE',  ( -0.0000000000000000000, -0.0000000000000000000, 1.000000000000000000 ) ) ;
#10480 = ADVANCED_FACE ( 'NONE', ( #11268 ), #4035, .T. ) ;
#10481 =( NAMED_UNIT ( * ) SI_UNIT ( $, .STERADIAN. ) SOLID_ANGLE_UNIT ( ) );
#10482 = CARTESIAN_POINT ( 'NONE',  ( -23.09999999999986300, -38.47000000000007700, 54.73916976027089700 ) ) ;
#10483 = ORIENTED_EDGE ( 'NONE', *, *, #2827, .T. ) ;
#10484 = LINE ( 'NONE', #575, #1001 ) ;
#10485 = ORIENTED_EDGE ( 'NONE', *, *, #5974, .F. ) ;
#10486 = CIRCLE ( 'NONE', #1291, 3.250000000000002700 ) ;
#10487 =( GEOMETRIC_REPRESENTATION_CONTEXT ( 3 ) GLOBAL_UNCERTAINTY_ASSIGNED_CONTEXT ( ( #9919 ) ) GLOBAL_UNIT_ASSIGNED_CONTEXT ( ( #5572, #2791, #161 ) ) REPRESENTATION_CONTEXT ( 'NONE', 'WORKASPACE' ) );
#10488 = CIRCLE ( 'NONE', #8357, 0.2500000000000002200 ) ;
#10489 = EDGE_CURVE ( 'NONE', #8832, #3271, #10409, .T. ) ;
#10490 = EDGE_LOOP ( 'NONE', ( #11494, #2361, #8323, #3407 ) ) ;
#10491 =( GEOMETRIC_REPRESENTATION_CONTEXT ( 3 ) GLOBAL_UNCERTAINTY_ASSIGNED_CONTEXT ( ( #6270 ) ) GLOBAL_UNIT_ASSIGNED_CONTEXT ( ( #7216, #7114, #3544 ) ) REPRESENTATION_CONTEXT ( 'NONE', 'WORKASPACE' ) );
#10492 = DIRECTION ( 'NONE',  ( 0.0000000000000000000, 0.0000000000000000000, 1.000000000000000000 ) ) ;
#10493 = DIRECTION ( 'NONE',  ( 7.608436298143899900E-016, 1.000000000000000000, 0.0000000000000000000 ) ) ;
#10494 = ADVANCED_FACE ( 'NONE', ( #9986 ), #2789, .F. ) ;
#10495 = ORIENTED_EDGE ( 'NONE', *, *, #5781, .F. ) ;
#10496 = DIRECTION ( 'NONE',  ( 1.224646799147353200E-016, 1.000000000000000000, -0.0000000000000000000 ) ) ;
#10497 = DIRECTION ( 'NONE',  ( -0.0000000000000000000, -0.0000000000000000000, -1.000000000000000000 ) ) ;
#10498 = VERTEX_POINT ( 'NONE', #9127 ) ;
#10499 =( GEOMETRIC_REPRESENTATION_CONTEXT ( 3 ) GLOBAL_UNCERTAINTY_ASSIGNED_CONTEXT ( ( #985 ) ) GLOBAL_UNIT_ASSIGNED_CONTEXT ( ( #907, #6325, #7212 ) ) REPRESENTATION_CONTEXT ( 'NONE', 'WORKASPACE' ) );
#10500 = FACE_OUTER_BOUND ( 'NONE', #10604, .T. ) ;
#10501 = EDGE_CURVE ( 'NONE', #6165, #1145, #10970, .T. ) ;
#10502 = ORIENTED_EDGE ( 'NONE', *, *, #8930, .T. ) ;
#10503 = ORIENTED_EDGE ( 'NONE', *, *, #10799, .F. ) ;
#10504 = DIRECTION ( 'NONE',  ( 1.521687259628777600E-015, 1.000000000000000000, 0.0000000000000000000 ) ) ;
#10505 = DIRECTION ( 'NONE',  ( -1.000000000000000000, 0.0000000000000000000, 0.0000000000000000000 ) ) ;
#10506 = PRESENTATION_LAYER_ASSIGNMENT (  '', '', ( #9894 ) ) ;
#10507 = CARTESIAN_POINT ( 'NONE',  ( 22.59999999999961800, 37.26645295415411900, 57.47839634320757800 ) ) ;
#10508 = AXIS2_PLACEMENT_3D ( 'NONE', #2347, #554, #4209 ) ;
#10509 = EDGE_LOOP ( 'NONE', ( #1316, #7352, #5446, #10618 ) ) ;
#10510 = CARTESIAN_POINT ( 'NONE',  ( -19.59999999999998700, -43.00000000000000000, 58.75000000000000000 ) ) ;
#10511 = FACE_OUTER_BOUND ( 'NONE', #10129, .T. ) ;
#10512 = CIRCLE ( 'NONE', #6832, 0.2500000000000002200 ) ;
#10513 = ORIENTED_EDGE ( 'NONE', *, *, #7958, .T. ) ;
#10514 = LINE ( 'NONE', #7980, #8080 ) ;
#10515 = VERTEX_POINT ( 'NONE', #8215 ) ;
#10516 = EDGE_CURVE ( 'NONE', #4467, #8631, #4877, .T. ) ;
#10517 = VERTEX_POINT ( 'NONE', #9255 ) ;
#10518 = DIRECTION ( 'NONE',  ( -1.000000000000000000, 0.0000000000000000000, 0.0000000000000000000 ) ) ;
#10519 = CIRCLE ( 'NONE', #8252, 1.250000000000008000 ) ;
#10520 = ORIENTED_EDGE ( 'NONE', *, *, #2788, .F. ) ;
#10521 = SURFACE_STYLE_FILL_AREA ( #2478 ) ;
#10522 = CARTESIAN_POINT ( 'NONE',  ( -22.54133580821658400, -38.47000000000007700, 54.73916976027089700 ) ) ;
#10523 = ORIENTED_EDGE ( 'NONE', *, *, #5742, .F. ) ;
#10524 = PRESENTATION_STYLE_ASSIGNMENT (( #2876 ) ) ;
#10525 = B_SPLINE_CURVE_WITH_KNOTS ( 'NONE', 3,
 ( #1431, #3382, #2309, #10469, #5893, #8609 ),
 .UNSPECIFIED., .F., .F.,
 ( 4, 2, 4 ),
 ( 0.01713536489727015100, 0.01805660470586276100, 0.01897784451445536800 ),
 .UNSPECIFIED. ) ;
#10526 = PRESENTATION_LAYER_ASSIGNMENT (  '', '', ( #2249 ) ) ;
#10527 = ORIENTED_EDGE ( 'NONE', *, *, #1728, .F. ) ;
#10528 = EDGE_LOOP ( 'NONE', ( #80, #3967, #3644, #7603 ) ) ;
#10529 = EDGE_CURVE ( 'NONE', #2428, #1197, #1317, .T. ) ;
#10530 = ORIENTED_EDGE ( 'NONE', *, *, #10144, .F. ) ;
#10531 = CIRCLE ( 'NONE', #8559, 0.2500000000000002200 ) ;
#10532 = CARTESIAN_POINT ( 'NONE',  ( 28.20000000000000300, -31.19999999999999200, -59.00000000000000000 ) ) ;
#10533 = DIRECTION ( 'NONE',  ( 0.0000000000000000000, 0.0000000000000000000, -1.000000000000000000 ) ) ;
#10534 =( NAMED_UNIT ( * ) SI_UNIT ( $, .STERADIAN. ) SOLID_ANGLE_UNIT ( ) );
#10535 = ADVANCED_FACE ( 'NONE', ( #768 ), #3767, .F. ) ;
#10536 = DIRECTION ( 'NONE',  ( -1.000000000000000000, -2.460600675144407800E-016, -0.0000000000000000000 ) ) ;
#10537 = VECTOR ( 'NONE', #9214, 1000.000000000000000 ) ;
#10538 = AXIS2_PLACEMENT_3D ( 'NONE', #6540, #8385, #7429 ) ;
#10539 = EDGE_LOOP ( 'NONE', ( #7501, #7736 ) ) ;
#10540 = CIRCLE ( 'NONE', #4572, 36.75000000000000000 ) ;
#10541 = CARTESIAN_POINT ( 'NONE',  ( -38.43999999999999800, 19.59999999999999100, 58.75000000000000000 ) ) ;
#10542 = CARTESIAN_POINT ( 'NONE',  ( 22.59999999999960400, 37.67620474295340900, 57.69400999138254300 ) ) ;
#10543 = CARTESIAN_POINT ( 'NONE',  ( -28.19999999999998200, -43.00000000000000000, 48.00000000000000000 ) ) ;
#10544 = EDGE_CURVE ( 'NONE', #9463, #4221, #6703, .T. ) ;
#10545 = CARTESIAN_POINT ( 'NONE',  ( 38.96999999999999200, -22.60000000000000100, 56.49999999999999300 ) ) ;
#10546 = EDGE_CURVE ( 'NONE', #6210, #11165, #5354, .T. ) ;
#10547 = ADVANCED_FACE ( 'NONE', ( #6114 ), #353, .T. ) ;
#10548 = CYLINDRICAL_SURFACE ( 'NONE', #4254, 0.2500000000000002200 ) ;
#10549 = VERTEX_POINT ( 'NONE', #1261 ) ;
#10550 = VECTOR ( 'NONE', #9446, 1000.000000000000000 ) ;
#10551 = FACE_OUTER_BOUND ( 'NONE', #10349, .T. ) ;
#10552 = AXIS2_PLACEMENT_3D ( 'NONE', #11549, #1477, #7860 ) ;
#10553 = CARTESIAN_POINT ( 'NONE',  ( 0.0000000000000000000, 0.0000000000000000000, 97.40000000000000600 ) ) ;
#10554 = TOROIDAL_SURFACE ( 'NONE', #11533, -0.5586641917832802000, 3.308340903158649500 ) ;
#10555 = EDGE_CURVE ( 'NONE', #8036, #9217, #4315, .T. ) ;
#10556 = AXIS2_PLACEMENT_3D ( 'NONE', #1848, #8171, #9933 ) ;
#10557 = CARTESIAN_POINT ( 'NONE',  ( 28.20000000000000300, -28.19999999999999200, -48.00000000000000000 ) ) ;
#10558 = DIRECTION ( 'NONE',  ( 0.0000000000000000000, -1.000000000000000000, 0.0000000000000000000 ) ) ;
#10559 = DIRECTION ( 'NONE',  ( -0.0000000000000000000, 0.0000000000000000000, 1.000000000000000000 ) ) ;
#10560 = ORIENTED_EDGE ( 'NONE', *, *, #2937, .F. ) ;
#10561 = ORIENTED_EDGE ( 'NONE', *, *, #6307, .T. ) ;
#10562 = CIRCLE ( 'NONE', #11395, 2.500000000000002200 ) ;
#10563 = VECTOR ( 'NONE', #7096, 1000.000000000000000 ) ;
#10564 = VECTOR ( 'NONE', #5127, 1000.000000000000000 ) ;
#10565 = EDGE_CURVE ( 'NONE', #3550, #8842, #7747, .T. ) ;
#10566 = CARTESIAN_POINT ( 'NONE',  ( 26.34999999999999400, 42.75000000000000700, 56.24999999999999300 ) ) ;
#10567 = CARTESIAN_POINT ( 'NONE',  ( -8.000000000000000000, 9.797174393178825700E-016, 59.59999999999996600 ) ) ;
#10568 = PLANE ( 'NONE',  #5380 ) ;
#10569 = DIRECTION ( 'NONE',  ( -0.0000000000000000000, 0.0000000000000000000, 1.000000000000000000 ) ) ;
#10570 = DIRECTION ( 'NONE',  ( 1.000000000000000000, 0.0000000000000000000, 0.0000000000000000000 ) ) ;
#10571 = AXIS2_PLACEMENT_3D ( 'NONE', #4675, #2869, #8186 ) ;
#10572 = EDGE_CURVE ( 'NONE', #3507, #5948, #3181, .T. ) ;
#10573 = DIRECTION ( 'NONE',  ( -0.0000000000000000000, 0.0000000000000000000, 1.000000000000000000 ) ) ;
#10574 = AXIS2_PLACEMENT_3D ( 'NONE', #10283, #11198, #2522 ) ;
#10575 = ORIENTED_EDGE ( 'NONE', *, *, #8746, .T. ) ;
#10576 = EDGE_LOOP ( 'NONE', ( #9582, #1102, #1455, #9779 ) ) ;
#10577 = VECTOR ( 'NONE', #8040, 1000.000000000000000 ) ;
#10578 = DIRECTION ( 'NONE',  ( -1.000000000000000000, -0.0000000000000000000, -0.0000000000000000000 ) ) ;
#10579 = FACE_OUTER_BOUND ( 'NONE', #4434, .T. ) ;
#10580 = DIRECTION ( 'NONE',  ( 1.000000000000000000, 0.0000000000000000000, 0.0000000000000000000 ) ) ;
#10581 = AXIS2_PLACEMENT_3D ( 'NONE', #6012, #7279, #3263 ) ;
#10582 = DIRECTION ( 'NONE',  ( -1.000000000000000000, 0.0000000000000000000, 0.0000000000000000000 ) ) ;
#10583 = EDGE_CURVE ( 'NONE', #6260, #3881, #1190, .T. ) ;
#10584 = VERTEX_POINT ( 'NONE', #3861 ) ;
#10585 = CARTESIAN_POINT ( 'NONE',  ( 25.09999999999959600, 38.97000000000025500, 56.49999999999999300 ) ) ;
#10586 = EDGE_LOOP ( 'NONE', ( #7624, #10745 ) ) ;
#10587 = CARTESIAN_POINT ( 'NONE',  ( 0.0000000000000000000, 0.0000000000000000000, 97.60000000000000900 ) ) ;
#10588 = CIRCLE ( 'NONE', #4193, 7.000000000000000000 ) ;
#10589 = CARTESIAN_POINT ( 'NONE',  ( 0.0000000000000000000, 0.0000000000000000000, -57.99999999999997900 ) ) ;
#10590 = CYLINDRICAL_SURFACE ( 'NONE', #10457, 3.249999999999996000 ) ;
#10591 = ORIENTED_EDGE ( 'NONE', *, *, #11542, .T. ) ;
#10592 = CARTESIAN_POINT ( 'NONE',  ( -38.96999999999999200, 24.68291872043530300, 57.21345909932559700 ) ) ;
#10593 = AXIS2_PLACEMENT_3D ( 'NONE', #10694, #7934, #793 ) ;
#10594 = CARTESIAN_POINT ( 'NONE',  ( 23.09999999999999400, 38.44000000000001200, -59.00000000000000000 ) ) ;
#10595 = ADVANCED_FACE ( 'NONE', ( #6992 ), #10210, .F. ) ;
#10596 =( LENGTH_UNIT ( ) NAMED_UNIT ( * ) SI_UNIT ( .MILLI., .METRE. ) );
#10597 = DIRECTION ( 'NONE',  ( 1.000000000000000000, 0.0000000000000000000, 0.0000000000000000000 ) ) ;
#10598 = EDGE_LOOP ( 'NONE', ( #7081, #2865, #1911, #3548 ) ) ;
#10599 = ORIENTED_EDGE ( 'NONE', *, *, #7016, .F. ) ;
#10600 = VECTOR ( 'NONE', #11380, 1000.000000000000000 ) ;
#10601 = EDGE_CURVE ( 'NONE', #2929, #5944, #2183, .T. ) ;
#10602 = ORIENTED_EDGE ( 'NONE', *, *, #8685, .T. ) ;
#10603 = CARTESIAN_POINT ( 'NONE',  ( -34.93999999999999800, 23.09999999999999100, 59.00000000000000000 ) ) ;
#10604 = EDGE_LOOP ( 'NONE', ( #1399, #7534 ) ) ;
#10605 = FACE_OUTER_BOUND ( 'NONE', #8407, .T. ) ;
#10606 = EDGE_LOOP ( 'NONE', ( #3962, #5327, #6343, #11457 ) ) ;
#10607 = ADVANCED_FACE ( 'NONE', ( #1333 ), #10692, .T. ) ;
#10608 = DIRECTION ( 'NONE',  ( 1.000000000000000000, -1.521687259628777600E-015, 0.0000000000000000000 ) ) ;
#10609 = DIRECTION ( 'NONE',  ( -3.491481338843133400E-015, 1.000000000000000000, 0.0000000000000000000 ) ) ;
#10610 = CARTESIAN_POINT ( 'NONE',  ( -25.09999999999987000, -38.97000000000008400, 56.49999999999999300 ) ) ;
#10611 = DIRECTION ( 'NONE',  ( 1.000000000000000000, 0.0000000000000000000, 0.0000000000000000000 ) ) ;
#10612 = DIRECTION ( 'NONE',  ( -0.0000000000000000000, -0.0000000000000000000, 1.000000000000000000 ) ) ;
#10613 = ORIENTED_EDGE ( 'NONE', *, *, #10287, .T. ) ;
#10614 = CARTESIAN_POINT ( 'NONE',  ( -8.926776695296657800, 0.0000000000000000000, -58.92677669529663100 ) ) ;
#10615 = EDGE_CURVE ( 'NONE', #3541, #10906, #1892, .T. ) ;
#10616 = ORIENTED_EDGE ( 'NONE', *, *, #6706, .T. ) ;
#10617 = CARTESIAN_POINT ( 'NONE',  ( 0.0000000000000000000, 0.0000000000000000000, -58.75000000000000000 ) ) ;
#10618 = ORIENTED_EDGE ( 'NONE', *, *, #8062, .T. ) ;
#10619 = LINE ( 'NONE', #9317, #3394 ) ;
#10620 = PRESENTATION_STYLE_ASSIGNMENT (( #7874 ) ) ;
#10621 = CARTESIAN_POINT ( 'NONE',  ( 23.43960852328998000, 40.47000000000024000, 56.80943189897300300 ) ) ;
#10622 = CARTESIAN_POINT ( 'NONE',  ( 42.74999999999999300, -20.09999999999999800, 55.99999999999999300 ) ) ;
#10623 = CARTESIAN_POINT ( 'NONE',  ( 8.000000000000000000, 0.0000000000000000000, -57.99999999999997900 ) ) ;
#10624 = STYLED_ITEM ( 'NONE', ( #652 ), #9156 ) ;
#10625 = ORIENTED_EDGE ( 'NONE', *, *, #7153, .T. ) ;
#10626 = ORIENTED_EDGE ( 'NONE', *, *, #2892, .T. ) ;
#10627 = PLANE ( 'NONE',  #959 ) ;
#10628 = ORIENTED_EDGE ( 'NONE', *, *, #7712, .T. ) ;
#10629 = ORIENTED_EDGE ( 'NONE', *, *, #4415, .F. ) ;
#10630 = CIRCLE ( 'NONE', #11313, 2.300000000000000700 ) ;
#10631 = CARTESIAN_POINT ( 'NONE',  ( 39.99999999999999300, 28.19999999999999600, 48.00000000000000000 ) ) ;
#10632 = TOROIDAL_SURFACE ( 'NONE', #1859, 3.499999999999999600, 0.2500000000000000000 ) ;
#10633 = EDGE_LOOP ( 'NONE', ( #6037, #9462, #9544, #3300 ) ) ;
#10634 = ORIENTED_EDGE ( 'NONE', *, *, #8200, .T. ) ;
#10635 = CARTESIAN_POINT ( 'NONE',  ( -39.99999999999998600, -28.20000000000001000, -59.00000000000000000 ) ) ;
#10636 = DIRECTION ( 'NONE',  ( 1.000000000000000000, 0.0000000000000000000, 0.0000000000000000000 ) ) ;
#10637 = EDGE_CURVE ( 'NONE', #7734, #7154, #5854, .T. ) ;
#10638 = CARTESIAN_POINT ( 'NONE',  ( 6.000000000000000000, -3.605551275463990000, 97.40000000000000600 ) ) ;
#10639 = ORIENTED_EDGE ( 'NONE', *, *, #8103, .T. ) ;
#10640 = MECHANICAL_DESIGN_GEOMETRIC_PRESENTATION_REPRESENTATION (  '', ( #3521 ), #2295 ) ;
#10641 = AXIS2_PLACEMENT_3D ( 'NONE', #8709, #11649, #7797 ) ;
#10642 = DIRECTION ( 'NONE',  ( 1.000000000000000000, -0.0000000000000000000, -0.0000000000000000000 ) ) ;
#10643 = ORIENTED_EDGE ( 'NONE', *, *, #4028, .T. ) ;
#10644 = UNCERTAINTY_MEASURE_WITH_UNIT (LENGTH_MEASURE( 1.000000000000000100E-005 ), #5735, 'distance_accuracy_value', 'NONE');
#10645 = CARTESIAN_POINT ( 'NONE',  ( 7.000000000000000000, 0.0000000000000000000, 59.59999999999996600 ) ) ;
#10646 = CARTESIAN_POINT ( 'NONE',  ( -24.17069771509258700, -37.97000000000006300, 57.55735127863045600 ) ) ;
#10647 = DIRECTION ( 'NONE',  ( -0.0000000000000000000, 0.0000000000000000000, 1.000000000000000000 ) ) ;
#10648 = CARTESIAN_POINT ( 'NONE',  ( -40.49999999999999300, 40.50000000000000700, 59.00000000000000000 ) ) ;
#10649 = AXIS2_PLACEMENT_3D ( 'NONE', #2936, #8286, #9290 ) ;
#10650 = ORIENTED_EDGE ( 'NONE', *, *, #9675, .F. ) ;
#10651 = ORIENTED_EDGE ( 'NONE', *, *, #10180, .T. ) ;
#10652 = EDGE_CURVE ( 'NONE', #6185, #946, #1411, .T. ) ;
#10653 = FACE_OUTER_BOUND ( 'NONE', #6113, .T. ) ;
#10654 = DIRECTION ( 'NONE',  ( 1.000000000000000000, 0.0000000000000000000, 0.0000000000000000000 ) ) ;
#10655 = COLOUR_RGB ( '',0.8941176470588234600, 0.9137254901960784000, 0.9294117647058823800 ) ;
#10656 = ORIENTED_EDGE ( 'NONE', *, *, #2691, .T. ) ;
#10657 = PRESENTATION_STYLE_ASSIGNMENT (( #8375 ) ) ;
#10658 = CARTESIAN_POINT ( 'NONE',  ( 25.09999999999960400, 38.30022938758956700, 56.82978467406090300 ) ) ;
#10659 = CARTESIAN_POINT ( 'NONE',  ( -7.000000000000000000, 0.0000000000000000000, 97.40000000000000600 ) ) ;
#10660 = DIRECTION ( 'NONE',  ( -1.000000000000000000, -3.690901012716611600E-016, 0.0000000000000000000 ) ) ;
#10661 = ORIENTED_EDGE ( 'NONE', *, *, #46, .F. ) ;
#10662 = DIRECTION ( 'NONE',  ( -1.000000000000000000, 0.0000000000000000000, 0.0000000000000000000 ) ) ;
#10663 = APPLICATION_CONTEXT ( 'automotive_design' ) ;
#10664 = DIRECTION ( 'NONE',  ( 0.0000000000000000000, -1.000000000000000000, 0.0000000000000000000 ) ) ;
#10665 = CIRCLE ( 'NONE', #5006, 1.500000000000001300 ) ;
#10666 = ORIENTED_EDGE ( 'NONE', *, *, #8032, .F. ) ;
#10667 = VERTEX_POINT ( 'NONE', #8632 ) ;
#10668 = ADVANCED_FACE ( 'NONE', ( #10113 ), #6789, .F. ) ;
#10669 = VECTOR ( 'NONE', #2607, 1000.000000000000000 ) ;
#10670 = EDGE_CURVE ( 'NONE', #4148, #2469, #5719, .T. ) ;
#10671 = EDGE_CURVE ( 'NONE', #6747, #2229, #10269, .T. ) ;
#10672 = DIRECTION ( 'NONE',  ( -1.000000000000000000, 1.682156097916899000E-015, 0.0000000000000000000 ) ) ;
#10673 = DIRECTION ( 'NONE',  ( 0.0000000000000000000, 0.0000000000000000000, -1.000000000000000000 ) ) ;
#10674 = LINE ( 'NONE', #7978, #3313 ) ;
#10675 = VERTEX_POINT ( 'NONE', #1382 ) ;
#10676 = VECTOR ( 'NONE', #11254, 1000.000000000000000 ) ;
#10677 = DIRECTION ( 'NONE',  ( 1.108712219367988300E-016, 3.871048024070685300E-031, -1.000000000000000000 ) ) ;
#10678 = LINE ( 'NONE', #11236, #8240 ) ;
#10679 = VECTOR ( 'NONE', #9239, 1000.000000000000000 ) ;
#10680 =( GEOMETRIC_REPRESENTATION_CONTEXT ( 3 ) GLOBAL_UNCERTAINTY_ASSIGNED_CONTEXT ( ( #7773 ) ) GLOBAL_UNIT_ASSIGNED_CONTEXT ( ( #6007, #8821, #7738 ) ) REPRESENTATION_CONTEXT ( 'NONE', 'WORKASPACE' ) );
#10681 = DIRECTION ( 'NONE',  ( 0.0000000000000000000, 0.0000000000000000000, 1.000000000000000000 ) ) ;
#10682 = CARTESIAN_POINT ( 'NONE',  ( 42.75000000000000700, -25.19999999999998900, -59.00000000000000000 ) ) ;
#10683 = EDGE_CURVE ( 'NONE', #9656, #1836, #7817, .T. ) ;
#10684 = SURFACE_SIDE_STYLE ('',( #2764 ) ) ;
#10685 = VECTOR ( 'NONE', #8817, 1000.000000000000000 ) ;
#10686 = DIRECTION ( 'NONE',  ( 1.000000000000000000, 0.0000000000000000000, 0.0000000000000000000 ) ) ;
#10687 = ORIENTED_EDGE ( 'NONE', *, *, #6279, .F. ) ;
#10688 = FILL_AREA_STYLE_COLOUR ( '', #10282 ) ;
#10689 = CARTESIAN_POINT ( 'NONE',  ( 0.0000000000000000000, 0.0000000000000000000, -58.99999999999999300 ) ) ;
#10690 = CARTESIAN_POINT ( 'NONE',  ( 6.000000000000000000, -3.336687023937007900, 97.53567669461821800 ) ) ;
#10691 = CARTESIAN_POINT ( 'NONE',  ( 38.96999999999999200, -23.89869151345767800, 57.70833027779985300 ) ) ;
#10692 = TOROIDAL_SURFACE ( 'NONE', #2065, 2.250000000000000400, 0.2500000000000000000 ) ;
#10693 = AXIS2_PLACEMENT_3D ( 'NONE', #4498, #9027, #1790 ) ;
#10694 = CARTESIAN_POINT ( 'NONE',  ( -26.59999999999998700, -42.74999999999999300, 59.00000000000000000 ) ) ;
#10695 = ORIENTED_EDGE ( 'NONE', *, *, #177, .F. ) ;
#10696 = ORIENTED_EDGE ( 'NONE', *, *, #5811, .T. ) ;
#10697 = CIRCLE ( 'NONE', #3668, 0.2500000000000002200 ) ;
#10698 = VECTOR ( 'NONE', #11564, 1000.000000000000000 ) ;
#10699 = PLANE ( 'NONE',  #3429 ) ;
#10700 = CARTESIAN_POINT ( 'NONE',  ( 37.82147248056577400, -22.60000000000000100, 57.75230104942098600 ) ) ;
#10701 = CIRCLE ( 'NONE', #6944, 0.2500000000000002200 ) ;
#10702 = DIRECTION ( 'NONE',  ( -1.000000000000000000, 2.775557561562890600E-015, 0.0000000000000000000 ) ) ;
#10703 = CARTESIAN_POINT ( 'NONE',  ( -23.09999999999986300, -38.47000000000007700, 55.99999999999999300 ) ) ;
#10704 = AXIS2_PLACEMENT_3D ( 'NONE', #6205, #10664, #1619 ) ;
#10705 = ORIENTED_EDGE ( 'NONE', *, *, #7108, .T. ) ;
#10706 = CARTESIAN_POINT ( 'NONE',  ( 22.59999999999960400, 37.97000000000022600, 56.49999999999999300 ) ) ;
#10707 = ORIENTED_EDGE ( 'NONE', *, *, #7331, .F. ) ;
#10708 = VERTEX_POINT ( 'NONE', #9528 ) ;
#10709 = CIRCLE ( 'NONE', #10791, 0.2500000000000002200 ) ;
#10710 = AXIS2_PLACEMENT_3D ( 'NONE', #10785, #6288, #4597 ) ;
#10711 = PLANE ( 'NONE',  #6050 ) ;
#10712 = VECTOR ( 'NONE', #11733, 1000.000000000000000 ) ;
#10713 = ADVANCED_FACE ( 'NONE', ( #3317 ), #5953, .F. ) ;
#10714 = AXIS2_PLACEMENT_3D ( 'NONE', #835, #6203, #1780 ) ;
#10715 = CARTESIAN_POINT ( 'NONE',  ( 36.46999999999999900, -22.60000000000000100, 56.49999999999999300 ) ) ;
#10716 = FACE_OUTER_BOUND ( 'NONE', #8037, .T. ) ;
#10717 = DIRECTION ( 'NONE',  ( 0.0000000000000000000, -1.000000000000000000, 1.108712219367988300E-016 ) ) ;
#10718 = DIRECTION ( 'NONE',  ( 1.000000000000000000, 0.0000000000000000000, 0.0000000000000000000 ) ) ;
#10719 = MECHANICAL_DESIGN_GEOMETRIC_PRESENTATION_REPRESENTATION (  '', ( #5529 ), #6059 ) ;
#10720 = VERTEX_POINT ( 'NONE', #6822 ) ;
#10721 = ORIENTED_EDGE ( 'NONE', *, *, #9108, .F. ) ;
#10722 = VECTOR ( 'NONE', #7437, 1000.000000000000000 ) ;
#10723 = DIRECTION ( 'NONE',  ( -1.000000000000000000, 0.0000000000000000000, 0.0000000000000000000 ) ) ;
#10724 = EDGE_CURVE ( 'NONE', #6688, #8484, #3619, .T. ) ;
#10725 = CARTESIAN_POINT ( 'NONE',  ( 24.59999999999999800, 38.44000000000001200, 55.99999999999999300 ) ) ;
#10726 = CARTESIAN_POINT ( 'NONE',  ( -34.79999999999999700, 34.79999999999999000, 48.00000000000000000 ) ) ;
#10727 = FACE_OUTER_BOUND ( 'NONE', #5581, .T. ) ;
#10728 = ADVANCED_FACE ( 'NONE', ( #905 ), #4192, .F. ) ;
#10729 = VERTEX_POINT ( 'NONE', #9568 ) ;
#10730 = CARTESIAN_POINT ( 'NONE',  ( -39.26869151345767500, 22.60000000000000500, 57.70833027779986000 ) ) ;
#10731 = DIRECTION ( 'NONE',  ( 1.000000000000000000, 0.0000000000000000000, 0.0000000000000000000 ) ) ;
#10732 =( NAMED_UNIT ( * ) SI_UNIT ( $, .STERADIAN. ) SOLID_ANGLE_UNIT ( ) );
#10733 = MECHANICAL_DESIGN_GEOMETRIC_PRESENTATION_REPRESENTATION (  '', ( #785 ), #1987 ) ;
#10734 = CARTESIAN_POINT ( 'NONE',  ( 6.000000000000000000, -3.471796504843551300, 97.46889424054430200 ) ) ;
#10735 = SURFACE_SIDE_STYLE ('',( #641 ) ) ;
#10736 = ORIENTED_EDGE ( 'NONE', *, *, #3316, .T. ) ;
#10737 = VERTEX_POINT ( 'NONE', #4944 ) ;
#10738 = FACE_BOUND ( 'NONE', #7610, .T. ) ;
#10739 = CARTESIAN_POINT ( 'NONE',  ( 0.0000000000000000000, 0.0000000000000000000, -59.00000000000000000 ) ) ;
#10740 = PRESENTATION_STYLE_ASSIGNMENT (( #1580 ) ) ;
#10741 = CARTESIAN_POINT ( 'NONE',  ( 39.69000000000001900, -23.09999999999998700, -48.00000000000000000 ) ) ;
#10742 = EDGE_CURVE ( 'NONE', #8973, #6364, #7807, .T. ) ;
#10743 = CARTESIAN_POINT ( 'NONE',  ( 25.09999999999960400, 37.97000000000025500, 56.49999999999999300 ) ) ;
#10744 = SURFACE_STYLE_USAGE ( .BOTH. , #5179 ) ;
#10745 = ORIENTED_EDGE ( 'NONE', *, *, #4607, .T. ) ;
#10746 = ORIENTED_EDGE ( 'NONE', *, *, #8531, .T. ) ;
#10747 = LINE ( 'NONE', #4917, #5904 ) ;
#10748 = FACE_OUTER_BOUND ( 'NONE', #1727, .T. ) ;
#10749 = DIRECTION ( 'NONE',  ( -0.0000000000000000000, -0.0000000000000000000, -1.000000000000000000 ) ) ;
#10750 = CIRCLE ( 'NONE', #7292, 1.250000000000008000 ) ;
#10751 = AXIS2_PLACEMENT_3D ( 'NONE', #6982, #1417, #3204 ) ;
#10752 = SURFACE_SIDE_STYLE ('',( #3754 ) ) ;
#10753 = CARTESIAN_POINT ( 'NONE',  ( -21.09999999999987400, -37.97000000000006300, 56.49999999999999300 ) ) ;
#10754 =( NAMED_UNIT ( * ) PLANE_ANGLE_UNIT ( ) SI_UNIT ( $, .RADIAN. ) );
#10755 = CARTESIAN_POINT ( 'NONE',  ( 42.74999999999999300, 25.19999999999999600, -58.75000000000000000 ) ) ;
#10756 = ORIENTED_EDGE ( 'NONE', *, *, #2684, .T. ) ;
#10757 = VERTEX_POINT ( 'NONE', #1338 ) ;
#10758 = B_SPLINE_CURVE_WITH_KNOTS ( 'NONE', 3,
 ( #5965, #10621, #6039, #553, #11582, #719 ),
 .UNSPECIFIED., .F., .F.,
 ( 4, 2, 4 ),
 ( 0.01191150001962889200, 0.01241480646923343400, 0.01291811291883797700 ),
 .UNSPECIFIED. ) ;
#10759 = EDGE_LOOP ( 'NONE', ( #726, #5574, #11498, #8620, #8523, #5257, #10429, #1651, #9647, #1812, #10200, #7356 ) ) ;
#10760 = PLANE ( 'NONE',  #2226 ) ;
#10761 = FACE_OUTER_BOUND ( 'NONE', #211, .T. ) ;
#10762 = EDGE_CURVE ( 'NONE', #9768, #781, #3237, .T. ) ;
#10763 = DIRECTION ( 'NONE',  ( 1.000000000000000000, 0.0000000000000000000, 0.0000000000000000000 ) ) ;
#10764 = LINE ( 'NONE', #390, #7897 ) ;
#10765 = SURFACE_SIDE_STYLE ('',( #6049 ) ) ;
#10766 = DIRECTION ( 'NONE',  ( 1.000000000000000000, 0.0000000000000000000, 0.0000000000000000000 ) ) ;
#10767 = ORIENTED_EDGE ( 'NONE', *, *, #6977, .T. ) ;
#10768 = CARTESIAN_POINT ( 'NONE',  ( 38.44000000000001200, -23.09999999999998700, -59.00000000000000000 ) ) ;
#10769 =( NAMED_UNIT ( * ) PLANE_ANGLE_UNIT ( ) SI_UNIT ( $, .RADIAN. ) );
#10770 = ORIENTED_EDGE ( 'NONE', *, *, #1800, .T. ) ;
#10771 = AXIS2_PLACEMENT_3D ( 'NONE', #4550, #8274, #3810 ) ;
#10772 = DIRECTION ( 'NONE',  ( -1.000000000000000000, 0.0000000000000000000, 0.0000000000000000000 ) ) ;
#10773 = VERTEX_POINT ( 'NONE', #8753 ) ;
#10774 = LINE ( 'NONE', #8391, #9625 ) ;
#10775 = LINE ( 'NONE', #3662, #552 ) ;
#10776 = ADVANCED_FACE ( 'NONE', ( #5134 ), #9773, .F. ) ;
#10777 = EDGE_CURVE ( 'NONE', #1858, #11736, #4152, .T. ) ;
#10778 = DIRECTION ( 'NONE',  ( 1.000000000000000000, 0.0000000000000000000, 0.0000000000000000000 ) ) ;
#10779 = EDGE_CURVE ( 'NONE', #8866, #9794, #2030, .T. ) ;
#10780 = DIRECTION ( 'NONE',  ( 0.0000000000000000000, 0.0000000000000000000, 1.000000000000000000 ) ) ;
#10781 = CARTESIAN_POINT ( 'NONE',  ( -9.103553390593294400, 0.0000000000000000000, -58.75000000000000000 ) ) ;
#10782 = EDGE_LOOP ( 'NONE', ( #580, #7324 ) ) ;
#10783 = FACE_OUTER_BOUND ( 'NONE', #6870, .T. ) ;
#10784 = DIRECTION ( 'NONE',  ( 0.0000000000000000000, 0.0000000000000000000, 1.000000000000000000 ) ) ;
#10785 = CARTESIAN_POINT ( 'NONE',  ( 42.74999999999999300, -19.59999999999999400, 55.99999999999999300 ) ) ;
#10786 = STYLED_ITEM ( 'NONE', ( #614 ), #3733 ) ;
#10787 = CARTESIAN_POINT ( 'NONE',  ( 31.20000000000000300, 31.19999999999999600, -48.00000000000000000 ) ) ;
#10788 = EDGE_CURVE ( 'NONE', #2460, #2159, #4730, .T. ) ;
#10789 = ORIENTED_EDGE ( 'NONE', *, *, #10932, .F. ) ;
#10790 = VERTEX_POINT ( 'NONE', #1596 ) ;
#10791 = AXIS2_PLACEMENT_3D ( 'NONE', #2284, #2246, #9399 ) ;
#10792 = ADVANCED_FACE ( 'NONE', ( #5005 ), #9980, .F. ) ;
#10793 = VERTEX_POINT ( 'NONE', #10567 ) ;
#10794 = CARTESIAN_POINT ( 'NONE',  ( 37.96999999999999200, -22.60000000000000100, 56.49999999999999300 ) ) ;
#10795 = STYLED_ITEM ( 'NONE', ( #5775 ), #1109 ) ;
#10796 = FACE_BOUND ( 'NONE', #6466, .T. ) ;
#10797 = CARTESIAN_POINT ( 'NONE',  ( 9.000000000000021300, 0.0000000000000000000, 60.59999999999999400 ) ) ;
#10798 = FACE_OUTER_BOUND ( 'NONE', #6246, .T. ) ;
#10799 = EDGE_CURVE ( 'NONE', #10853, #2080, #8382, .T. ) ;
#10800 = ORIENTED_EDGE ( 'NONE', *, *, #5615, .T. ) ;
#10801 = FACE_BOUND ( 'NONE', #7471, .T. ) ;
#10802 = VERTEX_POINT ( 'NONE', #2452 ) ;
#10803 = UNCERTAINTY_MEASURE_WITH_UNIT (LENGTH_MEASURE( 1.000000000000000100E-005 ), #7124, 'distance_accuracy_value', 'NONE');
#10804 = FILL_AREA_STYLE_COLOUR ( '', #2451 ) ;
#10805 = CARTESIAN_POINT ( 'NONE',  ( 43.00000000000000700, -25.19999999999999200, 48.00000000000000000 ) ) ;
#10806 = AXIS2_PLACEMENT_3D ( 'NONE', #1478, #9517, #11729 ) ;
#10807 = EDGE_CURVE ( 'NONE', #7974, #10667, #9101, .T. ) ;
#10808 = AXIS2_PLACEMENT_3D ( 'NONE', #9447, #5914, #2370 ) ;
#10809 = ORIENTED_EDGE ( 'NONE', *, *, #5168, .F. ) ;
#10810 = VECTOR ( 'NONE', #4441, 1000.000000000000000 ) ;
#10811 = VERTEX_POINT ( 'NONE', #7923 ) ;
#10812 = PRESENTATION_STYLE_ASSIGNMENT (( #1584 ) ) ;
#10813 = ORIENTED_EDGE ( 'NONE', *, *, #11229, .F. ) ;
#10814 = B_SPLINE_CURVE_WITH_KNOTS ( 'NONE', 3,
 ( #1821, #10700, #9947, #8942, #5260, #10861, #9057, #10830 ),
 .UNSPECIFIED., .F., .F.,
 ( 4, 2, 2, 4 ),
 ( 0.01712125363646609800, 0.01758061768880458300, 0.01803998174114306400, 0.01895870984582006000 ),
 .UNSPECIFIED. ) ;
#10815 = DIRECTION ( 'NONE',  ( -1.000000000000000000, 0.0000000000000000000, 0.0000000000000000000 ) ) ;
#10816 = DIRECTION ( 'NONE',  ( -1.000000000000000000, 0.0000000000000000000, 0.0000000000000000000 ) ) ;
#10817 = CARTESIAN_POINT ( 'NONE',  ( 31.20000000000000600, -27.94999999999999200, -58.75000000000000000 ) ) ;
#10818 = MECHANICAL_DESIGN_GEOMETRIC_PRESENTATION_REPRESENTATION (  '', ( #865 ), #3915 ) ;
#10819 = DIRECTION ( 'NONE',  ( -0.0000000000000000000, -0.0000000000000000000, 1.000000000000000000 ) ) ;
#10820 = EDGE_CURVE ( 'NONE', #2387, #3199, #6835, .T. ) ;
#10821 = ORIENTED_EDGE ( 'NONE', *, *, #9454, .F. ) ;
#10822 = FACE_OUTER_BOUND ( 'NONE', #11751, .T. ) ;
#10823 = ORIENTED_EDGE ( 'NONE', *, *, #4391, .F. ) ;
#10824 = CARTESIAN_POINT ( 'NONE',  ( -40.46999999999999200, 23.60000000000000100, 56.49999999999999300 ) ) ;
#10825 = DIRECTION ( 'NONE',  ( 0.0000000000000000000, 0.0000000000000000000, -1.000000000000000000 ) ) ;
#10826 = ORIENTED_EDGE ( 'NONE', *, *, #8838, .T. ) ;
#10827 = DIRECTION ( 'NONE',  ( -1.000000000000000000, -0.0000000000000000000, -0.0000000000000000000 ) ) ;
#10828 = CARTESIAN_POINT ( 'NONE',  ( 38.43999999999999800, -20.09999999999999100, 56.24999999999999300 ) ) ;
#10829 = AXIS2_PLACEMENT_3D ( 'NONE', #5334, #11707, #8058 ) ;
#10830 = CARTESIAN_POINT ( 'NONE',  ( 36.46999999999999900, -22.60000000000000500, 56.75896736903246900 ) ) ;
#10831 = ORIENTED_EDGE ( 'NONE', *, *, #2910, .F. ) ;
#10832 = CIRCLE ( 'NONE', #9482, 0.2500000000000002200 ) ;
#10833 = DIRECTION ( 'NONE',  ( -0.0000000000000000000, -0.0000000000000000000, 1.000000000000000000 ) ) ;
#10834 = VECTOR ( 'NONE', #560, 1000.000000000000000 ) ;
#10835 = EDGE_CURVE ( 'NONE', #10995, #8005, #11539, .T. ) ;
#10836 = FACE_OUTER_BOUND ( 'NONE', #8948, .T. ) ;
#10837 = CARTESIAN_POINT ( 'NONE',  ( 23.89379525704641000, 37.97000000000024000, 57.69400999138253600 ) ) ;
#10838 = CARTESIAN_POINT ( 'NONE',  ( 0.0000000000000000000, 0.0000000000000000000, 59.25000000000000000 ) ) ;
#10839 = DIRECTION ( 'NONE',  ( -0.0000000000000000000, -0.0000000000000000000, 1.000000000000000000 ) ) ;
#10840 = CARTESIAN_POINT ( 'NONE',  ( -34.79999999999999700, 34.79999999999999000, 38.80761184457487200 ) ) ;
#10841 = CARTESIAN_POINT ( 'NONE',  ( 40.00000000000002100, -42.74999999999998600, -58.75000000000000000 ) ) ;
#10842 = AXIS2_PLACEMENT_3D ( 'NONE', #11177, #3017, #3976 ) ;
#10843 = VERTEX_POINT ( 'NONE', #7056 ) ;
#10844 = ORIENTED_EDGE ( 'NONE', *, *, #8944, .F. ) ;
#10845 = DIRECTION ( 'NONE',  ( 0.0000000000000000000, 0.0000000000000000000, 1.000000000000000000 ) ) ;
#10846 = EDGE_CURVE ( 'NONE', #4050, #3822, #9603, .T. ) ;
#10847 = ORIENTED_EDGE ( 'NONE', *, *, #1744, .T. ) ;
#10848 = ADVANCED_FACE ( 'NONE', ( #8109 ), #7526, .F. ) ;
#10849 =( LENGTH_UNIT ( ) NAMED_UNIT ( * ) SI_UNIT ( .MILLI., .METRE. ) );
#10850 = DIRECTION ( 'NONE',  ( -0.0000000000000000000, -0.0000000000000000000, 1.000000000000000000 ) ) ;
#10851 = DIRECTION ( 'NONE',  ( 0.0000000000000000000, 0.0000000000000000000, -1.000000000000000000 ) ) ;
#10852 =( NAMED_UNIT ( * ) SI_UNIT ( $, .STERADIAN. ) SOLID_ANGLE_UNIT ( ) );
#10853 = VERTEX_POINT ( 'NONE', #4437 ) ;
#10854 = ORIENTED_EDGE ( 'NONE', *, *, #85, .T. ) ;
#10855 = CYLINDRICAL_SURFACE ( 'NONE', #11040, 0.2500000000000002200 ) ;
#10856 = CYLINDRICAL_SURFACE ( 'NONE', #2732, 8.000000000000000000 ) ;
#10857 =( GEOMETRIC_REPRESENTATION_CONTEXT ( 3 ) GLOBAL_UNCERTAINTY_ASSIGNED_CONTEXT ( ( #4402 ) ) GLOBAL_UNIT_ASSIGNED_CONTEXT ( ( #6038, #3543, #2463 ) ) REPRESENTATION_CONTEXT ( 'NONE', 'WORKASPACE' ) );
#10858 = SURFACE_STYLE_USAGE ( .BOTH. , #2751 ) ;
#10859 = DIRECTION ( 'NONE',  ( 0.0000000000000000000, -0.0000000000000000000, -1.000000000000000000 ) ) ;
#10860 = ORIENTED_EDGE ( 'NONE', *, *, #7335, .T. ) ;
#10861 = CARTESIAN_POINT ( 'NONE',  ( 36.88406637999268200, -22.60000000000000500, 57.21087685217725000 ) ) ;
#10862 = ORIENTED_EDGE ( 'NONE', *, *, #11271, .F. ) ;
#10863 = FACE_OUTER_BOUND ( 'NONE', #8133, .T. ) ;
#10864 = AXIS2_PLACEMENT_3D ( 'NONE', #6467, #3776, #2787 ) ;
#10865 = CIRCLE ( 'NONE', #7924, 2.999999999999999100 ) ;
#10866 = EDGE_CURVE ( 'NONE', #8841, #8731, #5707, .T. ) ;
#10867 = STYLED_ITEM ( 'NONE', ( #8651 ), #3969 ) ;
#10868 = CARTESIAN_POINT ( 'NONE',  ( 37.96999999999998500, -21.29300581994700900, 57.00187174722588400 ) ) ;
#10869 = CARTESIAN_POINT ( 'NONE',  ( -38.43999999999999800, 23.09999999999999100, 56.24999999999999300 ) ) ;
#10870 = AXIS2_PLACEMENT_3D ( 'NONE', #675, #1500, #587 ) ;
#10871 = CARTESIAN_POINT ( 'NONE',  ( -1.184017610587345300E-014, 43.00000000000000000, -53.50000000000000000 ) ) ;
#10872 = CARTESIAN_POINT ( 'NONE',  ( -27.94999999999998900, 25.19999999999999600, -58.75000000000000000 ) ) ;
#10873 = ORIENTED_EDGE ( 'NONE', *, *, #8656, .T. ) ;
#10874 = ORIENTED_EDGE ( 'NONE', *, *, #7875, .F. ) ;
#10875 = COLOUR_RGB ( '',0.8941176470588234600, 0.9137254901960784000, 0.9294117647058823800 ) ;
#10876 = CARTESIAN_POINT ( 'NONE',  ( -22.02733729748919000, -37.97000000000005600, 57.56948464461343200 ) ) ;
#10877 = FACE_OUTER_BOUND ( 'NONE', #8677, .T. ) ;
#10878 = CARTESIAN_POINT ( 'NONE',  ( -22.59999999999987400, -36.47000000000007000, 56.49999999999999300 ) ) ;
#10879 = AXIS2_PLACEMENT_3D ( 'NONE', #9965, #5357, #815 ) ;
#10880 = CARTESIAN_POINT ( 'NONE',  ( -28.19999999999998200, -28.20000000000000300, 48.00000000000000000 ) ) ;
#10881 = EDGE_CURVE ( 'NONE', #8534, #2736, #3898, .T. ) ;
#10882 = ORIENTED_EDGE ( 'NONE', *, *, #4133, .T. ) ;
#10883 = ORIENTED_EDGE ( 'NONE', *, *, #5471, .F. ) ;
#10884 = VECTOR ( 'NONE', #1273, 1000.000000000000000 ) ;
#10885 = DIRECTION ( 'NONE',  ( 0.0000000000000000000, 0.0000000000000000000, -1.000000000000000000 ) ) ;
#10886 = TOROIDAL_SURFACE ( 'NONE', #3676, 2.750000000000000900, 0.2500000000000000000 ) ;
#10887 = CARTESIAN_POINT ( 'NONE',  ( 23.59999999999962100, 36.47000000000024800, 56.49999999999999300 ) ) ;
#10888 = DIRECTION ( 'NONE',  ( -0.0000000000000000000, 1.000000000000000000, 0.0000000000000000000 ) ) ;
#10889 = DIRECTION ( 'NONE',  ( 1.000000000000000000, 0.0000000000000000000, 0.0000000000000000000 ) ) ;
#10890 = PRESENTATION_LAYER_ASSIGNMENT (  '', '', ( #8412 ) ) ;
#10891 = FILL_AREA_STYLE ('',( #4443 ) ) ;
#10892 = ORIENTED_EDGE ( 'NONE', *, *, #10338, .T. ) ;
#10893 = VERTEX_POINT ( 'NONE', #10887 ) ;
#10894 = VERTEX_POINT ( 'NONE', #5479 ) ;
#10895 = CYLINDRICAL_SURFACE ( 'NONE', #8846, 0.2500000000000002200 ) ;
#10896 = CARTESIAN_POINT ( 'NONE',  ( -25.19999999999998200, -40.00000000000000000, 48.00000000000000000 ) ) ;
#10897 =( LENGTH_UNIT ( ) NAMED_UNIT ( * ) SI_UNIT ( .MILLI., .METRE. ) );
#10898 = ORIENTED_EDGE ( 'NONE', *, *, #7233, .F. ) ;
#10899 = CARTESIAN_POINT ( 'NONE',  ( -23.09999999999997700, -38.44000000000001200, -48.00000000000000000 ) ) ;
#10900 = CIRCLE ( 'NONE', #6631, 0.2500000000000002200 ) ;
#10901 = EDGE_CURVE ( 'NONE', #5921, #11050, #8812, .T. ) ;
#10902 = ORIENTED_EDGE ( 'NONE', *, *, #5636, .F. ) ;
#10903 = CARTESIAN_POINT ( 'NONE',  ( 31.20000000000000300, 28.19999999999999600, 48.00000000000000000 ) ) ;
#10904 = CARTESIAN_POINT ( 'NONE',  ( -31.19999999999998500, -27.95000000000000600, -59.00000000000000000 ) ) ;
#10905 = ADVANCED_FACE ( 'NONE', ( #10836 ), #4450, .F. ) ;
#10906 = VERTEX_POINT ( 'NONE', #10926 ) ;
#10907 = CARTESIAN_POINT ( 'NONE',  ( 42.74999999999999300, -26.09999999999999400, 56.24999999999999300 ) ) ;
#10908 = EDGE_LOOP ( 'NONE', ( #6085, #2244, #10198, #4258 ) ) ;
#10909 = LINE ( 'NONE', #1878, #1259 ) ;
#10910 = AXIS2_PLACEMENT_3D ( 'NONE', #10101, #4715, #6519 ) ;
#10911 = DIRECTION ( 'NONE',  ( 0.0000000000000000000, 0.0000000000000000000, 1.000000000000000000 ) ) ;
#10912 = CARTESIAN_POINT ( 'NONE',  ( -23.09999999999997700, -38.44000000000001200, 48.25000000000000000 ) ) ;
#10913 = PRESENTATION_STYLE_ASSIGNMENT (( #1335 ) ) ;
#10914 = ORIENTED_EDGE ( 'NONE', *, *, #6635, .F. ) ;
#10915 = SURFACE_STYLE_USAGE ( .BOTH. , #927 ) ;
#10916 = CARTESIAN_POINT ( 'NONE',  ( 39.99999999999999300, 28.19999999999999600, -59.00000000000000000 ) ) ;
#10917 = PLANE ( 'NONE',  #9114 ) ;
#10918 = EDGE_CURVE ( 'NONE', #3526, #8820, #1742, .T. ) ;
#10919 = ORIENTED_EDGE ( 'NONE', *, *, #7215, .T. ) ;
#10920 = VERTEX_POINT ( 'NONE', #8006 ) ;
#10921 = VECTOR ( 'NONE', #9124, 1000.000000000000000 ) ;
#10922 = DIRECTION ( 'NONE',  ( 0.0000000000000000000, 0.0000000000000000000, 1.000000000000000000 ) ) ;
#10923 = COLOUR_RGB ( '',0.8941176470588234600, 0.9137254901960784000, 0.9294117647058823800 ) ;
#10924 = ORIENTED_EDGE ( 'NONE', *, *, #7875, .T. ) ;
#10925 = EDGE_LOOP ( 'NONE', ( #7037, #10560 ) ) ;
#10926 = CARTESIAN_POINT ( 'NONE',  ( 37.96999999999999200, -23.60000000000000100, 56.49999999999999300 ) ) ;
#10927 = CARTESIAN_POINT ( 'NONE',  ( -43.00000000000000000, 43.00000000000000700, 48.25000000000000000 ) ) ;
#10928 = CARTESIAN_POINT ( 'NONE',  ( 2.299999999999998900, 48.99999999999998600, -53.50000000000000000 ) ) ;
#10929 = FILL_AREA_STYLE ('',( #8803 ) ) ;
#10930 = ORIENTED_EDGE ( 'NONE', *, *, #5762, .T. ) ;
#10931 = ADVANCED_FACE ( 'NONE', ( #5694 ), #2020, .T. ) ;
#10932 = EDGE_CURVE ( 'NONE', #6930, #10675, #5561, .T. ) ;
#10933 = EDGE_CURVE ( 'NONE', #1849, #9794, #191, .T. ) ;
#10934 = ORIENTED_EDGE ( 'NONE', *, *, #2954, .F. ) ;
#10935 = CIRCLE ( 'NONE', #10508, 8.000000000000000000 ) ;
#10936 = ORIENTED_EDGE ( 'NONE', *, *, #10432, .T. ) ;
#10937 = DIRECTION ( 'NONE',  ( -0.0000000000000000000, 0.0000000000000000000, 1.000000000000000000 ) ) ;
#10938 = DIRECTION ( 'NONE',  ( -0.0000000000000000000, -0.0000000000000000000, 1.000000000000000000 ) ) ;
#10939 = DIRECTION ( 'NONE',  ( -0.0000000000000000000, -0.0000000000000000000, -1.000000000000000000 ) ) ;
#10940 = CARTESIAN_POINT ( 'NONE',  ( 21.84999999999999400, 38.44000000000001200, -59.00000000000000000 ) ) ;
#10941 = DIRECTION ( 'NONE',  ( 1.000000000000000000, 0.0000000000000000000, 0.0000000000000000000 ) ) ;
#10942 = EDGE_LOOP ( 'NONE', ( #180, #1824, #9146, #8070 ) ) ;
#10943 = AXIS2_PLACEMENT_3D ( 'NONE', #48, #10950, #2766 ) ;
#10944 = VECTOR ( 'NONE', #2283, 1000.000000000000000 ) ;
#10945 = AXIS2_PLACEMENT_3D ( 'NONE', #10755, #11768, #11731 ) ;
#10946 = FACE_OUTER_BOUND ( 'NONE', #7706, .T. ) ;
#10947 = ORIENTED_EDGE ( 'NONE', *, *, #2759, .F. ) ;
#10948 = CYLINDRICAL_SURFACE ( 'NONE', #2623, 0.2500000000000002200 ) ;
#10949 = ORIENTED_EDGE ( 'NONE', *, *, #3003, .F. ) ;
#10950 = DIRECTION ( 'NONE',  ( -0.0000000000000000000, -0.0000000000000000000, -1.000000000000000000 ) ) ;
#10951 = CARTESIAN_POINT ( 'NONE',  ( -42.74999999999999300, -25.20000000000001000, -59.00000000000000000 ) ) ;
#10952 = STYLED_ITEM ( 'NONE', ( #8577 ), #1709 ) ;
#10953 = ORIENTED_EDGE ( 'NONE', *, *, #1615, .F. ) ;
#10954 = DIRECTION ( 'NONE',  ( -0.0000000000000000000, -0.0000000000000000000, 1.000000000000000000 ) ) ;
#10955 = EDGE_CURVE ( 'NONE', #4966, #2002, #10102, .T. ) ;
#10956 = LINE ( 'NONE', #5245, #8226 ) ;
#10957 = VERTEX_POINT ( 'NONE', #7427 ) ;
#10958 = ORIENTED_EDGE ( 'NONE', *, *, #11601, .F. ) ;
#10959 = DIRECTION ( 'NONE',  ( 0.0000000000000000000, -1.000000000000000000, 0.0000000000000000000 ) ) ;
#10960 = LINE ( 'NONE', #1799, #8508 ) ;
#10961 =( GEOMETRIC_REPRESENTATION_CONTEXT ( 3 ) GLOBAL_UNCERTAINTY_ASSIGNED_CONTEXT ( ( #2367 ) ) GLOBAL_UNIT_ASSIGNED_CONTEXT ( ( #6722, #6597, #2983 ) ) REPRESENTATION_CONTEXT ( 'NONE', 'WORKASPACE' ) );
#10962 = AXIS2_PLACEMENT_3D ( 'NONE', #9963, #6221, #11732 ) ;
#10963 = DIRECTION ( 'NONE',  ( -1.000000000000000000, 0.0000000000000000000, -0.0000000000000000000 ) ) ;
#10964 = CARTESIAN_POINT ( 'NONE',  ( 38.44000000000001200, -23.09999999999998700, 55.74999999999999300 ) ) ;
#10965 = CARTESIAN_POINT ( 'NONE',  ( -27.94999999999998900, 25.19999999999999600, -58.75000000000000000 ) ) ;
#10966 = ADVANCED_FACE ( 'NONE', ( #2312 ), #7660, .T. ) ;
#10967 = DIRECTION ( 'NONE',  ( -1.000000000000000000, 0.0000000000000000000, 0.0000000000000000000 ) ) ;
#10968 = CARTESIAN_POINT ( 'NONE',  ( -24.34999999999998000, -38.44000000000001200, 48.00000000000000000 ) ) ;
#10969 = ORIENTED_EDGE ( 'NONE', *, *, #7689, .T. ) ;
#10970 = LINE ( 'NONE', #77, #1587 ) ;
#10971 = LINE ( 'NONE', #1365, #8969 ) ;
#10972 = AXIS2_PLACEMENT_3D ( 'NONE', #8231, #5555, #8349 ) ;
#10973 = PLANE ( 'NONE',  #1062 ) ;
#10974 = CYLINDRICAL_SURFACE ( 'NONE', #7337, 3.250000000000002700 ) ;
#10975 = EDGE_CURVE ( 'NONE', #9140, #8874, #4027, .T. ) ;
#10976 =( NAMED_UNIT ( * ) PLANE_ANGLE_UNIT ( ) SI_UNIT ( $, .RADIAN. ) );
#10977 = VECTOR ( 'NONE', #3826, 1000.000000000000000 ) ;
#10978 = ORIENTED_EDGE ( 'NONE', *, *, #632, .T. ) ;
#10979 = COLOUR_RGB ( '',0.8941176470588234600, 0.9137254901960784000, 0.9294117647058823800 ) ;
#10980 = AXIS2_PLACEMENT_3D ( 'NONE', #1762, #7961, #1683 ) ;
#10981 = DIRECTION ( 'NONE',  ( 1.000000000000000000, -2.775557561562879400E-014, 0.0000000000000000000 ) ) ;
#10982 = DIRECTION ( 'NONE',  ( -1.000000000000000000, 1.521687259628777600E-015, -0.0000000000000000000 ) ) ;
#10983 = PLANE ( 'NONE',  #11294 ) ;
#10984 = EDGE_CURVE ( 'NONE', #5757, #978, #757, .T. ) ;
#10985 = EDGE_LOOP ( 'NONE', ( #3360, #6533, #7685, #11640 ) ) ;
#10986 = ORIENTED_EDGE ( 'NONE', *, *, #9268, .T. ) ;
#10987 = VECTOR ( 'NONE', #9760, 1000.000000000000000 ) ;
#10988 = CARTESIAN_POINT ( 'NONE',  ( 38.96999999999999900, -21.51406637999268400, 57.21087685217726500 ) ) ;
#10989 = CIRCLE ( 'NONE', #2074, 0.2500000000000002200 ) ;
#10990 = DIRECTION ( 'NONE',  ( -1.000000000000000000, -0.0000000000000000000, -0.0000000000000000000 ) ) ;
#10991 = DIRECTION ( 'NONE',  ( 0.0000000000000000000, -1.108712219367988300E-016, 1.000000000000000000 ) ) ;
#10992 = CARTESIAN_POINT ( 'NONE',  ( 43.00000000000000000, 43.00000000000000700, 59.00000000000000000 ) ) ;
#10993 = STYLED_ITEM ( 'NONE', ( #802 ), #7541 ) ;
#10994 = ORIENTED_EDGE ( 'NONE', *, *, #7876, .T. ) ;
#10995 = VERTEX_POINT ( 'NONE', #2961 ) ;
#10996 = SPHERICAL_SURFACE ( 'NONE', #9325, 0.2500000000000000000 ) ;
#10997 =( NAMED_UNIT ( * ) PLANE_ANGLE_UNIT ( ) SI_UNIT ( $, .RADIAN. ) );
#10998 = PRESENTATION_STYLE_ASSIGNMENT (( #1963 ) ) ;
#10999 = EDGE_CURVE ( 'NONE', #5912, #4539, #11388, .T. ) ;
#11000 = FACE_OUTER_BOUND ( 'NONE', #5326, .T. ) ;
#11001 = EDGE_CURVE ( 'NONE', #3837, #37, #6268, .T. ) ;
#11002 = DIRECTION ( 'NONE',  ( -3.491481338843133400E-015, 1.000000000000000000, 0.0000000000000000000 ) ) ;
#11003 = CARTESIAN_POINT ( 'NONE',  ( -37.96999999999999200, 23.60000000000000100, 56.49999999999999300 ) ) ;
#11004 = DIRECTION ( 'NONE',  ( -7.608436298143899900E-016, -1.000000000000000000, -0.0000000000000000000 ) ) ;
#11005 = DIRECTION ( 'NONE',  ( -1.000000000000000000, 0.0000000000000000000, 0.0000000000000000000 ) ) ;
#11006 = DIRECTION ( 'NONE',  ( 1.000000000000000000, 0.0000000000000000000, 0.0000000000000000000 ) ) ;
#11007 = ORIENTED_EDGE ( 'NONE', *, *, #9949, .T. ) ;
#11008 = ORIENTED_EDGE ( 'NONE', *, *, #4183, .T. ) ;
#11009 = LINE ( 'NONE', #8176, #6449 ) ;
#11010 = AXIS2_PLACEMENT_3D ( 'NONE', #2714, #11624, #3501 ) ;
#11011 = AXIS2_PLACEMENT_3D ( 'NONE', #4586, #5484, #866 ) ;
#11012 = CARTESIAN_POINT ( 'NONE',  ( -38.96999999999999200, 21.10000000000000500, 56.49999999999999300 ) ) ;
#11013 = UNCERTAINTY_MEASURE_WITH_UNIT (LENGTH_MEASURE( 1.000000000000000100E-005 ), #10897, 'distance_accuracy_value', 'NONE');
#11014 = DIRECTION ( 'NONE',  ( -1.000000000000000000, 0.0000000000000000000, -0.0000000000000000000 ) ) ;
#11015 = CIRCLE ( 'NONE', #10296, 1.250000000000008000 ) ;
#11016 = EDGE_LOOP ( 'NONE', ( #9964, #115, #6060, #1739 ) ) ;
#11017 = CARTESIAN_POINT ( 'NONE',  ( 36.46999999999999900, -23.60000000000000100, 56.75896736903249700 ) ) ;
#11018 = CARTESIAN_POINT ( 'NONE',  ( 38.43999999999999800, -23.09999999999998700, 55.99999999999999300 ) ) ;
#11019 = CARTESIAN_POINT ( 'NONE',  ( -8.000000000000000000, 9.797174393178825700E-016, -58.99999999999999300 ) ) ;
#11020 = SURFACE_STYLE_USAGE ( .BOTH. , #5492 ) ;
#11021 = AXIS2_PLACEMENT_3D ( 'NONE', #6616, #1205, #5866 ) ;
#11022 = ORIENTED_EDGE ( 'NONE', *, *, #3751, .T. ) ;
#11023 = FACE_OUTER_BOUND ( 'NONE', #1956, .T. ) ;
#11024 = EDGE_CURVE ( 'NONE', #11050, #2153, #10531, .T. ) ;
#11025 = ADVANCED_FACE ( 'NONE', ( #1172 ), #5588, .F. ) ;
#11026 = CARTESIAN_POINT ( 'NONE',  ( 38.44000000000001200, -23.09999999999998700, 48.25000000000000000 ) ) ;
#11027 = CIRCLE ( 'NONE', #4387, 2.999999999999999100 ) ;
#11028 = DIRECTION ( 'NONE',  ( 0.0000000000000000000, -1.000000000000000000, 0.0000000000000000000 ) ) ;
#11029 = DIRECTION ( 'NONE',  ( -1.000000000000000000, 0.0000000000000000000, 0.0000000000000000000 ) ) ;
#11030 = DIRECTION ( 'NONE',  ( 0.0000000000000000000, 0.0000000000000000000, -1.000000000000000000 ) ) ;
#11031 = EDGE_CURVE ( 'NONE', #2444, #9433, #5277, .T. ) ;
#11032 = AXIS2_PLACEMENT_3D ( 'NONE', #6615, #1284, #7587 ) ;
#11033 = CARTESIAN_POINT ( 'NONE',  ( -39.99999999999998600, -25.20000000000001000, -59.00000000000000000 ) ) ;
#11034 = CARTESIAN_POINT ( 'NONE',  ( -38.43999999999999800, 20.09999999999999400, 56.24999999999999300 ) ) ;
#11035 = CARTESIAN_POINT ( 'NONE',  ( 34.79999999999999000, 34.79999999999999700, 38.80761184457487200 ) ) ;
#11036 = ORIENTED_EDGE ( 'NONE', *, *, #649, .T. ) ;
#11037 = TOROIDAL_SURFACE ( 'NONE', #753, 2.250000000000000400, 0.2500000000000000000 ) ;
#11038 = DIRECTION ( 'NONE',  ( -1.000000000000000000, 0.0000000000000000000, -0.0000000000000000000 ) ) ;
#11039 = FACE_OUTER_BOUND ( 'NONE', #1996, .T. ) ;
#11040 = AXIS2_PLACEMENT_3D ( 'NONE', #8418, #6573, #6737 ) ;
#11041 = ADVANCED_FACE ( 'NONE', ( #11690 ), #5670, .F. ) ;
#11042 = EDGE_LOOP ( 'NONE', ( #2817, #9475, #10262, #7693 ) ) ;
#11043 = DIRECTION ( 'NONE',  ( 0.0000000000000000000, -0.0000000000000000000, -1.000000000000000000 ) ) ;
#11044 = EDGE_CURVE ( 'NONE', #6165, #6151, #4998, .T. ) ;
#11045 = CARTESIAN_POINT ( 'NONE',  ( -42.99999999999999300, 19.84999999999999800, 58.75000000000000000 ) ) ;
#11046 = DIRECTION ( 'NONE',  ( -0.0000000000000000000, -0.0000000000000000000, 1.000000000000000000 ) ) ;
#11047 = DIRECTION ( 'NONE',  ( 0.0000000000000000000, 0.0000000000000000000, 1.000000000000000000 ) ) ;
#11048 = CARTESIAN_POINT ( 'NONE',  ( -19.59999999999998700, -42.99999999999999300, 58.75000000000000000 ) ) ;
#11049 = ORIENTED_EDGE ( 'NONE', *, *, #8857, .T. ) ;
#11050 = VERTEX_POINT ( 'NONE', #7281 ) ;
#11051 = ORIENTED_EDGE ( 'NONE', *, *, #689, .T. ) ;
#11052 = PRESENTATION_LAYER_ASSIGNMENT (  '', '', ( #10049 ) ) ;
#11053 = FACE_OUTER_BOUND ( 'NONE', #3104, .T. ) ;
#11054 = ORIENTED_EDGE ( 'NONE', *, *, #2971, .F. ) ;
#11055 = LINE ( 'NONE', #11329, #5505 ) ;
#11056 = DIRECTION ( 'NONE',  ( 0.0000000000000000000, 0.0000000000000000000, 1.000000000000000000 ) ) ;
#11057 = ORIENTED_EDGE ( 'NONE', *, *, #7248, .F. ) ;
#11058 = EDGE_CURVE ( 'NONE', #2129, #4050, #8655, .T. ) ;
#11059 = CARTESIAN_POINT ( 'NONE',  ( -26.34999999999998400, -38.44000000000000500, 56.24999999999999300 ) ) ;
#11060 = FACE_OUTER_BOUND ( 'NONE', #3117, .T. ) ;
#11061 = VERTEX_POINT ( 'NONE', #263 ) ;
#11062 = ORIENTED_EDGE ( 'NONE', *, *, #6465, .T. ) ;
#11063 = AXIS2_PLACEMENT_3D ( 'NONE', #998, #7297, #1939 ) ;
#11064 = CARTESIAN_POINT ( 'NONE',  ( -37.96999999999999200, 25.10000000000000500, 56.75896736903245500 ) ) ;
#11065 = CARTESIAN_POINT ( 'NONE',  ( 38.96999999999998500, -21.89645295415388300, 57.47839634320756400 ) ) ;
#11066 = ORIENTED_EDGE ( 'NONE', *, *, #5402, .T. ) ;
#11067 = VECTOR ( 'NONE', #6509, 1000.000000000000000 ) ;
#11068 = CIRCLE ( 'NONE', #5339, 2.999999999999999100 ) ;
#11069 = DIRECTION ( 'NONE',  ( 3.491481338843133400E-015, -1.000000000000000000, -0.0000000000000000000 ) ) ;
#11070 = ORIENTED_EDGE ( 'NONE', *, *, #4429, .F. ) ;
#11071 = ORIENTED_EDGE ( 'NONE', *, *, #3910, .T. ) ;
#11072 = DIRECTION ( 'NONE',  ( 1.000000000000000000, 5.804445973478831400E-015, 0.0000000000000000000 ) ) ;
#11073 = EDGE_CURVE ( 'NONE', #956, #6930, #3889, .T. ) ;
#11074 = ORIENTED_EDGE ( 'NONE', *, *, #8944, .T. ) ;
#11075 = DIRECTION ( 'NONE',  ( -0.0000000000000000000, -0.0000000000000000000, 1.000000000000000000 ) ) ;
#11076 = FACE_OUTER_BOUND ( 'NONE', #2450, .T. ) ;
#11077 = ORIENTED_EDGE ( 'NONE', *, *, #2289, .F. ) ;
#11078 = ADVANCED_FACE ( 'NONE', ( #1590 ), #3169, .T. ) ;
#11079 = VECTOR ( 'NONE', #9667, 1000.000000000000000 ) ;
#11080 = DIRECTION ( 'NONE',  ( 1.000000000000000000, 0.0000000000000000000, 0.0000000000000000000 ) ) ;
#11081 = ORIENTED_EDGE ( 'NONE', *, *, #6249, .T. ) ;
#11082 = CARTESIAN_POINT ( 'NONE',  ( -31.19999999999998500, -28.20000000000000600, -58.75000000000000000 ) ) ;
#11083 = AXIS2_PLACEMENT_3D ( 'NONE', #9540, #11458, #4132 ) ;
#11084 = CARTESIAN_POINT ( 'NONE',  ( 42.74999999999999300, -19.84999999999999800, 55.99999999999999300 ) ) ;
#11085 = DIRECTION ( 'NONE',  ( 0.0000000000000000000, 0.0000000000000000000, 1.000000000000000000 ) ) ;
#11086 = CARTESIAN_POINT ( 'NONE',  ( -40.27820812999048900, 23.60000000000000500, 57.00034395000823700 ) ) ;
#11087 = EDGE_LOOP ( 'NONE', ( #8958, #5806 ) ) ;
#11088 = AXIS2_PLACEMENT_3D ( 'NONE', #1886, #8281, #2894 ) ;
#11089 = LINE ( 'NONE', #2660, #2298 ) ;
#11090 = VERTEX_POINT ( 'NONE', #303 ) ;
#11091 = CARTESIAN_POINT ( 'NONE',  ( 24.34999999999999800, 38.44000000000001200, -48.00000000000000000 ) ) ;
#11092 = CARTESIAN_POINT ( 'NONE',  ( 38.43999999999999800, -23.09999999999998700, 56.24999999999999300 ) ) ;
#11093 = VECTOR ( 'NONE', #9028, 1000.000000000000000 ) ;
#11094 = ORIENTED_EDGE ( 'NONE', *, *, #5974, .T. ) ;
#11095 = LINE ( 'NONE', #3641, #5836 ) ;
#11096 = CARTESIAN_POINT ( 'NONE',  ( 38.46999999999999200, -22.54133580821671900, 54.73916976027089700 ) ) ;
#11097 =( NAMED_UNIT ( * ) PLANE_ANGLE_UNIT ( ) SI_UNIT ( $, .RADIAN. ) );
#11098 = ADVANCED_FACE ( 'NONE', ( #1037 ), #10974, .F. ) ;
#11099 = DIRECTION ( 'NONE',  ( 0.0000000000000000000, 0.0000000000000000000, 1.000000000000000000 ) ) ;
#11100 = AXIS2_PLACEMENT_3D ( 'NONE', #8882, #9734, #4232 ) ;
#11101 = EDGE_CURVE ( 'NONE', #4848, #6492, #9966, .T. ) ;
#11102 = AXIS2_PLACEMENT_3D ( 'NONE', #9627, #9664, #6960 ) ;
#11103 = ORIENTED_EDGE ( 'NONE', *, *, #11614, .T. ) ;
#11104 = LINE ( 'NONE', #1300, #3015 ) ;
#11105 = ORIENTED_EDGE ( 'NONE', *, *, #4904, .F. ) ;
#11106 = ORIENTED_EDGE ( 'NONE', *, *, #9441, .T. ) ;
#11107 = PRESENTATION_LAYER_ASSIGNMENT (  '', '', ( #1693 ) ) ;
#11108 = CARTESIAN_POINT ( 'NONE',  ( 20.09999999999998400, 38.43999999999999800, 55.99999999999999300 ) ) ;
#11109 = EDGE_CURVE ( 'NONE', #367, #2129, #8242, .T. ) ;
#11110 = LINE ( 'NONE', #5455, #3894 ) ;
#11111 = ORIENTED_EDGE ( 'NONE', *, *, #10529, .T. ) ;
#11112 = CIRCLE ( 'NONE', #5391, 1.500000000000001300 ) ;
#11113 = AXIS2_PLACEMENT_3D ( 'NONE', #3060, #8446, #3947 ) ;
#11114 = CIRCLE ( 'NONE', #2432, 7.000000000000000000 ) ;
#11115 = SURFACE_STYLE_FILL_AREA ( #6984 ) ;
#11116 = MECHANICAL_DESIGN_GEOMETRIC_PRESENTATION_REPRESENTATION (  '', ( #5020 ), #4049 ) ;
#11117 = CARTESIAN_POINT ( 'NONE',  ( -2.500000000000002700, 49.00000000000000000, -53.50000000000000000 ) ) ;
#11118 = CARTESIAN_POINT ( 'NONE',  ( 39.69000000000001900, -23.09999999999998700, -48.00000000000000000 ) ) ;
#11119 = DIRECTION ( 'NONE',  ( -0.0000000000000000000, -0.0000000000000000000, -1.000000000000000000 ) ) ;
#11120 = DIRECTION ( 'NONE',  ( 8.501585775512797600E-017, -1.000000000000000000, 0.0000000000000000000 ) ) ;
#11121 = CARTESIAN_POINT ( 'NONE',  ( -37.96999999999999200, 25.10000000000000500, 56.49999999999999300 ) ) ;
#11122 = EDGE_LOOP ( 'NONE', ( #5037, #11276, #3803, #9059 ) ) ;
#11123 = ORIENTED_EDGE ( 'NONE', *, *, #1302, .T. ) ;
#11124 = B_SPLINE_CURVE_WITH_KNOTS ( 'NONE', 3,
 ( #4584, #6277, #8205, #7282, #2814, #864 ),
 .UNSPECIFIED., .F., .F.,
 ( 4, 2, 4 ),
 ( 6.938893903907228400E-018, 0.0002528233410046206500, 0.0005056466820092343600 ),
 .UNSPECIFIED. ) ;
#11125 = EDGE_CURVE ( 'NONE', #6495, #3813, #7370, .T. ) ;
#11126 = CIRCLE ( 'NONE', #4474, 2.999999999999999100 ) ;
#11127 = DIRECTION ( 'NONE',  ( -0.0000000000000000000, 1.000000000000000000, -0.0000000000000000000 ) ) ;
#11128 = ORIENTED_EDGE ( 'NONE', *, *, #3353, .F. ) ;
#11129 = CARTESIAN_POINT ( 'NONE',  ( -40.49999999999999300, 43.00000000000000700, 59.00000000000000000 ) ) ;
#11130 = DIRECTION ( 'NONE',  ( -0.0000000000000000000, -0.0000000000000000000, 1.000000000000000000 ) ) ;
#11131 = DIRECTION ( 'NONE',  ( -1.000000000000000000, -0.0000000000000000000, -0.0000000000000000000 ) ) ;
#11132 = STYLED_ITEM ( 'NONE', ( #9617 ), #6373 ) ;
#11133 = ORIENTED_EDGE ( 'NONE', *, *, #6141, .F. ) ;
#11134 = DIRECTION ( 'NONE',  ( 1.000000000000000000, -1.521687259628777600E-015, -0.0000000000000000000 ) ) ;
#11135 = ORIENTED_EDGE ( 'NONE', *, *, #278, .T. ) ;
#11136 = CIRCLE ( 'NONE', #2281, 0.2500000000000002200 ) ;
#11137 = CYLINDRICAL_SURFACE ( 'NONE', #2026, 3.000000000000002700 ) ;
#11138 = ADVANCED_FACE ( 'NONE', ( #4159 ), #5829, .F. ) ;
#11139 = EDGE_CURVE ( 'NONE', #2129, #7757, #10245, .T. ) ;
#11140 = SURFACE_STYLE_USAGE ( .BOTH. , #8403 ) ;
#11141 = DIRECTION ( 'NONE',  ( 2.753529326947313900E-016, -1.000000000000000000, 0.0000000000000000000 ) ) ;
#11142 = CARTESIAN_POINT ( 'NONE',  ( 37.96999999999999200, -25.10000000000000500, 56.49999999999999300 ) ) ;
#11143 = ORIENTED_EDGE ( 'NONE', *, *, #10029, .T. ) ;
#11144 = ORIENTED_EDGE ( 'NONE', *, *, #1121, .T. ) ;
#11145 = VECTOR ( 'NONE', #355, 1000.000000000000000 ) ;
#11146 = CIRCLE ( 'NONE', #10649, 0.2500000000000002200 ) ;
#11147 = CYLINDRICAL_SURFACE ( 'NONE', #10388, 0.2500000000000002200 ) ;
#11148 = AXIS2_PLACEMENT_3D ( 'NONE', #4102, #5033, #1326 ) ;
#11149 = ADVANCED_FACE ( 'NONE', ( #593 ), #5420, .T. ) ;
#11150 = CARTESIAN_POINT ( 'NONE',  ( 28.20000000000000300, -28.19999999999999200, 48.00000000000000000 ) ) ;
#11151 = EDGE_CURVE ( 'NONE', #328, #9175, #3755, .T. ) ;
#11152 = VERTEX_POINT ( 'NONE', #3315 ) ;
#11153 = ORIENTED_EDGE ( 'NONE', *, *, #4359, .T. ) ;
#11154 = VECTOR ( 'NONE', #10939, 1000.000000000000000 ) ;
#11155 = FILL_AREA_STYLE_COLOUR ( '', #6834 ) ;
#11156 = EDGE_CURVE ( 'NONE', #415, #1961, #6117, .T. ) ;
#11157 = DIRECTION ( 'NONE',  ( 1.000000000000000000, 0.0000000000000000000, 0.0000000000000000000 ) ) ;
#11158 = DIRECTION ( 'NONE',  ( -0.0000000000000000000, -0.0000000000000000000, 1.000000000000000000 ) ) ;
#11159 = DIRECTION ( 'NONE',  ( -1.000000000000000000, 0.0000000000000000000, 0.0000000000000000000 ) ) ;
#11160 = CARTESIAN_POINT ( 'NONE',  ( -38.43999999999999800, 23.09999999999999100, 48.00000000000000000 ) ) ;
#11161 = UNCERTAINTY_MEASURE_WITH_UNIT (LENGTH_MEASURE( 1.000000000000000100E-005 ), #2040, 'distance_accuracy_value', 'NONE');
#11162 = LINE ( 'NONE', #87, #6453 ) ;
#11163 = DIRECTION ( 'NONE',  ( -0.0000000000000000000, -0.0000000000000000000, 1.000000000000000000 ) ) ;
#11164 =( GEOMETRIC_REPRESENTATION_CONTEXT ( 3 ) GLOBAL_UNCERTAINTY_ASSIGNED_CONTEXT ( ( #10803 ) ) GLOBAL_UNIT_ASSIGNED_CONTEXT ( ( #7124, #11634, #6172 ) ) REPRESENTATION_CONTEXT ( 'NONE', 'WORKASPACE' ) );
#11165 = VERTEX_POINT ( 'NONE', #1166 ) ;
#11166 = EDGE_LOOP ( 'NONE', ( #7065, #11474, #1677, #5633 ) ) ;
#11167 = COLOUR_RGB ( '',0.2000000000000000100, 0.2000000000000000100, 0.2000000000000000100 ) ;
#11168 = DIRECTION ( 'NONE',  ( 1.000000000000000000, 0.0000000000000000000, 0.0000000000000000000 ) ) ;
#11169 = FACE_OUTER_BOUND ( 'NONE', #4794, .T. ) ;
#11170 = CARTESIAN_POINT ( 'NONE',  ( -21.09999999999987000, -38.97000000000007000, 56.75896736903246900 ) ) ;
#11171 = EDGE_LOOP ( 'NONE', ( #4561, #10367 ) ) ;
#11172 = CARTESIAN_POINT ( 'NONE',  ( 31.20000000000000600, -28.19999999999999200, -59.00000000000000000 ) ) ;
#11173 = AXIS2_PLACEMENT_3D ( 'NONE', #624, #11577, #1466 ) ;
#11174 = DIRECTION ( 'NONE',  ( -0.0000000000000000000, -1.000000000000000000, -0.0000000000000000000 ) ) ;
#11175 = EDGE_CURVE ( 'NONE', #3813, #8181, #1319, .T. ) ;
#11176 = SURFACE_STYLE_FILL_AREA ( #6300 ) ;
#11177 = CARTESIAN_POINT ( 'NONE',  ( 23.09999999999999400, 38.44000000000001200, 55.99999999999999300 ) ) ;
#11178 = ORIENTED_EDGE ( 'NONE', *, *, #7750, .F. ) ;
#11179 =( NAMED_UNIT ( * ) SI_UNIT ( $, .STERADIAN. ) SOLID_ANGLE_UNIT ( ) );
#11180 = AXIS2_PLACEMENT_3D ( 'NONE', #2022, #8335, #49 ) ;
#11181 = CARTESIAN_POINT ( 'NONE',  ( -37.39930228490727200, 22.59999999999999800, 57.55735127863044200 ) ) ;
#11182 = DIRECTION ( 'NONE',  ( -0.0000000000000000000, -0.0000000000000000000, 1.000000000000000000 ) ) ;
#11183 = EDGE_CURVE ( 'NONE', #6913, #1283, #9245, .T. ) ;
#11184 = AXIS2_PLACEMENT_3D ( 'NONE', #5619, #3834, #9144 ) ;
#11185 = FILL_AREA_STYLE ('',( #10221 ) ) ;
#11186 = CARTESIAN_POINT ( 'NONE',  ( 0.0000000000000000000, 0.0000000000000000000, 59.59999999999996600 ) ) ;
#11187 = CARTESIAN_POINT ( 'NONE',  ( 27.95000000000000300, -31.19999999999999200, -58.75000000000000000 ) ) ;
#11188 = ORIENTED_EDGE ( 'NONE', *, *, #3400, .F. ) ;
#11189 = ORIENTED_EDGE ( 'NONE', *, *, #4835, .T. ) ;
#11190 = AXIS2_PLACEMENT_3D ( 'NONE', #7055, #3479, #5241 ) ;
#11191 = CARTESIAN_POINT ( 'NONE',  ( -38.96999999999999200, 21.10000000000000500, 56.75896736903246900 ) ) ;
#11192 = LINE ( 'NONE', #2162, #5356 ) ;
#11193 = FACE_OUTER_BOUND ( 'NONE', #823, .T. ) ;
#11194 = EDGE_CURVE ( 'NONE', #2302, #900, #3455, .T. ) ;
#11195 = ORIENTED_EDGE ( 'NONE', *, *, #9553, .F. ) ;
#11196 = FILL_AREA_STYLE ('',( #2033 ) ) ;
#11197 = ADVANCED_FACE ( 'NONE', ( #7515 ), #2303, .T. ) ;
#11198 = DIRECTION ( 'NONE',  ( 0.0000000000000000000, 0.0000000000000000000, -1.000000000000000000 ) ) ;
#11199 = DIRECTION ( 'NONE',  ( -0.0000000000000000000, -0.0000000000000000000, 1.000000000000000000 ) ) ;
#11200 = DIRECTION ( 'NONE',  ( 1.000000000000000000, 0.0000000000000000000, -0.0000000000000000000 ) ) ;
#11201 = DIRECTION ( 'NONE',  ( -0.0000000000000000000, 0.0000000000000000000, 1.000000000000000000 ) ) ;
#11202 = ORIENTED_EDGE ( 'NONE', *, *, #3801, .F. ) ;
#11203 = ORIENTED_EDGE ( 'NONE', *, *, #4579, .F. ) ;
#11204 = FACE_OUTER_BOUND ( 'NONE', #6996, .T. ) ;
#11205 =( GEOMETRIC_REPRESENTATION_CONTEXT ( 3 ) GLOBAL_UNCERTAINTY_ASSIGNED_CONTEXT ( ( #6776 ) ) GLOBAL_UNIT_ASSIGNED_CONTEXT ( ( #3777, #10976, #8245 ) ) REPRESENTATION_CONTEXT ( 'NONE', 'WORKASPACE' ) );
#11206 = LINE ( 'NONE', #1498, #7201 ) ;
#11207 = ORIENTED_EDGE ( 'NONE', *, *, #11790, .F. ) ;
#11208 = EDGE_LOOP ( 'NONE', ( #6176, #9419, #11421, #1443 ) ) ;
#11209 = CARTESIAN_POINT ( 'NONE',  ( -36.46999999999999900, 23.43888243939870700, 56.80966034928125900 ) ) ;
#11210 = DIRECTION ( 'NONE',  ( 3.491481338843133400E-015, -1.000000000000000000, -0.0000000000000000000 ) ) ;
#11211 = EDGE_CURVE ( 'NONE', #5921, #6636, #7647, .T. ) ;
#11212 = ADVANCED_FACE ( 'NONE', ( #2879 ), #9382, .T. ) ;
#11213 = CARTESIAN_POINT ( 'NONE',  ( 28.20000000000000300, 28.19999999999999600, 48.00000000000000000 ) ) ;
#11214 = ORIENTED_EDGE ( 'NONE', *, *, #2423, .T. ) ;
#11215 = DIRECTION ( 'NONE',  ( -1.000000000000000000, 0.0000000000000000000, 0.0000000000000000000 ) ) ;
#11216 = VECTOR ( 'NONE', #2767, 1000.000000000000000 ) ;
#11217 = ORIENTED_EDGE ( 'NONE', *, *, #8552, .T. ) ;
#11218 = LINE ( 'NONE', #10545, #4138 ) ;
#11219 = ORIENTED_EDGE ( 'NONE', *, *, #4045, .F. ) ;
#11220 = AXIS2_PLACEMENT_3D ( 'NONE', #6077, #4236, #8845 ) ;
#11221 = DIRECTION ( 'NONE',  ( -0.0000000000000000000, 0.0000000000000000000, 1.000000000000000000 ) ) ;
#11222 = CARTESIAN_POINT ( 'NONE',  ( -37.96999999999999200, 22.60000000000000100, 57.79579263126747400 ) ) ;
#11223 = CARTESIAN_POINT ( 'NONE',  ( 31.20000000000000300, 28.19999999999999600, -59.00000000000000000 ) ) ;
#11224 = ORIENTED_EDGE ( 'NONE', *, *, #1470, .F. ) ;
#11225 = CARTESIAN_POINT ( 'NONE',  ( 23.59999999999957900, 40.47000000000024000, 56.75896736903245500 ) ) ;
#11226 = CARTESIAN_POINT ( 'NONE',  ( 38.96999999999999200, -25.10000000000000500, 56.49999999999999300 ) ) ;
#11227 = SURFACE_SIDE_STYLE ('',( #5110 ) ) ;
#11228 = CYLINDRICAL_SURFACE ( 'NONE', #5246, 1.250000000000001100 ) ;
#11229 = EDGE_CURVE ( 'NONE', #1637, #3014, #9092, .T. ) ;
#11230 = ORIENTED_EDGE ( 'NONE', *, *, #1813, .T. ) ;
#11231 = CARTESIAN_POINT ( 'NONE',  ( -25.19999999999998900, 39.99999999999998600, -48.00000000000000000 ) ) ;
#11232 = VERTEX_POINT ( 'NONE', #1634 ) ;
#11233 = CARTESIAN_POINT ( 'NONE',  ( 5.999999999999999100, 3.605551275463990900, 97.40000000000000600 ) ) ;
#11234 = VERTEX_POINT ( 'NONE', #11555 ) ;
#11235 = ORIENTED_EDGE ( 'NONE', *, *, #5486, .T. ) ;
#11236 = CARTESIAN_POINT ( 'NONE',  ( 24.34999999999999800, 38.44000000000001200, -59.00000000000000000 ) ) ;
#11237 = DIRECTION ( 'NONE',  ( 1.224646799147353200E-016, 1.000000000000000000, 0.0000000000000000000 ) ) ;
#11238 = CONICAL_SURFACE ( 'NONE', #2598, 6.800000000000000700, 0.7853981633974331800 ) ;
#11239 = AXIS2_PLACEMENT_3D ( 'NONE', #5964, #7653, #3456 ) ;
#11240 = EDGE_LOOP ( 'NONE', ( #8681, #7433, #11595, #10127 ) ) ;
#11241 = DIRECTION ( 'NONE',  ( 0.0000000000000000000, -0.0000000000000000000, 1.000000000000000000 ) ) ;
#11242 = DIRECTION ( 'NONE',  ( -1.000000000000000000, 0.0000000000000000000, 0.0000000000000000000 ) ) ;
#11243 = DIRECTION ( 'NONE',  ( 0.0000000000000000000, 0.0000000000000000000, -1.000000000000000000 ) ) ;
#11244 = EDGE_LOOP ( 'NONE', ( #329, #4217, #712, #9476 ) ) ;
#11245 = AXIS2_PLACEMENT_3D ( 'NONE', #8525, #11221, #10465 ) ;
#11246 = DIRECTION ( 'NONE',  ( -1.000000000000000000, 3.016910393003141700E-015, 0.0000000000000000000 ) ) ;
#11247 = CARTESIAN_POINT ( 'NONE',  ( 42.74999999999999300, 40.50000000000000700, 48.00000000000000000 ) ) ;
#11248 = EDGE_CURVE ( 'NONE', #10517, #5212, #9520, .T. ) ;
#11249 = CARTESIAN_POINT ( 'NONE',  ( 28.20000000000001000, -39.99999999999997900, -59.00000000000000000 ) ) ;
#11250 = ORIENTED_EDGE ( 'NONE', *, *, #8168, .T. ) ;
#11251 = VECTOR ( 'NONE', #2824, 1000.000000000000000 ) ;
#11252 = CARTESIAN_POINT ( 'NONE',  ( 22.59999999999959300, 39.26869151345790200, 57.70833027779985300 ) ) ;
#11253 = VECTOR ( 'NONE', #9872, 1000.000000000000000 ) ;
#11254 = DIRECTION ( 'NONE',  ( -0.0000000000000000000, -0.0000000000000000000, 1.000000000000000000 ) ) ;
#11255 = DIRECTION ( 'NONE',  ( -0.0000000000000000000, -0.0000000000000000000, 1.000000000000000000 ) ) ;
#11256 = AXIS2_PLACEMENT_3D ( 'NONE', #11283, #10406, #7512 ) ;
#11257 = EDGE_CURVE ( 'NONE', #4439, #5039, #6104, .T. ) ;
#11258 = AXIS2_PLACEMENT_3D ( 'NONE', #9361, #4892, #6740 ) ;
#11259 = ADVANCED_FACE ( 'NONE', ( #1027 ), #6680, .T. ) ;
#11260 = CARTESIAN_POINT ( 'NONE',  ( 38.46999999999999200, -23.09999999999999800, 55.99999999999999300 ) ) ;
#11261 = TOROIDAL_SURFACE ( 'NONE', #8943, 1.500000000000001300, 0.2500000000000000000 ) ;
#11262 = ORIENTED_EDGE ( 'NONE', *, *, #3353, .T. ) ;
#11263 = FACE_OUTER_BOUND ( 'NONE', #10337, .T. ) ;
#11264 = CARTESIAN_POINT ( 'NONE',  ( -42.99999999999998600, -42.99999999999999300, 48.25000000000000000 ) ) ;
#11265 = CARTESIAN_POINT ( 'NONE',  ( -39.99999999999999300, 25.19999999999999600, -59.00000000000000000 ) ) ;
#11266 = VECTOR ( 'NONE', #2695, 1000.000000000000000 ) ;
#11267 = AXIS2_PLACEMENT_3D ( 'NONE', #5041, #7832, #11525 ) ;
#11268 = FACE_OUTER_BOUND ( 'NONE', #4682, .T. ) ;
#11269 = CARTESIAN_POINT ( 'NONE',  ( -38.43999999999999800, 19.84999999999999400, 56.24999999999999300 ) ) ;
#11270 = CARTESIAN_POINT ( 'NONE',  ( -31.19999999999998900, 28.19999999999999600, -58.75000000000000000 ) ) ;
#11271 = EDGE_CURVE ( 'NONE', #9227, #10893, #10387, .T. ) ;
#11272 = CARTESIAN_POINT ( 'NONE',  ( 26.59999999999999400, 42.75000000000000700, 58.75000000000000000 ) ) ;
#11273 = CARTESIAN_POINT ( 'NONE',  ( 27.95000000000000300, 40.00000000000000000, -58.75000000000000000 ) ) ;
#11274 = ADVANCED_FACE ( 'NONE', ( #8949 ), #10760, .F. ) ;
#11275 = ORIENTED_EDGE ( 'NONE', *, *, #11058, .T. ) ;
#11276 = ORIENTED_EDGE ( 'NONE', *, *, #5451, .T. ) ;
#11277 = LINE ( 'NONE', #3760, #7969 ) ;
#11278 = DIRECTION ( 'NONE',  ( 0.0000000000000000000, 0.0000000000000000000, -1.000000000000000000 ) ) ;
#11279 = CARTESIAN_POINT ( 'NONE',  ( -22.59999999999985600, -40.47000000000009800, 56.49999999999999300 ) ) ;
#11280 = CARTESIAN_POINT ( 'NONE',  ( 38.04982285089077000, -25.10000000000000500, 56.78408231111888000 ) ) ;
#11281 = CIRCLE ( 'NONE', #1426, 0.2500000000000002200 ) ;
#11282 = CARTESIAN_POINT ( 'NONE',  ( 42.74999999999999300, 0.0000000000000000000, 48.00000000000000000 ) ) ;
#11283 = CARTESIAN_POINT ( 'NONE',  ( -40.49999999999997900, -40.49999999999998600, 58.75000000000000000 ) ) ;
#11284 = ORIENTED_EDGE ( 'NONE', *, *, #5698, .T. ) ;
#11285 = CARTESIAN_POINT ( 'NONE',  ( 0.0000000000000000000, 0.0000000000000000000, -59.00000000000000000 ) ) ;
#11286 = B_SPLINE_CURVE_WITH_KNOTS ( 'NONE', 3,
 ( #9840, #10868, #727, #8110, #807, #6127 ),
 .UNSPECIFIED., .F., .F.,
 ( 4, 2, 4 ),
 ( 0.01713536489727014000, 0.01805660470586275400, 0.01897784451445536800 ),
 .UNSPECIFIED. ) ;
#11287 = EDGE_CURVE ( 'NONE', #740, #3266, #9672, .T. ) ;
#11288 = ORIENTED_EDGE ( 'NONE', *, *, #5055, .F. ) ;
#11289 = ORIENTED_EDGE ( 'NONE', *, *, #3884, .F. ) ;
#11290 = FACE_OUTER_BOUND ( 'NONE', #4751, .T. ) ;
#11291 = COLOUR_RGB ( '',0.8941176470588234600, 0.9137254901960784000, 0.9294117647058823800 ) ;
#11292 = CARTESIAN_POINT ( 'NONE',  ( -21.09999999999987000, -38.38420073837021100, 56.83639580559808000 ) ) ;
#11293 = CARTESIAN_POINT ( 'NONE',  ( -25.19999999999998200, -40.00000000000000000, -59.00000000000000000 ) ) ;
#11294 = AXIS2_PLACEMENT_3D ( 'NONE', #1865, #44, #10025 ) ;
#11295 = CARTESIAN_POINT ( 'NONE',  ( 0.0000000000000000000, 0.0000000000000000000, -58.80000000000000400 ) ) ;
#11296 = EDGE_LOOP ( 'NONE', ( #1033, #11462, #4389, #10297 ) ) ;
#11297 = ORIENTED_EDGE ( 'NONE', *, *, #7898, .F. ) ;
#11298 = LINE ( 'NONE', #4785, #9009 ) ;
#11299 = SURFACE_STYLE_FILL_AREA ( #5248 ) ;
#11300 = CIRCLE ( 'NONE', #3789, 0.2500000000000002200 ) ;
#11301 = EDGE_CURVE ( 'NONE', #3014, #6820, #2596, .T. ) ;
#11302 = VERTEX_POINT ( 'NONE', #11687 ) ;
#11303 = DIRECTION ( 'NONE',  ( 1.000000000000000000, 0.0000000000000000000, 0.0000000000000000000 ) ) ;
#11304 = ORIENTED_EDGE ( 'NONE', *, *, #10024, .T. ) ;
#11305 = VERTEX_POINT ( 'NONE', #2562 ) ;
#11306 = FACE_OUTER_BOUND ( 'NONE', #5330, .T. ) ;
#11307 = CARTESIAN_POINT ( 'NONE',  ( 23.09999999999999400, 38.44000000000001200, 48.00000000000000000 ) ) ;
#11308 = VECTOR ( 'NONE', #10982, 1000.000000000000000 ) ;
#11309 =( LENGTH_UNIT ( ) NAMED_UNIT ( * ) SI_UNIT ( .MILLI., .METRE. ) );
#11310 = CARTESIAN_POINT ( 'NONE',  ( 26.34999999999998700, 38.43999999999999800, 55.99999999999999300 ) ) ;
#11311 = SURFACE_STYLE_USAGE ( .BOTH. , #10401 ) ;
#11312 = DIRECTION ( 'NONE',  ( 0.0000000000000000000, -1.000000000000000000, 0.0000000000000000000 ) ) ;
#11313 = AXIS2_PLACEMENT_3D ( 'NONE', #1025, #3744, #11246 ) ;
#11314 = ADVANCED_FACE ( 'NONE', ( #3442 ), #6135, .F. ) ;
#11315 = CARTESIAN_POINT ( 'NONE',  ( -23.59999999999987400, -37.67130848654240100, 57.70833027779985300 ) ) ;
#11316 = DIRECTION ( 'NONE',  ( -1.000000000000000000, 0.0000000000000000000, 0.0000000000000000000 ) ) ;
#11317 = VERTEX_POINT ( 'NONE', #7954 ) ;
#11318 = ORIENTED_EDGE ( 'NONE', *, *, #6586, .F. ) ;
#11319 = CYLINDRICAL_SURFACE ( 'NONE', #3651, 0.2500000000000002200 ) ;
#11320 = FACE_OUTER_BOUND ( 'NONE', #7495, .T. ) ;
#11321 = CARTESIAN_POINT ( 'NONE',  ( -38.80695100255554300, 25.10000000000000100, 56.80370889822907500 ) ) ;
#11322 = STYLED_ITEM ( 'NONE', ( #4300 ), #3860 ) ;
#11323 = AXIS2_PLACEMENT_3D ( 'NONE', #3666, #7256, #9168 ) ;
#11324 = CARTESIAN_POINT ( 'NONE',  ( 39.69000000000001900, -23.09999999999998700, 48.25000000000000000 ) ) ;
#11325 = EDGE_LOOP ( 'NONE', ( #2243, #2202, #1069, #10575 ) ) ;
#11326 = CARTESIAN_POINT ( 'NONE',  ( -42.99999999999999300, 19.59999999999999800, 56.24999999999999300 ) ) ;
#11327 = SURFACE_STYLE_FILL_AREA ( #456 ) ;
#11328 = ADVANCED_FACE ( 'NONE', ( #181 ), #11675, .F. ) ;
#11329 = CARTESIAN_POINT ( 'NONE',  ( -38.96999999999999200, 25.10000000000000500, 56.49999999999999300 ) ) ;
#11330 = CARTESIAN_POINT ( 'NONE',  ( -37.96999999999999200, 21.10000000000000500, 56.75896736903249700 ) ) ;
#11331 = FACE_OUTER_BOUND ( 'NONE', #8067, .T. ) ;
#11332 = AXIS2_PLACEMENT_3D ( 'NONE', #10617, #3413, #3331 ) ;
#11333 = ORIENTED_EDGE ( 'NONE', *, *, #1295, .T. ) ;
#11334 = EDGE_CURVE ( 'NONE', #6244, #1579, #4990, .T. ) ;
#11335 = CARTESIAN_POINT ( 'NONE',  ( -42.74999999999999300, 40.50000000000000700, 58.75000000000000000 ) ) ;
#11336 = ORIENTED_EDGE ( 'NONE', *, *, #1075, .T. ) ;
#11337 = DIRECTION ( 'NONE',  ( 0.0000000000000000000, 0.0000000000000000000, -1.000000000000000000 ) ) ;
#11338 = DIRECTION ( 'NONE',  ( -1.000000000000000000, 0.0000000000000000000, 0.0000000000000000000 ) ) ;
#11339 = CLOSED_SHELL ( 'NONE', ( #4078, #11749, #9040, #4063, #861, #4548, #3481, #3846, #1097, #1734, #1439, #6949, #11274 ) ) ;
#11340 = VECTOR ( 'NONE', #6890, 1000.000000000000000 ) ;
#11341 = AXIS2_PLACEMENT_3D ( 'NONE', #7089, #1588, #3520 ) ;
#11342 = CARTESIAN_POINT ( 'NONE',  ( 21.84999999999999400, 38.44000000000001200, 55.74999999999999300 ) ) ;
#11343 = CIRCLE ( 'NONE', #4202, 0.2500000000000002200 ) ;
#11344 = ORIENTED_EDGE ( 'NONE', *, *, #1221, .T. ) ;
#11345 = EDGE_LOOP ( 'NONE', ( #9259, #11722, #1853, #8612 ) ) ;
#11346 = VERTEX_POINT ( 'NONE', #10638 ) ;
#11347 = DIRECTION ( 'NONE',  ( -0.0000000000000000000, 0.0000000000000000000, 1.000000000000000000 ) ) ;
#11348 = ORIENTED_EDGE ( 'NONE', *, *, #9543, .T. ) ;
#11349 = VECTOR ( 'NONE', #9929, 1000.000000000000000 ) ;
#11350 = EDGE_CURVE ( 'NONE', #10424, #5935, #7098, .T. ) ;
#11351 = CARTESIAN_POINT ( 'NONE',  ( -31.29999999999999400, 34.79999999999999000, 59.00000000000000000 ) ) ;
#11352 = ORIENTED_EDGE ( 'NONE', *, *, #2099, .T. ) ;
#11353 = VERTEX_POINT ( 'NONE', #1833 ) ;
#11354 = SURFACE_STYLE_USAGE ( .BOTH. , #10443 ) ;
#11355 = DIRECTION ( 'NONE',  ( 1.000000000000000000, 0.0000000000000000000, 0.0000000000000000000 ) ) ;
#11356 = CARTESIAN_POINT ( 'NONE',  ( -21.09999999999987000, -38.89017714910927700, 56.78408231111891500 ) ) ;
#11357 = B_SPLINE_CURVE_WITH_KNOTS ( 'NONE', 3,
 ( #5287, #1695, #2492, #11655, #8009, #6195 ),
 .UNSPECIFIED., .F., .F.,
 ( 4, 2, 4 ),
 ( 6.938893903907228400E-018, 0.0002528233410046206500, 0.0005056466820092343600 ),
 .UNSPECIFIED. ) ;
#11358 = ORIENTED_EDGE ( 'NONE', *, *, #3851, .T. ) ;
#11359 = PRESENTATION_LAYER_ASSIGNMENT (  '', '', ( #3863 ) ) ;
#11360 = LINE ( 'NONE', #6053, #1860 ) ;
#11361 = DIRECTION ( 'NONE',  ( 1.000000000000000000, 0.0000000000000000000, 0.0000000000000000000 ) ) ;
#11362 = DIRECTION ( 'NONE',  ( 0.0000000000000000000, 0.0000000000000000000, 1.000000000000000000 ) ) ;
#11363 = CYLINDRICAL_SURFACE ( 'NONE', #3445, 0.2500000000000002200 ) ;
#11364 = ORIENTED_EDGE ( 'NONE', *, *, #7016, .T. ) ;
#11365 = ORIENTED_EDGE ( 'NONE', *, *, #8516, .F. ) ;
#11366 =( NAMED_UNIT ( * ) SI_UNIT ( $, .STERADIAN. ) SOLID_ANGLE_UNIT ( ) );
#11367 = EDGE_CURVE ( 'NONE', #1637, #6293, #6256, .T. ) ;
#11368 = CARTESIAN_POINT ( 'NONE',  ( 38.46999999999999200, -20.60000000000000100, 55.99999999999999300 ) ) ;
#11369 = CARTESIAN_POINT ( 'NONE',  ( 21.59999999999999400, 38.44000000000001200, 48.25000000000000000 ) ) ;
#11370 = CARTESIAN_POINT ( 'NONE',  ( -42.99999999999999300, -25.20000000000001000, -59.00000000000000000 ) ) ;
#11371 = ORIENTED_EDGE ( 'NONE', *, *, #1560, .F. ) ;
#11372 = ADVANCED_FACE ( 'NONE', ( #5265 ), #3877, .F. ) ;
#11373 = FACE_OUTER_BOUND ( 'NONE', #10576, .T. ) ;
#11374 = ORIENTED_EDGE ( 'NONE', *, *, #3071, .F. ) ;
#11375 = DIRECTION ( 'NONE',  ( 1.000000000000000000, 0.0000000000000000000, 0.0000000000000000000 ) ) ;
#11376 = UNCERTAINTY_MEASURE_WITH_UNIT (LENGTH_MEASURE( 1.000000000000000100E-005 ), #6092, 'distance_accuracy_value', 'NONE');
#11377 = ORIENTED_EDGE ( 'NONE', *, *, #1947, .T. ) ;
#11378 = CARTESIAN_POINT ( 'NONE',  ( 25.20000000000000600, -42.99999999999998600, 48.00000000000000000 ) ) ;
#11379 = CARTESIAN_POINT ( 'NONE',  ( -31.54999999999999400, 34.79999999999999000, 58.75000000000000000 ) ) ;
#11380 = DIRECTION ( 'NONE',  ( 0.0000000000000000000, 1.000000000000000000, 0.0000000000000000000 ) ) ;
#11381 = ORIENTED_EDGE ( 'NONE', *, *, #6635, .T. ) ;
#11382 = EDGE_CURVE ( 'NONE', #11718, #5396, #11095, .T. ) ;
#11383 = EDGE_CURVE ( 'NONE', #4669, #8715, #1308, .T. ) ;
#11384 = FILL_AREA_STYLE_COLOUR ( '', #517 ) ;
#11385 = VERTEX_POINT ( 'NONE', #10878 ) ;
#11386 = ORIENTED_EDGE ( 'NONE', *, *, #595, .F. ) ;
#11387 = ADVANCED_FACE ( 'NONE', ( #8643 ), #10917, .F. ) ;
#11388 = CIRCLE ( 'NONE', #9808, 2.500000000000002200 ) ;
#11389 = DIRECTION ( 'NONE',  ( -1.000000000000000000, -1.613696256722612600E-016, 0.0000000000000000000 ) ) ;
#11390 = DIRECTION ( 'NONE',  ( 0.0000000000000000000, 0.0000000000000000000, 1.000000000000000000 ) ) ;
#11391 = AXIS2_PLACEMENT_3D ( 'NONE', #759, #9830, #11668 ) ;
#11392 = CARTESIAN_POINT ( 'NONE',  ( 38.96999999999999200, -23.60000000000000100, 57.79579263126746700 ) ) ;
#11393 = EDGE_CURVE ( 'NONE', #4854, #5468, #10960, .T. ) ;
#11394 = DIRECTION ( 'NONE',  ( -1.000000000000000000, -2.753529326947313900E-016, 0.0000000000000000000 ) ) ;
#11395 = AXIS2_PLACEMENT_3D ( 'NONE', #7552, #8622, #4972 ) ;
#11396 = DIRECTION ( 'NONE',  ( 1.000000000000000000, 0.0000000000000000000, 0.0000000000000000000 ) ) ;
#11397 = DIRECTION ( 'NONE',  ( -1.000000000000000000, 1.521687259628777600E-015, 0.0000000000000000000 ) ) ;
#11398 = DIRECTION ( 'NONE',  ( 0.0000000000000000000, 0.0000000000000000000, -1.000000000000000000 ) ) ;
#11399 = VECTOR ( 'NONE', #8397, 1000.000000000000000 ) ;
#11400 = ORIENTED_EDGE ( 'NONE', *, *, #5149, .F. ) ;
#11401 = CYLINDRICAL_SURFACE ( 'NONE', #8102, 3.249999999999999600 ) ;
#11402 =( GEOMETRIC_REPRESENTATION_CONTEXT ( 3 ) GLOBAL_UNCERTAINTY_ASSIGNED_CONTEXT ( ( #5035 ) ) GLOBAL_UNIT_ASSIGNED_CONTEXT ( ( #9340, #10264, #11179 ) ) REPRESENTATION_CONTEXT ( 'NONE', 'WORKASPACE' ) );
#11403 = ORIENTED_EDGE ( 'NONE', *, *, #6873, .T. ) ;
#11404 = EDGE_CURVE ( 'NONE', #10498, #4411, #3734, .T. ) ;
#11405 = CARTESIAN_POINT ( 'NONE',  ( 21.09999999999959600, 38.97000000000021200, 56.49999999999999300 ) ) ;
#11406 = CARTESIAN_POINT ( 'NONE',  ( -43.00000000000000000, 28.19999999999999600, 48.00000000000000000 ) ) ;
#11407 = ORIENTED_EDGE ( 'NONE', *, *, #5539, .F. ) ;
#11408 = DIRECTION ( 'NONE',  ( -0.0000000000000000000, -0.0000000000000000000, 1.000000000000000000 ) ) ;
#11409 = VERTEX_POINT ( 'NONE', #5473 ) ;
#11410 = VECTOR ( 'NONE', #1674, 1000.000000000000000 ) ;
#11411 = PRESENTATION_LAYER_ASSIGNMENT (  '', '', ( #2061 ) ) ;
#11412 = LINE ( 'NONE', #5067, #2909 ) ;
#11413 = EDGE_CURVE ( 'NONE', #7838, #11061, #26, .T. ) ;
#11414 = AXIS2_PLACEMENT_3D ( 'NONE', #4117, #11448, #9486 ) ;
#11415 = COLOUR_RGB ( '',0.8941176470588234600, 0.9137254901960784000, 0.9294117647058823800 ) ;
#11416 = CARTESIAN_POINT ( 'NONE',  ( -28.19999999999998900, 42.99999999999999300, -48.00000000000000000 ) ) ;
#11417 = CARTESIAN_POINT ( 'NONE',  ( 43.00000000000000000, 25.19999999999999600, 48.00000000000000000 ) ) ;
#11418 = DIRECTION ( 'NONE',  ( -0.0000000000000000000, -0.0000000000000000000, 1.000000000000000000 ) ) ;
#11419 = AXIS2_PLACEMENT_3D ( 'NONE', #8891, #7180, #5596 ) ;
#11420 = ORIENTED_EDGE ( 'NONE', *, *, #4199, .T. ) ;
#11421 = ORIENTED_EDGE ( 'NONE', *, *, #9149, .T. ) ;
#11422 = FACE_OUTER_BOUND ( 'NONE', #9182, .T. ) ;
#11423 = EDGE_CURVE ( 'NONE', #991, #10957, #1568, .T. ) ;
#11424 = DIRECTION ( 'NONE',  ( -1.000000000000000000, 0.0000000000000000000, 0.0000000000000000000 ) ) ;
#11425 = FACE_OUTER_BOUND ( 'NONE', #5890, .T. ) ;
#11426 = CARTESIAN_POINT ( 'NONE',  ( -39.99999999999998600, -27.95000000000001000, -58.75000000000000000 ) ) ;
#11427 = CARTESIAN_POINT ( 'NONE',  ( -38.96999999999999200, 23.60000000000000100, 57.79579263126746700 ) ) ;
#11428 = PRESENTATION_LAYER_ASSIGNMENT (  '', '', ( #3375 ) ) ;
#11429 = VERTEX_POINT ( 'NONE', #8995 ) ;
#11430 = ORIENTED_EDGE ( 'NONE', *, *, #8461, .F. ) ;
#11431 = TOROIDAL_SURFACE ( 'NONE', #5372, 0.5000000000000000000, 0.2500000000000000000 ) ;
#11432 = DIRECTION ( 'NONE',  ( -1.000000000000000000, -4.130293990420970400E-016, 0.0000000000000000000 ) ) ;
#11433 = ADVANCED_FACE ( 'NONE', ( #9078 ), #1014, .T. ) ;
#11434 = DIRECTION ( 'NONE',  ( -1.000000000000000000, 0.0000000000000000000, 0.0000000000000000000 ) ) ;
#11435 = PLANE ( 'NONE',  #1901 ) ;
#11436 = CYLINDRICAL_SURFACE ( 'NONE', #4162, 7.000000000000000000 ) ;
#11437 = CARTESIAN_POINT ( 'NONE',  ( -38.29999999999999000, -34.80000000000000400, 59.00000000000000000 ) ) ;
#11438 = EDGE_CURVE ( 'NONE', #4392, #4647, #1448, .T. ) ;
#11439 = DIRECTION ( 'NONE',  ( 1.000000000000000000, 0.0000000000000000000, 0.0000000000000000000 ) ) ;
#11440 = VERTEX_POINT ( 'NONE', #8116 ) ;
#11441 = ORIENTED_EDGE ( 'NONE', *, *, #6532, .F. ) ;
#11442 = CARTESIAN_POINT ( 'NONE',  ( -1.747239518372058400E-015, 48.99999999999999300, -53.50000000000000000 ) ) ;
#11443 = UNCERTAINTY_MEASURE_WITH_UNIT (LENGTH_MEASURE( 1.000000000000000100E-005 ), #2670, 'distance_accuracy_value', 'NONE');
#11444 = FILL_AREA_STYLE_COLOUR ( '', #4233 ) ;
#11445 = FACE_OUTER_BOUND ( 'NONE', #7646, .T. ) ;
#11446 = FILL_AREA_STYLE_COLOUR ( '', #10655 ) ;
#11447 = ADVANCED_FACE ( 'NONE', ( #9372 ), #10948, .T. ) ;
#11448 = DIRECTION ( 'NONE',  ( 0.0000000000000000000, 0.0000000000000000000, -1.000000000000000000 ) ) ;
#11449 = DIRECTION ( 'NONE',  ( 0.0000000000000000000, 0.0000000000000000000, -1.000000000000000000 ) ) ;
#11450 = AXIS2_PLACEMENT_3D ( 'NONE', #7798, #10497, #8710 ) ;
#11451 = DIRECTION ( 'NONE',  ( 7.608436298143899900E-016, 1.000000000000000000, 0.0000000000000000000 ) ) ;
#11452 = DIRECTION ( 'NONE',  ( -1.000000000000000000, 0.0000000000000000000, 0.0000000000000000000 ) ) ;
#11453 = ORIENTED_EDGE ( 'NONE', *, *, #2195, .T. ) ;
#11454 = DIRECTION ( 'NONE',  ( 0.0000000000000000000, -1.000000000000000000, 0.0000000000000000000 ) ) ;
#11455 = LINE ( 'NONE', #3255, #3671 ) ;
#11456 = EDGE_CURVE ( 'NONE', #6913, #5583, #8220, .T. ) ;
#11457 = ORIENTED_EDGE ( 'NONE', *, *, #2838, .F. ) ;
#11458 = DIRECTION ( 'NONE',  ( 0.0000000000000000000, -0.0000000000000000000, -1.000000000000000000 ) ) ;
#11459 = CARTESIAN_POINT ( 'NONE',  ( 42.74999999999999300, -26.34999999999999400, 55.99999999999999300 ) ) ;
#11460 = PRODUCT_DEFINITION_SHAPE ( 'NONE', 'NONE',  #6612 ) ;
#11461 = AXIS2_PLACEMENT_3D ( 'NONE', #2306, #8647, #2341 ) ;
#11462 = ORIENTED_EDGE ( 'NONE', *, *, #5531, .F. ) ;
#11463 = FACE_BOUND ( 'NONE', #11529, .T. ) ;
#11464 = EDGE_LOOP ( 'NONE', ( #10304, #3991, #2171, #10360 ) ) ;
#11465 = CIRCLE ( 'NONE', #4334, 0.2500000000000002200 ) ;
#11466 = DIRECTION ( 'NONE',  ( 0.0000000000000000000, 0.0000000000000000000, 1.000000000000000000 ) ) ;
#11467 = VECTOR ( 'NONE', #10642, 1000.000000000000000 ) ;
#11468 = DIRECTION ( 'NONE',  ( 0.0000000000000000000, 0.0000000000000000000, -1.000000000000000000 ) ) ;
#11469 = AXIS2_PLACEMENT_3D ( 'NONE', #4002, #6583, #9369 ) ;
#11470 = DIRECTION ( 'NONE',  ( 0.0000000000000000000, 0.0000000000000000000, 1.000000000000000000 ) ) ;
#11471 = CARTESIAN_POINT ( 'NONE',  ( 38.96999999999999200, -22.60000000000000100, 56.49999999999999300 ) ) ;
#11472 = EDGE_CURVE ( 'NONE', #11499, #6399, #6956, .T. ) ;
#11473 = ORIENTED_EDGE ( 'NONE', *, *, #4629, .F. ) ;
#11474 = ORIENTED_EDGE ( 'NONE', *, *, #10376, .F. ) ;
#11475 = LINE ( 'NONE', #8128, #1694 ) ;
#11476 = DIRECTION ( 'NONE',  ( 0.0000000000000000000, 1.000000000000000000, 0.0000000000000000000 ) ) ;
#11477 = AXIS2_PLACEMENT_3D ( 'NONE', #10335, #11255, #2140 ) ;
#11478 = LINE ( 'NONE', #6787, #6485 ) ;
#11479 = ORIENTED_EDGE ( 'NONE', *, *, #3953, .T. ) ;
#11480 = AXIS2_PLACEMENT_3D ( 'NONE', #8815, #8727, #6920 ) ;
#11481 = CARTESIAN_POINT ( 'NONE',  ( 38.96999999999999200, -25.10000000000000500, 56.49999999999999300 ) ) ;
#11482 = CARTESIAN_POINT ( 'NONE',  ( -38.04999999999999000, -34.80000000000000400, 48.25000000000000000 ) ) ;
#11483 = DIRECTION ( 'NONE',  ( 1.000000000000000000, -1.521687259628777600E-015, -0.0000000000000000000 ) ) ;
#11484 = ORIENTED_EDGE ( 'NONE', *, *, #10320, .T. ) ;
#11485 = CARTESIAN_POINT ( 'NONE',  ( 7.000000000000000000, 0.0000000000000000000, -58.80000000000000400 ) ) ;
#11486 = DIRECTION ( 'NONE',  ( -0.0000000000000000000, -0.0000000000000000000, 1.000000000000000000 ) ) ;
#11487 = ORIENTED_EDGE ( 'NONE', *, *, #3130, .F. ) ;
#11488 = AXIS2_PLACEMENT_3D ( 'NONE', #2333, #9822, #708 ) ;
#11489 = FACE_BOUND ( 'NONE', #8164, .T. ) ;
#11490 = CARTESIAN_POINT ( 'NONE',  ( -21.09999999999987400, -37.97000000000006300, 56.75896736903250400 ) ) ;
#11491 = CARTESIAN_POINT ( 'NONE',  ( 22.59999999999959300, 38.97000000000022600, 57.79579263126747400 ) ) ;
#11492 = FACE_OUTER_BOUND ( 'NONE', #9984, .T. ) ;
#11493 = EDGE_CURVE ( 'NONE', #4676, #5214, #9662, .T. ) ;
#11494 = ORIENTED_EDGE ( 'NONE', *, *, #2867, .T. ) ;
#11495 = ADVANCED_FACE ( 'NONE', ( #5409 ), #9269, .F. ) ;
#11496 = ORIENTED_EDGE ( 'NONE', *, *, #2178, .F. ) ;
#11497 = PLANE ( 'NONE',  #9884 ) ;
#11498 = ORIENTED_EDGE ( 'NONE', *, *, #772, .T. ) ;
#11499 = VERTEX_POINT ( 'NONE', #6489 ) ;
#11500 = CARTESIAN_POINT ( 'NONE',  ( -23.89869151345754600, -38.97000000000007700, 57.70833027779985300 ) ) ;
#11501 = SURFACE_SIDE_STYLE ('',( #2320 ) ) ;
#11502 = DIRECTION ( 'NONE',  ( 0.0000000000000000000, 0.0000000000000000000, -1.000000000000000000 ) ) ;
#11503 = DIRECTION ( 'NONE',  ( 1.000000000000000000, 0.0000000000000000000, 0.0000000000000000000 ) ) ;
#11504 = VECTOR ( 'NONE', #771, 1000.000000000000000 ) ;
#11505 = VERTEX_POINT ( 'NONE', #10072 ) ;
#11506 = FACE_BOUND ( 'NONE', #10136, .T. ) ;
#11507 = ORIENTED_EDGE ( 'NONE', *, *, #11382, .T. ) ;
#11508 = ADVANCED_FACE ( 'NONE', ( #3434 ), #1120, .F. ) ;
#11509 =( LENGTH_UNIT ( ) NAMED_UNIT ( * ) SI_UNIT ( .MILLI., .METRE. ) );
#11510 = EDGE_CURVE ( 'NONE', #7424, #1184, #3593, .T. ) ;
#11511 = ORIENTED_EDGE ( 'NONE', *, *, #8726, .T. ) ;
#11512 = CARTESIAN_POINT ( 'NONE',  ( -25.19999999999998500, -42.75000000000000700, -59.00000000000000000 ) ) ;
#11513 = CARTESIAN_POINT ( 'NONE',  ( 40.49999999999999300, 42.75000000000000700, 48.25000000000000000 ) ) ;
#11514 = LINE ( 'NONE', #5106, #1659 ) ;
#11515 = DIRECTION ( 'NONE',  ( -0.0000000000000000000, 0.0000000000000000000, 1.000000000000000000 ) ) ;
#11516 = ORIENTED_EDGE ( 'NONE', *, *, #11271, .T. ) ;
#11517 = FACE_BOUND ( 'NONE', #3722, .T. ) ;
#11518 = VERTEX_POINT ( 'NONE', #1157 ) ;
#11519 = DIRECTION ( 'NONE',  ( 0.0000000000000000000, -0.0000000000000000000, 1.000000000000000000 ) ) ;
#11520 = DIRECTION ( 'NONE',  ( -0.0000000000000000000, 0.0000000000000000000, 1.000000000000000000 ) ) ;
#11521 = AXIS2_PLACEMENT_3D ( 'NONE', #3867, #5648, #9299 ) ;
#11522 = ORIENTED_EDGE ( 'NONE', *, *, #11493, .T. ) ;
#11523 = DIRECTION ( 'NONE',  ( 1.000000000000000000, -0.0000000000000000000, 0.0000000000000000000 ) ) ;
#11524 = EDGE_LOOP ( 'NONE', ( #7368, #5408, #1256, #7748 ) ) ;
#11525 = DIRECTION ( 'NONE',  ( 1.000000000000000000, 0.0000000000000000000, 0.0000000000000000000 ) ) ;
#11526 = UNCERTAINTY_MEASURE_WITH_UNIT (LENGTH_MEASURE( 1.000000000000000100E-005 ), #3155, 'distance_accuracy_value', 'NONE');
#11527 =( NAMED_UNIT ( * ) SI_UNIT ( $, .STERADIAN. ) SOLID_ANGLE_UNIT ( ) );
#11528 = EDGE_CURVE ( 'NONE', #1045, #5755, #5534, .T. ) ;
#11529 = EDGE_LOOP ( 'NONE', ( #2088, #11333 ) ) ;
#11530 = CARTESIAN_POINT ( 'NONE',  ( -24.90820812999038500, -37.97000000000008400, 57.00034395000824400 ) ) ;
#11531 = DIRECTION ( 'NONE',  ( 0.7071067811865368000, 0.0000000000000000000, 0.7071067811865583400 ) ) ;
#11532 = DIRECTION ( 'NONE',  ( 1.000000000000000000, 0.0000000000000000000, 0.0000000000000000000 ) ) ;
#11533 = AXIS2_PLACEMENT_3D ( 'NONE', #10482, #1407, #9516 ) ;
#11534 = EDGE_LOOP ( 'NONE', ( #1758, #8224, #11798, #4981 ) ) ;
#11535 = CIRCLE ( 'NONE', #9876, 0.2500000000000002200 ) ;
#11536 = DIRECTION ( 'NONE',  ( -0.0000000000000000000, -1.000000000000000000, -0.0000000000000000000 ) ) ;
#11537 = CARTESIAN_POINT ( 'NONE',  ( -26.34999999999998700, -42.74999999999999300, 59.00000000000000000 ) ) ;
#11538 = VECTOR ( 'NONE', #6089, 1000.000000000000000 ) ;
#11539 = LINE ( 'NONE', #4230, #2323 ) ;
#11540 = CARTESIAN_POINT ( 'NONE',  ( 24.34999999999999400, 38.44000000000001200, 48.00000000000000000 ) ) ;
#11541 = DIRECTION ( 'NONE',  ( 0.0000000000000000000, -0.0000000000000000000, 1.000000000000000000 ) ) ;
#11542 = EDGE_CURVE ( 'NONE', #3507, #167, #4980, .T. ) ;
#11543 = VECTOR ( 'NONE', #9666, 1000.000000000000000 ) ;
#11544 = EDGE_LOOP ( 'NONE', ( #241, #9343, #9558, #4546 ) ) ;
#11545 = VECTOR ( 'NONE', #3895, 1000.000000000000000 ) ;
#11546 = CARTESIAN_POINT ( 'NONE',  ( -38.43999999999999800, 23.09999999999999100, 59.00000000000000000 ) ) ;
#11547 = VECTOR ( 'NONE', #5490, 1000.000000000000000 ) ;
#11548 =( GEOMETRIC_REPRESENTATION_CONTEXT ( 3 ) GLOBAL_UNCERTAINTY_ASSIGNED_CONTEXT ( ( #8001 ) ) GLOBAL_UNIT_ASSIGNED_CONTEXT ( ( #2556, #8862, #9798 ) ) REPRESENTATION_CONTEXT ( 'NONE', 'WORKASPACE' ) );
#11549 = CARTESIAN_POINT ( 'NONE',  ( -23.09999999999998400, -38.44000000000000500, 56.24999999999999300 ) ) ;
#11550 = FILL_AREA_STYLE ('',( #9757 ) ) ;
#11551 = EDGE_CURVE ( 'NONE', #5023, #9886, #735, .T. ) ;
#11552 = ADVANCED_FACE ( 'NONE', ( #11517, #8787, #447, #10080, #6392, #2583 ), #5579, .F. ) ;
#11553 = AXIS2_PLACEMENT_3D ( 'NONE', #5310, #1796, #887 ) ;
#11554 = CARTESIAN_POINT ( 'NONE',  ( 23.09999999999999400, 38.44000000000001200, 48.00000000000000000 ) ) ;
#11555 = CARTESIAN_POINT ( 'NONE',  ( -21.84999999999997700, -38.44000000000001200, 48.25000000000000000 ) ) ;
#11556 = CARTESIAN_POINT ( 'NONE',  ( -24.34999999999998000, -38.44000000000001200, -48.00000000000000000 ) ) ;
#11557 = ORIENTED_EDGE ( 'NONE', *, *, #7215, .F. ) ;
#11558 = ORIENTED_EDGE ( 'NONE', *, *, #4303, .T. ) ;
#11559 = FACE_OUTER_BOUND ( 'NONE', #5872, .T. ) ;
#11560 = VECTOR ( 'NONE', #8046, 1000.000000000000000 ) ;
#11561 = AXIS2_PLACEMENT_3D ( 'NONE', #11789, #3496, #828 ) ;
#11562 = DIRECTION ( 'NONE',  ( 0.0000000000000000000, 0.0000000000000000000, -1.000000000000000000 ) ) ;
#11563 = EDGE_CURVE ( 'NONE', #138, #6883, #3009, .T. ) ;
#11564 = DIRECTION ( 'NONE',  ( -2.460600675144407800E-016, 1.000000000000000000, -0.0000000000000000000 ) ) ;
#11565 = ORIENTED_EDGE ( 'NONE', *, *, #4287, .T. ) ;
#11566 = ADVANCED_FACE ( 'NONE', ( #10228 ), #8935, .F. ) ;
#11567 = CARTESIAN_POINT ( 'NONE',  ( -42.74999999999999300, 23.09999999999999100, 55.74999999999999300 ) ) ;
#11568 = DIRECTION ( 'NONE',  ( 1.000000000000000000, 0.0000000000000000000, 0.0000000000000000000 ) ) ;
#11569 = DIRECTION ( 'NONE',  ( 1.000000000000000000, -1.521687259628777600E-015, 0.0000000000000000000 ) ) ;
#11570 = PRESENTATION_LAYER_ASSIGNMENT (  '', '', ( #3687 ) ) ;
#11571 = CARTESIAN_POINT ( 'NONE',  ( 5.999999999999999100, -3.605551275463990500, 97.60000000000000900 ) ) ;
#11572 = CARTESIAN_POINT ( 'NONE',  ( -28.19999999999998200, -31.20000000000000600, -48.00000000000000000 ) ) ;
#11573 = AXIS2_PLACEMENT_3D ( 'NONE', #6963, #5096, #3303 ) ;
#11574 = VERTEX_POINT ( 'NONE', #4021 ) ;
#11575 = ORIENTED_EDGE ( 'NONE', *, *, #204, .F. ) ;
#11576 = VECTOR ( 'NONE', #1327, 1000.000000000000000 ) ;
#11577 = DIRECTION ( 'NONE',  ( 0.0000000000000000000, -0.0000000000000000000, -1.000000000000000000 ) ) ;
#11578 =( NAMED_UNIT ( * ) PLANE_ANGLE_UNIT ( ) SI_UNIT ( $, .RADIAN. ) );
#11579 = STYLED_ITEM ( 'NONE', ( #11726 ), #2467 ) ;
#11580 = PLANE ( 'NONE',  #71 ) ;
#11581 = EDGE_CURVE ( 'NONE', #7047, #588, #4555, .T. ) ;
#11582 = CARTESIAN_POINT ( 'NONE',  ( 22.76111756060088400, 40.47000000000025500, 56.80966034928121600 ) ) ;
#11583 = ORIENTED_EDGE ( 'NONE', *, *, #10984, .T. ) ;
#11584 = ORIENTED_EDGE ( 'NONE', *, *, #10412, .T. ) ;
#11585 = LINE ( 'NONE', #5600, #3074 ) ;
#11586 = VECTOR ( 'NONE', #1636, 1000.000000000000000 ) ;
#11587 = FACE_OUTER_BOUND ( 'NONE', #11617, .T. ) ;
#11588 = ORIENTED_EDGE ( 'NONE', *, *, #10565, .F. ) ;
#11589 = AXIS2_PLACEMENT_3D ( 'NONE', #4347, #2566, #10681 ) ;
#11590 = CARTESIAN_POINT ( 'NONE',  ( 24.68593362000693900, 37.97000000000024800, 57.21087685217725000 ) ) ;
#11591 = DIRECTION ( 'NONE',  ( -0.0000000000000000000, 0.0000000000000000000, 1.000000000000000000 ) ) ;
#11592 = DIRECTION ( 'NONE',  ( 0.0000000000000000000, 0.0000000000000000000, -1.000000000000000000 ) ) ;
#11593 = CARTESIAN_POINT ( 'NONE',  ( -38.43999999999999800, 19.84999999999999400, 55.99999999999999300 ) ) ;
#11594 = CARTESIAN_POINT ( 'NONE',  ( 26.34999999999999400, 43.00000000000000000, 58.75000000000000000 ) ) ;
#11595 = ORIENTED_EDGE ( 'NONE', *, *, #10955, .F. ) ;
#11596 = VERTEX_POINT ( 'NONE', #8576 ) ;
#11597 = UNCERTAINTY_MEASURE_WITH_UNIT (LENGTH_MEASURE( 1.000000000000000100E-005 ), #318, 'distance_accuracy_value', 'NONE');
#11598 = CYLINDRICAL_SURFACE ( 'NONE', #4426, 0.2500000000000002200 ) ;
#11599 = FACE_OUTER_BOUND ( 'NONE', #9862, .T. ) ;
#11600 = CARTESIAN_POINT ( 'NONE',  ( 23.59999999999962100, 36.47000000000024800, 56.49999999999999300 ) ) ;
#11601 = EDGE_CURVE ( 'NONE', #9175, #10090, #7770, .T. ) ;
#11602 = CARTESIAN_POINT ( 'NONE',  ( -39.99999999999999300, 25.19999999999999600, 48.00000000000000000 ) ) ;
#11603 = ORIENTED_EDGE ( 'NONE', *, *, #9088, .F. ) ;
#11604 = ORIENTED_EDGE ( 'NONE', *, *, #2707, .T. ) ;
#11605 = CYLINDRICAL_SURFACE ( 'NONE', #5444, 3.000000000000002700 ) ;
#11606 = DIRECTION ( 'NONE',  ( 0.0000000000000000000, 1.000000000000000000, 0.0000000000000000000 ) ) ;
#11607 = CIRCLE ( 'NONE', #10169, 0.2500000000000002200 ) ;
#11608 = DIRECTION ( 'NONE',  ( -0.0000000000000000000, -1.000000000000000000, 0.0000000000000000000 ) ) ;
#11609 =( GEOMETRIC_REPRESENTATION_CONTEXT ( 3 ) GLOBAL_UNCERTAINTY_ASSIGNED_CONTEXT ( ( #610 ) ) GLOBAL_UNIT_ASSIGNED_CONTEXT ( ( #3485, #2659, #10732 ) ) REPRESENTATION_CONTEXT ( 'NONE', 'WORKASPACE' ) );
#11610 = DIRECTION ( 'NONE',  ( 0.0000000000000000000, 0.0000000000000000000, 1.000000000000000000 ) ) ;
#11611 = SURFACE_SIDE_STYLE ('',( #11299 ) ) ;
#11612 = EDGE_LOOP ( 'NONE', ( #8865, #7667, #1219, #7078 ) ) ;
#11613 = ADVANCED_FACE ( 'NONE', ( #9360 ), #2728, .T. ) ;
#11614 = EDGE_CURVE ( 'NONE', #4647, #6070, #2429, .T. ) ;
#11615 = CARTESIAN_POINT ( 'NONE',  ( -38.29968292186143200, 21.10000000000000500, 56.82968972440241400 ) ) ;
#11616 = EDGE_CURVE ( 'NONE', #4237, #8565, #2480, .T. ) ;
#11617 = EDGE_LOOP ( 'NONE', ( #11721, #3449, #1868, #8917 ) ) ;
#11618 = CARTESIAN_POINT ( 'NONE',  ( -31.19999999999998500, -28.20000000000000600, -59.00000000000000000 ) ) ;
#11619 = EDGE_LOOP ( 'NONE', ( #3004, #5962, #8269, #11275 ) ) ;
#11620 = LINE ( 'NONE', #4811, #692 ) ;
#11621 = CARTESIAN_POINT ( 'NONE',  ( 37.18999999999999800, -23.09999999999998700, 48.00000000000000000 ) ) ;
#11622 = CIRCLE ( 'NONE', #806, 1.250000000000008000 ) ;
#11623 = EDGE_LOOP ( 'NONE', ( #5447, #3373, #2967, #55 ) ) ;
#11624 = DIRECTION ( 'NONE',  ( 1.000000000000000000, 0.0000000000000000000, 0.0000000000000000000 ) ) ;
#11625 = AXIS2_PLACEMENT_3D ( 'NONE', #7900, #676, #9707 ) ;
#11626 = APPLICATION_PROTOCOL_DEFINITION ( 'draft international standard', 'automotive_design', 1998, #9865 ) ;
#11627 = DIRECTION ( 'NONE',  ( 0.0000000000000000000, -1.000000000000000000, 0.0000000000000000000 ) ) ;
#11628 = STYLED_ITEM ( 'NONE', ( #5305 ), #9511 ) ;
#11629 = ADVANCED_FACE ( 'NONE', ( #6517 ), #7615, .F. ) ;
#11630 = ORIENTED_EDGE ( 'NONE', *, *, #589, .T. ) ;
#11631 = DIRECTION ( 'NONE',  ( 1.000000000000000000, 0.0000000000000000000, 0.0000000000000000000 ) ) ;
#11632 = ORIENTED_EDGE ( 'NONE', *, *, #6498, .F. ) ;
#11633 = LINE ( 'NONE', #1844, #9477 ) ;
#11634 =( NAMED_UNIT ( * ) PLANE_ANGLE_UNIT ( ) SI_UNIT ( $, .RADIAN. ) );
#11635 =( GEOMETRIC_REPRESENTATION_CONTEXT ( 3 ) GLOBAL_UNCERTAINTY_ASSIGNED_CONTEXT ( ( #7272 ) ) GLOBAL_UNIT_ASSIGNED_CONTEXT ( ( #4438, #10769, #7206 ) ) REPRESENTATION_CONTEXT ( 'NONE', 'WORKASPACE' ) );
#11636 = EDGE_LOOP ( 'NONE', ( #9032, #4399, #3233, #2733 ) ) ;
#11637 = DIRECTION ( 'NONE',  ( 1.000000000000000000, 0.0000000000000000000, -0.0000000000000000000 ) ) ;
#11638 = EDGE_CURVE ( 'NONE', #3684, #5511, #4269, .T. ) ;
#11639 = DIRECTION ( 'NONE',  ( -1.000000000000000000, 0.0000000000000000000, 0.0000000000000000000 ) ) ;
#11640 = ORIENTED_EDGE ( 'NONE', *, *, #3656, .F. ) ;
#11641 = AXIS2_PLACEMENT_3D ( 'NONE', #2850, #188, #7388 ) ;
#11642 = EDGE_CURVE ( 'NONE', #6955, #10327, #2999, .T. ) ;
#11643 = ORIENTED_EDGE ( 'NONE', *, *, #3812, .F. ) ;
#11644 = AXIS2_PLACEMENT_3D ( 'NONE', #11406, #2255, #5009 ) ;
#11645 =( LENGTH_UNIT ( ) NAMED_UNIT ( * ) SI_UNIT ( .MILLI., .METRE. ) );
#11646 = VECTOR ( 'NONE', #438, 1000.000000000000000 ) ;
#11647 = ORIENTED_EDGE ( 'NONE', *, *, #4338, .T. ) ;
#11648 = CARTESIAN_POINT ( 'NONE',  ( 21.09999999999958900, 38.89017714910942700, 56.78408231111888700 ) ) ;
#11649 = DIRECTION ( 'NONE',  ( 0.0000000000000000000, -1.000000000000000000, 0.0000000000000000000 ) ) ;
#11650 = DIRECTION ( 'NONE',  ( 0.0000000000000000000, 0.0000000000000000000, 1.000000000000000000 ) ) ;
#11651 = CARTESIAN_POINT ( 'NONE',  ( -28.19999999999998200, -31.20000000000000600, -59.00000000000000000 ) ) ;
#11652 =( LENGTH_UNIT ( ) NAMED_UNIT ( * ) SI_UNIT ( .MILLI., .METRE. ) );
#11653 = DIRECTION ( 'NONE',  ( 1.521687259628777600E-015, 1.000000000000000000, 0.0000000000000000000 ) ) ;
#11654 = AXIS2_PLACEMENT_3D ( 'NONE', #11602, #11520, #738 ) ;
#11655 = CARTESIAN_POINT ( 'NONE',  ( 38.13304899744442600, -21.09999999999999800, 56.80370889822909000 ) ) ;
#11656 = FILL_AREA_STYLE_COLOUR ( '', #4348 ) ;
#11657 = ORIENTED_EDGE ( 'NONE', *, *, #3986, .F. ) ;
#11658 = EDGE_CURVE ( 'NONE', #10757, #7734, #8630, .T. ) ;
#11659 = FACE_OUTER_BOUND ( 'NONE', #4457, .T. ) ;
#11660 = DIRECTION ( 'NONE',  ( -0.0000000000000000000, -0.0000000000000000000, 1.000000000000000000 ) ) ;
#11661 = EDGE_LOOP ( 'NONE', ( #5565, #5622 ) ) ;
#11662 = CIRCLE ( 'NONE', #1924, 1.500000000000001300 ) ;
#11663 = ORIENTED_EDGE ( 'NONE', *, *, #3262, .F. ) ;
#11664 = CARTESIAN_POINT ( 'NONE',  ( 26.59999999999998400, 43.00000000000000700, 56.24999999999999300 ) ) ;
#11665 = CARTESIAN_POINT ( 'NONE',  ( 0.0000000000000000000, 0.0000000000000000000, 60.59999999999999400 ) ) ;
#11666 = DIRECTION ( 'NONE',  ( 1.047444401652940000E-014, -1.000000000000000000, 0.0000000000000000000 ) ) ;
#11667 = ORIENTED_EDGE ( 'NONE', *, *, #8695, .T. ) ;
#11668 = DIRECTION ( 'NONE',  ( 1.000000000000000000, 0.0000000000000000000, 0.0000000000000000000 ) ) ;
#11669 = FILL_AREA_STYLE_COLOUR ( '', #3283 ) ;
#11670 = CARTESIAN_POINT ( 'NONE',  ( 38.43999999999999800, -19.84999999999999100, 58.75000000000000000 ) ) ;
#11671 = FACE_OUTER_BOUND ( 'NONE', #1862, .T. ) ;
#11672 = ORIENTED_EDGE ( 'NONE', *, *, #7675, .F. ) ;
#11673 = LINE ( 'NONE', #2724, #11093 ) ;
#11674 = ORIENTED_EDGE ( 'NONE', *, *, #3702, .F. ) ;
#11675 = CYLINDRICAL_SURFACE ( 'NONE', #7651, 3.249999999999996000 ) ;
#11676 = DIRECTION ( 'NONE',  ( 0.0000000000000000000, 0.0000000000000000000, 1.000000000000000000 ) ) ;
#11677 = EDGE_CURVE ( 'NONE', #6820, #3014, #10935, .T. ) ;
#11678 = SURFACE_STYLE_USAGE ( .BOTH. , #3509 ) ;
#11679 =( NAMED_UNIT ( * ) SI_UNIT ( $, .STERADIAN. ) SOLID_ANGLE_UNIT ( ) );
#11680 = ADVANCED_FACE ( 'NONE', ( #6940 ), #2146, .T. ) ;
#11681 = ORIENTED_EDGE ( 'NONE', *, *, #3214, .T. ) ;
#11682 = SURFACE_SIDE_STYLE ('',( #10521 ) ) ;
#11683 = CARTESIAN_POINT ( 'NONE',  ( 26.09999999999999400, 43.00000000000000700, 55.74999999999999300 ) ) ;
#11684 = SURFACE_STYLE_FILL_AREA ( #1262 ) ;
#11685 = EDGE_LOOP ( 'NONE', ( #525, #9054, #1405, #3821 ) ) ;
#11686 = UNCERTAINTY_MEASURE_WITH_UNIT (LENGTH_MEASURE( 1.000000000000000100E-005 ), #5526, 'distance_accuracy_value', 'NONE');
#11687 = CARTESIAN_POINT ( 'NONE',  ( 37.18999999999999800, -23.09999999999998700, 55.74999999999999300 ) ) ;
#11688 = VERTEX_POINT ( 'NONE', #1503 ) ;
#11689 = CARTESIAN_POINT ( 'NONE',  ( 38.55500506987696200, -21.10000000000000500, 56.83639580559809400 ) ) ;
#11690 = FACE_OUTER_BOUND ( 'NONE', #6851, .T. ) ;
#11691 = AXIS2_PLACEMENT_3D ( 'NONE', #472, #7726, #10504 ) ;
#11692 = DIRECTION ( 'NONE',  ( -1.000000000000000000, 0.0000000000000000000, 0.0000000000000000000 ) ) ;
#11693 = DIRECTION ( 'NONE',  ( 0.0000000000000000000, 0.0000000000000000000, -1.000000000000000000 ) ) ;
#11694 = EDGE_CURVE ( 'NONE', #9060, #5966, #11218, .T. ) ;
#11695 = ADVANCED_FACE ( 'NONE', ( #4423, #3996, #1557, #11506, #2291, #573 ), #7810, .T. ) ;
#11696 = CARTESIAN_POINT ( 'NONE',  ( -37.96999999999999200, 22.02733729748931800, 57.56948464461343200 ) ) ;
#11698 = DIRECTION ( 'NONE',  ( -0.0000000000000000000, -0.0000000000000000000, 1.000000000000000000 ) ) ;
#11697 = LINE ( 'NONE', #1575, #10685 ) ;
#11699 = VERTEX_POINT ( 'NONE', #516 ) ;
#11700 = CARTESIAN_POINT ( 'NONE',  ( -25.09999999999987400, -38.47000000000007700, 56.83639580559805200 ) ) ;
#11701 = DIRECTION ( 'NONE',  ( 1.000000000000000000, 0.0000000000000000000, 0.0000000000000000000 ) ) ;
#11702 = VECTOR ( 'NONE', #5585, 1000.000000000000000 ) ;
#11703 = PRESENTATION_STYLE_ASSIGNMENT (( #1843 ) ) ;
#11704 = CARTESIAN_POINT ( 'NONE',  ( -40.49999999999997900, -42.74999999999999300, 48.00000000000000000 ) ) ;
#11705 = AXIS2_PLACEMENT_3D ( 'NONE', #794, #5255, #8849 ) ;
#11706 = CARTESIAN_POINT ( 'NONE',  ( 40.46999999999999900, -23.26837466999577600, 56.83664221820388500 ) ) ;
#11707 = DIRECTION ( 'NONE',  ( 1.682156097916899000E-015, 1.000000000000000000, 0.0000000000000000000 ) ) ;
#11708 = CARTESIAN_POINT ( 'NONE',  ( -26.34999999999998700, -42.74999999999999300, 55.99999999999999300 ) ) ;
#11709 = ORIENTED_EDGE ( 'NONE', *, *, #7559, .F. ) ;
#11710 = VECTOR ( 'NONE', #2683, 1000.000000000000000 ) ;
#11711 = SURFACE_STYLE_USAGE ( .BOTH. , #10735 ) ;
#11712 = SURFACE_STYLE_FILL_AREA ( #9849 ) ;
#11713 = CARTESIAN_POINT ( 'NONE',  ( -1.747239518372058400E-015, 48.99999999999999300, -53.50000000000000000 ) ) ;
#11714 = CARTESIAN_POINT ( 'NONE',  ( 21.89645295415346700, 38.97000000000021900, 57.47839634320756400 ) ) ;
#11715 = VECTOR ( 'NONE', #1130, 1000.000000000000000 ) ;
#11716 = DIRECTION ( 'NONE',  ( 0.0000000000000000000, -0.0000000000000000000, -1.000000000000000000 ) ) ;
#11717 = EDGE_CURVE ( 'NONE', #8832, #8059, #9219, .T. ) ;
#11718 = VERTEX_POINT ( 'NONE', #10622 ) ;
#11719 = EDGE_CURVE ( 'NONE', #4040, #2602, #1995, .T. ) ;
#11720 = CARTESIAN_POINT ( 'NONE',  ( -37.96999999999999200, 22.60000000000000100, 56.49999999999999300 ) ) ;
#11721 = ORIENTED_EDGE ( 'NONE', *, *, #8021, .F. ) ;
#11722 = ORIENTED_EDGE ( 'NONE', *, *, #5239, .T. ) ;
#11723 = FACE_OUTER_BOUND ( 'NONE', #8788, .T. ) ;
#11724 = AXIS2_PLACEMENT_3D ( 'NONE', #8967, #3653, #10851 ) ;
#11725 = CARTESIAN_POINT ( 'NONE',  ( -25.09999999999987000, -38.80695100255565000, 56.80370889822906100 ) ) ;
#11726 = PRESENTATION_STYLE_ASSIGNMENT (( #3228 ) ) ;
#11727 = AXIS2_PLACEMENT_3D ( 'NONE', #2900, #993, #10941 ) ;
#11728 = FILL_AREA_STYLE ('',( #6339 ) ) ;
#11729 = DIRECTION ( 'NONE',  ( 1.000000000000000000, 0.0000000000000000000, 0.0000000000000000000 ) ) ;
#11730 = LINE ( 'NONE', #6106, #6574 ) ;
#11731 = DIRECTION ( 'NONE',  ( 0.0000000000000000000, 0.0000000000000000000, 1.000000000000000000 ) ) ;
#11732 = DIRECTION ( 'NONE',  ( 0.0000000000000000000, 0.0000000000000000000, -1.000000000000000000 ) ) ;
#11733 = DIRECTION ( 'NONE',  ( 0.0000000000000000000, 0.0000000000000000000, -1.000000000000000000 ) ) ;
#11734 = AXIS2_PLACEMENT_3D ( 'NONE', #3568, #6269, #9770 ) ;
#11735 = ORIENTED_EDGE ( 'NONE', *, *, #2018, .T. ) ;
#11736 = VERTEX_POINT ( 'NONE', #4135 ) ;
#11737 = VECTOR ( 'NONE', #9821, 1000.000000000000000 ) ;
#11738 = DIRECTION ( 'NONE',  ( 0.0000000000000000000, 0.0000000000000000000, 1.000000000000000000 ) ) ;
#11739 = VECTOR ( 'NONE', #8249, 1000.000000000000000 ) ;
#11740 = EDGE_CURVE ( 'NONE', #6448, #8436, #11662, .T. ) ;
#11741 = DIRECTION ( 'NONE',  ( 0.0000000000000000000, 0.0000000000000000000, -1.000000000000000000 ) ) ;
#11742 = ORIENTED_EDGE ( 'NONE', *, *, #11393, .T. ) ;
#11743 = B_SPLINE_CURVE_WITH_KNOTS ( 'NONE', 3,
 ( #9873, #844, #5388, #1752, #6296, #6173 ),
 .UNSPECIFIED., .F., .F.,
 ( 4, 2, 4 ),
 ( 0.01191150001962904700, 0.01241480646923358600, 0.01291811291883812400 ),
 .UNSPECIFIED. ) ;
#11744 =( NAMED_UNIT ( * ) PLANE_ANGLE_UNIT ( ) SI_UNIT ( $, .RADIAN. ) );
#11745 = PLANE ( 'NONE',  #1750 ) ;
#11746 = PRESENTATION_LAYER_ASSIGNMENT (  '', '', ( #469 ) ) ;
#11747 = CARTESIAN_POINT ( 'NONE',  ( 19.84999999999999100, 38.43999999999999800, 55.99999999999999300 ) ) ;
#11748 = AXIS2_PLACEMENT_3D ( 'NONE', #5150, #8744, #11519 ) ;
#11749 = ADVANCED_FACE ( 'NONE', ( #6805 ), #5099, .T. ) ;
#11750 = EDGE_LOOP ( 'NONE', ( #10695, #11484, #9030, #2120 ) ) ;
#11751 = EDGE_LOOP ( 'NONE', ( #2840, #1207, #10408, #8082 ) ) ;
#11752 = CARTESIAN_POINT ( 'NONE',  ( 40.46999999999999200, -23.60000000000000100, 56.75896736903245500 ) ) ;
#11753 = CIRCLE ( 'NONE', #7170, 3.000000000000002700 ) ;
#11754 = DIRECTION ( 'NONE',  ( 1.000000000000000000, 0.0000000000000000000, 0.0000000000000000000 ) ) ;
#11755 = EDGE_CURVE ( 'NONE', #4582, #3988, #10525, .T. ) ;
#11756 = DIRECTION ( 'NONE',  ( 1.000000000000000000, 0.0000000000000000000, 0.0000000000000000000 ) ) ;
#11757 = CARTESIAN_POINT ( 'NONE',  ( 22.30620474295279000, 38.97000000000021900, 57.69400999138253600 ) ) ;
#11758 = ORIENTED_EDGE ( 'NONE', *, *, #6878, .F. ) ;
#11759 = EDGE_LOOP ( 'NONE', ( #8097, #10523, #995, #7483 ) ) ;
#11760 = CIRCLE ( 'NONE', #606, 2.750000000000002700 ) ;
#11761 = ADVANCED_FACE ( 'NONE', ( #1434, #10801 ), #9542, .T. ) ;
#11762 = DIRECTION ( 'NONE',  ( -1.000000000000000000, 0.0000000000000000000, 0.0000000000000000000 ) ) ;
#11763 = TOROIDAL_SURFACE ( 'NONE', #7907, 3.500000000000001300, 0.2500000000000000000 ) ;
#11764 = ORIENTED_EDGE ( 'NONE', *, *, #2662, .F. ) ;
#11765 = AXIS2_PLACEMENT_3D ( 'NONE', #6312, #894, #3646 ) ;
#11766 = CARTESIAN_POINT ( 'NONE',  ( 24.90820812999011100, 37.97000000000026200, 57.00034395000823700 ) ) ;
#11767 = CARTESIAN_POINT ( 'NONE',  ( -38.96999999999999900, 21.51406637999268400, 57.21087685217726500 ) ) ;
#11768 = DIRECTION ( 'NONE',  ( -0.0000000000000000000, 1.000000000000000000, 0.0000000000000000000 ) ) ;
#11769 = EDGE_LOOP ( 'NONE', ( #8087, #5879, #9206, #1159 ) ) ;
#11770 = EDGE_LOOP ( 'NONE', ( #3306, #1652, #567, #10813 ) ) ;
#11771 = VECTOR ( 'NONE', #1509, 1000.000000000000000 ) ;
#11772 = EDGE_CURVE ( 'NONE', #11050, #5921, #5949, .T. ) ;
#11773 = VERTEX_POINT ( 'NONE', #1396 ) ;
#11774 = DIRECTION ( 'NONE',  ( 0.0000000000000000000, 0.0000000000000000000, 1.000000000000000000 ) ) ;
#11775 = DIRECTION ( 'NONE',  ( 0.0000000000000000000, 1.000000000000000000, -0.0000000000000000000 ) ) ;
#11776 = DIRECTION ( 'NONE',  ( 0.0000000000000000000, 0.0000000000000000000, -1.000000000000000000 ) ) ;
#11777 = CARTESIAN_POINT ( 'NONE',  ( 34.79999999999999000, 34.79999999999999700, 48.25000000000000000 ) ) ;
#11778 = AXIS2_PLACEMENT_3D ( 'NONE', #4721, #10066, #9138 ) ;
#11779 = CARTESIAN_POINT ( 'NONE',  ( -38.43999999999999800, 23.09999999999999100, -48.00000000000000000 ) ) ;
#11780 = DIRECTION ( 'NONE',  ( 0.0000000000000000000, 0.0000000000000000000, 1.000000000000000000 ) ) ;
#11781 = ORIENTED_EDGE ( 'NONE', *, *, #9526, .T. ) ;
#11782 = ORIENTED_EDGE ( 'NONE', *, *, #91, .T. ) ;
#11783 = CIRCLE ( 'NONE', #2590, 0.2500000000000002200 ) ;
#11784 = DIRECTION ( 'NONE',  ( -0.0000000000000000000, -0.0000000000000000000, 1.000000000000000000 ) ) ;
#11785 = CIRCLE ( 'NONE', #3080, 3.500000000000003100 ) ;
#11786 = VERTEX_POINT ( 'NONE', #481 ) ;
#11787 = EDGE_CURVE ( 'NONE', #8278, #8181, #6245, .T. ) ;
#11788 = EDGE_CURVE ( 'NONE', #680, #5040, #1147, .T. ) ;
#11789 = CARTESIAN_POINT ( 'NONE',  ( -13.53278131872451300, 6.000000000000000000, 72.59999999999999400 ) ) ;
#11790 = EDGE_CURVE ( 'NONE', #980, #11736, #10514, .T. ) ;
#11791 = EDGE_LOOP ( 'NONE', ( #8702, #5910, #4184, #4500 ) ) ;
#11792 = DIRECTION ( 'NONE',  ( -1.000000000000000000, 0.0000000000000000000, 0.0000000000000000000 ) ) ;
#11793 = VERTEX_POINT ( 'NONE', #801 ) ;
#11794 = LINE ( 'NONE', #4660, #1704 ) ;
#11795 = AXIS2_PLACEMENT_3D ( 'NONE', #2353, #1508, #10672 ) ;
#11796 = PRESENTATION_STYLE_ASSIGNMENT (( #10219 ) ) ;
#11797 = EDGE_CURVE ( 'NONE', #7445, #6333, #5669, .T. ) ;
#11798 = ORIENTED_EDGE ( 'NONE', *, *, #2152, .T. ) ;
#11799 = VERTEX_POINT ( 'NONE', #2505 ) ;
#11800 = PRESENTATION_LAYER_ASSIGNMENT (  '', '', ( #11628 ) ) ;
ENDSEC;
END-ISO-10303-21;
